[   0.000] join: place=1818 ...
[   1.573] join: OK job=2718c55d-b845-4747-b287-12a6793e483a
[   1.573] == join: place=1818 job=2718c55d-b845-4747-b287-12a6793e483a udp=128.116.2.33:61269 rcc=10.37.8.91 alpn=rbx-rtcio caps=002dd3c750b70892 ==
[quic] server caps ext: len=8 present=1
[quic] handshake completed (ALPN=rbx-rtcio cipher=TLS_AES_256_GCM_SHA384)
[   1.905] -> open stream 0 app=4 chan=1668575852 ctrl
[   1.906] -> send ctrl hello 2B
[   1.906] -> send openU c3 10B
[   1.906] -> send openU c5 10B
[   1.906] -> send openU c6 10B
[   1.906] -> send openU c11 10B
[   1.906] -> open stream 4 app=4 chan=1 chan1
[   1.906] -> send EARLY-AUTH 103B
[   1.906] -> send A7-real(99B) 99B
[   1.908] -> send 90 10608B
[   1.908] -> send 92 11B
[   1.908] -> send 8A 1763B
[   1.908] -> send 8F 2B
[   1.908] handshake=OK alpn=rbx-rtcio cipher=TLS_AES_256_GCM_SHA384 peer_caps=022dd3ef52ff0892 present=1
[quic] server caps ext: len=8 present=1
[quic] handshake completed (ALPN=rbx-rtcio cipher=TLS_AES_256_GCM_SHA384)
[   2.171]   DUMMY -> open stream 0 app=6 chan=1668575852
[   2.171]   DUMMY -> send hello 2B
[   2.171]   DUMMY -> send openU c2 10B
[   2.171]   DUMMY -> send openU c3 10B
[   2.171]   DUMMY -> open stream 4 app=6 chan=1
[   2.171]   DUMMY -> open stream 8 app=6 chan=3
[   2.171]   DUMMY -> send sync#0 24B
[   2.172]   DUMMY -> send ping#0 77B
[   2.172] dummy handshake=OK
[quic] handshake confirmed
[   2.172]   <<< SERVER STREAM 3 app=4 chan=1668575852
[   2.172]   <<< SERVER STREAM 7 app=0 chan=1668575852
[   2.172]       <<< RX app=0 chan=1668575852 6B: 800000020000
[   2.172]       <<< RX app=4 chan=1668575852 6B: 800000020000
[   2.172]   <<< SERVER STREAM 11 app=4 chan=0
[   2.172]   <<< SERVER STREAM 15 app=4 chan=1
[   2.173]   <<< SERVER STREAM 19 app=4 chan=2
[   2.173]       <<< RX app=4 chan=1668575852 14B: 8000000a02040000000300000003
[   2.173]      ctrl OpenUnreliable app=4 chan=3 wire=3
[   2.173]   <<< SERVER STREAM 23 app=4 chan=4
[   2.173]   <<< SERVER STREAM 27 app=4 chan=7
[   2.173]   <<< SERVER STREAM 31 app=4 chan=8
[   2.173]   <<< SERVER STREAM 35 app=4 chan=9
[   2.173]   <<< SERVER STREAM 39 app=4 chan=10
[   2.173]   <<< SERVER STREAM 43 app=4 chan=12
[   2.173]   <<< SERVER STREAM 47 app=4 chan=13
[   2.173]       <<< RX app=4 chan=1668575852 14B: 8000000a02040000000500000005
[   2.173]      ctrl OpenUnreliable app=4 chan=5 wire=5
[   2.173]       <<< RX app=4 chan=1668575852 14B: 8000000a02040000000600000007
[   2.173]      ctrl OpenUnreliable app=4 chan=6 wire=7
[   2.173]       <<< RX app=4 chan=1668575852 14B: 8000000a02040000000b00000009
[   2.173]      ctrl OpenUnreliable app=4 chan=11 wire=9
[   2.173]       <<< RX chan1 1154B: 8000070f93002f000c00434c4931393837313856657201003320005573657250...
[   2.173]       <<< RX chan1 657B: 536372697074735265666163746f72310400747275651b00557365724162696c...
[   2.307]       <<< RX chan1 1156B: 8000079f9b4de92631dba8d7e192070000f705d8b273e63e27c52bcd36f1789d...
[   2.307]       <<< RX chan1 799B: 803ceeb91af6102e11e0796672920cb1a551b10d9c167e0fbee99493b9bbed3c...
[   2.307]   *** CHALLENGE u1=0x3126e94d u2=0xe1d7a8db blob=1938B -> run/oracle_challenge.bin
[   2.309]   -> LOCAL ANSWER 0x38a2f3a0 (solved in 2ms), sending
[   2.309] -> send 9B-LOCAL 9B
[quic] handshake confirmed
[   2.309]   DUMMY <<< SERVER STREAM 3 app=6 chan=1668575852
[   2.309]   DUMMY <<< SERVER STREAM 7 app=0 chan=1668575852
[   2.309]   DUMMY <<< RX app=0 chan=1668575852 6B: 800000020000
[   2.309]   DUMMY <<< SERVER STREAM 11 app=6 chan=1
[   2.310]   DUMMY <<< RX app=6 chan=1668575852 6B: 800000020000
[   2.310]   DUMMY <<< RX app=6 chan=1668575852 14B: 8000000a02060000000200000003
[   2.310]   DUMMY <<< RX app=6 chan=1668575852 14B: 8000000a02060000000300000005
[   2.310]   DUMMY <<< RX app=6 chan=1 81B: 8000004d0858fbbded5ddc184000000001505050505050505050505050505050...
[   2.310]       <<< RX chan1 1156B: 8000cfac97a3cf00001460050028b52ffda014600500ac32027a7e0a7a55d094...
[   2.310]   *** POST-ANSWER TRAFFIC on chan1 — server kept the session (peer assignment / replication)
[   2.310]       <<< RX chan1 1156B: 1d693476e3d8d2d196b3bddf2a577f3a025dffc8fd8db6dcfdcdd855b9bf91a7...
[   2.360]       <<< RX chan1 1156B: 153e1d79321a054f8df6d960262ffff0616842cb7424d6d5a88df2c1ee0ab91a...
[   2.360]       <<< RX chan1 1156B: 1cc676b8f6fd15f894ab480ff11cedea3d374323f6e3aeb7ae731e8babc5d539...
[   2.360]       <<< RX chan1 1156B: d2b998ef8934b5c1a6dfeef09332db6c7b9ad02e3ed0b4ed621c41980bd20203...
[   2.360]       <<< RX chan1 1156B: c4618306bb2b14c1e96e48cbdc763ac20d82710e3708e8d9a46dd7662e0c439a...
[   2.360]       <<< RX chan1 1156B: 0643e6db99aa213d8c23c63862c61124f1517d602ca5628af6cf5651da21d98b...
[   2.360]       <<< RX chan1 1156B: f18b01e7b4432c2f82467de9529637a94a457436b375af68cb89d59eb82b468b...
[   2.360]       <<< RX chan1 1156B: b6512aa04d3ca3296d67a7052b6e2a5f5c1c3ad6faa3c6913a435ed8687e1dba...
[   2.360]       <<< RX chan1 1156B: abba66219c7986ad4b6ae4ccccf16ad091f9a548cc3f928b0bc9678f1489c6b4...
[   2.360]       <<< RX chan1 1156B: 4da464d14ffc03a6a570f441ce43d5e39931b038454e51dcdb672183636214e5...
[   2.360]       <<< RX chan1 1154B: f350c17ea15b2d8bcc1a2d9dcaa1490b627fc707385d4733c4802441c3c44e6b...
[   2.360]       <<< RX chan1 1154B: 7de4f43ba2e4aa1285e10cff94be584707b77dd637fd817898f72404e52b0205...
[   2.360]       <<< RX chan1 1154B: 5fc71fe4958e919211a0bb85b163f70f0b0dac2f68ebc259af1090e07a1cad59...
[   2.360]       <<< RX chan1 1154B: 879c393b5443cdfce032d08f79d715e68293b5e65f00457c683e25de92550973...
[   2.360]       <<< RX chan1 1154B: 534a6bc3345682cc4911f24fde18413cc666a387b84100232ad6a8740c944a6b...
[   2.360]       <<< RX chan1 1154B: 5a45ace73b93ef47eda91d66392410cd01298b5cfd152e45dd129d33c94f1047...
[   2.360]       <<< RX chan1 1154B: 7bafb4cc1923fbb04fd896213267102e6710492d510cd81a1a02d0f8fdf18964...
[   2.360]       <<< RX chan1 1154B: 504c321e5c664136caa492950e55b239f2496ccd110e4bcde37330ca03ca02ae...
[   2.360]       <<< RX chan1 1154B: c0fe271559374ecb8efbed0e1399dd81e5042faaf7428e03b974675d9743f91f...
[   2.360]       <<< RX chan1 1154B: a05569b310919e55b94344247cb5d1316a98df795e6762a4455d0ad25fcc199a...
[   2.360]       <<< RX chan1 1154B: 83928121d2a9f169d121aba62448ad8d52e2116511f284e80d9144259bbe96f1...
[   2.360]       <<< RX chan1 1154B: 8a3e4b6f38932920b892fa4aa145fa0fda7d3ba978cf4fea06379699089798ce...
[   2.360]       <<< RX chan1 1154B: 89176102ee6b7e4111ff96d12a3a5aa903c416ad024449c09cea7ac46d73e6dc...
[   2.360]       <<< RX chan1 1154B: f295cbd083d167d9aea8b4c9654ef5bb787e7d4be2ec1acc7b0a551a1ffc9424...
[   2.360]       <<< RX chan1 1154B: 4d0e159d930513a204662836501e3375b187987e0560fa5fa003db8740ecae50...
[   2.360]       <<< RX chan1 1154B: 4c2a3389cca423261931a9679298496126157166129849444cf23289e4c3241e...
[   2.360]       <<< RX chan1 1154B: 023874c5212b0e5571888a43531c92e2501487a038f4c45fa1001c6ae2101387...
[   2.360]       <<< RX chan1 1154B: febbefbce3ae737bedb4e33c76d86dfebaebadaf54a99f6e3ae9a07f968294c0...
[   2.360]       <<< RX chan1 1154B: b15667cca8d102faa0f1a2063613bdc68cb9856ed6ac417dcc1451260b181e1b...
[   2.361]       <<< RX chan1 1154B: 5f9afccae41726bf2ef965c9af0afca2c059af4a7e4df24b925f91fc82c0af47...
[   2.361]       <<< RX chan1 1154B: af5bad5bac5bab5baa5ba85ba75ba65ba55ba35ba25ba15b20d69a59afcc7265...
[   2.361]       <<< RX chan1 1154B: 691569d568956855681568d527b5e6d42ba75c39d5caa9119c12c1a910b4e414...
[   2.361]       <<< RX chan1 1154B: 6c8a6493043639b2a9914d8b6c526453229b10d9f4804d87246093033615b289...
[   2.361]       <<< RX chan1 1154B: 353daee5710d8f6b77bc849a1dd7eab846c7353928b9e6c6b5055c6be31a1bd7...
[   2.361]       <<< RX chan1 1154B: e390b908a7679c30e314310ece10e304310e10e3f870118e0ee3701967cb3839...
[   2.361]       <<< RX chan1 1154B: cdb233cbcc2c2bb38cccb231cb8e5866c4b29e656296855956c4329e6560967d...
[   2.425]       <<< RX chan1 1154B: 3b69bc938077ce78678c77c448e21d30de41c03b5ebcc3c53b5abc93c53b0278...
[   2.425]       <<< RX chan1 1154B: 67c8bd42ee11726f907b82dc0be41e20f7feb8e7c7bd3eeeed712f8f7b78dcbb...
[   2.425] -> open stream 8 app=4 chan=11 routes
[   2.425] -> send route(15B) 15B
[   2.426] -> send route(18B) 18B
[   2.426] -> send route(21B) 21B
[   2.426] -> send route(24B) 24B
[   2.448]       <<< RX chan1 1154B: b26e95751f58a74a05eb5259d78175a8ac3b659d06d691b26e94751958778175...
[   2.448]       <<< RX chan1 1154B: 1a07ba48e795755a596704eb84e0b4ce07d649651d0fac83ca3aa698d629651d...
[   2.448]       <<< RX chan1 1154B: 96aa49623be23c877c93964701e839caa14dde8d0ae2fa3babdc450b774f65a4...
[   2.448]       <<< RX chan1 1154B: a1c6d1049fd12442351294763184425e91795f3e0d22ebf2d5aedfd0bdcbd695...
[   2.498]       <<< RX chan1 1154B: b1a2e5aa58f1cbdaf7db51f45b55e1f667440e896fa776672375c885dee32ed8...
[   2.498]       <<< RX chan1 1154B: 7401b7600a7f87607a5f6222b1b434bbade368101e4ab295b3219a3eedfe054f...
[   2.498]       <<< RX chan1 1154B: e0a172cdd90a3a3ffdb89cc43a07036b2ac11a62e104fe35310aff0a4ca0b86c...
[   2.498]       <<< RX chan1 62B: a5ae663065c62ce555e70c4bc0ad3657b85402acf02299c1bafaa3e7e97c577f...
[   2.498]       <<< RX chan1 532B: 8000021081010101000100019107783559003901772300009f01000001c02e00...
[   2.498]       <<< RX chan1 9B: 800000058488030000
[   2.498]       <<< RX chan1 1154B: 80000fe9830201957354007701ff00a61e02000b4868747470733a2f2f617069...
[   2.498]       <<< RX chan1 1154B: 4c2cd2b86b1dc0a8ba2ad36bf8c8480cdc5f65a0ecf9421b98302ac816d5fab0...
[quic] DATAGRAM 32B: 030100830510f10d740100000000f10d74010000000000000000010000000000
[   2.548]       <<< RX chan1 1154B: 58b5d3adee571e1cf96c8cc259c63312e7c779a7fecd5d5fcccf1352314e5fd8...
[   2.548]       <<< RX chan1 615B: e429fafdd71fff9f9c7ebea99e1448cea64f30382d85cc153d4d507761e71101...
[   2.548]       <<< RX chan1 11B: 8000000783100c00000000
[   2.548]       <<< RX chan1 1154B: 80005ae2831601d65a0000cc5a000028b52ffd60cc5961d60245264080843d8a...
[   2.548]       <<< RX chan1 1154B: 9321e939195035b79d3f712e2238c2ad661face74f72f0f6411a6dbb313c5b72...
[   2.548]       <<< RX chan1 1154B: 2cd4be318a4e41b11e836cbbe829636f7d0cc1301a3fe5f29984e85b7151ce97...
[   2.548]       <<< RX chan1 1154B: f025af41c95fdbef329de7febe118eafaa145a6f173c69ef9eb97083c3284416...
[   2.548]       <<< RX chan1 1154B: 2decdf59c9cb9907ff1f2cb309b65598971de9cf97eb17808c29de9d02516bf9...
[   2.548]       <<< RX chan1 1154B: 2531fa59dbde44e83f82b2a943e9f5d195f120e7d2cf2f3e851ee866531a2347...
[   2.548]       <<< RX chan1 1154B: c2d0cbd0813158e8d9b6543c732b7ad96758cd5d7c5a64762e2b4bfd78281acc...
[   2.548]       <<< RX chan1 1154B: bbea7bf588c5fb7388d000bfd52e0b972fd61eda63d161bcf33b87572965877b...
[   2.548]       <<< RX chan1 1154B: acbd0ab1cab1a188712443c94b1957026fa35bbf2c493b2fd47a588a55db66ee...
[   2.548]       <<< RX chan1 1154B: a320f0855abb112b49e8718d2346b258213f370842e1a4b28751543fa4a700de...
[   2.548]       <<< RX chan1 1154B: 52b6bcbee0482a0b97d0d23671e2afdf560b8d1384742da9a59e6f61c5ea003d...
[   2.548]       <<< RX chan1 1154B: f9d1d593492dd908802b0f6f41953a06000992f99e043e9034f111320a670dba...
[   2.548]       <<< RX chan1 1154B: 009940a5882cb99afbbfcce1737eb3e7d66ab8bd6d67b531e6d18aa16ba8d330...
[   2.548]       <<< RX chan1 1154B: f7990305133c80002d9e0db890340ae1ea3f3dd97d6adf0199957bdadf8faa51...
[   2.548]       <<< RX chan1 1154B: 166c6c9bcbc531885cc825f60481843092bf3c0bcef8c16d344efc9b6796898e...
[   2.548]       <<< RX chan1 1154B: 38b4d3ba3f92c40bd93d0cd14207ca412ea23630eaf25c8724adaa55b510eee9...
[   2.548]       <<< RX chan1 1154B: 5a2a43d9e21e31bc09dc39260d08f5ab10b0878b04c0506e3de59d161265d321...
[   2.548]       <<< RX chan1 1154B: dbe734a134443f86923cc395aeceb188ffbe4bebcf153d85fece066d76795c59...
[   2.548]       <<< RX chan1 1154B: b7885cc5837d3fac292caadb01337c724236a5af0e4e3a3c63fddaa4da6af807...
[   2.548]       <<< RX chan1 1154B: 416521d11cc51b086b51a871d4ce87e5d1ac05c570dc35987c090484c458f6c3...
[   2.548]       <<< RX chan1 190B: 9b956c05af5684c162514bc912ca412d10ee7eb30060314e9eaa6c958c6a0339...
[   2.548]       <<< RX chan1 1154B: 80005042831601365000002c50000028b52ffd602c4f6181029758370ad5af5a...
[   2.548]       <<< RX chan1 1154B: a1620d5619dbbb1f5e59022843b4f2ea6b9107463d13064cf98a7c859543af9d...
[   2.548]       <<< RX chan1 1154B: 8c56ad663541a1e4a76c67bef086cfeb64588b8b342077bef1fdb49dab24120b...
[   2.548]       <<< RX chan1 1154B: 9d6bf9cfb9ad632f862d3432db59b3b685f6e19339c94f39c1783049649af092...
[   2.548]       <<< RX chan1 1154B: 862f472fe747aed5d90d8e243ff33944f0d8bc8740a64a2af7027c8504fb9a6e...
[   2.548]       <<< RX chan1 1154B: bfda49921903eeab80dcbb5f000114cec0353deda8e9d8383537e6091149112c...
[   2.548]       <<< RX chan1 1154B: 838cffd5fe984339a254f492c5de5ddad53184d325012061f6d9d7221dee54fb...
[   2.548]       <<< RX chan1 1154B: f8e1e94cac00a71b884717605574fa8bbea3666baf83bd33d5558c0f7935b9db...
[   2.548]       <<< RX chan1 1154B: 514095dbda07762a448dc493bf2d8817124c846801b866cc1fe5605bf1550f19...
[   2.548]       <<< RX chan1 1154B: b015c32138c16886c7a7b67ed0868644568e9d296c8dba4721827c2d86cf7047...
[   2.548]       <<< RX chan1 1154B: 7003a46b785347f914df601375e31367cf67c72c488c5410e68682f4e6cbda09...
[   2.548]       <<< RX chan1 1154B: 3dba52952a7fa8d6cbe7b5e952d381115d65ca1bd4de8c04e8ea0ca124c5b897...
[   2.548]       <<< RX chan1 1154B: 4bb54106278f6c93359aee09d84d6eba277a61ed5113f4623c71b4b327b711cd...
[   2.548]       <<< RX chan1 1154B: a21546d11bdd2ac5e7903cb6d5440dfc97c84aba880d7cca791001027b12007d...
[   2.548]       <<< RX chan1 1154B: e26d85d3241f59082200aebbfb2c02193ed6db66d32d61e8db459048e290589e...
[   2.548]       <<< RX chan1 1154B: a99bc0b14c3e742587c3616846187970da6b16791713b8d7d1ac919e1388b390...
[   2.548]       <<< RX chan1 1154B: 4ff061c48f6017750e7c1baff1b7f84ed7b465c2b857762fe8498e00191e26e7...
[   2.548]       <<< RX chan1 932B: acc3e95d5e6d70a8fc6ddc978c059aa10b68dae7560cf51071131642c1654683...
[   2.599]       <<< RX chan1 1154B: 8000800c83160100800000f67f000028b52ffd60f67eb1ff03cfc36fe8bf841c...
[   2.599]       <<< RX chan1 1154B: 86c71c64440a10dd3b605b5b2a3c0c2cf4c215f3244f0aa1b84835cd4cc1a7c3...
[   2.599]       <<< RX chan1 1154B: 87f220d7174ccc1679599c6c2cce6bc08308f93507200289afcc170f7133d28d...
[   2.599]       <<< RX chan1 1154B: af0292703dd202001a7c413dd204f152d5f2824fb4208fc02330b2c41c0cf489...
[   2.599]       <<< RX chan1 1154B: 135564cd7d28080f7bad15d14489e6d5da07b11ec91852ff2fd726ea12160c7b...
[   2.599]       <<< RX chan1 1154B: 9f54ff4d8fa6bb380f749561b73af6ce4ff681f237290ebd5b8b398c8030405d...
[   2.599]       <<< RX chan1 1154B: 4548f5cb470456ab29916e7cd841cab5b1adde94f386c889e22d9d31722c8448...
[   2.599]       <<< RX chan1 1154B: fa834e1c64bf0ad2f00695b049938fcd0faccf840cc33407eb5e186153631228...
[   2.599]       <<< RX chan1 1154B: 46ae716b797cfdf2c642b7cc6e8aba84a3cf86e834c17e6a6decbe4a9f3e2ddf...
[   2.599]       <<< RX chan1 1154B: ecafbb2d7a45804f91336c5ad231dabd0218e8c34fb77923639658b6181ae3f5...
[   2.599]       <<< RX chan1 1154B: e6893b0762cd4fc6118e5f58e5d9c7a771b9105f89357524db9b733bdddafb3a...
[   2.599]       <<< RX chan1 1154B: e6b8f24be07ef0c3a21f2bc0ac465ccd34424402e4011521fe65ff215f53ce34...
[   2.599]       <<< RX chan1 1154B: f33fa92a51c0aae9bf2f6e2b2c013d320b5962ba60329445e265d051afa9acee...
[   2.599]       <<< RX chan1 1154B: a8d090c235fbacdb9fdf13f5337525a614da7319b42f4a2e4a9a27b6cc1e3fb3...
[   2.599]       <<< RX chan1 1154B: 013af5e781640940b5447927a34ac1687cad6dfb0375510140bd8c310aaf9d71...
[   2.599]       <<< RX chan1 1154B: e87ad631ff01e847997812784edcd98657fe79b884b9a02e6eb6f9416e5931e2...
[   2.599]       <<< RX chan1 1154B: 4032339434cba71cbeeab5daf0e24335d3b9b00a19ee7cb0b9d4861b5d932b83...
[   2.599]       <<< RX chan1 1154B: c340aa088267b1a5bb055e97afc6e29867cf2a4ee6697be85b096d86322cf09b...
[   2.599]       <<< RX chan1 1154B: 591536566cb634e9d5c9d7818d88c528a719e4207b85d3cd230d74bf50dfb75d...
[   2.599]       <<< RX chan1 1154B: 3f0668a9ffab44b314fd3d5b57c04788e2e95ac12906eeff903299406dcd6d42...
[   2.599]       <<< RX chan1 1154B: 389856a1cf2112b135391383480c6571bfb7884b187e165fb32b76eefa631859...
[   2.599]       <<< RX chan1 1154B: a912946fc52fb4d936156f24b1b6cef48b15678064830dedfdc2214a53e63713...
[   2.599]       <<< RX chan1 1154B: 7c1a84f8c068efae0cee271a2f24b0f848d83e7735aaced6898a100ad0fd70df...
[   2.599]       <<< RX chan1 1154B: 699a2883623d13fadf5f667c8ba2b04bcb5e6d0b83d7a83829a6554993829d22...
[   2.599]       <<< RX chan1 1154B: db8bedd20d77352f58bab6715b1eb4ef96972b9371b39f11752ea0be51770592...
[   2.599]       <<< RX chan1 1154B: 7b0d555e3fb28ad7cfd22c3b51a856822f8b1a7cffb8152335f84d7537081e16...
[   2.599]       <<< RX chan1 1154B: ed1a63a6084a6168f2249d13699b6b312f2e61eb7f25363104e5daec251e5862...
[   2.599]       <<< RX chan1 1154B: 91c828ceb54ef68d650a10d6bbe7d28a48f3f168df9eda2de08e1d71f8beabd0...
[   2.599]       <<< RX chan1 472B: ea5e441f97836a45a739e65bd0bc4854ee8c90fd61eb0a47f3267485495fd2c8...
[   2.599]       <<< RX chan1 1154B: 80005540831601345500002a55000028b52ffd602a5451a902be25ca5d0c2d8b...
[   2.599]       <<< RX chan1 1154B: f6bbf5df0ac73d65fc283547e42507231d6fca3dc0ec3368548e9c48a07f2beb...
[   2.599]       <<< RX chan1 1154B: 1876e3674a08d36e2a442ea3bc1af74f52aa2878be0afcc4c40e63bd984fd6c3...
[   2.599]       <<< RX chan1 1154B: abf34204bbbc6ba59eef8932ec3858e657b598bd46819501eb72e45755ea637c...
[   2.599]       <<< RX chan1 1154B: 333ded5bde10b7d629392723f9a3136e0e72f0298b9d51b7a9d8c2159b4fa42e...
[   2.599]       <<< RX chan1 1154B: 6aaa660e183cd8e4cc4e247277fadd423db159484a5c5fbaf50fbb62fc7563e8...
[   2.599]       <<< RX chan1 1154B: 5149c076e5c66e8e103564c1a5ca451ab83b4b67ef1ffcde205c459aa8f39569...
[   2.599]       <<< RX chan1 1154B: 84029493ebfcbbcdc2d46ccffc8fdc885f627788452940d27ab90a50ccc82261...
[   2.600]       <<< RX chan1 1154B: 9c517711a490cf1fec0db15c97e9a877823c8088f903c7ccf50fa42c844c09ed...
[   2.650]       <<< RX chan1 1154B: b103db5a5aed22d34f1adb41ae8e1750129ce7eaead2a46c920d4e2baa8a730d...
[   2.650]       <<< RX chan1 1154B: 0a5a72d3dc1810b9f4bccf078535598b716bae8dc336740fafd17428612fa3af...
[   2.650]       <<< RX chan1 1154B: aa257ff935b1665e531f00db2e1ee09cb8f7c4a3ea9f2aeb5c303eda5264c5ae...
[   2.650]       <<< RX chan1 1154B: bae7e0d4d6742b7274bc4f83a2c26736fa9e322e3432b34a24d35cc10b7e8356...
[   2.650]       <<< RX chan1 1154B: 75cb3638e60a38a98b6027b0f96b9664c807170dd1e18026fba6a4559d174fa8...
[   2.650]       <<< RX chan1 1154B: affb5dff95f42eda07f626cedf67a22fcb1aa2b90344b18bfe052809e4b4f9a6...
[   2.650]       <<< RX chan1 1154B: 48d4a8fe92c376d3f7ce6564edcee290b8bc305410b7f2f9409eed0e6cca23fc...
[   2.650]       <<< RX chan1 1154B: a6a7d0a8d06b2cd96ff89918a7777a1f8242765a48cc1b9f8b9ffdd4dfdef53d...
[   2.650]       <<< RX chan1 1154B: ea91262ef1d351c4e51a346cad822a6b6364f649167394b0e45ffc2a0fc2531c...
[   2.650]       <<< RX chan1 1056B: 2da5987ec8ffddc9d486f60d6c25ea604d818094d542e6584a9024068810f2f7...
[   2.650]       <<< RX chan1 1154B: 80005b878316017b5b0000715b000028b52ffd60715a89db02695390c0a74f6d...
[   2.650]       <<< RX chan1 1154B: e88ee50a6fa03d6ba740094cd78805865b8f87ce257abd8e2dc0b667abbe4602...
[   2.700]       <<< RX chan1 1154B: 3502fe51a70213b3388375a42bd2dbb4adc90fc928221c0836e62f80335e62c3...
[   2.700]       <<< RX chan1 1154B: 8a721c2d64223903f5e852c267ed3fa34909f29db94b7bbd7e753ee321a2fac5...
[   2.700]       <<< RX chan1 1154B: 46e3c437a68cad0a99d44781c603dd979ab9511e97e77819f2d1db9b37f6255e...
[   2.700]       <<< RX chan1 1154B: e6f0a4af691ddf570af803fd3421f52b4b416ec336b71e6d4f3aaeb34727ccb4...
[   2.700]       <<< RX chan1 1154B: 9ae4bd62fec689700ab8b9e9c383f5873862416b5cca380d5b4f2a832ad0b07a...
[   2.700]       <<< RX chan1 1154B: d1d2361bde644d73e954cceb9564f04fd2ce8e74ce815b1cee0391ade6850c5b...
[   2.700]       <<< RX chan1 1154B: 428beb4789557ef3ddf27945e4e09680c22ffd80236c12ff48d0271ef04215e1...
[   2.700]       <<< RX chan1 1154B: dbaa6d3e221d05d741b5374d0badb5956203db4ad804917a02b7de5b175277f2...
[   2.700]       <<< RX chan1 1154B: 467b9b5d5de75bfed3dc685df79ec37186c0d0a6707a89b0e9a773f8e7a1d111...
[   2.700]       <<< RX chan1 1154B: 535ad464478da8af9c690e7e4f02ec3fd9d13ebc8d449395e0fb78a8b2909560...
[   2.700]       <<< RX chan1 1154B: 6b08072c69830b00192f3b6d7b5b62541892691c84171de0d5600b8d860fdea9...
[   2.700]       <<< RX chan1 1154B: e690a7be885d0a217c159f64acc430635f2bd980588b91b5a9cf73ee0b83ffd6...
[   2.700]       <<< RX chan1 1154B: 908b34d69866620fd097c596731a19355a3f429726908baabda5b436bad9cde9...
[   2.700]       <<< RX chan1 1154B: 64609fc46ed853c956a3cbcaa4c5f2a23990efc805fe87cbb68b19bc788fc9e3...
[   2.700]       <<< RX chan1 1154B: b70d238c40590f349ceb75455afa884f506713c3731f069e75bedcec5add9dde...
[   2.700]       <<< RX chan1 1154B: 7388b29f344eb1f2e4ce1855e15b732d41b70b9243c0052212234141f199bbde...
[   2.700]       <<< RX chan1 1154B: 5a83b1c5bb0a2d0c8847b27faf06d1c4dff6dc6f08c3bb68099569b193e776e5...
[   2.700]       <<< RX chan1 1154B: c74c7f6a4f39d0fc08557a695e32225c286d87b254fea67f0f2ecb8b97c5c980...
[   2.700]       <<< RX chan1 355B: 45ced429153cb61fd985615d285b26ebfac34ebce7f9637a25e888bc6f4e6ebf...
[   2.700]       <<< RX chan1 1154B: 800057fd831601f1570000e757000028b52ffd60e75639bf02116cc489a29a2a...
[   2.700]       <<< RX chan1 1154B: f56d448f38c9af79156fd1520948e0e8dab594dab5a5639f3e56e0fdc328a6b9...
[   2.700]       <<< RX chan1 1154B: 668b5c1eb462c7e3b0ddde3328910445b4e1a7c866ad320dc01b6c4620f19a4e...
[   2.700]       <<< RX chan1 1154B: 346b9d19690dfd8d619e7f3a1d89be574d99a897cd52afd2d0eabb8a4e3a00e6...
[   2.700]       <<< RX chan1 1154B: 0789964c14e447879c54c871413f1fc7cfbaac678cd3bb95e1de9f9e3828abb7...
[   2.700]       <<< RX chan1 1154B: 206369e8dc8640ed79378ebaacbd22b845973d8aa650cf9ea86f6b6ac30aee85...
[   2.700]       <<< RX chan1 1154B: ef31f9408aa6c0cc0230b9746bbaecb2341a7a4c6872a6560f285242c8b42a6f...
[   2.700]       <<< RX chan1 1154B: 11697782a2af9771c442cb417758a7e267b9b04fb3168b6965655b6270e1586a...
[   2.700]       <<< RX chan1 1154B: 2b7cd4a3dea081c314b42f35db218fd2fad0886ef2cf024bd3813b40cd4afd22...
[   2.700]       <<< RX chan1 1154B: 11148b03cfb24e9c451832885cae2c234065e307844b64853968d899c6eb498f...
[   2.700]       <<< RX chan1 1154B: a7afbbdfdb491bfbdd785ae0f9ca81e21a3d4fd333c9f523243b5279dd0c107d...
[   2.700]       <<< RX chan1 1154B: cadbcb144cea1895c727145dcbc7a9a041f1e07a69e5407540770d3d4f5a7e9c...
[   2.751]       <<< RX chan1 1154B: c4fe977a89cf0b6bb5e35930a7a671f9eaff7f3f134bb675c7fb6c3b2ff4fd84...
[   2.751]       <<< RX chan1 1154B: af887bb7a2919b387120e4aceba671ef7dc75ad2f13d60fdd0d28ca146c1b967...
[   2.751]       <<< RX chan1 1154B: 619a4c3c1a348623307fc708ef0b00ae45de8d59887ac7f2265c90c1a409be36...
[   2.751]       <<< RX chan1 1154B: 3e286fc4e2005d1ecf2acbb21693c588a2b47153871ddfe319a277895492acd6...
[   2.751]       <<< RX chan1 1154B: 3a25365968b5155b66f6dd18630dae3dc48f0fc8f3592455f7164c92a2633885...
[   2.751]       <<< RX chan1 1154B: 011ebf6f952230690bdf57eafca2e8ada8215c75987e4b464886b06465f80a75...
[   2.751]       <<< RX chan1 1154B: 13cb83b73a0030231c3bca62d7d6c1a04f68dcf3ae7f4044918b93ecf32ea8c5...
[   2.751]       <<< RX chan1 603B: 71adf21de2944768408bebf89126e5dfaa834da06c2147cc7fa835f39b31d7df...
[   2.751]       <<< RX chan1 1154B: 80005464831601585400004e54000028b52ffd604e5371a202c0268806e36ec8...
[   2.751]       <<< RX chan1 1154B: b9b7e014265b8b76a9fe25e95e015f8591ff1516e1be639336be8e4ffea324bd...
[   2.751]       <<< RX chan1 1154B: dc6df92ebdbf9d63938b994df42f5115d7e751326ceeb11d3d57293b2259a929...
[   2.751]       <<< RX chan1 1154B: 6f7a83e152a27c527f6338af0864394d64288e273380cc4b5933cb4377ee58a4...
[   2.751]       <<< RX chan1 1154B: 889259e63e680ce770de1d6aad9c70f3a4ff776a4e881eaca5814055fecd2fda...
[   2.751]       <<< RX chan1 1154B: 7e95b225fba857978f83a53e5ee2f7567c63ad930e43b3044c90a0b583fc2cc8...
[   2.751]       <<< RX chan1 1154B: 0952a0d335a5c2d14b6cbc389e26773a91617384e9f37c6521b7e414841204f8...
[   2.751]       <<< RX chan1 1154B: ce51fb6fe02b65d209fbadc37430ad34e7e0934c98e9240aa17798f96e71b1f9...
[   2.751]       <<< RX chan1 1154B: 7eaf50026e1f784a227a1caf48c200558d28e1d1968566a71b504370cda7b6fa...
[   2.751]       <<< RX chan1 1154B: 0ef077c9a8cff84026a33f69bed99806ca68dd21ffc3d9091791052ece4ef518...
[   2.751]       <<< RX chan1 1154B: d7078ef8e42bd207ec339b3166385c98da7e8e101c0b86c1723430a4cddea40f...
[   2.751]       <<< RX chan1 1154B: 808c27356312b229a7b496cdecdd54b35dae1f595905d9edb4d53c460c86db3b...
[   2.751]       <<< RX chan1 1154B: c2ba3488b739ec91328f454b7c03d8e864781ad7092dfa72d96ad77c7d7a7d34...
[   2.751]       <<< RX chan1 1154B: 5f9b6599f28fef09500a22b1f0568f5fe35aca8a2a4ff89fa49b3c389d3fa838...
[   2.751]       <<< RX chan1 1154B: 924e4c6f2d0658bade2ac98c74c0948bf783c2ae9f704ea3aa552aaf9f6f9b61...
[   2.751]       <<< RX chan1 1154B: 22c06edef29bb86e410161857ea4258082f5f1286008ed914e41ff12e654b10a...
[   2.751]       <<< RX chan1 1154B: e9e7cd27c1b49e6b4a0b38bf884a1b2505478c1fccca78ba3d800cea922ff916...
[   2.751]       <<< RX chan1 1154B: 2eed7af87429512cba7e3067f6e0f18d5f0b17d54db73e7e84b5233a993505e2...
[   2.751]       <<< RX chan1 836B: 80bff6b710c9b46a27929089a113f21ed3ccea09b64475a8043701a064eb769e...
[   2.751]       <<< RX chan1 1154B: 80005208831601fc510000f251000028b52ffd60f250918f0258e5aa93cb0889...
[   2.751]       <<< RX chan1 1154B: 008ff751e1caae3094e26f0c544c102c5a59ad9de0e9c1bd4be26bc7b1de27da...
[   2.751]       <<< RX chan1 1154B: ab2e32a588d47f537d31c258a1d671a8703d3073acab47e81d04c1ffd0ee44aa...
[   2.751]       <<< RX chan1 1154B: 8df5fc1b8b808e9f85604f74ffe33f10b02387afacce52dd0991e64b772d5059...
[   2.751]       <<< RX chan1 1154B: 8d53169c6d2e1f7bcb6794c8db61fa23ba1477a03e388d66a37ebb03644f4652...
[   2.751]       <<< RX chan1 1154B: a9ba7dbdf4044e73fdf14b0b3e1cf840904071476538b31d1feee59e1ef69ee3...
[   2.751]       <<< RX chan1 1154B: 954861cfe6cb158bbded1130948c0948f7312567ac65e23ac7c2832d2d837dc1...
[   2.751]       <<< RX chan1 1154B: ebf34c3a66a50e8f1d47cd1839b273846529ab48e52af2201f2d01bcc308ec7d...
[   2.751]       <<< RX chan1 1154B: 6b1cd53ee2bb30e43c1294cd065cb29d7f5f57ad31600e3ed206a0400ee3c8f3...
[   2.751]       <<< RX chan1 1154B: f6eaa41765189f66f2e56bfad3d47305d2e0b64af6f881369d6ce6117722f882...
[   2.751]       <<< RX chan1 1154B: 9322a9686850989c2b4a085a756dcebdbd8925933f012814ffec82ad86f21a98...
[   2.751]       <<< RX chan1 1154B: 96ae1db61335eef0804083a7fa1554328e91f056d9960ea20a14450f58dadbd2...
[   2.751]       <<< RX chan1 1154B: 60beb50235d93ec070b9301034eaf29a0d5279b23088f1055cbf6046d2cc4206...
[   2.751]       <<< RX chan1 1154B: 25e710411a92f3ae849889444e89f4dc7a1c2d5a1981b619ed6ed7322494b888...
[   2.751]       <<< RX chan1 1154B: db4c41430670e5f7cec5927296d5f672d3cb3abfe2dd2d6049c616f8d997cfc2...
[   2.751]       <<< RX chan1 1154B: 63b12a4f15f3939b2b27f016b3a589bdbe81d2965b733a6fce0e8dc62e7b8c52...
[   2.751]       <<< RX chan1 1154B: 9e40f04a6e8a7f5cf0fd77475e30e343ea8ac8c8b7492d79da4db48d49329b05...
[   2.751]       <<< RX chan1 1154B: 92dea0b20bb331c8ea9a48634d38abef7d6dd26ba320b1b6a8e2d84d1b078ce9...
[   2.751]       <<< RX chan1 232B: 1cb3c9a7f5aa1fe6e32fc262d3e3ff9b89c7cf52744bb5934a08c4e652dc60bc...
[   2.751]       <<< RX chan1 1154B: 800065d1831601c5650000bb65000028b52ffd60bb64d92d0301b7dcbaabb5ea...
[   2.751]       <<< RX chan1 1154B: 0d9136077112ebbedc8373497f2bc921911220f0834369fe40f14289bfb05bf5...
[   2.751]       <<< RX chan1 1154B: b2dab069e9c9f9c5c68af66ad71ad61a34a2a953d3f32dda04446e3b96c491e1...
[   2.751]       <<< RX chan1 1154B: e3ce1ab40e5ef725f02cfc69e6e22ad8a77ff80016cba8433da3be6f9c08b7fa...
[   2.751]       <<< RX chan1 1154B: 23905cb4c075c05532a3f47819daa38b6cf5aea1700f844a8593f37aa8740895...
[   2.751]       <<< RX chan1 1154B: 42665ec6dddd3cff71de0c2971a0df33817a74b01095ff7b2a34e1e6e698ac15...
[   2.751]       <<< RX chan1 1154B: a6688b0b3d9b5e8f3e2daf70f69f0d835ef26c0ce15f4c2694c2f0c37a1e3eff...
[   2.751]       <<< RX chan1 1154B: d67c77d53f243d2682b6ac0f8a6929041e436c55fe5e0b81f3fc5cef3ec434c1...
[   2.751]       <<< RX chan1 1154B: 8a32dd1f6c27e4bc18d8a75a382b21d4ab32a035ba1076b0989d4c909234847c...
[   2.751]       <<< RX chan1 1154B: 1220669ed8cc9b461fd38d51af7a9fb80af03734203dbf43d9488c0cfd85a2bd...
[   2.751]       <<< RX chan1 1154B: 8eba40cfad770f17df8fb98a18c3219a2100271ccf2e13c3d787ba4d10504154...
[   2.751]       <<< RX chan1 1154B: ef4ead0ef2e7984901bc7b5ecb84f1003a054a84e5a214d566eed701b4747e62...
[   2.751]       <<< RX chan1 1154B: f1a49d68cbaa866bcd3957d19c2939793c903cc8d0a51df3e036ed698c8e08a4...
[   2.751]       <<< RX chan1 1154B: 99786f95ea58f8b0c6bdc53ece5b9288c80992b2a84eedf54ddd6f9ff09a9b11...
[   2.751]       <<< RX chan1 1154B: bcf97602e1337a470c68ee19fcc10894b15a442fb6ec67ff7537bef4666ad8ba...
[   2.751]       <<< RX chan1 1154B: f5611b501b748a5bd4977d3bd4e6c76be39cddcdad7fde4589fb3ef1a3295084...
[   2.751]       <<< RX chan1 1154B: f3c6972c05aa646dc2678b0acead4154e02956fa2e0d86efb4510141ebcffa54...
[   2.751]       <<< RX chan1 1154B: 9db7cee5c618e73bd9d9dbe3cb6f6f3923a331b154ceefbd11dcdc37da921eea...
[   2.751]       <<< RX chan1 1154B: 2d9c47b2e8665ea73cf7b6538a9b5c528d3fc5b06b935a70e368f84512175ba9...
[   2.751]       <<< RX chan1 1154B: e3b16e480eadec6aa4d54b11217cad735997a2f50627b340b5b63d3df9430015...
[   2.751]       <<< RX chan1 1154B: 6c7c0bb38b9f6b8a116fa1df446d6dc25f8bb8e5e424626bab6b779f438864a1...
[   2.751]       <<< RX chan1 1154B: 294b3346159fe77f322bb389151dc6e9791c9d5e952a26becc82322b2060a2d2...
[   2.804]       <<< RX chan1 681B: 6cf23f47c4d121db335fda2d227f2b7b772c775643084fd8c2f9124552361b51...
[   2.804]       <<< RX chan1 1154B: 800051be831601b2510000a851000028b52ffd60a850418d021642117aafaaa7...
[   2.804]       <<< RX chan1 1154B: a09b66cdce7e1f7c2103ba604e3de18dcec4a50a92e673db672ef376c9d40960...
[   2.804]       <<< RX chan1 1154B: 2a5eebd62ad2c626bfc159e4b180cc502908c41a63752b1845eb57c3845d01b8...
[   2.804]       <<< RX chan1 1154B: 1e62aa1e0f9fa2b9e8f5b2315321da85f93a2ff6201de8e5298e46fe11a3e7c7...
[   2.804]       <<< RX chan1 1154B: 4591f13c6afea98b433b8c1d7ed3e5dc03df7b7644fa6f7bba716f1eb8658efc...
[   2.804]       <<< RX chan1 1154B: 518621039310c4c783df8b7f419d8b0dcf7d27969ccabfbcb28c7eea6a41410a...
[   2.804]       <<< RX chan1 1154B: 25c6810ffd2e2d8a34a2003077440ec928be18d32fb0881a85f4ce713553dcce...
[   2.804]       <<< RX chan1 1154B: 3c42cca4984c2de04a4e0f0fb0713612a82b44efc2972dc0f8fb136724f0ea22...
[   2.804]       <<< RX chan1 1154B: 077fbc87b172a8664c0b54f59106cc937a95db636b0f32900bb64eff6b56928f...
[   2.804]       <<< RX chan1 1154B: 294bfd700931982e5fc029779ad57d442bfad14d84c04f932465fcd3f37cb0c1...
[   2.804]       <<< RX chan1 1154B: 983395befc9344d3618b8d3ab3f7e12e35035791945c891ae095b27a4515ed42...
[   2.804]       <<< RX chan1 1154B: ec7e41d844658a677fc79a1001bc9f83c1249c83dc3f45d0c8c424672b50e53c...
[   2.804]       <<< RX chan1 1154B: a41b42a19762b085dce06f9c130bc726f5cac550759ec701f6e8bb0cfc5c6ac4...
[   2.804]       <<< RX chan1 1154B: 50dd2841e05b2526793f0b889a68e5dd6ee63c6ce688ff8f6e6e0a3345b836b7...
[   2.804]       <<< RX chan1 1154B: b80c7e5806ae24a77d179aa7b7c4f7eed6f6776989f0293456f82dc592e37bc1...
[   2.804]       <<< RX chan1 1154B: d8508b6cabfde4708d7c33494f22521ed76c3d5fed8b9eede56badcb63342d20...
[   2.804]       <<< RX chan1 1154B: 24aa358bacedc5654db02b409dd1a3e8d75aba58e44a1d24349cfb613385ef4a...
[   2.805]       <<< RX chan1 1154B: 8f207adce4e15105d0c461d707fcf2c6959bdb191c744d70908c6d95250cb5d0...
[   2.805]       <<< RX chan1 158B: 772d6b7cb1eb770d5c6fd9eff22cb2163c1a3d835d4656ad873a7d5e6ca7ed94...
[   2.805]       <<< RX chan1 1154B: 80007b498316013d7b0000337b000028b52ffd60337a99d903b021b571537329...
[   2.805]       <<< RX chan1 1154B: bf5f68d33506f1304a22bef22fe02734697d7f326a517e2a8d97823288739fed...
[   2.805]       <<< RX chan1 1154B: 0fa7772cd99dfa930bfdcdce81cc60a9a253833bfd4e349bf77b5c9b7328f0a1...
[   2.805]       <<< RX chan1 1154B: 054b3cf54826dc2fa7c5fec9c932c1b42e0928b98a0debc46fe089ae4cae1228...
[   2.805]       <<< RX chan1 1154B: 694d96b0590afc28c649163e304ac422c26d700eb3e7c04bbb830f6c1603ac42...
[   2.805]       <<< RX chan1 1154B: 7a0331cd4e85f2e3b86216aaa581125b720719f94bc7149b2c1a9023d70e8ff1...
[   2.805]       <<< RX chan1 1154B: c736e2cec3fff8669d1b9f09888b6f2731a508827bb871972c0df23b93a25303...
[   2.805]       <<< RX chan1 1154B: 62cbe1d7f02348d873731111291d8835e2a62482456b71813fc15d505927ce3f...
[   2.805]       <<< RX chan1 1154B: d36e40ac4600c080b98f00e4932685c0680ed799610915b53920fb5802eec3dc...
[   2.805]       <<< RX chan1 1153B: 1aaefc885ba6d1942cc53072c962e376b02095912d6edb1470529188d7b59d46...
[   2.805]       <<< RX chan1 1153B: 4a4790d374bc5f8c84a0fade1a4d8d16c124682b886c8f79a096c3c514097849...
[   2.805]       <<< RX chan1 1153B: 833f98f56c58da727ebd5174891b25fd873f24eeeef705d34d9bae699e0d7448...
[   2.805]       <<< RX chan1 1153B: 28911d9c8eadfe40545bcf8c85303951c13d844c164cce83cfc559f82b9534e5...
[   2.805]       <<< RX chan1 1153B: be3d004ac6387f5f9201878924dc4e4408a4e2b68b16830484eb0ef9e6608a19...
[   2.805]       <<< RX chan1 1153B: 823e322087d3adb722678672b0c6ede07024c2f21259781fd7e9e134d5fe6867...
[   2.805]       <<< RX chan1 1153B: 1d33215e45e795d696f31b853d28aa6f78ad63fb90edc5c6b29b65fbac94175a...
[   2.805]       <<< RX chan1 1153B: cc807112afcf2d1aa5f2ff98207369e75860c405ee019db96c3994dce759c8cc...
[   2.805]       <<< RX chan1 1153B: 609da603a96f692e52eb233f72bbcedb94d7dc55b44dc99524632e0f93712c66...
[   2.805]       <<< RX chan1 1153B: b60b7a4cf2d3d5f4c4ae78d019f19022037459376d7b276087182a50f1577510...
[   2.805]       <<< RX chan1 1153B: 8ffacca6185ebce090bcc46eb7cffbc34ee09e025f16b50f79d1f7c68044587b...
[   2.805]       <<< RX chan1 1153B: 626ef3b3ca5d8d52988f9fa911e101a6674553e08cdfc576a9e395eabf541128...
[   2.805]       <<< RX chan1 1153B: 3bea22714bfe11fd01086aee6618d8ab3d0ff45ec421a412b832c581ff3eb827...
[   2.805]       <<< RX chan1 1153B: e2ce80f2846876ec103dd5124129d53b9eb7daddea428c2e602689150b7c49bf...
[   2.805]       <<< RX chan1 1153B: a5fe536293f20846169ca8f181076aa006dd654e14454fd47781c9de064b4593...
[   2.805]       <<< RX chan1 1153B: af9456a417a233a4ab5e6525abf30fd0fb699c267adf2dcd9dc7b892159ba237...
[   2.805]       <<< RX chan1 1153B: d0e3905fe06d20e9a7e7880f7ec59a38cf54b6bad6da820a936bcb4696a5e9cc...
[   2.805]       <<< RX chan1 1153B: d6955ba45968402f061baba8900b3d48df912106fb18225e1306743ce057ac5a...
[   2.805]       <<< RX chan1 425B: c0b3a47c5b6e62d7f9214024d4a3bbcdb3c66dd9fe0a60bb8a9e66e7fcaf0552...
[   2.805]       <<< RX chan1 1153B: 8000080c83160100080000f607000028b52ffd60f606b13f00b6582d9e1ca57d...
[   2.805]       <<< RX chan1 911B: 914ce26d37468dfa8ec3c9b0d86d16f5d36ddb5ca01efdc1db351b1676a10d7f...
[   2.805]       <<< RX chan1 1153B: 800017bd831603ac1700001629000028b52ffd60162815bd00ea70254f52200a...
[   2.805]       <<< RX chan1 1153B: 8e4c88b86d25fa008464bc220d9b266e2608e467050ae4d8b6299aa6b4c6ca28...
[   2.805]       <<< RX chan1 1153B: 7390beedb2bfdedad37862594bc72623a6c99184882a1120bac28a9347860438...
[   2.805]       <<< RX chan1 1153B: 15e5e06678e35933e577cefc1abcf6f3e5f4f707f207afec3adf55d66281e1a5...
[   2.805]       <<< RX chan1 1153B: abb3935d96b57474179626293b8866dbe3d9eb1d7b97d60765b6ef81953ee69a...
[   2.805]       <<< RX chan1 316B: d71af921336e8816e48678a07c448c39c64a4fce79d6399aac4f20487fe69c44...
[   2.805]       <<< RX chan1 1153B: 800076f8831601ec760000e276000028b52ffd60e27511b703786febd290ba4b...
[   2.805]       <<< RX chan1 1153B: f374e361e141103679a103d741721379fffe9468ba58e4a476b5dff7c4f5b9d1...
[   2.805]       <<< RX chan1 1153B: 4a0196a9e46143f843d8e26b6d50c3dd2602494dc87a6bdbba7c404501583f1b...
[   2.805]       <<< RX chan1 1153B: ee17c86cd229f1774975502873a1da4438def7b076f5f0da5f6ae4fd38d53b4c...
[   2.805]       <<< RX chan1 1153B: 41c38844e686e2e9885ee8f4db64272257c49b9f1d017fc08dd901404acdd8b0...
[   2.805]       <<< RX chan1 1153B: 7521148a7c8f26977da2f4893eee84653f7560311a5544a7cea325c433269d46...
[   2.805]       <<< RX chan1 1153B: 97f081a255b6828ede9674247d5940f6f137c195a12d50f7de9e3300975a171b...
[   2.805]       <<< RX chan1 1153B: bb17213690426e46bb9f9336572a320513aaecfd88332201090a6ce7080cc82c...
[   2.805]       <<< RX chan1 1153B: 93797f99ca9502a0d11c3d869bc05b98020a5ed1234421845c1c23bcc74803f9...
[   2.805]       <<< RX chan1 1153B: 241e9f6db2c67171b925f012110ea1b5fa1f91ff11e7cebbd5ff0fc6b6861856...
[   2.805]       <<< RX chan1 1153B: da60e8143cc870577f4d581b2cc4ceb035474dacec6ff100dbf9e5d262dbf323...
[   2.805]       <<< RX chan1 1153B: 5a310d6260bc86a1804f0d46e8866022a08d7025dd4027182606a829b5c8a632...
[   2.805]       <<< RX chan1 1153B: a88190bf5f3f502a4680b56e55a168606056a8d6cee1369efe84a744f121eca2...
[   2.805]       <<< RX chan1 1153B: ab52651f2a0b00a3047aad771ea4a1d9d358f3528a74822396a88e93de2c7329...
[   2.805]       <<< RX chan1 1153B: b3043b30d6cf0bb865071de254bdc5f3360bc5b88d55bf97e21dbbc5b67eab39...
[   2.805]       <<< RX chan1 1153B: 5f2eaa16bb90b077ceb0378636fa679df948b14e0baab5eaee4b1d7b606f587c...
[   2.805]       <<< RX chan1 1153B: 4f269f9549261b854a8dd81c1005d4d744fe6e50f0716c45182ddce03d668fc4...
[   2.805]       <<< RX chan1 1153B: 3b28253c0279346e30dee1a6c477a7f8cb46c17ea6af3597a94090895e8e06e1...
[   2.805]       <<< RX chan1 1153B: 8f2bd65086c25552a12fa28574661a91771b9c67b060d835218b5cfb7f3c6ec7...
[   2.805]       <<< RX chan1 1153B: 4c404c563ee0a7f7e0bd7955e55a00aa005444ab4ff2e22fca346d054f492eb5...
[   2.805]       <<< RX chan1 1153B: ae92374600fb6fc2c972b54212f93444535d7b8dd4436f97c828989913748cf7...
[   2.805]       <<< RX chan1 1153B: 2dbc430bb67a3d3285b75e235d90efc6b3de14598ffbb36e938c0d50c2e9575d...
[   2.805]       <<< RX chan1 1153B: 6fd3d79304caddb09878ebfe5930e8e24ddd04c6488b1674705d4941f8be1e90...
[   2.805]       <<< RX chan1 1153B: d51128f586fcf3305ca1936a581d626130e7e75894743f6f032a9486357f18f1...
[   2.805]       <<< RX chan1 1153B: 3683e53a65cc91b5f9a0bc352f07a80bcba60bdec37ed406d5633786172fd073...
[   2.805]       <<< RX chan1 1153B: 8824c71e407444d8b65742fdd7b1bf3da0c6d5c5dc868936c7427711286a2b03...
[   2.805]       <<< RX chan1 482B: 08e3aacfb32901e1a437b67b1f3c8eea4a295c352c7b67cc7be0eae5c6d99d7c...
[   2.837]       <<< RX chan1 1153B: 8000698d831601816900007769000028b52ffd607768b94b0352f294cb2e695a...
[   2.837]       <<< RX chan1 1153B: 097505b9f1cf2f13805b755032be1f494d4f3e1a3b12e228d53f8b3e2fa6bb68...
[   2.837]       <<< RX chan1 1153B: 54279175581b217121c4bcf6fae387332fe0490c77955464057efaa62d41dc98...
[   2.837]       <<< RX chan1 1153B: ea197eb3bb88adeaa33c72dfb0b15a5aa4f3fae5e1089a1a455426cfb24c0ed1...
[   2.837]       <<< RX chan1 1153B: 8f8f5b3b62eb57e61ef82c31e8e920d377ca05993b3a26f26bc19896321856c5...
[   2.837]       <<< RX chan1 1153B: 9f0c1bcd0a1fe6bcd2b4f72e3084a44dae1e20ddf1b988fcd6f573c8bc19de80...
[   2.837]       <<< RX chan1 1153B: b4a32e56eea58d0ff6a48fddb51af15fc1ae745d0f3eea5520f4f08825b77ff3...
[   2.837]       <<< RX chan1 1153B: a6727878c0e18c0d18fca3019c465e5a6a2b3a50d0b0c630cef54c0554702603...
[   2.837]       <<< RX chan1 1153B: b0e05546500856c768422fe0a7bf5c0af85237a6394dc656dd0a7b23279f4b5b...
[   2.837]       <<< RX chan1 1153B: 1e8d174d72cd70d921aaeb5593a74cabc50699981dd8dee3a8c5a1b144fa27d4...
[   2.837]       <<< RX chan1 1153B: 7a902c5be9462b3651431b2ede5af3160779c2752780b54bdf51532067f7a51a...
[   2.837]       <<< RX chan1 1153B: 22a1726fb9c023a9714cf572ec4aad8ef7797ec5e9788a7feff3fde65f81f0af...
[   2.837]       <<< RX chan1 1153B: e3f16ea80f54f5084ae05d29491cfd7b84f1c93f90a5bed169399ebad1817c54...
[   2.837]       <<< RX chan1 1153B: c65c966979d208d50b83741f82a5d643082be261b70133abc1042f0ee27bb538...
[   2.837]       <<< RX chan1 1153B: 9a4e89e419ecccaf7ba91b6f1bbc1d15cfb27d18e1faa1d7220c5efeeae812a1...
[   2.837]       <<< RX chan1 1153B: 0c47ed94123d616b4059b55ce6d21b4a6362659c7a95641471c755317732626f...
[   2.837]       <<< RX chan1 1153B: 0316cd0d7f38c5c4a75988e039c190a9e6afbf8abc00a9fbbcc9f99e2e4cadbb...
[   2.837]       <<< RX chan1 1153B: e7c39ade3abea14aec157bd242790967adad8dfe0ddc341b7523514f8c1d915c...
[   2.837]       <<< RX chan1 1153B: 75608830600ba8d76b295aa58804e973de8abf28a3a68cc1505a9eb64a2607e5...
[   2.837]       <<< RX chan1 1153B: 13b9f25a8780e86940101fa9af855b5cc28e12b3a34b1707da0e66f546c33e7d...
[   2.837]       <<< RX chan1 1153B: 79008dec1a75da54a3e70330fd6786b0692fa0796b6e67c3b4eb910004f6e9b8...
[   2.837]       <<< RX chan1 1153B: f5dd37420729249c4dff9316e48fc3f90196b6c68f28c2db46a09d550396d8bf...
[   2.837]       <<< RX chan1 1153B: 39af672c5e95fd12a6fe51b7f13adcdbddb6f98fbca44fafcd5542bbdee57de8...
[   2.875]       <<< RX chan1 506B: ab532d1a05a061ea965320590e8dcd1e2f91097bc6ea0e436b9f7ea45e219622...
[   2.875]       <<< RX chan1 1153B: 800053e2831601d6530000cc53000028b52ffd60cc52619e020bac862f473dd6...
[   2.875]       <<< RX chan1 1153B: e4c79aeb18f2c8a74228dfa3eee133eb62576da9d980aa4c95f793068056cd69...
[   2.875]       <<< RX chan1 1153B: de2037fedbee3b27d3cdfc40dc3b12ba88d78a7012b2eac14d067b3353f67daa...
[   2.875]       <<< RX chan1 1153B: b4c670fa1b53241835b7944a590b32bcb2671ffee1217f881b96eb4b7eb96103...
[   2.875]       <<< RX chan1 1153B: f67b37698a64db4ac49cd235139456913e2abf0f4d5996c37e7ede9a2d106972...
[   2.875]       <<< RX chan1 1153B: 71d079e556cf4dac41b15bdc2211ccef7a1c24fa55e379b0a37c8b7c05f2678b...
[   2.875]       <<< RX chan1 1153B: 7b5d6c0c5f0ac144e2c6ffbeb4572b84166e7837b9327d7157c96f3fb570e403...
[   2.875]       <<< RX chan1 1153B: 0e725ded8ba53312577f1552aadf638c81699b87ada7a641e54814be8a0e34fd...
[   2.875]       <<< RX chan1 1153B: 208851cee6c3f85927a4ce0b01015443f50f210b792b74d37ab889ff017156dc...
[   2.875]       <<< RX chan1 1153B: b50ebd7373f203c5e89c30969b9d348f654e3885c277bb0bfc323152d75be08d...
[   2.875]       <<< RX chan1 1153B: c072f4961218623573885ca1289c4ae29ac132f085922b0b5404541a7737a2db...
[   2.875]       <<< RX chan1 1153B: 3bb20ef7059e692bc26596f606899c6f991c263fac820adc5a5d1f1ebb3b6381...
[   2.875]       <<< RX chan1 1153B: 27977f0ca4abff8d6478dd6eee55efeeb230ea5696c2168c0335a9b7bf5d9ab3...
[   2.875]       <<< RX chan1 1153B: 842898724ab4231b149bb27e9a1a9dc1289a449ba30b780e13731aa77cccafd9...
[   2.875]       <<< RX chan1 1153B: 211bc9c9ff0088c6acc743cce1df408e9d8b02e77bfa09dfaa6d653da36aa371...
[   2.876]       <<< RX chan1 1153B: 8820276efe1305560c05ca6ff6ff1d72b5f200e24e46b1b939c8980bfaf8015d...
[   2.876]       <<< RX chan1 1153B: 77e8753a375dba7299a26e936f91af689b0e850a0ed805f450b2ab1fc77b574c...
[   2.876]       <<< RX chan1 1153B: b1792235181d20401eaa1989ca0c204b5e4031b0cd280602fd35405e7d9bb3ff...
[   2.876]       <<< RX chan1 724B: 0ea9eb1639a0b239feb4b37306a11c330372e22311fdc7552961dbb6ad514df8...
[   2.876]       <<< RX chan1 1153B: 80004f4e831601424f0000384f000028b52ffd60384ec17902ccee9fe03ec45e...
[   2.876]       <<< RX chan1 1153B: 840c1d4e612c40961edc1fb9bbace3acbb153481fb548ee5a0e88af59df168d5...
[   2.876]       <<< RX chan1 1153B: 4bee776ecb78758f6c7b18352fb948d40d29996065f8e2c98491aa815f3f9b5b...
[   2.876]       <<< RX chan1 1153B: 719d79a7711f91a58b5eb75b77bca5df59b3df57f7eb380495d500bc7f3533df...
[   2.876]       <<< RX chan1 1153B: b713742ec131b4bb036e92cadc7ca41f92411418da5d50a11d78b93c2989ae7a...
[   2.876]       <<< RX chan1 1153B: f12dc3f17d76968e3cb810ccb4c7c216e71b867ac6ff82c75107822e8cf03e18...
[   2.876]       <<< RX chan1 1153B: cbd2c41ba9cd7113b202a4b97d3969d94286341e39048c6e7aa1eb71081a6b76...
[   2.876]       <<< RX chan1 1153B: e0d0c4944562cc7a747e141958f6c4d324b4049e3421fbd77c6787e9053d6529...
[   2.876]       <<< RX chan1 1153B: 03c89594a02493538d0db286e294e6581523372058717ba914a342c6bd8751f0...
[   2.876]       <<< RX chan1 1153B: 964227fbd38cab5e9b364d0cd10f34ba6ee0a3b4abcf4142caf2e4ff0c0f73f4...
[   2.876]       <<< RX chan1 1153B: 377fff924125f1399e2ee0150dd740be1f8c7de17789bc5fdac91248d582868f...
[   2.876]       <<< RX chan1 1153B: 35891ab50017ecbeaa8cf00c22f5726336aa704b2cd084dd6c1176ab8344fce0...
[   2.876]       <<< RX chan1 1153B: 478ad3d21fd21ad24e96a7201c08891c63f891fb52543fd65af33e756cc22fe0...
[   2.876]       <<< RX chan1 1153B: f7b2c368fcdd571965c3f7450d409bf31ddd87a8a291ac9d7a058de6916fe490...
[   2.876]       <<< RX chan1 1153B: 0abea1cb6bb797c3f0d82ecf0177482ea7bbb0e33597932e30ef5cfe98108ea5...
[   2.876]       <<< RX chan1 1153B: 14e98157c346edfdaacb91181b8e99670c9e3a933963c5859ed0096b514274f2...
[   2.876]       <<< RX chan1 1153B: 166e88e836e3461499f030ea9a80ecbdbd6ccc603d97774022a292b7a2daca04...
[   2.876]       <<< RX chan1 705B: 0f14a8f806ef8e6d8d3a1dec2934d5c0f8d7ecb6053f0e8ca1d992a5bee7e6e7...
[   2.876]       <<< RX chan1 1153B: 80006730831601246700001a67000028b52ffd601a66d13803506f1892e88bcd...
[   2.876]       <<< RX chan1 1153B: 0cc441c52fab4857f44c8c76a2477bfc97c50e6f523ba86b8c7f0f6c3c847c23...
[   2.876]       <<< RX chan1 1153B: ab11f219258372ebc305990868618e236de5f98735fe1eb1d7033d47a0bcc4b8...
[   2.876]       <<< RX chan1 1153B: f8d8502b84c0f1727af4a0ec23833d2b7f25de02ab07c6f3914518cf0d8eedfe...
[   2.876]       <<< RX chan1 1153B: 2bdbc1d72e498746de04cf04f0ade226c554824d98ee43e29f0d1218e4d0a055...
[   2.876]       <<< RX chan1 1153B: c4c4bed07890b41150803280afa2a152cc94b9a21b9819a4872eeb83b1f6988d...
[   2.928]       <<< RX chan1 1153B: 419444d2f2a819305a46d267d290e63639c591993a20625e775259b5628825f2...
[   2.928]       <<< RX chan1 1153B: 072ddfdeef43a77cd3ff46394e814e8a8655f15f145005165061ff6f95aafc46...
[   2.928]       <<< RX chan1 1153B: 4cb21846cd640401c32be625f491e095055a10abe81ec75c40fd401c0b8882b2...
[   2.928]       <<< RX chan1 1153B: 9c4b27883a748dbf0eb764e29d2393d23231ea723c760647a6aff5ee39b5e30b...
[   2.928]       <<< RX chan1 1153B: 16c03ef710a6b8cc1e1bac405f60df8d50ed13f122f92f568b7b0570c892b65e...
[   2.928]       <<< RX chan1 1153B: c50cc951efcbaf032b7af420972a44fe8e96e2ebca23c566dd49f18059ab9a95...
[   2.928]       <<< RX chan1 1153B: 8587954c90adf55cac8078a96548bcfd8bb2f649b3d1b3796b984669ecb2387e...
[   2.928]       <<< RX chan1 1153B: ed505d79df9338b1f580515a16a4a11897c457dcb4e6733b2067f18c95d902de...
[   2.928]       <<< RX chan1 1153B: 6d2bf26578e76f39d7fca51cc9daf7b8cd5a63ee35452e65d86403ed287c9495...
[   2.928]       <<< RX chan1 1153B: e2a2d942b965eceae1c7448d992a7fbd310f58a9e9f3fb47cb268f6fddbbc76b...
[   2.928]       <<< RX chan1 1153B: a53b2a0e183396e65de3469b38a3c0f10abf9db0b2f8c91b3f7c6d133adf8cdf...
[   2.928]       <<< RX chan1 1153B: 799c2ad4877f8c7f6ebe043469373a4ea6b2a2d13dc64c42fab7f9a891ee8d39...
[   2.928]       <<< RX chan1 1153B: d34fda05debc8e51837721ad05ccd7f50ce69eaff706bdcf053a2d2f2cdca134...
[   2.928]       <<< RX chan1 1153B: 570df2d957e8b741dd207b19463b3fea06ad9ea88f24bacbdb3a23f28212347c...
[   2.928]       <<< RX chan1 1153B: cd84ee487a4ca1389cea6422d6161b969c277d5d06c702bfd812e290040a8499...
[   2.928]       <<< RX chan1 1153B: e5c63bc417b6bc376a9a523f3c6f056007ea4f058be7d5a5c45423df63fbb4df...
[   2.928]       <<< RX chan1 1054B: 334faaa8702977c3d6188478b402140497029b64e2772f53da41d94198bb94b3...
[   2.928]       <<< RX chan1 1153B: 8000520e83160102520000f851000028b52ffd60f850c18f026a3eeeb707fd4b...
[   2.928]       <<< RX chan1 1153B: 54400b537e504eb3deb2ff14b5eef79d3e571cb542a80e8059a01d2f494dfb90...
[   2.928]       <<< RX chan1 1153B: fc5bb23a4e017780cdfddca44ca574c74da38d401d6bd4cfd8daa38b454991b1...
[   2.928]       <<< RX chan1 1153B: 653c990407994698f33cf385329944ae666200b9376b0d967541d7ba6c8f056d...
[   2.928]       <<< RX chan1 1153B: e637269778e79b1271efb7017f58c233f69206f975dc5fed9e029f1cae316906...
[   2.928]       <<< RX chan1 1153B: 73ce4c83f6fdc45dd62b485b208c6f6a34e9645a6ef5392970177442f8409d29...
[   2.928]       <<< RX chan1 1153B: 3c3bc531f8a80cebce2148ff8f1d25810210e51410d474e9cff994c98d03c26b...
[   2.928]       <<< RX chan1 1153B: 84b3fc65ff064127849f2c14654cbedf34fb547bebd83c8386ab4f4e4d546e67...
[   2.928]       <<< RX chan1 1153B: e4387d45c06bf63cdfeb86373546eef57a544362346f2d08fa79e4ce2366d7eb...
[   2.928]       <<< RX chan1 1153B: 4feb976a662c565e415a116cdcfeddb6ba2d698318fac7a9281395b07484ed78...
[   2.928]       <<< RX chan1 1153B: 10cc6d00760ac701bc6c7cdab4ebdfc704a2d4202f3002571cd6517d0934e440...
[   2.928]       <<< RX chan1 1153B: 7e1d98c45e6942141a839b3fa44801ce9323a875d8725517913504a6488e9255...
[   2.928]       <<< RX chan1 1153B: b306047d02f9942c271c6f36ef4d567c35b4593061a4e38583b547f267452f81...
[   2.928]       <<< RX chan1 1153B: 602108d3aacf18b006c98c2e18155af300fd1005ab888cc18f6e61b7f53df823...
[   2.928]       <<< RX chan1 1153B: c256d4039be4124d5f434ceff0848e74c82ed55b2c74d22acd1806de45b4f991...
[   2.928]       <<< RX chan1 1153B: 9eba3f24dbd881f128e2367e3b87858ca391e1c251525e8df7fcc034d031b99f...
[   2.928]       <<< RX chan1 1153B: 36a5060eb18596a0aeea869bfb62d31fd7055081a49b0ecdf40580f271d28bce...
[   2.928]       <<< RX chan1 1153B: c1adc2156e4d45c292abc058ae4b97bffb6074077dd8be9dfbe7a7492cc34e34...
[   2.928]       <<< RX chan1 256B: 2da85748512da93bc719b52559ff0fc9e58309eaba13c832fa5f8c99d95b4a9f...
[   2.928]       <<< RX chan1 1153B: 80004a65831601594a00004f4a000028b52ffd604f4979520277a56408840065...
[   2.928]       <<< RX chan1 1153B: 5eab348dab0b7088c50d948c7259de086179308abe93486f21381c05ca166556...
[   2.928]       <<< RX chan1 1153B: 18b277d8ae28db463a2375a9324309e74dab72b7fd1a5661f3e19ed5c66e432d...
[   2.928]       <<< RX chan1 1153B: bc1f28bbe73939f7932596a9633d2f04ff6f6dcb5e1af22b9ae2a16f7601b10c...
[   2.928]       <<< RX chan1 1153B: a1ebb71c8f895ed805beae858ababef472224cf208250ec71b5a7f84ec29d7a1...
[   2.928]       <<< RX chan1 1153B: 1ef46a73f2b2779f7c3bea1dd3ea86852f256308a4394b637bc763335becac93...
[   2.928]       <<< RX chan1 1153B: ea438bd732925f65aeb180c96e40b54ef4aa5c46503dc7a51a56b51a5d9bb187...
[   2.928]       <<< RX chan1 1153B: c25d345d1e2574cc6bec0cd9a3f2f0d0b2eb6bc89864dfc9d769ba2273590709...
[   2.928]       <<< RX chan1 1153B: 6fc05d62845390fb4f97bf0cb532225babfc790b05d5da65d29f1315667ec2d2...
[   2.928]       <<< RX chan1 1153B: 8e4fa70edb7df94f6b3629669112f7b426c153a48c6b6523042e6794ec42660d...
[   2.928]       <<< RX chan1 1153B: f47b292b86bdae1f70c3a015b0497e9b2d4f03c669b8ebfc21125184b31062cb...
[   2.928]       <<< RX chan1 1153B: 8e13159fd6eff9c3a3f6beeb6c55a6f92739a90898d52716ec6862f7748a87ce...
[   2.928]       <<< RX chan1 1153B: ab86eeaf56426590a3c34e44f2e29fcde8df65e7e1f6a8d7449ae068d883f245...
[   2.928]       <<< RX chan1 1153B: 4c8073cb11125fb2323da9dca5785b7375b3c85cecf4753c9fab5ba889797341...
[   2.928]       <<< RX chan1 1153B: d294c59526f39ef1fb26cc33c2878bc5c578b7e343be9bbca9474d0ee99bdba4...
[   2.928]       <<< RX chan1 1153B: 451be398f5434d89b0ffdd01583d4f3941b4a328a930eae195c517eba2c61baf...
[   2.928]       <<< RX chan1 601B: 6569128d09e93a2bca55101f274cef748703ca02edd4a61a33b81a32e3f371f4...
[   2.928]       <<< RX chan1 1153B: 80001014831603031000006221000028b52ffd606220cd7f001aeab43449201a...
[   2.928]       <<< RX chan1 1153B: 22e0019093ccc8192242b4e9c2070e89e4e347586fbb60d6a6f55a7dad0ec3ff...
[   2.928]       <<< RX chan1 1153B: f2f5b66dffc22d7d7c98c8e81387ca0c32852065aac81dbb2f2808e22352062b...
[   2.928]       <<< RX chan1 661B: de34261336011a712155302057bdb7ae08026419f67f88480e9908c1ccba3f52...
[   2.928]       <<< RX chan1 284B: 800001188316010c0100000201000028b52ffd6002001108005ab67fa05acc3a...
[   2.928]       <<< RX chan1 1153B: 8000a6c183160211a1000064e2010028b52ffda064e201002d08053e85876f1a...
[   2.928]       <<< RX chan1 1153B: 67a310c621deb3b1cc28c47b366ec018c47b366ec008c47b36961937f09e8d6a...
[   2.928]       <<< RX chan1 1153B: 34edfd787aabb0b27ac79880048f4d07474008dcdd85912d7f812419840b1540...
[   2.928]       <<< RX chan1 1153B: f30c3420110929212d21251d15d110d5aabd3c030d4749494b4a484248454534...
[   2.928]       <<< RX chan1 1153B: 701d7f8df05188c0130d20af847246884032e1318f07ea9e52f72a24c493819b...
[   2.928]       <<< RX chan1 1153B: 0c3c3cde7359ef93b69eb5051646e8bc0acf6566ce6d6535bbaa9ba7f7e9b3e3...
[   2.928]       <<< RX chan1 1153B: 5a7f2cdb53c1c7731ba6bfc9b8e12e4309d079dc96c1983f95e723111f20ace0...
[   2.928]       <<< RX chan1 1153B: 2677cf19610d5a5934857a1dff375efe90f05efe84f0c99c5751fe00e0bdec69...
[   2.928]       <<< RX chan1 1153B: decb1b0822bc9737103a0080f7f20642540842431380f05ede308bf7f28689c0...
[   2.928]       <<< RX chan1 1153B: f59e893910c9bc67620ec431ef99980351cc7b267e21e6f09e89608861de33f1...
[   2.928]       <<< RX chan1 1153B: 300705994f3219e386353d380d8901f39eb9d04f9e40f14350cc182f2148780d...
[   2.928]       <<< RX chan1 1153B: 110dd9c8e1d0cd2871d460c18205d250925011d1901191925012d2d29090d08e...
[   2.928]       <<< RX chan1 1153B: 6174e3559f58d55326bbd3ebe6e538f7e6a1d7cda2fadc3c9c9ee9934f0cd98a...
[   2.928]       <<< RX chan1 1153B: 6d55ddc3ad4fb3f081d670ab6cab45e06116d5531a6f95876e96d518c89eda3c...
[   2.928]       <<< RX chan1 1153B: 2131137e11c60a59c40a69c605de99a746f50e9b9b87356ff7762bd6e6934fef...
[   2.928]       <<< RX chan1 1153B: 37c5c34914f758c63d06dd6317f788c53d5e7d1dbddc63d03d02bf8e42dce3d5...
[   2.928]       <<< RX chan1 1153B: e2ad6a96d5bd1d36d3f687d114c51beb3355f50feb137f91993f6cea1e46531c...
[   2.928]       <<< RX chan1 1153B: d109b5de75c2ac0c48f85f79d709af08a1136279d709b3b2bceb8459b4bceb84...
[   2.928]       <<< RX chan1 1153B: 57685e96b8891206c411219a173398498c7bbc2ae31e970cf93a7ab9c725ee11...
[   2.928]       <<< RX chan1 1153B: 899991798206454d5a55d03d76b947225bdc63300c105671ec4df3baafd82ba4...
[   2.928]       <<< RX chan1 1153B: 2cdaf658138628d46459dd73a24a711871cdba04bfb08a5eef9122d891229a37...
[   2.928]       <<< RX chan1 1153B: cad9d81137294fd5aca962d4c45b3553753f3d6d954d7fd88c32f1c6a6b97938...
[   2.928]       <<< RX chan1 1153B: 4728ee51cc19f788e576718f4288b8472ff77805ecf57acbbc632fb0a8e6c55f...
[   2.928]       <<< RX chan1 1153B: a8a96f0c69f2668a933745804820d24b155a151029a4099a15286945869cb95d...
[   2.928]       <<< RX chan1 1153B: f03324cc7c809625ff52ee08f4b4f0ab83c8e151eeca35a996c88012e5d02eb2...
[   2.928]       <<< RX chan1 1153B: 0c31b16e83255a3cd359fc1fad44ef695c154f356e9dcf20dd21ea75ccf15aec...
[   2.929]       <<< RX chan1 1153B: 664875e20f811b1a2ecd788ca487c9be1a875319cdc8a8a0cedecd4609fbe29e...
[   2.929]       <<< RX chan1 1153B: 3ce40c1e83ed17018227f6c38c14613483d6fc4d6f2b3f9ecdd40ca5aa487b05...
[   2.929]       <<< RX chan1 1153B: 96879c65559a2d525eff1e32949cce3956316baf68f44a45ba2c106d0b406d3b...
[   2.929]       <<< RX chan1 1153B: 90ef1abcac795a675f6ffac31ad342791629cd3ffb89a8b2dcde39e0389b0a62...
[   2.929]       <<< RX chan1 1153B: 87a2730d89d51046a8aa84ed66eeb871b5a9361da9c01597d5a201d6289b72a4...
[   2.929]       <<< RX chan1 1153B: 3c1ef997dd99a736b59ff5420b24655c54db81fbefc9ae109cbd93ed12f14982...
[   2.929]       <<< RX chan1 1153B: c661792ef5b2c256c581bc90da9e85d6bad05e1af0e5b115c72cfbd46d8dc411...
[   2.929]       <<< RX chan1 1153B: 691011e6bdf77ee7a7d7b0e516434b1f65392a7a12135b0bdd2264400dafb47d...
[   2.929]       <<< RX chan1 1153B: 14b36d900fed7d0093ebfa927b29b23ce2e2ac8bf4fba1d9aab2c007ce5e837a...
[   2.929]       <<< RX chan1 1153B: 06b18188a5e3204ceabffe10a465b533b10d106c8a05208ae6fb5a81db28ae15...
[   2.929]       <<< RX chan1 1153B: 9e97021bb9970220d997021cf597021c91980220b198021ccd98023b88990228...
[   2.929]       <<< RX chan1 32B: 28acc20219cb9c021faa9c02219aef032395f00323d43daa01fe3e52c6663700
[   2.929]       <<< RX chan1 225B: 800000dd831601d1000000c800000028b52ffd20c84106006a5f46c17fdd9d22...
[quic] DATAGRAM 32B: 030200830510f60f740100000000f60f74010000000000000000010000000000
[   3.094]       <<< RX chan1 1154B: 800041dd8316025d410000aacd000028b52ffd60aacc9d0a025a96e3c2551020...
[   3.094]       <<< RX chan1 1154B: 97cbe970b6207b3ca2489e047535de8d96d3e16633dace56a30551627a3499a6...
[   3.094]       <<< RX chan1 1154B: 512b9b2ecfe58aa64926671255cf28749846418b2c95a8960628950f366bca26...
[   3.094]       <<< RX chan1 1154B: 247bbdc62c59c0c97c50432344d1d398d7d0996489a811a6e3b9b2e9f25c93e8...
[   3.094]       <<< RX chan1 1154B: fc0e1a5959c16fab3741237e5bbd09bef86df526787e5bbdb19200bfadd82c38...
[   3.094]       <<< RX chan1 1148B: 269ef0612a3259b038f1622a325910f0007efb1cc0edefa6c30e3f0a1ee0c44f...
[   3.094]       <<< RX chan1 1781B: 01113d28505ba1023e7c28ca2206253f04015c65f8b120a308ae01ac5a42bb0c...
[   3.094]       <<< RX chan1 8192B: 54f15beda7ff462f148a5e290051401403e8f56a7eab4c84b84f0819c95a30f9...
[   3.094]       <<< RX chan1 8192B: 00221483160203220000a367000028b52ffd60a366cd0f01dada796458103028...
[   3.094]       <<< RX chan1 8192B: ef72b7c606e866d420ea3463246f022d6261ab87c2c6b21198604c88e50e18db...
[   3.094]       <<< RX chan1 4724B: ff070e526f746174696f6e416374696f6e0b02ff019d7354000201e673540015...
[   3.094]       <<< RX chan1 21B: 80000011831b010000000404c6d65a233836590000
[   3.124]       <<< RX chan1 11B: 8000000783233c36590000
[   3.174]   DUMMY -> send ping 77B
[   3.174]       <<< RX chan1 11B: 8000000783234036590000
[   3.174]       <<< RX chan1 11B: 8000000783234436590000
[   3.174]       <<< RX chan1 11B: 8000000783234836590000
[   3.225]       <<< RX chan1 21B: 80000011831b010000000160745400234c36590000
[   3.225]       <<< RX chan1 11B: 8000000783235036590000
[   3.225]       <<< RX chan1 121B: 80000075831b0100000001557054001b13000000015670540001577054000158...
[   3.275]       <<< RX chan1 11B: 8000000783235836590000
[   3.275]       <<< RX chan1 11B: 8000000783235c36590000
[   3.275]       <<< RX chan1 11B: 8000000783236036590000
[   3.294]   DUMMY <<< RX app=6 chan=1 81B: 8000004d0858fbbded5ddc184000000001505050505050505050505050505050...
[   3.294]       <<< RX chan1 11B: 8000000783236436590000
[   3.294]       <<< RX chan1 11B: 8000000783236836590000
[   3.311]       <<< RX chan1 21B: 80000011831b01000000046f73cd32236c36590000
[   3.361]       <<< RX chan1 16B: 8000000c83236c365900237036590000
[   3.361]       <<< RX chan1 11B: 8000000783237436590000
[   3.361]       <<< RX chan1 11B: 8000000783237836590000
[   3.411]       <<< RX chan1 11B: 8000000783237c36590000
[   3.411]       <<< RX chan1 11B: 8000000783238036590000
[   3.411]       <<< RX chan1 11B: 8000000783238436590000
[   3.462]       <<< RX chan1 11B: 8000000783238836590000
[   3.462]       <<< RX chan1 11B: 8000000783238c36590000
[   3.462]       <<< RX chan1 11B: 8000000783239036590000
[   3.512]       <<< RX chan1 11B: 8000000783239436590000
[   3.512]       <<< RX chan1 11B: 8000000783239836590000
[   3.512]       <<< RX chan1 11B: 8000000783239c36590000
[   3.563]       <<< RX chan1 11B: 800000078323a036590000
[   3.563]       <<< RX chan1 21B: 80000011831b01000000016d74540023a436590000
[   3.563]       <<< RX chan1 11B: 800000078323a836590000
[quic] DATAGRAM 32B: 030300830510fa11740100000000fa1174010000000000000000010000000000
[   3.613]       <<< RX chan1 38B: 80000022830510fa11740100000000fa11740100000000000000000000000000...
[   3.613]       <<< RX chan1 11B: 800000078323b036590000
[   3.613]       <<< RX chan1 11B: 800000078323b436590000
[   3.664]       <<< RX chan1 11B: 800000078323b836590000
[   3.664]       <<< RX chan1 11B: 800000078323bc36590000
[   3.664]       <<< RX chan1 11B: 800000078323c036590000
[   3.703]       <<< RX chan1 11B: 800000078323c436590000
[   3.703]       <<< RX chan1 11B: 800000078323c836590000
[   3.714]       <<< RX chan1 11B: 800000078323cc36590000
[   3.733]       <<< RX chan1 11B: 800000078323d036590000
[   3.783]       <<< RX chan1 11B: 800000078323d436590000
[   3.783]       <<< RX chan1 11B: 800000078323d836590000
[   3.783]       <<< RX chan1 11B: 800000078323dc36590000
[   3.833]       <<< RX chan1 11B: 800000078323e036590000
[   3.834]       <<< RX chan1 11B: 800000078323e436590000
[   3.834]       <<< RX chan1 11B: 800000078323e836590000
[   3.880]       <<< RX chan1 11B: 800000078323ec36590000
[   3.880]       <<< RX chan1 1154B: 800072ea831b02000000014b725400014c72540003011c5f5400a12701011b5f...
[   3.881]       <<< RX chan1 1154B: 00a21f592cdab8a191cb8ec7d458a18380aa5956a0056c85b14100da450a1120...
[   3.881]       <<< RX chan1 1154B: 9ca6cb8052be84da2a38d47d1c7875f1f80a962f29cd55061126a3fdde5c5d3c...
[   3.881]       <<< RX chan1 1154B: 0bc596bdb8ba787ce2daea24ab2628e4f35383365963e28440d1438b0d67922a...
[   3.882]       <<< RX chan1 1154B: 2d76cccd986274e6163be676709298f14c18f06927a48df2a539525351c93d49...
[   3.882]       <<< RX chan1 1154B: 9f940c01b22d7706dd05b8b82f7c75715f826beb93ec3ce28edf3ca9e4715674...
[   3.882]       <<< RX chan1 1154B: bea63fd554a0172bdd76500ac86793c9245c3612ef2ee4d377a26d82dd7d779b...
[   3.882]       <<< RX chan1 1154B: 68688d2509d9927919c1c5a6b48f14c0e988c214978e54aa3cc022d97d4c91ad...
[   3.882]       <<< RX chan1 1154B: 6112431c2b663f0de0148cc0080d7106fcb0f1262aa013c9952f54decc41188d...
[   3.882]       <<< RX chan1 1154B: 6233c8c767db121ba9120d6c8f0476435f835454aa84529c87b3133e8b937f42...
[   3.882]       <<< RX chan1 1154B: c7cc5f43d53f82a3f081584178205c9fdff124efbf4b86eef62b2a3b2812c106...
[   3.882]       <<< RX chan1 1154B: 46d93f4f26076745b43030189a97003333b1acad2cb1adaf2a3131aaa92ea76f...
[   3.882]       <<< RX chan1 1154B: dd33dea97cf2a9da0e7263f991687b2ff9a2cdfe91dcfc48b4bd279faaed1fc9...
[   3.882]       <<< RX chan1 1154B: bbff9b382876d6f4cc0be87265fb5cca79368d829f2665ccbbc1eef83919a61e...
[   3.882]       <<< RX chan1 1154B: fea911c49e7c9a0676f7f2ac9805f57475f5b562fa7e99aaba4b4b484f4646df...
[   3.882]       <<< RX chan1 1154B: 207b2fa3da70c51e3d82ca547b99b96e6392387f4903df70c51e1de3c3993092...
[   3.882]       <<< RX chan1 1154B: 1f5942c96b29123973d38000bbfb439637e7af17d1f2590dcbdd74e9a671ac71...
[   3.882]       <<< RX chan1 1154B: a6c2c752a5832693027e193d102faac9a9c9a7f38f017b3db3a20a148d8d2adc...
[   3.882]       <<< RX chan1 1154B: 5bc4f06c6f979966f31913de72b7b8bd505a3422800cdea243ed18c634bc854a...
[   3.882]       <<< RX chan1 1154B: c89f8ee9c906e7fa5c501ee25bdba9eebbf4d33fcfa88f941e9c39ec072fb3ad...
[   3.882]       <<< RX chan1 1154B: 53411cf9ceacebc5fb7def8368fdfb7fe7f7b9229b927bfff8658d44737c65a3...
[   3.882]       <<< RX chan1 1154B: df5f6947d4f7b7de7d69bbe8be3a29fcfbc75f38115f4fd9bd307108bc827b47...
[   3.882]       <<< RX chan1 1154B: 767bcbbd1f3bffd6606d5ff67d8efe4daad3a9d7c83cb0735bce78c4ffbf6de7...
[   3.882]       <<< RX chan1 1154B: 875e7949f40bb8a4d7cbc3ed7d35222ea3b925eef3833381fb2ab72dbc72cfbb...
[   3.882]       <<< RX chan1 1154B: 2667ebd694259d32775f0377bd5ab40c7de27d8f5db7c27b984ef5930cd96723...
[   3.882]       <<< RX chan1 572B: 0efbee4b20cf2131734f952c881d7e5c5e0f8d33165aef5c53c5f8e33b47449d...
[   3.882]       <<< RX chan1 11B: 800000078323f036590000
[   3.882]       <<< RX chan1 21B: 80000011831b01000000016f74540023f436590000
[   3.932]       <<< RX chan1 11B: 800000078323f836590000
[   3.932]       <<< RX chan1 11B: 800000078323fc36590000
[   3.932]       <<< RX chan1 11B: 8000000783230037590000
[   3.950]       <<< RX chan1 11B: 8000000783230437590000
[   4.000]       <<< RX chan1 11B: 8000000783230837590000
[   4.000]       <<< RX chan1 11B: 8000000783230c37590000
[   4.000]       <<< RX chan1 11B: 8000000783231037590000
[   4.011]       <<< RX chan1 11B: 8000000783231437590000
[   4.062]       <<< RX chan1 11B: 8000000783231837590000
[   4.062]       <<< RX chan1 11B: 8000000783231c37590000
[   4.062]       <<< RX chan1 11B: 8000000783232037590000
[quic] DATAGRAM 32B: 030400830510ff13740100000000ff1374010000000000000000010000000000
[   4.112]       <<< RX chan1 11B: 8000000783232437590000
[   4.112]       <<< RX chan1 38B: 80000022830510ff13740100000000ff13740100000000000000000000000000...
[   4.112]       <<< RX chan1 11B: 8000000783232c37590000
[   4.162]       <<< RX chan1 372B: 800001708302047ea830025a01ff000000004072cad740051324417474726962...
[   4.162]       <<< RX chan1 11B: 8000000783233437590000
[   4.162]       <<< RX chan1 11B: 8000000783233837590000
[   4.183]   DUMMY -> send ping 77B
[   4.183]       <<< RX chan1 21B: 80000011831b010000000183745400233c37590000
[   4.196]       <<< RX chan1 11B: 8000000783234037590000
[   4.246]       <<< RX chan1 11B: 8000000783234437590000
[   4.246]       <<< RX chan1 11B: 8000000783234837590000
[   4.246]       <<< RX chan1 11B: 8000000783234c37590000
[   4.297]       <<< RX chan1 11B: 8000000783235037590000
[   4.297]       <<< RX chan1 11B: 8000000783235437590000
[   4.297]       <<< RX chan1 11B: 8000000783235837590000
[   4.300]   DUMMY <<< RX app=6 chan=1 81B: 8000004d0858fbbded5ddc184000000001505050505050505050505050505050...
[   4.308]       <<< RX chan1 11B: 8000000783235c37590000
[   4.358]       <<< RX chan1 16B: 8000000c83235c375900236037590000
[   4.359]       <<< RX chan1 11B: 8000000783236437590000
[   4.409]       <<< RX chan1 20B: 800000108307016de45300561401236837590000
[   4.409]       <<< RX chan1 11B: 8000000783236c37590000
[   4.409]       <<< RX chan1 29B: 800000198307016de4530056140107016de45300561401237037590000
[   4.416]       <<< RX chan1 20B: 800000108307016de45300561401237437590000
[   4.467]       <<< RX chan1 11B: 8000000783237837590000
[   4.467]       <<< RX chan1 21B: 80000011831b010000000198745400237c37590000
[   4.467]       <<< RX chan1 11B: 8000000783238037590000
[   4.518]       <<< RX chan1 11B: 8000000783238437590000
[   4.518]       <<< RX chan1 11B: 8000000783238837590000
[   4.518]       <<< RX chan1 11B: 8000000783238c37590000
[   4.556]       <<< RX chan1 11B: 8000000783239037590000
[   4.556]       <<< RX chan1 20B: 800000108307016ce45300561401239437590000
[quic] DATAGRAM 32B: 030500830510f315740100000000f31574010000000000000000010000000000
[   4.607]       <<< RX chan1 20B: 800000108307016ce45300561401239837590000
[   4.607]       <<< RX chan1 20B: 800000108307016de45300561401239c37590000
[   4.607]       <<< RX chan1 56B: 800000348307016ce4530056140107016ce453005614010510f3157401000000...
[   4.657]       <<< RX chan1 11B: 800000078323a437590000
[   4.657]       <<< RX chan1 11B: 800000078323a837590000
[   4.657]       <<< RX chan1 11B: 800000078323ac37590000
[   4.708]       <<< RX chan1 20B: 800000108307016de4530056140123b037590000
[   4.708]       <<< RX chan1 11B: 800000078323b437590000
[   4.708]       <<< RX chan1 21B: 80000011831b01000000019c74540023b837590000
[   4.758]       <<< RX chan1 11B: 800000078323bc37590000
[   4.758]       <<< RX chan1 11B: 800000078323c037590000
[   4.758]       <<< RX chan1 50B: 8000002e8307016ce453005614010201a57454005b010001f4e05300ff050763...
[   4.808]       <<< RX chan1 11B: 800000078323c837590000
[   4.808]       <<< RX chan1 41B: 80000025830201a77454005b010001f4e05300ff050763726561746f72ff01f1...
[   4.808]       <<< RX chan1 11B: 800000078323d037590000
[   4.808]       <<< RX chan1 20B: 800000108307016ce4530056140123d437590000
[   4.859]       <<< RX chan1 11B: 800000078323d837590000
[   4.859]       <<< RX chan1 54B: 80000032830701f23c540056140107016ce453005a1400000000000000000000...
[   4.893]       <<< RX chan1 11B: 800000078323e037590000
[   4.893]       <<< RX chan1 11B: 800000078323e437590000
[   4.893]       <<< RX chan1 11B: 800000078323e837590000
[   4.922]       <<< RX chan1 21B: 80000011831b0100000001a274540023ec37590000
[   4.957]       <<< RX chan1 11B: 800000078323f037590000
[   4.957]       <<< RX chan1 11B: 800000078323f437590000
[   5.007]       <<< RX chan1 11B: 800000078323f837590000
[   5.007]       <<< RX chan1 286B: 8000011a830d000000000000fffefc0d04000000fb000000fd00000028b52ffd...
[   5.007]       <<< RX chan1 11B: 8000000783230038590000
[   5.058]       <<< RX chan1 11B: 8000000783230438590000
[   5.058]       <<< RX chan1 11B: 8000000783230838590000
[   5.058]       <<< RX chan1 11B: 8000000783230c38590000
[   5.108]       <<< RX chan1 11B: 8000000783231038590000
[   5.108]       <<< RX chan1 11B: 8000000783231438590000
[   5.108]       <<< RX chan1 11B: 8000000783231838590000
[quic] DATAGRAM 32B: 030600830510f917740100000000f91774010000000000000000010000000000
[   5.113]       <<< RX chan1 1120B: 80005fd7831b0100000001a87454001b0200000001d56a540001d66a54000301...
[   5.113]       <<< RX chan1 1154B: faf4b40f2c6418b18ab50e8a541a6e307819369314f47a653350629fbb4fc28e...
[   5.113]       <<< RX chan1 1154B: 3927e953c7d939bde4639970226259da66d2b37ba1cce42eeccab9bb4fcfccce...
[   5.113]       <<< RX chan1 1154B: e00912281b96b1f16e0a9099926d5930e5ddeb57e0da73823fc9b487b1cf5d15...
[   5.113]       <<< RX chan1 1154B: 805399c1cba3e1ec867709d44bf3f5a101ad4be58aa329b7c27074776a6282e1...
[   5.113]       <<< RX chan1 1154B: 8525fb694ce9c19477dec718d8fd6498f583750e79d13069b1b3476dbf871562...
[   5.113]       <<< RX chan1 1154B: 9df19da5c41095f5e04b35192a04cf47f7483cf8524dbe2e997fbae5f243dcec...
[   5.113]       <<< RX chan1 1154B: dcfdebcbddbddcfde96ac080bb7759ab5b5beeaea5e5ee59594e050ab83b1696...
[   5.113]       <<< RX chan1 1154B: 1d86b70b17dc5d4204370b16da2a5470f7360a14dc7d0282af0409ee1e210204...
[   5.113]       <<< RX chan1 1154B: b089b888091954b0a30942bc0d13003c1026abf7f3e3c48318d37d2cd50b9f69...
[   5.113]       <<< RX chan1 1154B: 48ac3e6f4876a2d927eff1b815e2a364bfe583290f888d89afb3e54db432c69f...
[   5.113]       <<< RX chan1 1154B: 23c96f5b7a67c30ff0c719d592e115fbdc794143b81d8564f08b3aea3c0086bc...
[   5.163]       <<< RX chan1 1154B: 74151c7468c060835c040977770a242888c38001eec205041610b85570abd096...
[   5.163]       <<< RX chan1 1154B: c5914f0265835c2d94e305fb24fc96be28b215eaf67079217e0f5e0559cac5f0...
[   5.163]       <<< RX chan1 1154B: 55194a9a0bd2d3cbe44683ad04638776d3b8f51e1182b58f0e68a1f310b16216...
[   5.163]       <<< RX chan1 1154B: bea4f78fc623f9f97fffa4a22c2fa25f17c0dea0be2bfc75ae9d7b50475e7a73...
[   5.163]       <<< RX chan1 1154B: a3f0facfd4c6fd2fc98ac0b6e032e566f8110dbbfff75cc211a71376794cef0d...
[   5.163]       <<< RX chan1 1154B: 6c6a4d2f392e8cee2a119e24ae07b6fc2504de4b0e0438bcca7f2f63efadfd96...
[   5.163]       <<< RX chan1 1154B: 2b37c537632b9cae90b3c7fc23ff9fbdc0c5dd425f840deb52519c536eb72b34...
[   5.163]       <<< RX chan1 1154B: cf79d00c8f4b7f1e6c983d890bd2f9f9527b6e6acfb9a5f609c0ec27c3f7e860...
[   5.163]       <<< RX chan1 1154B: e7c90c4e62ab9e0a9ff8db95f80f6ef24143694fa9270d5a71ff02bcc95b687c...
[   5.163]       <<< RX chan1 339B: 4eb0532b41ce9446bc37aab873374a07ac66bdccc46cbe4b1f986cc0ce089e16...
[   5.163]       <<< RX chan1 11B: 8000000783231c38590000
[   5.163]       <<< RX chan1 11B: 8000000783232038590000
[   5.163]       <<< RX chan1 11B: 8000000783232438590000
[   5.163]       <<< RX chan1 11B: 8000000783232838590000
[   5.213]   DUMMY -> send ping 77B
[   5.213]       <<< RX chan1 11B: 8000000783232c38590000
[   5.213]       <<< RX chan1 11B: 8000000783233038590000
[   5.213]       <<< RX chan1 21B: 80000011831b0100000001ac745400233438590000
[   5.256]       <<< RX chan1 11B: 8000000783233838590000
[   5.256]       <<< RX chan1 11B: 8000000783233c38590000
[   5.275]       <<< RX chan1 11B: 8000000783234038590000
[   5.307]       <<< RX chan1 11B: 8000000783234438590000
[   5.307]       <<< RX chan1 31B: 8000001b831b0100000001ae7454000d000000000000fffdfc234838590000
[   5.332]       <<< RX chan1 11B: 8000000783234c38590000
[   5.332]       <<< RX chan1 16B: 8000000c83234c385900235038590000
[   5.335]   DUMMY <<< RX app=6 chan=1 81B: 8000004d0858fbbded5ddc184000000001505050505050505050505050505050...
[   5.343]       <<< RX chan1 11B: 8000000783235438590000
[   5.360]       <<< RX chan1 11B: 8000000783235838590000
[   5.410]       <<< RX chan1 11B: 8000000783235c38590000
[   5.410]       <<< RX chan1 11B: 8000000783236038590000
[   5.410]       <<< RX chan1 11B: 8000000783236438590000
[   5.461]       <<< RX chan1 11B: 8000000783236838590000
[   5.461]       <<< RX chan1 11B: 8000000783236c38590000
[   5.461]       <<< RX chan1 21B: 80000011831b0100000001b6745400237038590000
[   5.511]       <<< RX chan1 11B: 8000000783237438590000
[   5.511]       <<< RX chan1 11B: 8000000783237838590000
[   5.511]       <<< RX chan1 11B: 8000000783237c38590000
[   5.530]       <<< RX chan1 11B: 8000000783238038590000
[   5.581]       <<< RX chan1 31B: 8000001b831b0100000001b77454000d000000000000fffcfc238438590000
[   5.581]       <<< RX chan1 11B: 8000000783238838590000
[   5.581]       <<< RX chan1 11B: 8000000783238c38590000
[quic] DATAGRAM 32B: 030700830510fc19740100000000fc1974010000000000000000010000000000
[   5.631]       <<< RX chan1 11B: 8000000783239038590000
[   5.631]       <<< RX chan1 21B: 80000011831b0100000001ba745400239438590000
[   5.631]       <<< RX chan1 38B: 80000022830510fc19740100000000fc19740100000000000000000000000000...
[   5.669]       <<< RX chan1 36B: 80000020831b04000000043256c81404a9efc44a040b2f2e0e0481e60158239c...
[   5.669]       <<< RX chan1 21B: 80000011831b0100000004ef1e681623a038590000
[   5.719]       <<< RX chan1 81B: 8000004d830201c4745400cb00ff0000247449010000404104404c5ec20048e6...
[   5.719]       <<< RX chan1 1154B: 800004c4830101505f54000101485f540001015f5f54000101675f5400010157...
[   5.719]       <<< RX chan1 70B: 02ff01a35e54000201d87454005002ff000000c07f0000803f0000803f051b24...
[   5.719]       <<< RX chan1 283B: 80000117830301495f54007d1301010301415f54007d1301010301595f54007d...
[   5.770]       <<< RX chan1 133B: 80000081830101da7454000201dc7454004f010901a35e54000a01295f5400ff...
[   5.770]       <<< RX chan1 163B: 8000009f831b0100000001bd7454000101dc7454001b0100000001a574540002...
[   5.770]       <<< RX chan1 149B: 80000091830101de7454000201e07454004f010901a35e54000a01295f5400ff...
[   5.820]       <<< RX chan1 143B: 8000008b830101e07454001b0100000001a77454000201e27454004f010901a3...
[   5.820]       <<< RX chan1 152B: 80000094830101e27454000701215e5400190100000000000000000000040201...
[   5.820]       <<< RX chan1 133B: 80000081830101e47454000201e77454004f010901a35e54000a01295f5400ff...
[   5.860]       <<< RX chan1 133B: 80000081830101e77454000201e97454004f010901a35e54000a01295f5400ff...
[   5.861]       <<< RX chan1 143B: 8000008b831b0100000001c07454000101e97454000201eb7454004f010901a3...
[   5.879]       <<< RX chan1 143B: 8000008b831b0100000001c17454000101eb7454000201ed7454004f010901a3...
[   5.879]       <<< RX chan1 133B: 80000081830101ed7454000201ef7454004f010901a35e54000a01295f5400ff...
[   5.929]       <<< RX chan1 133B: 80000081830101ef7454000201f17454004f010901a35e54000a01295f5400ff...
[   5.929]       <<< RX chan1 133B: 80000081830101f17454000201f37454004f010901a35e54000a01295f5400ff...
[   5.929]       <<< RX chan1 143B: 8000008b831b0100000004ac24493a0101f37454000201f57454004f010901a3...
[   5.960]       <<< RX chan1 133B: 80000081830101f57454000201f87454004f010901a35e54000a01295f5400ff...
[   5.960]       <<< RX chan1 143B: 8000008b830101f87454000201fa7454004f010901a35e54000a01295f5400ff...
[   6.010]       <<< RX chan1 143B: 8000008b831b0100000001c27454000101fa7454000201fc7454004f010901a3...
[   6.010]       <<< RX chan1 151B: 8000009383070498cde7175b1400070498cde7175614010101fc745400020103...
[   6.060]       <<< RX chan1 133B: 80000081830101037554000201057554004f010901a35e54000a01295f5400ff...
[   6.060]       <<< RX chan1 133B: 80000081830101057554000201077554004f010901a35e54000a01295f5400ff...
[   6.060]       <<< RX chan1 133B: 80000081830101077554000201097554004f010901a35e54000a01295f5400ff...
[   6.060]       <<< RX chan1 133B: 800000818301010975540002010c7554004f010901a35e54000a01295f5400ff...
[   6.110]       <<< RX chan1 133B: 800000818301010c75540002010f7554004f010901a35e54000a01295f5400ff...
[   6.110]       <<< RX chan1 133B: 800000818301010f7554000201117554004f010901a35e54000a01295f5400ff...
[   6.110]       <<< RX chan1 143B: 8000008b831b0100000001e67454000101117554000201167554004f010901a3...
[quic] DATAGRAM 32B: 030800830510f11b740100000000f11b74010000000000000000010000000000
[   6.161]       <<< RX chan1 180B: 800000b08301011675540002011a7554004f010901a35e54000a01295f5400ff...
[   6.161]       <<< RX chan1 133B: 800000818301011a75540002011c7554004f010901a35e54000a01295f5400ff...
[   6.161]       <<< RX chan1 143B: 8000008b831b010000000400f8a12e01011c75540002011e7554004f010901a3...
[   6.211]   DUMMY -> send ping 77B
[   6.211]       <<< RX chan1 133B: 800000818301011e7554000201207554004f010901a35e54000a01295f5400ff...
[   6.211]       <<< RX chan1 133B: 80000081830101207554000201227554004f010901a35e54000a01295f5400ff...
[   6.211]       <<< RX chan1 139B: 80000087830101227554000201247554004f010901a35e54000a01295f5400ff...
[   6.262]       <<< RX chan1 133B: 80000081830101247554000201267554004f010901a35e54000a01295f5400ff...
[   6.262]       <<< RX chan1 133B: 80000081830101267554000201287554004f010901a35e54000a01295f5400ff...
[   6.262]       <<< RX chan1 133B: 800000818301012875540002012a7554004f010901a35e54000a01295f5400ff...
[   6.276]       <<< RX chan1 143B: 8000008b8301012a75540002012e7554004f010901a35e54000a01295f5400ff...
[   6.327]       <<< RX chan1 133B: 800000818301012e7554000201307554004f010901a35e54000a01295f5400ff...
[   6.327]       <<< RX chan1 1154B: 80004af1830101307554001b0200000001f770540001f8705400030117695400...
[   6.327]       <<< RX chan1 1154B: 6a3d0206d60a02d267010103c40f563f02c0203fba089f3f040a719a3bf0a70e...
[   6.327]       <<< RX chan1 1154B: 0a019c6754000fd58968ee1dd93fc8ee103fd2d3733f0435d49aa7c02ac44e40...
[   6.327]       <<< RX chan1 1154B: 28da3d009928bb3638078ed2e43ef546973f20422dbd020db3ba36320230b8f9...
[   6.327]       <<< RX chan1 1154B: e869c1477643ee3f61a6843f03e80640b868540001aca2183b4425acbe3d0f8f...
[   6.327]       <<< RX chan1 1154B: a37d46be7c03058b969d985f206f134790c7f736f24fc91a0202e3a3c527e54e...
[   6.327]       <<< RX chan1 1154B: 1eb55f668e4d55a75af39ea97ac6d590cd75085b8ba083d432688ab617221e0f...
[   6.327]       <<< RX chan1 1154B: bc13821eac42c8d24ba6b13c541d32ce8caa60f7e530114a59d730b437203a75...
[   6.327]       <<< RX chan1 1154B: ddac1772def3b1ef90157e66cea84e87bb202f6a44378e53b65052bef460e837...
[   6.327]       <<< RX chan1 1154B: a42016dc0f78476cc597b92fc9406ab0b4ec036a16f00f1e96ca92af91dd4988...
[   6.327]       <<< RX chan1 1154B: 52d836bb88dea122c89e2934be1427fa720b0540e03bcddfa642c10173c1896d...
[   6.327]       <<< RX chan1 1154B: 4c115cd3ac71d95e58a020b2b2b61793d5799ee716bb65067417ad5441771f4e...
[   6.327]       <<< RX chan1 1154B: 7efdd681b029155f4f23104f6aee3f2875b6878cd4f82047407d01d19e896f02...
[   6.327]       <<< RX chan1 1154B: 562cf96ee7e3c352eeed582a3deb0c908dee8b18101022b0f5596ff44dad5872...
[   6.327]       <<< RX chan1 1154B: 6aa52585eb2b5f907111a97da5055231e1a8e0a69201f3969679bfd4f5b68fe8...
[   6.327]       <<< RX chan1 1154B: 131846d83edfe7b9d47ad57a17146df1c58ab7e76c9746671aee97f77a2a8e2b...
[   6.327]       <<< RX chan1 725B: dc55539f6ed2329ac5974208ced1579352a4063949173b4b5078bc2ca45dbf41...
[   6.327]       <<< RX chan1 11B: 8000000783233c39590000
[   6.327]       <<< RX chan1 138B: 8000008683233c39590001013775540002013a7554004f010901a35e54000a01...
[   6.332]   DUMMY <<< RX app=6 chan=1 81B: 8000004d0858fbbded5ddc184000000001505050505050505050505050505050...
[   6.346]       <<< RX chan1 143B: 8000008b831b0100000004b0dde30901013a75540002013c7554004f010901a3...
[   6.360]       <<< RX chan1 143B: 8000008b831b01000000010b75540001013c75540002013e7554004f010901a3...
[   6.411]       <<< RX chan1 133B: 800000818301013e7554000201407554004f010901a35e54000a01295f5400ff...
[   6.411]       <<< RX chan1 133B: 80000081830101407554000201427554004f010901a35e54000a01295f5400ff...
[   6.411]       <<< RX chan1 139B: 80000087830101427554000104adda4b350201447554004f010901a35e54000a...
[   6.461]       <<< RX chan1 133B: 80000081830101447554000201467554004f010901a35e54000a01295f5400ff...
[   6.461]       <<< RX chan1 148B: 80000090831b02000000048b04d34704db90bd32010146755400020148755400...
[   6.461]       <<< RX chan1 133B: 800000818301014875540002014a7554004f010901a35e54000a01295f5400ff...
[   6.511]       <<< RX chan1 133B: 800000818301014a75540002014e7554004f010901a35e54000a01295f5400ff...
[   6.511]       <<< RX chan1 133B: 800000818301014e7554000201507554004f010901a35e54000a01295f5400ff...
[   6.511]       <<< RX chan1 133B: 80000081830101507554000201527554004f010901a35e54000a01295f5400ff...
[   6.562]       <<< RX chan1 1154B: 800006e8830101527554001b5f01000001161253000117125300011812530001...
[   6.562]       <<< RX chan1 618B: 5300013413530001351353000136135300013713530001381353000139135300...
[   6.562]       <<< RX chan1 256B: 800000fc83020154755400de00ff06074d65737361676509ea30fef5179fa367...
[   6.562]       <<< RX chan1 148B: 80000090831b02000000047a07d141048a0bb305010156755400020158755400...
[   6.612]       <<< RX chan1 133B: 800000818301015875540002015a7554004f010901a35e54000a01295f5400ff...
[   6.612]       <<< RX chan1 162B: 8000009e8307016de453005614011b01000000012d7554001b0100000004fbeb...
[   6.612]       <<< RX chan1 142B: 8000008a8307016de4530056140101015c75540002015e7554004f010901a35e...
[   6.612]       <<< RX chan1 142B: 8000008a8307016de4530056140101015e7554000201607554004f010901a35e...
[quic] DATAGRAM 32B: 030900830510f61d740100000000f61d74010000000000000000010000000000
[   6.663]       <<< RX chan1 143B: 8000008b830101607554000201627554004f010901a35e54000a01295f5400ff...
[   6.663]       <<< RX chan1 170B: 800000a6830101627554000201647554004f010901a35e54000a01295f5400ff...
[   6.663]       <<< RX chan1 1154B: 8000ab6a8301016475540003011a655400a1270101b062540002016975540029...
[   6.663]       <<< RX chan1 1154B: de9b0081311cdcde9b3c60ef2d160b10b0f70e10201ce02dacad8d8d6b6b6d4d...
[   6.663]       <<< RX chan1 1154B: a3a7b22aca555d3bb9992cbb873413cad3b8d8e44e4c707d8d1809eaa26f297f...
[   6.663]       <<< RX chan1 1154B: 9dee01c3f30cc10e25773c4394c1769bcf1d6a39eb8f328f0485e6ee4c7acf64...
[   6.663]       <<< RX chan1 1154B: 78f1729792e4c8c0d58e21c0d4ad5b9c1a4de8ab9bb869ecf9c0f3c90b0dd18a...
[   6.663]       <<< RX chan1 1154B: b079dc447eca165a899e2ed029108ce1af70a78d2d2b4e29c8f468cdd39bfaed...
[   6.663]       <<< RX chan1 1154B: 6232d998ec2b0ccc1b16131b13938d7d8dc5616362641bb171d897188cfc3526...
[   6.663]       <<< RX chan1 1154B: 9cc007f38c07111cb50f104c38645f62e2f05858d85883060d5b36dcf4032bb1...
[   6.663]       <<< RX chan1 1154B: 8c9815bdeb858f6b4591d137ed96afd5692c5ff62c9dcb8ae2693b29fb51edcd...
[   6.663]       <<< RX chan1 1154B: 8d76a2a559ef99ce2e04c4f5e82f656ea585a20b8599fe4b8e928b0b10f61f3b...
[   6.663]       <<< RX chan1 1154B: 5380853fa3a54c19cdc8077f21239ddbd5e47c3d56bc328665d739f3e57aae0e...
[   6.663]       <<< RX chan1 1154B: b6f7ee5cc5548eea78c7e12c393fcb192cb5f70c907f00fcf099897175d15688...
[   6.714]       <<< RX chan1 1154B: 2a121afaf9f979e2e169dad9017f93929272be38484745434236425c1ceff6e8...
[   6.714]       <<< RX chan1 1154B: 70464646ae6b32370b9f85c9c8c2c0cabcbacacacab8b8b6b6b6acc453626252...
[   6.714]       <<< RX chan1 1154B: 1b916f90ab17350ec06031abf591d9bd201d3a016a2ba174252e7585d42cd023...
[   6.714]       <<< RX chan1 1154B: 32bb4029cb8988ed655b0cba058409e624f87036098240879300d34abda95245...
[   6.714]       <<< RX chan1 1154B: a3872290488b064d2196888c51534609c9984c351ef488229cb8021725000892...
[   6.714]       <<< RX chan1 1154B: f74c12c73a91112869454d1e5d0807f5a358f2758a5dfae8414e56df242d4e5f...
[   6.714]       <<< RX chan1 1154B: 14f345c470f91c55e0deccce7e2a72755f034591874db1f6467ebcbd8dc420df...
[   6.714]       <<< RX chan1 1154B: f2e8d4a9ccc032fb9524913f4113d970e1de1ff903f6098cea7de203ce7fc5c0...
[   6.714]       <<< RX chan1 1154B: 1f6be2c48f2e43ffa3c8771b50d24f3253fbc7b5c9ce75d2e15d4ca1f28f6f15...
[   6.714]       <<< RX chan1 1154B: 907c14b49f05d98937e209a6372d0bf0463c411eb541366df4c4075fe43b5e93...
[   6.714]       <<< RX chan1 1154B: 1554c3cdc68e5f36ab7b5241356317a6fbcb66751f229471ecc274bf26188c0f...
[   6.714]       <<< RX chan1 1154B: 30c80a390f460c2823e840033b78f062b204e1342732550906bfd7cd1e20b69f...
[   6.714]       <<< RX chan1 1154B: 2de464662027d36482ecd8ea16cc3163099816b02c0631924a0803d64816daba...
[   6.714]       <<< RX chan1 1154B: 059f14e7cb2d31088c1a26a8a4b49982c170420a08365db43026b8111a441405...
[   6.714]       <<< RX chan1 1154B: 4d3cd877342042d80b05043a13bf1c7cc994c6b82516e5bc6a247434e9cebe11...
[   6.714]       <<< RX chan1 1154B: d9ace53d5f4cb0e1e9aba6e818315e3b112e0b6d0cc4b7c5159127761dec91e1...
[   6.714]       <<< RX chan1 1154B: 91b059456549e2953593429e08d6a169338d82eb6aeaf812c8d191419222284c...
[   6.714]       <<< RX chan1 1154B: 78a0b04fc6d15d5676b3992bd4ad4fafc038084bbbd2ecd25ea70fee281f9387...
[   6.714]       <<< RX chan1 1154B: 1c7da0afda9aafc37c9ac9b2cb44d4cb97a49bae4ced4d522bdac75887e4504f...
[   6.714]       <<< RX chan1 1154B: ca10d4e4cf037e333fdc0fe97ff8217e487e039b9c3ed8f74c4766d6f68b2551...
[   6.714]       <<< RX chan1 1154B: 6ccdba0d671c42f369d9930ad75c6ce8fc50cfb511f3d480dac66ac3969bc038...
[   6.714]       <<< RX chan1 1154B: 89cfccfb4ecfdadf4f7b8e8b16787c1799d679b53375cac5ab44a793c2b4fd5a...
[   6.714]       <<< RX chan1 1154B: 2f3ab4ee01d0fb3e9c6cf7e76dcee18097778de2f168a9d72e21675bde07a9db...
[   6.714]       <<< RX chan1 1154B: f4ef7c7bc53f33539c8257e796e3f6966f68dad27226678771ccce68168dabf6...
[   6.714]       <<< RX chan1 1154B: d5a171a8df35d0f8cd52f41b1c38a54fe32be2ff947ecc6e8cde36d79fd2a7f2...
[   6.714]       <<< RX chan1 1154B: ab174c16289cebe126a21f306c47b5055c5e3084387b1f143df04772c3f311c4...
[   6.714]       <<< RX chan1 34B: 75ceea1bb5954fbf7b67e8913bb933df74b5ffef1e0fe0e55e7ab9f2c8756207...
[   6.714]       <<< RX chan1 11B: 8000000783239039590000
[   6.714]       <<< RX chan1 241B: 800000ed830204261d8f685002ff000000c07f0000803f000000000518244174...
[   6.714]       <<< RX chan1 143B: 8000008b830101727554000201747554004f010901a35e54000a01295f5400ff...
[   6.714]       <<< RX chan1 162B: 8000009e8307016de453005614010101747554001b0100000001d67454000201...
[   6.765]       <<< RX chan1 143B: 8000008b830101767554000201787554004f010901a35e54000a01295f5400ff...
[   6.765]       <<< RX chan1 177B: 800000ad8307016ce453005614011b0100000004cc0d8b231b02000000047d1a...
[   6.765]       <<< RX chan1 152B: 800000948307016ce4530056140101017a75540002017e7554004f010901a35e...
[   6.815]       <<< RX chan1 153B: 80000095831b01000000014d75540001017e7554000201807554004f010901a3...
[   6.815]       <<< RX chan1 161B: 8000009d8307016de4530056140107016ce45300561401010180755400020182...
[   6.815]       <<< RX chan1 143B: 8000008b830101827554000201847554004f010901a35e54000a01295f5400ff...
[   6.866]       <<< RX chan1 153B: 80000095830101847554000201877554004f010901a35e54000a01295f5400ff...
[   6.866]       <<< RX chan1 143B: 8000008b830101877554000201897554004f010901a35e54000a01295f5400ff...
[   6.866]       <<< RX chan1 158B: 8000009a8307016de4530056140101018975540002018b7554004f010901a35e...
[   6.916]       <<< RX chan1 149B: 800000918301018b75540002018e7554004f010901a35e54000a01295f5400ff...
[   6.916]       <<< RX chan1 155B: 800000978301018e7554000104bd2fe5400101907454000201907554004f0109...
[   6.916]       <<< RX chan1 153B: 80000095831b0100000004cdaea9650101907554000201927554004f010901a3...
[   6.966]       <<< RX chan1 143B: 8000008b830101927554000201947554004f010901a35e54000a01295f5400ff...
[   6.967]       <<< RX chan1 518B: 80000202830201967554005b010001f4e05300ff050763726561746f72ff01f1...
[   6.967]       <<< RX chan1 219B: 800000d7831b01000000016775540002019c7554005b010001f4e05300ff0507...
[   7.017]       <<< RX chan1 152B: 800000948307016ce453005614010101a07554000201a67554004f010901a35e...
[   7.017]       <<< RX chan1 205B: 800000c9830204de20eb7c5a01ff00000000a029cbd740051224417474726962...
[   7.017]       <<< RX chan1 143B: 8000008b830101b07554000201b47554004f010901a35e54000a01295f5400ff...
[   7.067]       <<< RX chan1 143B: 8000008b830101b47554000201b87554004f010901a35e54000a01295f5400ff...
[   7.067]       <<< RX chan1 143B: 8000008b830101b87554000201bc7554004f010901a35e54000a01295f5400ff...
[   7.068]       <<< RX chan1 143B: 8000008b830101bc7554000201c07554004f010901a35e54000a01295f5400ff...
[   7.118]       <<< RX chan1 143B: 8000008b830101c07554000201c47554004f010901a35e54000a01295f5400ff...
[   7.118]       <<< RX chan1 143B: 8000008b830101c47554000201c87554004f010901a35e54000a01295f5400ff...
[   7.118]       <<< RX chan1 162B: 8000009e830701a3f45300190100000000000000000000040101c87554000201...
[quic] DATAGRAM 32B: 030a00830510ea1f740100000000ea1f74010000000000000000010000000000
[   7.169]       <<< RX chan1 153B: 80000095831b0100000001867554000101cd7554000201d17554004f010901a3...
[   7.169]       <<< RX chan1 170B: 800000a6830101d17554000201d57554004f010901a35e54000a01295f5400ff...
[   7.169]       <<< RX chan1 143B: 8000008b830101d57554000201d97554004f010901a35e54000a01295f5400ff...
[   7.219]   DUMMY -> send ping 77B
[   7.219]   DUMMY -> send sync 24B
[   7.219]       <<< RX chan1 143B: 8000008b830101d97554000201dd7554004f010901a35e54000a01295f5400ff...
[   7.219]       <<< RX chan1 143B: 8000008b830101dd7554000201e37554004f010901a35e54000a01295f5400ff...
[   7.219]       <<< RX chan1 149B: 80000091830101e37554000201e77554004f010901a35e54000a01295f5400ff...
[   7.269]       <<< RX chan1 167B: 800000a38307016ce453005a14000000000000000000000000000000000101e7...
[   7.269]       <<< RX chan1 143B: 8000008b830101ec7554000201f07554004f010901a35e54000a01295f5400ff...
[   7.270]       <<< RX chan1 143B: 8000008b830101f07554000201f47554004f010901a35e54000a01295f5400ff...
[   7.320]       <<< RX chan1 153B: 80000095831b0100000001a37554000101f47554000201f87554004f010901a3...
[   7.320]       <<< RX chan1 167B: 800000a38307016ce453005a14000000000000000000000000000000000101f8...
[   7.320]       <<< RX chan1 143B: 8000008b830101fc7554000201007654004f010901a35e54000a01295f5400ff...
[   7.337]   DUMMY <<< RX app=6 chan=1 81B: 8000004d0858fbbded5ddc184000000001505050505050505050505050505050...
[   7.337]       <<< RX chan1 148B: 8000009083232c3a59000101007654000201047654004f010901a35e54000a01...
[   7.353]       <<< RX chan1 213B: 800000d183010104765400020108765400cb00ff000024744901000040410400...
[   7.403]       <<< RX chan1 143B: 8000008b8301010c7654000201107654004f010901a35e54000a01295f5400ff...
[   7.404]       <<< RX chan1 143B: 8000008b830101107654000201147654004f010901a35e54000a01295f5400ff...
[   7.404]       <<< RX chan1 143B: 8000008b830101147654000201187654004f010901a35e54000a01295f5400ff...
[   7.454]       <<< RX chan1 153B: 80000095831b0100000001ca75540001011876540002011c7654004f010901a3...
[   7.454]       <<< RX chan1 143B: 8000008b8301011c7654000201207654004f010901a35e54000a01295f5400ff...
[   7.454]       <<< RX chan1 143B: 8000008b830101207654000201247654004f010901a35e54000a01295f5400ff...
[   7.504]       <<< RX chan1 143B: 8000008b830101247654000201287654004f010901a35e54000a01295f5400ff...
[   7.504]       <<< RX chan1 153B: 800000958301012876540002012c7654004f010901a35e54000a01295f5400ff...
[   7.504]       <<< RX chan1 143B: 8000008b8301012c7654000201307654004f010901a35e54000a01295f5400ff...
[   7.555]       <<< RX chan1 143B: 8000008b830101307654000201347654004f010901a35e54000a01295f5400ff...
[   7.555]       <<< RX chan1 153B: 80000095831b0100000001e97554000101347654000201387654004f010901a3...
[   7.555]       <<< RX chan1 149B: 800000918301013876540002013c7654004f010901a35e54000a01295f5400ff...
[   7.605]       <<< RX chan1 149B: 800000918301013c7654000201407654004f010901a35e54000a01295f5400ff...
[   7.605]       <<< RX chan1 143B: 8000008b830101407654000201447654004f010901a35e54000a01295f5400ff...
[   7.605]       <<< RX chan1 143B: 8000008b830101447654000201487654004f010901a35e54000a01295f5400ff...
[quic] DATAGRAM 32B: 030b00830510de21740100000000de2174010000000000000000010000000000
[   7.656]       <<< RX chan1 149B: 800000918301014876540002014c7654004f010901a35e54000a01295f5400ff...
[   7.656]       <<< RX chan1 143B: 8000008b8301014c7654000201507654004f010901a35e54000a01295f5400ff...
[   7.656]       <<< RX chan1 180B: 800000b0831b0100000001067654000101507654000201547654004f010901a3...
[   7.706]       <<< RX chan1 143B: 8000008b830101547654000201587654004f010901a35e54000a01295f5400ff...
[   7.706]       <<< RX chan1 143B: 8000008b8301015876540002015c7654004f010901a35e54000a01295f5400ff...
[   7.706]       <<< RX chan1 143B: 8000008b8301015c7654000201607654004f010901a35e54000a01295f5400ff...
[   7.756]       <<< RX chan1 187B: 800000b78302047e6b37115a01ff000000008057cbd740051224417474726962...
[   7.756]       <<< RX chan1 143B: 8000008b8301016876540002016c7654004f010901a35e54000a01295f5400ff...
[   7.756]       <<< RX chan1 153B: 800000958301016c7654000201707654004f010901a35e54000a01295f5400ff...
[   7.807]       <<< RX chan1 487B: 800001e3830101707654000201747654004f010901a35e54000a01295f5400ff...
[   7.807]       <<< RX chan1 1154B: 80001bb4830204010061522b00ff00c03917c200a8cb3f6054aac2020615526f...
[   7.807]       <<< RX chan1 1154B: bd11c30098239d22baa523f9f9062f013402d7555c4117c426c39269114147dd...
[   7.807]       <<< RX chan1 1154B: e1fcc165ca56ca364494bccb3245e2e2b1a6e24564142346a2a0043c3d42408c...
[   7.807]       <<< RX chan1 1154B: bb4e040f7857d445797fc092a18826f4c0116d9dd82e4989396498d8d1ed4f29...
[   7.807]       <<< RX chan1 1154B: c72f453e38eb4797eabcc1a370ad7ea834b8ab78c4c4670b94e2a6293e71001d...
[   7.807]       <<< RX chan1 1154B: 03f0cbcec856fd7fe4e47a12c1c8c9938b17d119fd04bfa3e75c618c0e18edb8...
[   7.807]       <<< RX chan1 172B: 6636686516dd8ae5a58f73033f207082912a293bc941b280742ef22c82ad99f3...
[   7.807]       <<< RX chan1 11B: 8000000783239c3a590000
[   7.807]       <<< RX chan1 251B: 800000f78301017c76540001017e7654000201807654004f01090174f553000a...
[   7.858]       <<< RX chan1 251B: 800000f7830101807654000101827654000201847654004f01090174f553000a...
[   7.858]       <<< RX chan1 251B: 800000f7830101847654000101867654000201887654004f01090174f553000a...
[   7.858]       <<< RX chan1 251B: 800000f78301018876540001018a76540002018c7654004f01090174f553000a...
[   7.908]       <<< RX chan1 251B: 800000f78301018c76540001018e7654000201907654004f01090174f553000a...
[   7.908]       <<< RX chan1 251B: 800000f7830101907654000101927654000201947654004f01090174f553000a...
[   7.908]       <<< RX chan1 251B: 800000f78301019476540001019676540002019a7654004f01090174f553000a...
[   7.959]       <<< RX chan1 517B: 8000020183020453f918492b00ff00e02127c3005b8041804a51c2020615526f...
[   7.959]       <<< RX chan1 251B: 800000f7830101a47654000101a67654000201a87654004f01090174f553000a...
[   7.959]       <<< RX chan1 281B: 80000115831b0100000004050963310101a87654000101aa7654001b01000000...
[   8.009]       <<< RX chan1 271B: 8000010b830101ac7654000101ae7654001b01000000019c7554001b01000000...
[   8.009]       <<< RX chan1 251B: 800000f7830101b07654000101b27654000201b47654004f01090174f553000a...
[   8.009]       <<< RX chan1 251B: 800000f7830101b47654000101b67654000201b87654004f01090174f553000a...
[   8.060]       <<< RX chan1 251B: 800000f7830101b87654000101ba7654000201bc7654004f01090174f553000a...
[   8.060]       <<< RX chan1 261B: 80000101830101bc7654000101be7654000201c07654004f01090174f553000a...
[   8.060]       <<< RX chan1 959B: 800003bb830204559ddc332b00ff0000a035bf00205c40a0f019c3020615526f...
[   8.110]       <<< RX chan1 813B: 80000329830201ce7654005b01000151235400ff050763726561746f72ff012a...
[   8.110]       <<< RX chan1 119B: 80000073830101d97654000201db7654004f01090174f553000a010ef55300ff...
[   8.110]       <<< RX chan1 129B: 8000007d830101db7654000201dd7654004f01090174f553000a010ef55300ff...
[   8.110]       <<< RX chan1 129B: 8000007d830101dd7654000201df7654004f01090174f553000a010ef55300ff...
[quic] DATAGRAM 32B: 030c00830510e223740100000000e22374010000000000000000010000000000
[   8.161]       <<< RX chan1 119B: 80000073830101df7654000201e17654004f01090174f553000a010ef55300ff...
[   8.161]       <<< RX chan1 138B: 80000086830701dce25300190100000000000000000000040101e17654000201...
[   8.161]       <<< RX chan1 146B: 8000008e830101e37654000201e67654004f01090174f553000a010ef55300ff...
[   8.211]   DUMMY -> send ping 77B
[   8.212]       <<< RX chan1 119B: 80000073830101e67654000201ea7654004f01090174f553000a010ef55300ff...
[   8.212]       <<< RX chan1 119B: 80000073830101ea7654000201ec7654004f01090174f553000a010ef55300ff...
[   8.212]       <<< RX chan1 119B: 80000073830101ec7654000201ee7654004f01090174f553000a010ef55300ff...
[   8.262]       <<< RX chan1 129B: 8000007d830101ee7654000201f07654004f01090174f553000a010ef55300ff...
[   8.262]       <<< RX chan1 119B: 80000073830101f07654000201f27654004f01090174f553000a010ef55300ff...
[   8.262]       <<< RX chan1 119B: 80000073830101f27654000201f47654004f01090174f553000a010ef55300ff...
[   8.312]       <<< RX chan1 119B: 80000073830101f47654000201f67654004f01090174f553000a010ef55300ff...
[   8.312]       <<< RX chan1 119B: 80000073830101f67654000201f87654004f01090174f553000a010ef55300ff...
[   8.312]       <<< RX chan1 119B: 80000073830101f87654000201fa7654004f01090174f553000a010ef55300ff...
[   8.337]   DUMMY <<< RX app=6 chan=1 81B: 8000004d0858fbbded5ddc184000000001505050505050505050505050505050...
[   8.337]       <<< RX chan1 124B: 8000007883231c3b59000101fa7654000201fc7654004f01090174f553000a01...
[   8.353]       <<< RX chan1 139B: 80000087830101fc7654000201fe7654004f01090174f553000a010ef55300ff...
[   8.404]       <<< RX chan1 119B: 80000073830101fe7654000201017754004f01090174f553000a010ef55300ff...
[   8.404]       <<< RX chan1 119B: 80000073830101017754000201037754004f01090174f553000a010ef55300ff...
[   8.404]       <<< RX chan1 119B: 80000073830101037754000201057754004f01090174f553000a010ef55300ff...
[   8.454]       <<< RX chan1 492B: 800001e8830101057754000201077754004f01090174f553000a010ef55300ff...
[   8.454]       <<< RX chan1 119B: 80000073830101077754000201097754004f01090174f553000a010ef55300ff...
[   8.454]       <<< RX chan1 119B: 800000738301010977540002010b7754004f01090174f553000a010ef55300ff...
[   8.504]       <<< RX chan1 119B: 800000738301010b77540002010d7754004f01090174f553000a010ef55300ff...
[   8.505]       <<< RX chan1 119B: 800000738301010d77540002010f7754004f01090174f553000a010ef55300ff...
[   8.505]       <<< RX chan1 119B: 800000738301010f7754000201117754004f01090174f553000a010ef55300ff...
[   8.555]       <<< RX chan1 119B: 80000073830101117754000201137754004f01090174f553000a010ef55300ff...
[   8.555]       <<< RX chan1 129B: 8000007d831b010000000439064a1d0101137754000201157754004f01090174...
[   8.605]       <<< RX chan1 643B: 8000027f830101157754000201177754004a010601a1785400ff0a8e0000ddc2...
[   8.605]       <<< RX chan1 472B: 800001d4830101717954000201757954004f01090174f553000a010ef55300ff...
[   8.605]       <<< RX chan1 119B: 80000073830101757954000201777954004f01090174f553000a010ef55300ff...
[   8.605]       <<< RX chan1 129B: 8000007d830101777954000201817954004f01090174f553000a010ef55300ff...
[   8.656]       <<< RX chan1 125B: 80000079830101817954000101c47454000201847954004f01090174f553000a...
[   8.656]       <<< RX chan1 119B: 80000073830101847954000201867954004f01090174f553000a010ef55300ff...
[   8.656]       <<< RX chan1 139B: 80000087830101867954000201887954004f01090174f553000a010ef55300ff...
[quic] DATAGRAM 32B: 030d00830510d825740100000000d82574010000000000000000010000000000
[   8.706]       <<< RX chan1 598B: 800002528301018879540002018a7954004f01090174f553000a010ef55300ff...
[   8.706]       <<< RX chan1 119B: 800000738301018a79540002018e7954004f01090174f553000a010ef55300ff...
[   8.707]       <<< RX chan1 119B: 800000738301018e7954000201907954004f01090174f553000a010ef55300ff...
[   8.757]       <<< RX chan1 119B: 80000073830101907954000201927954004f01090174f553000a010ef55300ff...
[   8.757]       <<< RX chan1 119B: 80000073830101927954000201947954004f01090174f553000a010ef55300ff...
[   8.757]       <<< RX chan1 139B: 80000087830101947954000201967954004f01090174f553000a010ef55300ff...
[   8.807]       <<< RX chan1 119B: 80000073830101967954000201987954004f01090174f553000a010ef55300ff...
[   8.808]       <<< RX chan1 119B: 800000738301019879540002019a7954004f01090174f553000a010ef55300ff...
[   8.808]       <<< RX chan1 471B: 800001d3831b0100000004db25c92c01019a79540002019c7954004f01090174...
[   8.858]       <<< RX chan1 129B: 8000007d8301019c79540002019e7954004f01090174f553000a010ef55300ff...
[   8.858]       <<< RX chan1 119B: 800000738301019e7954000201a07954004f01090174f553000a010ef55300ff...
[   8.858]       <<< RX chan1 119B: 80000073830101a07954000201a37954004f01090174f553000a010ef55300ff...
[   8.908]       <<< RX chan1 469B: 800001d1830101a37954000201a57954004f01090174f553000a010ef55300ff...
[   8.908]       <<< RX chan1 389B: 80000181830101a57954000201a77954004f01090174f553000a010ef55300ff...
[   8.908]       <<< RX chan1 806B: 80000322830101a77954000201a97954004f01090174f553000a010ef55300ff...
[   8.959]       <<< RX chan1 119B: 80000073830101a97954000201ab7954004f01090174f553000a010ef55300ff...
[   8.959]       <<< RX chan1 470B: 800001d2830101ab7954000201ad7954004f01090174f553000a010ef55300ff...
[   8.959]       <<< RX chan1 119B: 80000073830101ad7954000201af7954004f01090174f553000a010ef55300ff...
[   9.009]       <<< RX chan1 129B: 8000007d830101af7954000201b17954004f01090174f553000a010ef55300ff...
[   9.009]       <<< RX chan1 119B: 80000073830101b17954000201b37954004f01090174f553000a010ef55300ff...
[   9.009]       <<< RX chan1 145B: 8000008d831b0100000004fda0c6700101b379540001018c5e54000201b57954...
[   9.060]       <<< RX chan1 461B: 800001c9830101b57954000201b87954004f01090174f553000a010ef55300ff...
[   9.060]       <<< RX chan1 119B: 80000073830101b87954000201ba7954004f01090174f553000a010ef55300ff...
[   9.060]       <<< RX chan1 119B: 80000073830101ba7954000201bc7954004f01090174f553000a010ef55300ff...
[   9.110]       <<< RX chan1 229B: 800000e1830101bc7954001b0100000001ce7654001b0100000001cf7654001b...
[   9.110]       <<< RX chan1 139B: 80000087830101be7954000201c07954004f01090174f553000a010ef55300ff...
[   9.110]       <<< RX chan1 119B: 80000073830101c07954000201c27954004f01090174f553000a010ef55300ff...
[   9.160]       <<< RX chan1 145B: 8000008d830101c27954000201c47954004f01090174f553000a010ef55300ff...
[   9.160]       <<< RX chan1 119B: 80000073830101c47954000201c67954004f01090174f553000a010ef55300ff...
[   9.160]       <<< RX chan1 161B: 8000009d831b01000000044420e10c0101c67954000201c97954004f01090174...
[   9.160]       <<< RX chan1 119B: 80000073830101c97954000201cb7954004f01090174f553000a010ef55300ff...
[   9.211]   DUMMY -> send ping 77B
[quic] DATAGRAM 32B: 030e00830510db27740100000000db2774010000000000000000010000000000
[   9.211]       <<< RX chan1 156B: 80000098830101cb7954000201cd7954004f01090174f553000a010ef55300ff...
[   9.211]       <<< RX chan1 57B: 80000035830101cd7954000101bdf4530001010ef55300010174f553000101b9...
[   9.211]       <<< RX chan1 35B: 8000001f830101eaf453000101f0f453000101edf453000101e6f4530023f43b...
[   9.261]       <<< RX chan1 43B: 80000027830d000000000000fffdfb0d00000000030d000000000000fffdfc0d...
[   9.261]       <<< RX chan1 31B: 8000001b831b010000000490c8d7350d00000000000000fcfd23fc3b590000
[   9.261]       <<< RX chan1 11B: 800000078323003c590000
[   9.311]       <<< RX chan1 11B: 800000078323043c590000
[   9.312]       <<< RX chan1 21B: 80000011830d00000000000000fffa23083c590000
[   9.312]       <<< RX chan1 21B: 80000011830d00000000000000fefa230c3c590000
[   9.333]   DUMMY <<< RX app=6 chan=1 81B: 8000004d0858fbbded5ddc184000000001505050505050505050505050505050...
[   9.333]       <<< RX chan1 16B: 8000000c83230c3c590023103c590000
[   9.349]       <<< RX chan1 21B: 80000011830d00000000000000fff723143c590000
[   9.400]       <<< RX chan1 21B: 80000011830d00000000000000fef723183c590000
[   9.400]       <<< RX chan1 21B: 80000011830d00000000000000fbfe231c3c590000
[   9.400]       <<< RX chan1 11B: 800000078323203c590000
[   9.450]       <<< RX chan1 11B: 800000078323243c590000
[   9.450]       <<< RX chan1 21B: 80000011830d000000000000fdfcfe23283c590000
[   9.450]       <<< RX chan1 45B: 80000029830704e91a03015b14000704e91a03015614010d000000000000fffc...
[   9.501]       <<< RX chan1 21B: 80000011830d00000000000000fbfd23303c590000
[   9.501]       <<< RX chan1 31B: 8000001b831b0100000004644ced3a0d000000000000fffcfd23343c590000
[   9.501]       <<< RX chan1 27B: 80000017830d000000000000fffcfb0d000000000323383c590000
[   9.551]       <<< RX chan1 11B: 8000000783233c3c590000
[   9.551]       <<< RX chan1 11B: 800000078323403c590000
[   9.551]       <<< RX chan1 11B: 800000078323443c590000
[   9.602]       <<< RX chan1 21B: 80000011830d00000000000000fafe23483c590000
[   9.602]       <<< RX chan1 21B: 80000011830d00000000000000fef6234c3c590000
[   9.602]       <<< RX chan1 21B: 80000011830d00000000000001fbfd23503c590000
[   9.652]       <<< RX chan1 21B: 80000011830d00000000000000fdfa23543c590000
[   9.652]       <<< RX chan1 21B: 80000011830d000000000000fdfbfe23583c590000
[   9.652]       <<< RX chan1 31B: 8000001b831b01000000046fa00d0c0d00000000000001fafd235c3c590000
[quic] DATAGRAM 32B: 030f00830510df29740100000000df2974010000000000000000010000000000
[   9.703]       <<< RX chan1 27B: 80000017830d000000000000fffbfc0d000000000323603c590000
[   9.703]       <<< RX chan1 31B: 8000001b830d00000000000000fdf60d000000000000fffbfd23643c590000
[   9.703]       <<< RX chan1 38B: 80000022830510df29740100000000df29740100000000000000000000000000...
[   9.753]       <<< RX chan1 27B: 80000017830d000000000000fffbfb0d0000000003236c3c590000
[   9.753]       <<< RX chan1 21B: 80000011830d00000000000000f9fe23703c590000
[   9.753]       <<< RX chan1 277B: 800001118302043efdac4e2b00ff00c056aac200f03741a0742fc3020615526f...
[   9.804]       <<< RX chan1 21B: 80000011830d00000000000001fdf623783c590000
[   9.804]       <<< RX chan1 21B: 80000011830d00000000000000fdf9237c3c590000
[   9.804]       <<< RX chan1 11B: 800000078323803c590000
[   9.854]       <<< RX chan1 41B: 80000025830d00000000000001f9fd0d00000000000001fdf50d000000000000...
[   9.854]       <<< RX chan1 27B: 80000017830d000000000000fffbfa0d000000000323883c590000
[   9.854]       <<< RX chan1 11B: 8000000783238c3c590000
[   9.905]       <<< RX chan1 47B: 8000002b831b01000000044ff8b2610d000000000000fffafc0d00000000030d...
[   9.905]       <<< RX chan1 21B: 80000011830d000000000000fffafd23943c590000
[   9.905]       <<< RX chan1 37B: 80000021830d00000000000000f8fe0d000000000000fffafa0d000000000323...
[   9.955]       <<< RX chan1 21B: 80000011830d00000000000001fcf5239c3c590000
[   9.956]       <<< RX chan1 11B: 800000078323a03c590000
[   9.956]       <<< RX chan1 36B: 80000020831b04000000047c3b187304088d2b4d04db493c5e04fa51f76923a4...
[  10.006]       <<< RX chan1 11B: 800000078323a83c590000
[  10.006]       <<< RX chan1 21B: 80000011830d00000000000001f8fd23ac3c590000
[  10.006]       <<< RX chan1 31B: 8000001b830d00000000000000fafb0d000000000000fdf9fe23b03c590000
[  10.057]       <<< RX chan1 17B: 8000000d8301045dd8203b23b43c590000
[  10.057]       <<< RX chan1 27B: 80000017830d000000000000fff9fc0d000000000323b83c590000
[  10.057]       <<< RX chan1 31B: 8000001b830d00000000000001fcf40d000000000000fff9fd23bc3c590000
[  10.107]       <<< RX chan1 27B: 80000017830d000000000000fff9fa0d000000000323c03c590000
[  10.107]       <<< RX chan1 21B: 80000011830d00000000000000fbf923c43c590000
[  10.107]       <<< RX chan1 283B: 8000011783020455dd17722b00ff00002ef4c200105e40c000a6c2020615526f...
[  10.158]       <<< RX chan1 11B: 800000078323cc3c590000
[  10.158]       <<< RX chan1 21B: 80000011830d00000000000001fbf423d03c590000
[  10.158]       <<< RX chan1 21B: 80000011830d000000000000fdf8fe23d43c590000
[  10.208]   DUMMY -> send ping 77B
[quic] DATAGRAM 32B: 031000830510e32b740100000000e32b74010000000000000000010000000000
[  10.208]       <<< RX chan1 11B: 800000078323d83c590000
[  10.208]       <<< RX chan1 21B: 80000011830d00000000000000f9fb23dc3c590000
[  10.208]       <<< RX chan1 37B: 80000021830d000000000000fff8fd0d000000000000fff8fc0d000000000323...
[  10.208]       <<< RX chan1 38B: 80000022830510e32b740100000000e32b740100000000000000000000000000...
[  10.259]       <<< RX chan1 21B: 80000011830d00000000000000f8fa23e83c590000
[  10.259]       <<< RX chan1 11B: 800000078323ec3c590000
[  10.309]       <<< RX chan1 27B: 80000017830104afaf4d440d00000000000000faf923f03c590000
[  10.309]       <<< RX chan1 37B: 80000021830101087654000d00000000000001fbf30d00000000000000faf823...
[  10.309]       <<< RX chan1 11B: 800000078323f83c590000
[  10.309]       <<< RX chan1 37B: 800000218301042576c4690d00000000000001faf30d000000000000fff8fc23...
[  10.329]   DUMMY <<< RX app=6 chan=1 81B: 8000004d0858fbbded5ddc184000000001505050505050505050505050505050...
[  10.329]       <<< RX chan1 50B: 8000002e8323fc3c59000101c6e3530001010de453000101c4e3530001010be4...
[  10.346]       <<< RX chan1 23B: 800000138301013fe4530001013be4530023043d590000
[  10.396]       <<< RX chan1 11B: 800000078323083d590000
[  10.396]       <<< RX chan1 11B: 8000000783230c3d590000
[  10.396]       <<< RX chan1 11B: 800000078323103d590000
[  10.447]       <<< RX chan1 21B: 80000011830d00000000000000f8fa23143d590000
[  10.447]       <<< RX chan1 21B: 80000011830d00000000000000f9f823183d590000
[  10.447]       <<< RX chan1 23B: 80000013830101d0e353000101cde35300231c3d590000
[  10.497]       <<< RX chan1 29B: 800000198307044e73f5545b140007044e73f55456140123203d590000
[  10.497]       <<< RX chan1 21B: 80000011830d00000000000001f9f323243d590000
[  10.497]       <<< RX chan1 11B: 800000078323283d590000
[  10.547]       <<< RX chan1 21B: 80000011830d00000000000001f9f2232c3d590000
[  10.547]       <<< RX chan1 21B: 80000011831b0100000004d9f6eb3923303d590000
[  10.547]       <<< RX chan1 23B: 80000013830104a0472c4001017b76540023343d590000
[  10.598]       <<< RX chan1 11B: 800000078323383d590000
[  10.598]       <<< RX chan1 21B: 80000011830d00000000000000f8f8233c3d590000
[  10.598]       <<< RX chan1 11B: 800000078323403d590000
[  10.648]       <<< RX chan1 11B: 800000078323443d590000
[  10.648]       <<< RX chan1 364B: 80000168830d00000000000001f8f20d000000000000fefefc0d050000003f01...
[  10.648]       <<< RX chan1 11B: 8000000783234c3d590000
[  10.699]       <<< RX chan1 11B: 800000078323503d590000
[  10.699]       <<< RX chan1 53B: 800000318302048e1e40035b01000151235400ff050763726561746f72ff01f1...
[  10.699]       <<< RX chan1 23B: 8000001383010129e45300010125e4530023583d590000
[quic] DATAGRAM 32B: 031100830510d92d740100000000d92d74010000000000000000010000000000
[  10.750]       <<< RX chan1 38B: 80000022830510d92d740100000000d92d740100000000000000000000000000...
[  10.750]       <<< RX chan1 1154B: 800005508301017f5d54001b20000000011b5f540001205f540001215f540001...
[  10.750]       <<< RX chan1 210B: 54002502ff06012172627861737365743a2f2f54657874757265732f53757065...
[  10.750]       <<< RX chan1 1154B: 80000543830201df7b54002502ff020000000000000000000000000306011c72...
[  10.750]       <<< RX chan1 197B: 74657874757265732f53776f7264546578747572652e706e67ff01e67b540002...
[  10.750]       <<< RX chan1 949B: 800005198302017d7b5400d101ff00012b687474703a2f2f7777772e726f626c...
[  10.750]       <<< RX chan1 360B: 01367a54000201987a5400b80100cae66941d9efbd404e4d88758ea67670ff03...
[  10.750]       <<< RX chan1 1154B: 8000052b830201b77b54001100ff00011c726278617373657469643a2f2f3132...
[  10.750]       <<< RX chan1 173B: 00224005f8ff01257c54000201277c54001100ff00011c726278617373657469...
[  10.750]       <<< RX chan1 973B: 80000541830201ce7a5400f701ff0505706f696e740902ff01977a54000201ad...
[  10.750]       <<< RX chan1 376B: 7256656c6f636974791000000000cdcccc4005f6ff01317c54000201c97b5400...
[  10.750]       <<< RX chan1 296B: 80000124830201767c54005a01ff00000000000005d740051f24417474726962...
[  10.750]       <<< RX chan1 23B: 800000138301011be45300010117e4530023643d590000
[  10.800]       <<< RX chan1 21B: 80000011831b01000000048910dd6123683d590000
[  10.800]       <<< RX chan1 11B: 8000000783236c3d590000
[  10.800]       <<< RX chan1 11B: 800000078323703d590000
[  10.850]       <<< RX chan1 23B: 80000013830104b83b1a260101c976540023743d590000
[  10.851]       <<< RX chan1 11B: 800000078323783d590000
[  10.851]       <<< RX chan1 11B: 8000000783237c3d590000
[  10.901]       <<< RX chan1 68B: 80000040830701d87a5400190100000000000000000000200701d87a54001901...
[  10.901]       <<< RX chan1 11B: 800000078323843d590000
[  10.901]       <<< RX chan1 11B: 800000078323883d590000
[  10.951]       <<< RX chan1 360B: 80000164830d000000000000fefefe0d00000000020d050000003f0100004b01...
[  10.951]       <<< RX chan1 21B: 80000011831b010000000436ca895923903d590000
[  10.951]       <<< RX chan1 21B: 80000011830d000000000000fefdfc23943d590000
[  11.002]       <<< RX chan1 11B: 800000078323983d590000
[  11.002]       <<< RX chan1 11B: 8000000783239c3d590000
[  11.002]       <<< RX chan1 11B: 800000078323a03d590000
[  11.052]       <<< RX chan1 36B: 80000020831b0400000001507454000151745400015274540001c374540023a4...
[  11.052]       <<< RX chan1 11B: 800000078323a83d590000
[  11.052]       <<< RX chan1 11B: 800000078323ac3d590000
[  11.102]       <<< RX chan1 21B: 80000011831b01000000018e7c540023b03d590000
[  11.102]       <<< RX chan1 61B: 80000039831b01000000018f7c54001b0100000001907c54001b010000000191...
[  11.102]       <<< RX chan1 51B: 8000002f831b0100000001947c54001b0100000001957c54001b010000000196...
[  11.152]       <<< RX chan1 71B: 80000043831b0100000001997c54001b01000000019a7c54001b01000000019b...
[  11.152]       <<< RX chan1 61B: 80000039831b01000000019f7c54001b0100000001a07c54001b0100000001a1...
[  11.152]       <<< RX chan1 61B: 80000039831b0100000004e013c8461b0100000001a47c54001b0100000001a5...
[  11.203]   DUMMY -> send ping 77B
[  11.203]       <<< RX chan1 51B: 8000002f831b0100000001a97c54001b0100000001aa7c54001b0100000001ab...
[  11.203]       <<< RX chan1 31B: 8000001b831b0100000001ae7c54001b0100000001af7c540023cc3d590000
[  11.203]       <<< RX chan1 41B: 80000025831b0100000001b07c54001b0100000001b17c54000d000000000000...
[quic] DATAGRAM 32B: 031200830510dc2f740100000000dc2f74010000000000000000010000000000
[  11.253]       <<< RX chan1 31B: 8000001b831b0100000001b27c54001b0100000001b37c540023d43d590000
[  11.253]       <<< RX chan1 68B: 80000040831b0100000001b47c54001b0100000001b57c54000d000000000000...
[  11.253]       <<< RX chan1 31B: 8000001b831b0100000001b67c54001b0100000001b77c540023dc3d590000
[  11.304]       <<< RX chan1 41B: 80000025831b0100000001b87c54001b0100000001b97c54001b0100000001ba...
[  11.304]       <<< RX chan1 51B: 8000002f831b0100000001bc7c54001b0100000001bd7c54001b0100000001be...
[  11.304]       <<< RX chan1 51B: 8000002f831b0100000001c07c54001b0100000001c17c54001b0100000001c2...
[  11.326]   DUMMY <<< RX app=6 chan=1 81B: 8000004d0858fbbded5ddc184000000001505050505050505050505050505050...
[  11.327]       <<< RX chan1 61B: 80000039831b01000000040038030c1b0100000001c47c54001b0100000001c5...
[  11.327]       <<< RX chan1 16B: 8000000c8323ec3d590023f03d590000
[  11.343]       <<< RX chan1 21B: 80000011831b0100000001c87c540023f43d590000
[  11.393]       <<< RX chan1 121B: 80000075831b0100000001cb7c54001b0100000001cc7c54001b0100000001cd...
[  11.394]       <<< RX chan1 381B: 80000179831b0100000001d67c54001b0100000001d77c54001b0100000001d8...
[  11.394]       <<< RX chan1 321B: 8000013d831b0100000001fb7c54001b0100000001fc7c54001b0100000001fd...
[  11.444]       <<< RX chan1 181B: 800000b1831b0100000001197d54001b01000000011a7d54001b01000000011b...
[  11.444]       <<< RX chan1 111B: 8000006b831b01000000012a7d54001b01000000012b7d54001b01000000012c...
[  11.444]       <<< RX chan1 51B: 8000002f831b0100000001357d54001b0100000001367d54001b010000000137...
[  11.494]       <<< RX chan1 21B: 80000011831b0100000001397d540023103e590000
[  11.494]       <<< RX chan1 21B: 80000011831b01000000013a7d540023143e590000
[  11.494]       <<< RX chan1 51B: 8000002f831b010000000479b0e5131b01000000013b7d54001b01000000013c...
[  11.545]       <<< RX chan1 31B: 8000001b831b01000000013d7d54001b01000000013e7d5400231c3e590000
[  11.545]       <<< RX chan1 31B: 8000001b831b01000000013f7d54001b0100000001407d540023203e590000
[  11.545]       <<< RX chan1 31B: 8000001b831b0100000001417d54001b0100000001427d540023243e590000
[  11.595]       <<< RX chan1 31B: 8000001b831b0100000001437d54001b0100000001447d540023283e590000
[  11.595]       <<< RX chan1 31B: 8000001b831b0100000001457d54001b0100000001467d5400232c3e590000
[  11.595]       <<< RX chan1 41B: 80000025831b0100000001477d54001b0100000001487d54000d000000000000...
[  11.645]       <<< RX chan1 31B: 8000001b831b0100000001497d54001b01000000014a7d540023343e590000
[  11.645]       <<< RX chan1 31B: 8000001b831b01000000014b7d54001b01000000014c7d540023383e590000
[  11.645]       <<< RX chan1 264B: 800001048307015f41000069122439326137633933392d373930372d34353337...
[  11.696]       <<< RX chan1 41B: 80000025831b0100000004d725e37c1b01000000014f7d54001b010000000150...
[  11.696]       <<< RX chan1 41B: 80000025831b01000000048e1e40031b0100000001517d54001b010000000152...
[  11.696]       <<< RX chan1 31B: 8000001b831b0100000001547d54001b0100000001557d540023483e590000
[quic] DATAGRAM 32B: 031300830510d131740100000000d13174010000000000000000010000000000
[  11.746]       <<< RX chan1 41B: 80000025831b0100000001567d54001b0100000001577d54000d000000000000...
[  11.746]       <<< RX chan1 58B: 80000036831b01000000015a7d54001b01000000015b7d54000510d131740100...
[  11.746]       <<< RX chan1 51B: 8000002f831b01000000015c7d54001b01000000015d7d54001b01000000015e...
[  11.796]       <<< RX chan1 41B: 80000025831b0100000001607d54001b0100000001617d54000d000000000000...
[  11.796]       <<< RX chan1 11B: 8000000783235c3e590000
[  11.796]       <<< RX chan1 31B: 8000001b831b0100000001627d54001b0100000001637d540023603e590000
[  11.847]       <<< RX chan1 51B: 8000002f831b0100000001647d54001b0100000001657d54001b010000000166...
[  11.847]       <<< RX chan1 21B: 80000011831b0100000004c9560f5623683e590000
[  11.847]       <<< RX chan1 31B: 8000001b831b0100000001687d54001b0100000001697d5400236c3e590000
[  11.897]       <<< RX chan1 31B: 8000001b831b01000000016a7d54001b01000000016b7d540023703e590000
[  11.897]       <<< RX chan1 31B: 8000001b831b01000000016c7d54001b01000000016d7d540023743e590000
[  11.897]       <<< RX chan1 41B: 80000025831b01000000016e7d54001b01000000016f7d54000d000000000000...
[  11.947]       <<< RX chan1 41B: 80000025831b0100000001707d54001b0100000001717d54000d000000000000...
[  11.947]       <<< RX chan1 31B: 8000001b831b0100000001737d54001b0100000001747d540023803e590000
[  11.947]       <<< RX chan1 31B: 8000001b831b0100000001757d54001b0100000001767d540023843e590000
[  11.998]       <<< RX chan1 1154B: 8000055a83010101f453001b220000000102f553000103f553000104f5530001...
[  11.998]       <<< RX chan1 220B: ff01e67e54000201e87e54002502ff06012172627861737365743a2f2f546578...
[  11.998]       <<< RX chan1 1154B: 80000543830201ea7e54002502ff020000000000000000000000000306011c72...
[  11.998]       <<< RX chan1 197B: 74657874757265732f53776f7264546578747572652e706e67ff01f17e540002...
[  11.998]       <<< RX chan1 949B: 80000526830201ad7e54000000ff000201000000000000803e0000803e020208...
[  11.998]       <<< RX chan1 373B: 385e426f6f67696520446f776e5c06cab6adfaa69a2d08dded893f09dded893f...
[  11.998]       <<< RX chan1 1154B: 80000522830201957f5400f601ff0a82020058c21ce58740fcff5fc20b00ff01...
[  11.998]       <<< RX chan1 164B: 3f69643d35303737373637323005840902ff016e7e54000201647e54005a01ff...
[  11.998]       <<< RX chan1 982B: 800005438302014b7e54001100ff000129687474703a2f2f7777772e726f626c...
[  11.998]       <<< RX chan1 369B: 000129687474703a2f2f7777772e726f626c6f782e636f6d2f61737365742f3f...
[  11.998]       <<< RX chan1 866B: 8000035e830201cb7e5400f701ff05046d6f6f640902ff013d7e54000201c97e...
[  11.998]       <<< RX chan1 31B: 8000001b831b0100000001797d54001b01000000017a7d5400238c3e590000
[  11.998]       <<< RX chan1 31B: 8000001b831b01000000017b7d54001b01000000017c7d540023903e590000
[  12.049]       <<< RX chan1 31B: 8000001b831b01000000017d7d54001b01000000017e7d540023943e590000
[  12.049]       <<< RX chan1 31B: 8000001b831b01000000017f7d54001b0100000001807d540023983e590000
[  12.049]       <<< RX chan1 37B: 800000218301046499c52e1b0100000001837d54001b0100000001847d540023...
[  12.099]       <<< RX chan1 41B: 80000025831b0100000001857d54001b0100000001867d54000d000000000000...
[  12.099]       <<< RX chan1 31B: 8000001b831b0100000001877d54001b0100000001887d540023a43e590000
[  12.099]       <<< RX chan1 31B: 8000001b831b0100000001897d54001b01000000018a7d540023a83e590000
[  12.149]       <<< RX chan1 31B: 8000001b831b01000000018b7d54001b01000000018c7d540023ac3e590000
[  12.149]       <<< RX chan1 31B: 8000001b831b01000000018d7d54001b01000000018e7d540023b03e590000
[  12.149]       <<< RX chan1 31B: 8000001b831b01000000018f7d54001b0100000001907d540023b43e590000
[  12.200]   DUMMY -> send ping 77B
[  12.200]   DUMMY -> send sync 24B
[  12.200]       <<< RX chan1 31B: 8000001b831b0100000001917d54001b0100000001927d540023b83e590000
[  12.200]       <<< RX chan1 31B: 8000001b831b0100000001967d54001b0100000001977d540023bc3e590000
[  12.200]       <<< RX chan1 88B: 800000548307017e7e54001901000000000000000000002007017e7e54001901...
[quic] DATAGRAM 32B: 031400830510d533740100000000d53374010000000000000000010000000000
[  12.250]       <<< RX chan1 11B: 800000078323c43e590000
[  12.250]       <<< RX chan1 41B: 80000025831b0100000001cc7f54001b0100000001cd7f54000d000000000000...
[  12.250]       <<< RX chan1 98B: 8000005e831b0100000001d57f54001b0100000001d67f54001b0100000001d7...
[  12.301]       <<< RX chan1 11B: 800000078323d03e590000
[  12.301]       <<< RX chan1 31B: 8000001b831b0100000001db7f54001b0100000001dc7f540023d43e590000
[  12.301]       <<< RX chan1 31B: 8000001b831b0100000001df7f54001b0100000001e07f540023d83e590000
[  12.320]   DUMMY <<< RX app=6 chan=1 81B: 8000004d0858fbbded5ddc184000000001505050505050505050505050505050...
[  12.320]       <<< RX chan1 51B: 8000002f831b0100000001e17f54001b0100000001e27f54001b0100000001e3...
[  12.336]       <<< RX chan1 16B: 8000000c8323dc3e590023e03e590000
[  12.387]       <<< RX chan1 47B: 8000002b830104c15fb42f1b0100000001e57f54001b0100000001e67f54001b...
[  12.387]       <<< RX chan1 21B: 80000011831b0100000001e87f540023e83e590000
[  12.387]       <<< RX chan1 31B: 8000001b831b0100000001e97f54001b0100000001ea7f540023ec3e590000
[  12.437]       <<< RX chan1 31B: 8000001b831b0100000001eb7f54001b0100000001ec7f540023f03e590000
[  12.437]       <<< RX chan1 31B: 8000001b831b0100000001ed7f54001b0100000001ee7f540023f43e590000
[  12.437]       <<< RX chan1 31B: 8000001b831b0100000001ef7f54001b0100000001f07f540023f83e590000
[  12.488]       <<< RX chan1 31B: 8000001b831b0100000001f17f54001b0100000001f27f540023fc3e590000
[  12.488]       <<< RX chan1 31B: 8000001b831b0100000001f37f54001b0100000001f47f540023003f590000
[  12.488]       <<< RX chan1 41B: 80000025831b0100000001f57f54001b0100000001f67f54001b0100000001f7...
[  12.538]       <<< RX chan1 21B: 80000011831b0100000001f87f540023083f590000
[  12.538]       <<< RX chan1 43B: 800000278301040959fd070101df7954001b0100000001f97f54001b01000000...
[  12.538]       <<< RX chan1 31B: 8000001b831b0100000001fb7f54001b0100000001fc7f540023103f590000
[  12.589]       <<< RX chan1 31B: 8000001b831b0100000001fe7f54001b0100000001ff7f540023143f590000
[  12.589]       <<< RX chan1 31B: 8000001b831b0100000001008054001b01000000010180540023183f590000
[  12.589]       <<< RX chan1 31B: 8000001b831b0100000001028054001b010000000103805400231c3f590000
[  12.639]       <<< RX chan1 41B: 80000025831b0100000001048054001b0100000001058054001b010000000106...
[  12.639]       <<< RX chan1 41B: 80000025831b0100000001078054001b0100000001088054001b010000000109...
[  12.639]       <<< RX chan1 11B: 800000078323283f590000
[  12.689]       <<< RX chan1 31B: 8000001b831b01000000010a8054001b01000000010b805400232c3f590000
[  12.689]       <<< RX chan1 41B: 80000025831b01000000010c8054001b01000000010d8054001b01000000010e...
[  12.689]       <<< RX chan1 56B: 80000034831b01000000049679c51f1b04000000019274540001937454000194...
[  12.740]       <<< RX chan1 51B: 8000002f831b0100000001108054001b0100000001118054001b010000000112...
[  12.740]       <<< RX chan1 11B: 8000000783233c3f590000
[  12.740]       <<< RX chan1 41B: 80000025831b0100000001158054001b0100000001168054001b010000000117...
[quic] DATAGRAM 32B: 031500830510c935740100000000c93574010000000000000000010000000000
[  12.790]       <<< RX chan1 83B: 8000004f831b04000000042fead75a04692baa73046c1fb87404440b3c1f1b01...
[  12.790]       <<< RX chan1 31B: 8000001b831b01000000011a8054001b01000000011b80540023483f590000
[  12.790]       <<< RX chan1 31B: 8000001b831b01000000011c8054001b01000000011d805400234c3f590000
[  12.841]       <<< RX chan1 21B: 80000011831b01000000011e80540023503f590000
[  12.841]       <<< RX chan1 41B: 80000025831b01000000011f8054001b0100000001208054001b010000000121...
[  12.841]       <<< RX chan1 21B: 80000011831b01000000012280540023583f590000
[  12.891]       <<< RX chan1 41B: 80000025831b0100000001248054001b0100000001258054001b010000000126...
[  12.891]       <<< RX chan1 43B: 800000278301041760656f0101e97954001b0100000001278054001b01000000...
[  12.891]       <<< RX chan1 61B: 80000039831b0100000001298054001b01000000012a8054001b01000000012b...
[  12.942]       <<< RX chan1 31B: 8000001b831b01000000012e8054001b01000000012f80540023683f590000
[  12.942]       <<< RX chan1 21B: 80000011831b010000000131805400236c3f590000
[  12.942]       <<< RX chan1 41B: 80000025831b01000000042cedcd541b0100000001328054001b010000000133...
[  12.992]       <<< RX chan1 31B: 8000001b831b0100000001348054001b01000000013580540023743f590000
[  12.992]       <<< RX chan1 41B: 80000025831b0100000001368054001b0100000001378054001b010000000138...
[  12.992]       <<< RX chan1 41B: 80000025831b0100000001398054001b01000000013a8054001b01000000013b...
[  12.992]       <<< RX chan1 41B: 80000025831b01000000013c8054001b01000000013d8054001b01000000013e...
[  13.043]       <<< RX chan1 41B: 80000025831b01000000013f8054001b0100000001408054001b010000000141...
[  13.043]       <<< RX chan1 41B: 80000025831b0100000001428054001b0100000001438054001b010000000144...
[  13.093]       <<< RX chan1 41B: 80000025831b0100000001458054001b0100000001468054001b010000000147...
[  13.093]       <<< RX chan1 41B: 80000025831b0100000001488054001b0100000001498054001b01000000014a...
[  13.093]       <<< RX chan1 1154B: 800005268301013ae253001b2c0000000156e45300015be45300015ce4530001...
[  13.093]       <<< RX chan1 168B: 737365743a2f2f74657874757265732f726f636b65746c61756e636865727465...
[  13.093]       <<< RX chan1 1154B: 8000051e830201a78254006301ff000001000a000c000000b7386be63f000080...
[  13.093]       <<< RX chan1 160B: 61737365743a2f2f736f756e64732f73776f7264736c6173682e776176113333...
[  13.093]       <<< RX chan1 986B: 8000051a830201b58254005a01ff000000000000001440051024417474726962...
[  13.093]       <<< RX chan1 324B: 01918254006600ff00e485bf52010302d4d3533f9c9b1b3f8685053fff018e82...
[  13.093]       <<< RX chan1 1154B: 8000052083020119815400b80100cae66941d9efbd404e4d88758ea67670ff07...
[  13.093]       <<< RX chan1 162B: 643d35303737373638373905850902ff014b8154000201428154005a01ff0000...
[  13.093]       <<< RX chan1 984B: 80000537830201298154001100ff000129687474703a2f2f7777772e726f626c...
[  13.093]       <<< RX chan1 355B: 650902ff011a8154000201368154001100ff000129687474703a2f2f7777772e...
[  13.093]       <<< RX chan1 1119B: 8000045b830201798254005a01ff00000000000000f03f05f8ff017582540002...
[  13.144]       <<< RX chan1 41B: 80000025831b01000000014f8054001b0100000001508054001b010000000151...
[  13.144]       <<< RX chan1 41B: 80000025831b0100000001528054001b0100000001538054001b010000000154...
[  13.144]       <<< RX chan1 41B: 80000025831b0100000001558054001b0100000001568054001b010000000157...
[  13.144]       <<< RX chan1 41B: 80000025831b0100000001588054001b0100000001598054001b01000000015a...
[  13.194]   DUMMY -> send ping 77B
[  13.194]       <<< RX chan1 41B: 80000025831b01000000015b8054001b01000000015c8054001b01000000015d...
[  13.194]       <<< RX chan1 31B: 8000001b831b01000000015e8054001b01000000015f80540023ac3f590000
[  13.194]       <<< RX chan1 98B: 8000005e8307015b8154001901000000000000000000002007015b8154001901...
[quic] DATAGRAM 32B: 031600830510bd37740100000000be3774010000000000000000010000000000
[  13.245]       <<< RX chan1 31B: 8000001b831b0100000001638054001b01000000016480540023b43f590000
[  13.245]       <<< RX chan1 41B: 80000025831b0100000001658054001b0100000001668054001b010000000167...
[  13.245]       <<< RX chan1 68B: 80000040831b0100000001698054001b01000000016a8054001b01000000016b...
[  13.295]       <<< RX chan1 41B: 80000025831b01000000016c8054001b01000000016d8054001b01000000016e...
[  13.295]       <<< RX chan1 31B: 8000001b831b01000000016f8054001b01000000017080540023c43f590000
[  13.295]       <<< RX chan1 51B: 8000002f831b01000000045d00d7491b0100000001718054001b010000000172...
[  13.316]   DUMMY <<< RX app=6 chan=1 81B: 8000004d0858fbbded5ddc184000000001505050505050505050505050505050...
[  13.316]       <<< RX chan1 41B: 80000025831b0100000001748054001b0100000001758054001b010000000176...
[  13.332]       <<< RX chan1 16B: 8000000c8323cc3f590023d03f590000
[  13.383]       <<< RX chan1 41B: 80000025831b0100000001658354001b0100000001668354001b010000000167...
[  13.383]       <<< RX chan1 61B: 80000039831b01000000016f8354001b0100000001708354001b010000000171...
[  13.383]       <<< RX chan1 31B: 8000001b831b0100000001748354001b01000000017583540023dc3f590000
[  13.433]       <<< RX chan1 41B: 80000025831b0100000001768354001b0100000001778354001b010000000178...
[  13.433]       <<< RX chan1 41B: 80000025831b01000000017a8354001b01000000017b8354001b01000000017c...
[  13.433]       <<< RX chan1 31B: 8000001b831b01000000017f8354001b01000000018083540023e83f590000
[  13.484]       <<< RX chan1 288B: 8000011c831b0100000001818354001b0100000001828354001b010000000183...
[  13.484]       <<< RX chan1 41B: 80000025831b01000000045da3ae481b0100000001848354001b010000000185...
[  13.484]       <<< RX chan1 41B: 80000025831b0100000001868354001b0100000001878354001b010000000188...
[  13.534]       <<< RX chan1 41B: 80000025831b0100000001898354001b01000000018a8354001b01000000018b...
[  13.534]       <<< RX chan1 41B: 80000025831b01000000018c8354001b01000000018d8354001b01000000018e...
[  13.534]       <<< RX chan1 31B: 8000001b831b01000000018f8354001b010000000190835400230040590000
[  13.585]       <<< RX chan1 41B: 80000025831b0100000001918354001b0100000001928354001b010000000193...
[  13.585]       <<< RX chan1 41B: 80000025831b0100000001948354001b0100000001958354001b010000000196...
[  13.585]       <<< RX chan1 41B: 80000025831b0100000001978354001b0100000001988354001b010000000199...
[  13.635]       <<< RX chan1 31B: 8000001b831b01000000019a8354001b01000000019b835400231040590000
[  13.635]       <<< RX chan1 41B: 80000025831b01000000019c8354001b01000000019d8354001b01000000019e...
[  13.635]       <<< RX chan1 1154B: 80001871831b0100000004d70b042d1b01000000019f8354001b0100000001a0...
[  13.635]       <<< RX chan1 1154B: 8a1370cf30f68ccc736630ef8d0f387e1ac677f904fd3d364167c3f85eebd698...
[  13.635]       <<< RX chan1 1154B: b8c0b88fbeeee98704b7e971c11b90d8522685622236e0aa4e34e63962643558...
[  13.635]       <<< RX chan1 1154B: 3dbbb6391f54f1104deaf464ffc79a1f0e7c9d130b77e0b5a439b01c5306c356...
[  13.635]       <<< RX chan1 1154B: 4b02e66bf72b439c2f899c2831d9fda142001f4377c33dbc060df74493f7b0bb...
[  13.635]       <<< RX chan1 491B: 369565af22e41057c90377cc9cf69fb941e2e197d4acd5837cf9150423a4e67d...
[  13.635]       <<< RX chan1 11B: 8000000783231840590000
[  13.685]       <<< RX chan1 139B: 80000087830204a9ade3515002ff000000c07f0000803f000000000518244174...
[  13.685]       <<< RX chan1 41B: 80000025831b0100000001a58354001b0100000001a68354001b0100000001a7...
[  13.685]       <<< RX chan1 31B: 8000001b831b0100000001a88354001b0100000001a9835400232440590000
[  13.736]       <<< RX chan1 41B: 80000025831b0100000001aa8354001b0100000001ab8354001b0100000001ac...
[  13.736]       <<< RX chan1 41B: 80000025831b0100000001b28354001b0100000001b38354001b0100000001b4...
[  13.736]       <<< RX chan1 41B: 80000025831b0100000001b58354001b0100000001b68354001b0100000001b7...
[quic] DATAGRAM 32B: 031700830510b239740100000000b23974010000000000000000010000000000
[  13.786]       <<< RX chan1 68B: 80000040831b0100000001b88354001b0100000001b98354001b0100000001ba...
[  13.786]       <<< RX chan1 41B: 80000025831b0100000001bb8354001b0100000001bc8354001b0100000001bd...
[  13.786]       <<< RX chan1 41B: 80000025831b0100000001be8354001b0100000001bf8354001b0100000001c0...
[  13.836]       <<< RX chan1 41B: 80000025831b0100000004a91524321b0100000001c18354001b0100000001c2...
[  13.837]       <<< RX chan1 41B: 80000025831b0100000001c38354001b0100000001c48354001b0100000001c5...
[  13.837]       <<< RX chan1 41B: 80000025831b0100000001c68354001b0100000001c78354001b0100000001c8...
[  13.887]       <<< RX chan1 41B: 80000025831b0100000001c98354001b0100000001ca8354001b0100000001cb...
[  13.887]       <<< RX chan1 41B: 80000025831b0100000001cc8354001b0100000001cd8354001b0100000001ce...
[  13.887]       <<< RX chan1 41B: 80000025831b0100000001cf8354001b0100000001d08354001b0100000001d1...
[  13.937]       <<< RX chan1 11B: 8000000783235840590000
[  13.937]       <<< RX chan1 387B: 8000017f831b0100000001dc8354001b0100000001dd8354001b0100000001de...
[  13.937]       <<< RX chan1 41B: 80000025831b0100000001e28354001b0100000001e38354001b0100000001e4...
[  13.988]       <<< RX chan1 41B: 80000025831b0100000001e58354001b0100000001e68354001b0100000001e7...
[  13.988]       <<< RX chan1 41B: 80000025831b0100000001e88354001b0100000001e98354001b0100000001ea...
[  13.988]       <<< RX chan1 41B: 80000025831b0100000001eb8354001b0100000001ec8354001b0100000001ed...
[  14.038]       <<< RX chan1 31B: 8000001b831b0100000001ee8354001b0100000001ef835400237040590000
[  14.038]       <<< RX chan1 41B: 80000025831b0100000001f28354001b0100000001f38354001b0100000001f4...
[  14.038]       <<< RX chan1 21B: 80000011831b0100000001f5835400237840590000
[  14.089]       <<< RX chan1 41B: 80000025831b0100000001f68354001b0100000001f78354001b0100000001f8...
[  14.089]       <<< RX chan1 31B: 8000001b831b0100000001f98354001b0100000001fa835400238040590000
[  14.089]       <<< RX chan1 21B: 80000011831b0100000001fb835400238440590000
[  14.139]       <<< RX chan1 31B: 8000001b831b0100000001fc8354001b0100000001fd835400238840590000
[  14.139]       <<< RX chan1 31B: 8000001b831b0100000001fe8354001b0100000001ff835400238c40590000
[  14.139]       <<< RX chan1 41B: 80000025831b0100000001008454001b0100000001018454001b010000000102...
[  14.189]   DUMMY -> send ping 77B
[  14.190]       <<< RX chan1 46B: 8000002a831b0200000004d6f2cb5904a30e792d1b0100000001038454001b01...
[  14.190]       <<< RX chan1 49B: 8000002d830704873e3e665b14000704873e3e665614011b0100000001058454...
[  14.190]       <<< RX chan1 21B: 80000011831b01000000010a845400239c40590000
[  14.240]       <<< RX chan1 41B: 80000025831b01000000010b8454001b01000000010c8454001b01000000010d...
[  14.240]       <<< RX chan1 21B: 80000011831b01000000010e84540023a440590000
[  14.241]       <<< RX chan1 41B: 80000025831b01000000010f8454001b0100000001108454001b010000000111...
[quic] DATAGRAM 32B: 031800830510b63b740100000000b63b74010000000000000000010000000000
[  14.291]       <<< RX chan1 31B: 8000001b831b0100000001128454001b01000000011384540023ac40590000
[  14.291]       <<< RX chan1 58B: 80000036831b0100000001148454001b0100000001158454000510b63b740100...
[  14.291]       <<< RX chan1 31B: 8000001b831b0100000001168454001b01000000011784540023b440590000
[  14.312]   DUMMY <<< RX app=6 chan=1 81B: 8000004d0858fbbded5ddc184000000001505050505050505050505050505050...
[  14.312]       <<< RX chan1 21B: 80000011831b01000000011884540023b840590000
[  14.312]       <<< RX chan1 31B: 8000001b831b01000000011b8454001b01000000011c84540023bc40590000
[  14.327]       <<< RX chan1 46B: 8000002a8323bc4059001b01000000011d8454001b01000000011e8454001b01...
[  14.378]       <<< RX chan1 41B: 80000025831b0100000001208454001b0100000001218454001b010000000122...
[  14.378]       <<< RX chan1 41B: 80000025831b0100000001238454001b0100000001248454000d000000000000...
[  14.378]       <<< RX chan1 31B: 8000001b831b0100000001258454001b01000000012684540023cc40590000
[  14.428]       <<< RX chan1 31B: 8000001b831b0100000001278454001b01000000012884540023d040590000
[  14.428]       <<< RX chan1 31B: 8000001b831b01000000012e8454001b01000000012f84540023d440590000
[  14.428]       <<< RX chan1 241B: 800000ed831b0100000001308454001b0100000001318454001b010000000132...
[  14.479]       <<< RX chan1 391B: 80000183831b0100000001478454001b0100000001488454001b010000000149...
[  14.479]       <<< RX chan1 241B: 800000ed831b01000000016e8454001b01000000016f8454001b010000000170...
[  14.529]       <<< RX chan1 311B: 80000133831b0100000001868454001b0100000001878454001b010000000188...
[  14.529]       <<< RX chan1 141B: 80000089831b0100000001a78454001b0100000001a88454001b0100000001a9...
[  14.529]       <<< RX chan1 11B: 800000078323ec40590000
[  14.529]       <<< RX chan1 11B: 800000078323f040590000
[  14.580]       <<< RX chan1 1154B: 80001451830d000000000000fd01ff0d00000000030db900000031140000862d...
[  14.580]       <<< RX chan1 1154B: 0ac8a40ee426925309170b7fd9dfe14186f677188edbaad4b82bd9a6841e29df...
[  14.580]       <<< RX chan1 1154B: a065581ac5bd646ac86292b7fb60c76705e3df7c87e3688f6212d551b654e8b6...
[  14.580]       <<< RX chan1 1154B: e70d959cd6a5284a5c4b22d3bda8026d728482d56014b79b60ca31d9238bb388...
[  14.580]       <<< RX chan1 589B: 9dde7d772161c10c6a233a551e04cad4224fffe921d4964f47e606b72a4d939e...
[  14.580]       <<< RX chan1 11B: 800000078323f440590000
[  14.580]       <<< RX chan1 11B: 800000078323f840590000
[  14.580]       <<< RX chan1 11B: 800000078323fc40590000
[  14.630]       <<< RX chan1 11B: 8000000783230041590000
[  14.630]       <<< RX chan1 11B: 8000000783230441590000
[  14.630]       <<< RX chan1 11B: 8000000783230841590000
[  14.681]       <<< RX chan1 11B: 8000000783230c41590000
[  14.681]       <<< RX chan1 11B: 8000000783231041590000
[  14.681]       <<< RX chan1 11B: 8000000783231441590000
[  14.731]       <<< RX chan1 21B: 80000011831b01000000049eddd937231841590000
[  14.731]       <<< RX chan1 11B: 8000000783231c41590000
[  14.731]       <<< RX chan1 11B: 8000000783232041590000
[quic] DATAGRAM 32B: 031900830510ac3d740100000000ac3d74010000000000000000010000000000
[  14.781]       <<< RX chan1 1154B: 80001a51831b0400000004489b3318046f3eca6e04730692750469af95751b3d...
[  14.782]       <<< RX chan1 1154B: 00019a825300019b825300019c825300019d825300019e825300019f82530001...
[  14.782]       <<< RX chan1 1154B: 530001758353000176835300017783530001788353000179835300017a835300...
[  14.782]       <<< RX chan1 1154B: 845300016c845300016d845300016e845300016f8453000170845300017a8553...
[  14.782]       <<< RX chan1 1154B: 588553000159855300015a855300015b855300015c855300015d855300015e85...
[  14.782]       <<< RX chan1 971B: 0166875300015286530001678753000153865300015486530001558653000156...
[  14.782]       <<< RX chan1 111B: 8000006b830201b9845400de00ff06074d65737361676509ea30fef5179fa367...
[  14.782]       <<< RX chan1 38B: 80000022830510ac3d740100000000ac3d740100000000000000000000000000...
[  14.782]       <<< RX chan1 11B: 8000000783232c41590000
[  14.832]       <<< RX chan1 11B: 8000000783233041590000
[  14.832]       <<< RX chan1 11B: 8000000783233441590000
[  14.832]       <<< RX chan1 11B: 8000000783233841590000
[  14.882]       <<< RX chan1 11B: 8000000783233c41590000
[  14.883]       <<< RX chan1 21B: 80000011831b0100000004c541f154234041590000
[  14.883]       <<< RX chan1 11B: 8000000783234441590000
[  14.933]       <<< RX chan1 11B: 8000000783234841590000
[  14.933]       <<< RX chan1 11B: 8000000783234c41590000
[  14.933]       <<< RX chan1 11B: 8000000783235041590000
[  14.984]       <<< RX chan1 21B: 80000011831b0100000001b8845400235441590000
[  14.984]       <<< RX chan1 11B: 8000000783235841590000
[  14.984]       <<< RX chan1 1154B: 800021f2830301ea7e5400a1270101dc7d54000201c08454002902ffff01eb7e...
[  14.984]       <<< RX chan1 1154B: 93b674382a8795539291c7b3ddbded6e7fb94dd86c56eb6df2629bb8d8ecd04d...
[  14.984]       <<< RX chan1 1154B: 87e6e34ddef4fdfaee76b72b6d84a800b3268ed24624fd6f993c7ea7535645bb...
[  14.984]       <<< RX chan1 1154B: 4c40e008733e24737add027820ecce8c0cfd45d077c7a2496ee4a8825497aece...
[  14.984]       <<< RX chan1 1154B: 7028798388c4cd8dd1f19830266dea0f7b76e4349720d34316ce085eb610ae59...
[  14.984]       <<< RX chan1 1154B: b08914242049ea4039614bf7164387809620d6e682d2384320ccc141a583aab5...
[  14.984]       <<< RX chan1 1154B: 5aaec0bc14ccfb02830fa8020229ca116a0c41c664646692149a03920a1084c2...
[  14.984]       <<< RX chan1 616B: 1b774620f1b94335103b2e32b6310dff6576888342db74c6e21cb7ef40c78ea1...
[  14.984]       <<< RX chan1 11B: 8000000783235c41590000
[  15.034]       <<< RX chan1 109B: 800000698302042ca58d5e5002ff000000c07f0000803f000000000518244174...
[  15.034]       <<< RX chan1 11B: 8000000783236441590000
[  15.034]       <<< RX chan1 11B: 8000000783236841590000
[  15.085]       <<< RX chan1 11B: 8000000783236c41590000
[  15.085]       <<< RX chan1 11B: 8000000783237041590000
[  15.085]       <<< RX chan1 11B: 8000000783237441590000
[  15.135]       <<< RX chan1 11B: 8000000783237841590000
[  15.135]       <<< RX chan1 11B: 8000000783237c41590000
[  15.135]       <<< RX chan1 11B: 8000000783238041590000
[  15.185]   DUMMY -> send ping 77B
[  15.185]       <<< RX chan1 11B: 8000000783238441590000
[  15.185]       <<< RX chan1 11B: 8000000783238841590000
[  15.185]       <<< RX chan1 21B: 80000011831b01000000045fe88e10238c41590000
[  15.236]       <<< RX chan1 11B: 8000000783239041590000
[  15.236]       <<< RX chan1 11B: 8000000783239441590000
[  15.236]       <<< RX chan1 11B: 8000000783239841590000
[quic] DATAGRAM 32B: 031a00830510ae3f740100000000ae3f74010000000000000000010000000000
[  15.286]       <<< RX chan1 11B: 8000000783239c41590000
[  15.286]       <<< RX chan1 11B: 800000078323a041590000
[  15.286]       <<< RX chan1 38B: 80000022830510ae3f740100000000ae3f740100000000000000000000000000...
[  15.307]   DUMMY <<< RX app=6 chan=1 81B: 8000004d0858fbbded5ddc184000000001505050505050505050505050505050...
[  15.307]       <<< RX chan1 11B: 800000078323a841590000
[  15.323]       <<< RX chan1 21B: 80000011831b0100000001c884540023ac41590000
[  15.374]       <<< RX chan1 16B: 8000000c8323ac41590023b041590000
[  15.374]       <<< RX chan1 73B: 800000458302042b6ae25c5a01ff000000002040cdd740051224417474726962...
[  15.374]       <<< RX chan1 11B: 800000078323b841590000
[  15.424]       <<< RX chan1 11B: 800000078323bc41590000
[  15.424]       <<< RX chan1 11B: 800000078323c041590000
[  15.424]       <<< RX chan1 11B: 800000078323c441590000
[  15.475]       <<< RX chan1 21B: 80000011831b0100000004499dbf4523c841590000
[  15.475]       <<< RX chan1 11B: 800000078323cc41590000
[  15.475]       <<< RX chan1 11B: 800000078323d041590000
[  15.525]       <<< RX chan1 11B: 800000078323d441590000
[  15.525]       <<< RX chan1 11B: 800000078323d841590000
[  15.525]       <<< RX chan1 11B: 800000078323dc41590000
[  15.525]       <<< RX chan1 11B: 800000078323e041590000
[  15.575]       <<< RX chan1 11B: 800000078323e441590000
[  15.575]       <<< RX chan1 11B: 800000078323e841590000
[  15.575]       <<< RX chan1 277B: 80000111830204fed5433c2b00ff00a0ff07c30040be3f80b56ec2020615526f...
[  15.625]       <<< RX chan1 21B: 80000011831b010000000491bafb7023f041590000
[  15.625]       <<< RX chan1 11B: 800000078323f441590000
[  15.625]       <<< RX chan1 11B: 800000078323f841590000
[  15.676]       <<< RX chan1 21B: 80000011831b0100000001d284540023fc41590000
[  15.676]       <<< RX chan1 11B: 8000000783230042590000
[  15.676]       <<< RX chan1 11B: 8000000783230442590000
[  15.726]       <<< RX chan1 11B: 8000000783230842590000
[  15.726]       <<< RX chan1 11B: 8000000783230c42590000
[  15.726]       <<< RX chan1 11B: 8000000783231042590000
[  15.776]       <<< RX chan1 11B: 8000000783231442590000
[  15.777]       <<< RX chan1 21B: 80000011831b0100000004725d9072231842590000
[  15.777]       <<< RX chan1 11B: 8000000783231c42590000
[quic] DATAGRAM 32B: 031b00830510b241740100000000b24174010000000000000000010000000000
[  15.827]       <<< RX chan1 38B: 80000022830510b241740100000000b241740100000000000000000000000000...
[  15.827]       <<< RX chan1 11B: 8000000783232442590000
[  15.827]       <<< RX chan1 11B: 8000000783232842590000
[  15.877]       <<< RX chan1 11B: 8000000783232c42590000
[  15.877]       <<< RX chan1 11B: 8000000783233042590000
[  15.877]       <<< RX chan1 11B: 8000000783233442590000
[  15.928]       <<< RX chan1 11B: 8000000783233842590000
[  15.928]       <<< RX chan1 11B: 8000000783233c42590000
[  15.928]       <<< RX chan1 11B: 8000000783234042590000
[  15.978]       <<< RX chan1 31B: 8000001b831b0100000001db8454001b01000000042ea0ea68234442590000
[  15.978]       <<< RX chan1 11B: 8000000783234842590000
[  15.978]       <<< RX chan1 11B: 8000000783234c42590000
[  16.029]       <<< RX chan1 11B: 8000000783235042590000
[  16.029]       <<< RX chan1 11B: 8000000783235442590000
[  16.029]       <<< RX chan1 106B: 800000668302047a7d6b1b5a01ff00000000e06bcdd740051324417474726962...
[  16.079]       <<< RX chan1 11B: 8000000783235c42590000
[  16.079]       <<< RX chan1 11B: 8000000783236042590000
[  16.079]       <<< RX chan1 11B: 8000000783236442590000
[  16.129]       <<< RX chan1 11B: 8000000783236842590000
[  16.130]       <<< RX chan1 11B: 8000000783236c42590000
[  16.130]       <<< RX chan1 11B: 8000000783237042590000
[  16.180]   DUMMY -> send ping 77B
[  16.180]       <<< RX chan1 11B: 8000000783237442590000
[  16.180]       <<< RX chan1 11B: 8000000783237842590000
[  16.180]       <<< RX chan1 11B: 8000000783237c42590000
[  16.230]       <<< RX chan1 11B: 8000000783238042590000
[  16.231]       <<< RX chan1 21B: 80000011831b0100000001df845400238442590000
[  16.231]       <<< RX chan1 11B: 8000000783238842590000
[  16.281]       <<< RX chan1 11B: 8000000783238c42590000
[  16.281]       <<< RX chan1 11B: 8000000783239042590000
[  16.281]       <<< RX chan1 11B: 8000000783239442590000
[  16.303]   DUMMY <<< RX app=6 chan=1 81B: 8000004d0858fbbded5ddc184000000001505050505050505050505050505050...
[quic] DATAGRAM 32B: 031c00830510a743740100000000a74374010000000000000000010000000000
[  16.303]       <<< RX chan1 38B: 80000022830510a743740100000000a743740100000000000000000000000000...
[  16.318]       <<< RX chan1 11B: 8000000783239c42590000
[  16.369]       <<< RX chan1 16B: 8000000c83239c42590023a042590000
[  16.369]       <<< RX chan1 11B: 800000078323a442590000
[  16.369]       <<< RX chan1 11B: 800000078323a842590000
[  16.419]       <<< RX chan1 358B: 80000162830d000000000000fefefe0d05000000430100004b01000028b52ffd...
[  16.419]       <<< RX chan1 11B: 800000078323b042590000
[  16.419]       <<< RX chan1 11B: 800000078323b442590000
[  16.470]       <<< RX chan1 11B: 800000078323b842590000
[  16.470]       <<< RX chan1 11B: 800000078323bc42590000
[  16.470]       <<< RX chan1 21B: 80000011831b0100000001ed84540023c042590000
[  16.520]       <<< RX chan1 11B: 800000078323c442590000
[  16.520]       <<< RX chan1 11B: 800000078323c842590000
[  16.520]       <<< RX chan1 11B: 800000078323cc42590000
[  16.571]       <<< RX chan1 11B: 800000078323d042590000
[  16.571]       <<< RX chan1 11B: 800000078323d442590000
[  16.571]       <<< RX chan1 11B: 800000078323d842590000
[  16.621]       <<< RX chan1 11B: 800000078323dc42590000
[  16.621]       <<< RX chan1 11B: 800000078323e042590000
[  16.621]       <<< RX chan1 21B: 80000011831b0100000004aef5896923e442590000
[  16.672]       <<< RX chan1 11B: 800000078323e842590000
[  16.672]       <<< RX chan1 31B: 8000001b831b01000000044e73f5540d000000000000fc01fd23ec42590000
[  16.672]       <<< RX chan1 11B: 800000078323f042590000
[  16.722]       <<< RX chan1 21B: 80000011831b0100000001f184540023f442590000
[  16.722]       <<< RX chan1 11B: 800000078323f842590000
[  16.722]       <<< RX chan1 21B: 80000011830d000000000000fefdfe23fc42590000
[  16.772]       <<< RX chan1 11B: 8000000783230043590000
[  16.772]       <<< RX chan1 21B: 80000011831b0100000001f5845400230443590000
[quic] DATAGRAM 32B: 031d00830510a145740100000000a14574010000000000000000010000000000
[  16.823]       <<< RX chan1 994B: 800003de830201f98454004a01ff0a8e008036433433cb410200d9420c200100...
[  16.823]       <<< RX chan1 38B: 80000022830510a145740100000000a145740100000000000000000000000000...
[  16.823]       <<< RX chan1 11B: 8000000783231443590000
[  16.873]       <<< RX chan1 11B: 8000000783231843590000
[  16.873]       <<< RX chan1 11B: 8000000783231c43590000
[  16.873]       <<< RX chan1 11B: 8000000783232043590000
[  16.923]       <<< RX chan1 50B: 8000002e831b0100000001f78454001b0200000001c284540001c38454000301...
[  16.923]       <<< RX chan1 11B: 8000000783232843590000
[  16.923]       <<< RX chan1 21B: 80000011831b0100000004a273d82f232c43590000
[  16.973]       <<< RX chan1 11B: 8000000783233043590000
[  16.973]       <<< RX chan1 36B: 80000020831b04000000044300e643042e04305e0459a27d7f047c8ef9162334...
[  16.973]       <<< RX chan1 21B: 80000011830d000000000000fefcfe233843590000
[  17.024]       <<< RX chan1 11B: 8000000783233c43590000
[  17.024]       <<< RX chan1 11B: 8000000783234043590000
[  17.024]       <<< RX chan1 11B: 8000000783234443590000
[  17.074]       <<< RX chan1 11B: 8000000783234843590000
[  17.074]       <<< RX chan1 11B: 8000000783234c43590000
[  17.074]       <<< RX chan1 21B: 80000011831b0100000001f8845400235043590000
[  17.125]       <<< RX chan1 11B: 8000000783235443590000
[  17.125]       <<< RX chan1 11B: 8000000783235843590000
[  17.125]       <<< RX chan1 21B: 80000011831b0100000001d78a5400235c43590000
[  17.175]   DUMMY -> send ping 77B
[  17.175]   DUMMY -> send sync 24B
[  17.175]       <<< RX chan1 11B: 8000000783236043590000
[  17.175]       <<< RX chan1 21B: 80000011831b01000000046bc60153236443590000
[  17.175]       <<< RX chan1 11B: 8000000783236843590000
[  17.226]       <<< RX chan1 31B: 8000001b830d000000000000fc01fc0d000000000000fefbfe236c43590000
[  17.226]       <<< RX chan1 11B: 8000000783237043590000
[  17.226]       <<< RX chan1 11B: 8000000783237443590000
[  17.276]       <<< RX chan1 21B: 80000011831b0100000001e38a5400237843590000
[  17.276]       <<< RX chan1 11B: 8000000783237c43590000
[  17.276]       <<< RX chan1 11B: 8000000783238043590000
[  17.276]       <<< RX chan1 11B: 8000000783238443590000
[  17.299]   DUMMY <<< RX app=6 chan=1 81B: 8000004d0858fbbded5ddc184000000001505050505050505050505050505050...
[  17.299]       <<< RX chan1 11B: 8000000783238843590000
[quic] DATAGRAM 32B: 031e00830510a047740100000000a04774010000000000000000010000000000
[  17.315]       <<< RX chan1 38B: 80000022830510a047740100000000a047740100000000000000000000000000...
[  17.365]       <<< RX chan1 16B: 8000000c83238c435900239043590000
[  17.365]       <<< RX chan1 11B: 8000000783239443590000
[  17.365]       <<< RX chan1 11B: 8000000783239843590000
[  17.415]       <<< RX chan1 31B: 8000001b831b0100000001ee8a54000d000000000000fefafe239c43590000
[  17.415]       <<< RX chan1 11B: 800000078323a043590000
[  17.415]       <<< RX chan1 11B: 800000078323a443590000
[  17.466]       <<< RX chan1 21B: 80000011831b01000000044a08e12123a843590000
[  17.466]       <<< RX chan1 91B: 80000057831b0100000001f48a540002010d8b5400cb00ff0000247449010000...
[  17.466]       <<< RX chan1 11B: 800000078323b043590000
[  17.516]       <<< RX chan1 11B: 800000078323b443590000
[  17.516]       <<< RX chan1 11B: 800000078323b843590000
[  17.516]       <<< RX chan1 21B: 80000011831b0100000001fa8a540023bc43590000
[  17.567]       <<< RX chan1 11B: 800000078323c043590000
[  17.567]       <<< RX chan1 21B: 80000011830d000000000000fef9fe23c443590000
[  17.567]       <<< RX chan1 11B: 800000078323c843590000
[  17.617]       <<< RX chan1 21B: 80000011831b0100000004802cfd1223cc43590000
[  17.617]       <<< RX chan1 11B: 800000078323d043590000
[  17.617]       <<< RX chan1 11B: 800000078323d443590000
[  17.668]       <<< RX chan1 21B: 80000011831b0100000001028b540023d843590000
[  17.668]       <<< RX chan1 11B: 800000078323dc43590000
[  17.668]       <<< RX chan1 11B: 800000078323e043590000
[  17.718]       <<< RX chan1 11B: 800000078323e443590000
[  17.718]       <<< RX chan1 11B: 800000078323e843590000
[  17.718]       <<< RX chan1 21B: 80000011830d000000000000fef8fe23ec43590000
[  17.769]       <<< RX chan1 11B: 800000078323f043590000
[  17.769]       <<< RX chan1 41B: 80000025831b01000000010f8b54001b01000000010b8b54001b01000000046f...
[  17.769]       <<< RX chan1 11B: 800000078323f843590000
[quic] DATAGRAM 32B: 031f008305109449740100000000944974010000000000000000010000000000
[  17.819]       <<< RX chan1 11B: 800000078323fc43590000
[  17.819]       <<< RX chan1 11B: 8000000783230044590000
[  17.819]       <<< RX chan1 38B: 8000002283051094497401000000009449740100000000000000000000000000...
[  17.869]       <<< RX chan1 17B: 8000000d8301040a773d53230844590000
[  17.869]       <<< RX chan1 36B: 80000020831b0200000004010061520470d5de2e0d000000000000fc02fc230c...
[  17.869]       <<< RX chan1 11B: 8000000783231044590000
[  17.920]       <<< RX chan1 11B: 8000000783231444590000
[  17.920]       <<< RX chan1 11B: 8000000783231844590000
[  17.920]       <<< RX chan1 11B: 8000000783231c44590000
[  17.970]       <<< RX chan1 11B: 8000000783232044590000
[  17.970]       <<< RX chan1 26B: 80000016831b020000000453f9184904a14e3974232444590000
[  17.970]       <<< RX chan1 11B: 8000000783232844590000
[  18.020]       <<< RX chan1 21B: 80000011831b01000000042f8cee35232c44590000
[  18.021]       <<< RX chan1 11B: 8000000783233044590000
[  18.021]       <<< RX chan1 21B: 80000011831b0100000001208b5400233444590000
[  18.071]       <<< RX chan1 11B: 8000000783233844590000
[  18.071]       <<< RX chan1 26B: 80000016831b0200000004559ddc33044e72533a233c44590000
[  18.071]       <<< RX chan1 11B: 8000000783234044590000
[  18.121]       <<< RX chan1 11B: 8000000783234444590000
[  18.121]       <<< RX chan1 11B: 8000000783234844590000
[  18.121]       <<< RX chan1 11B: 8000000783234c44590000
[  18.171]       <<< RX chan1 11B: 8000000783235044590000
[  18.172]       <<< RX chan1 11B: 8000000783235444590000
[  18.172]       <<< RX chan1 11B: 8000000783235844590000
[  18.222]   DUMMY -> send ping 77B
[  18.222]       <<< RX chan1 11B: 8000000783235c44590000
[  18.222]       <<< RX chan1 11B: 8000000783236044590000
[  18.222]       <<< RX chan1 11B: 8000000783236444590000
[  18.272]       <<< RX chan1 11B: 8000000783236844590000
[  18.272]       <<< RX chan1 11B: 8000000783236c44590000
[  18.273]       <<< RX chan1 21B: 80000011831b0100000001308b5400237044590000
[  18.323]       <<< RX chan1 11B: 8000000783237444590000
[  18.323]       <<< RX chan1 11B: 8000000783237844590000
[  18.323]       <<< RX chan1 11B: 8000000783237c44590000
[  18.344]   DUMMY <<< RX app=6 chan=1 81B: 8000004d0858fbbded5ddc184000000001505050505050505050505050505050...
[quic] DATAGRAM 32B: 032000830510974b740100000000974b74010000000000000000010000000000
[  18.345]       <<< RX chan1 43B: 8000002783237c4459000510974b740100000000974b74010000000000000000...
[  18.345]       <<< RX chan1 23B: 800000138301044e5c3f030101d8845400238444590000
[  18.360]       <<< RX chan1 11B: 8000000783238844590000
[  18.410]       <<< RX chan1 11B: 8000000783238c44590000
[  18.410]       <<< RX chan1 11B: 8000000783239044590000
[  18.410]       <<< RX chan1 11B: 8000000783239444590000
[  18.461]       <<< RX chan1 11B: 8000000783239844590000
[  18.461]       <<< RX chan1 11B: 8000000783239c44590000
[  18.461]       <<< RX chan1 11B: 800000078323a044590000
[  18.511]       <<< RX chan1 21B: 80000011831b01000000013f8b540023a444590000
[  18.511]       <<< RX chan1 11B: 800000078323a844590000
[  18.511]       <<< RX chan1 11B: 800000078323ac44590000
[  18.562]       <<< RX chan1 11B: 800000078323b044590000
[  18.562]       <<< RX chan1 11B: 800000078323b444590000
[  18.562]       <<< RX chan1 11B: 800000078323b844590000
[  18.612]       <<< RX chan1 11B: 800000078323bc44590000
[  18.612]       <<< RX chan1 11B: 800000078323c044590000
[  18.612]       <<< RX chan1 11B: 800000078323c444590000
[  18.662]       <<< RX chan1 11B: 800000078323c844590000
[  18.663]       <<< RX chan1 11B: 800000078323cc44590000
[  18.663]       <<< RX chan1 11B: 800000078323d044590000
[  18.713]       <<< RX chan1 21B: 80000011831b0100000001528b540023d444590000
[  18.713]       <<< RX chan1 11B: 800000078323d844590000
[  18.713]       <<< RX chan1 11B: 800000078323dc44590000
[  18.763]       <<< RX chan1 11B: 800000078323e044590000
[  18.763]       <<< RX chan1 11B: 800000078323e444590000
[  18.763]       <<< RX chan1 11B: 800000078323e844590000
[  18.814]       <<< RX chan1 11B: 800000078323ec44590000
[  18.814]       <<< RX chan1 11B: 800000078323f044590000
[  18.814]       <<< RX chan1 11B: 800000078323f444590000
[quic] DATAGRAM 32B: 0321008305109c4d7401000000009c4d74010000000000000000010000000000
[  18.864]       <<< RX chan1 11B: 800000078323f844590000
[  18.864]       <<< RX chan1 38B: 800000228305109c4d7401000000009c4d740100000000000000000000000000...
[  18.864]       <<< RX chan1 21B: 80000011831b01000000015e8b5400230045590000
[  18.915]       <<< RX chan1 11B: 8000000783230445590000
[  18.915]       <<< RX chan1 11B: 8000000783230845590000
[  18.915]       <<< RX chan1 11B: 8000000783230c45590000
[  18.965]       <<< RX chan1 11B: 8000000783231045590000
[  18.965]       <<< RX chan1 36B: 80000020831b040000000488b05460048f83e631044fb8756c04633522112314...
[  18.965]       <<< RX chan1 11B: 8000000783231845590000
[  19.015]       <<< RX chan1 11B: 8000000783231c45590000
[  19.015]       <<< RX chan1 21B: 80000011831b01000000046afc8c0c232045590000
[  19.015]       <<< RX chan1 11B: 8000000783232445590000
[  19.066]       <<< RX chan1 21B: 80000011831b01000000016a8b5400232845590000
[  19.066]       <<< RX chan1 11B: 8000000783232c45590000
[  19.066]       <<< RX chan1 11B: 8000000783233045590000
[  19.116]       <<< RX chan1 11B: 8000000783233445590000
[  19.116]       <<< RX chan1 11B: 8000000783233845590000
[  19.116]       <<< RX chan1 11B: 8000000783233c45590000
[  19.167]       <<< RX chan1 11B: 8000000783234045590000
[  19.167]       <<< RX chan1 11B: 8000000783234445590000
[  19.167]       <<< RX chan1 11B: 8000000783234845590000
[  19.217]   DUMMY -> send ping 77B
[  19.217]       <<< RX chan1 21B: 80000011831b0100000001758b5400234c45590000
[  19.218]       <<< RX chan1 11B: 8000000783235045590000
[  19.218]       <<< RX chan1 11B: 8000000783235445590000
[  19.268]       <<< RX chan1 11B: 8000000783235845590000
[  19.268]       <<< RX chan1 91B: 80000057831b0100000004422e9f0a0201938b5400cb00ff0000247449010000...
[  19.268]       <<< RX chan1 11B: 8000000783236045590000
[  19.318]       <<< RX chan1 11B: 8000000783236445590000
[  19.319]       <<< RX chan1 11B: 8000000783236845590000
[  19.319]       <<< RX chan1 21B: 80000011831b0100000001818b5400236c45590000
[  19.341]   DUMMY <<< RX app=6 chan=1 81B: 8000004d0858fbbded5ddc184000000001505050505050505050505050505050...
[quic] DATAGRAM 32B: 032200830510914f740100000000924f74010000000000000000010000000000
[  19.341]       <<< RX chan1 16B: 8000000c83236c455900237045590000
[  19.341]       <<< RX chan1 38B: 80000022830510914f740100000000924f740100000000000000000000000000...
[  19.360]       <<< RX chan1 29B: 80000019830704e9e2320b5b14000704e9e2320b561401237845590000
[  19.410]       <<< RX chan1 11B: 8000000783237c45590000
[  19.410]       <<< RX chan1 11B: 8000000783238045590000
[  19.410]       <<< RX chan1 11B: 8000000783238445590000
[  19.460]       <<< RX chan1 21B: 80000011831b0100000001898b5400238845590000
[  19.460]       <<< RX chan1 11B: 8000000783238c45590000
[  19.460]       <<< RX chan1 11B: 8000000783239045590000
[  19.511]       <<< RX chan1 11B: 8000000783239445590000
[  19.511]       <<< RX chan1 11B: 8000000783239845590000
[  19.511]       <<< RX chan1 11B: 8000000783239c45590000
[  19.561]       <<< RX chan1 11B: 800000078323a045590000
[  19.561]       <<< RX chan1 21B: 80000011831b0100000001918b540023a445590000
[  19.561]       <<< RX chan1 11B: 800000078323a845590000
[  19.611]       <<< RX chan1 11B: 800000078323ac45590000
[  19.611]       <<< RX chan1 11B: 800000078323b045590000
[  19.612]       <<< RX chan1 11B: 800000078323b445590000
[  19.662]       <<< RX chan1 11B: 800000078323b845590000
[  19.662]       <<< RX chan1 11B: 800000078323bc45590000
[  19.662]       <<< RX chan1 11B: 800000078323c045590000
[  19.712]       <<< RX chan1 11B: 800000078323c445590000
[  19.712]       <<< RX chan1 11B: 800000078323c845590000
[  19.712]       <<< RX chan1 11B: 800000078323cc45590000
[  19.762]       <<< RX chan1 11B: 800000078323d045590000
[  19.762]       <<< RX chan1 26B: 80000016831b02000000043efdac4e04f9bec97a23d445590000
[  19.762]       <<< RX chan1 11B: 800000078323d845590000
[  19.813]       <<< RX chan1 11B: 800000078323dc45590000
[  19.813]       <<< RX chan1 11B: 800000078323e045590000
[  19.813]       <<< RX chan1 11B: 800000078323e445590000
[quic] DATAGRAM 32B: 0323008305109551740100000000955174010000000000000000010000000000
[  19.863]       <<< RX chan1 11B: 800000078323e845590000
[  19.863]       <<< RX chan1 11B: 800000078323ec45590000
[  19.863]       <<< RX chan1 38B: 8000002283051095517401000000009551740100000000000000000000000000...
[  19.913]       <<< RX chan1 21B: 80000011830d000000000000fb02fc23f445590000
[  19.913]       <<< RX chan1 52B: 80000030830201c88b54006900ff00000000008096184b000000000200000000...
[  19.914]       <<< RX chan1 11B: 800000078323fc45590000
[  19.964]       <<< RX chan1 11B: 8000000783230046590000
[  19.964]       <<< RX chan1 11B: 8000000783230446590000
[  19.964]       <<< RX chan1 11B: 8000000783230846590000
[  20.014]       <<< RX chan1 11B: 8000000783230c46590000
[  20.015]       <<< RX chan1 11B: 8000000783231046590000
[  20.015]       <<< RX chan1 11B: 8000000783231446590000
[  20.065]       <<< RX chan1 11B: 8000000783231846590000
[  20.065]       <<< RX chan1 11B: 8000000783231c46590000
[  20.065]       <<< RX chan1 11B: 8000000783232046590000
[  20.115]       <<< RX chan1 11B: 8000000783232446590000
[  20.115]       <<< RX chan1 11B: 8000000783232846590000
[  20.115]       <<< RX chan1 11B: 8000000783232c46590000
[  20.166]       <<< RX chan1 11B: 8000000783233046590000
[  20.166]       <<< RX chan1 36B: 80000020831b020000000455dd177204c1b411601b0100000001c88b54002334...
[  20.166]       <<< RX chan1 11B: 8000000783233846590000
[  20.216]   DUMMY -> send ping 77B
[  20.216]       <<< RX chan1 43B: 80000027830d000000000000fd01ff0d00000000030d000000000000fb02fb0d...
[  20.216]       <<< RX chan1 11B: 8000000783234046590000
[  20.216]       <<< RX chan1 11B: 8000000783234446590000
[  20.267]       <<< RX chan1 11B: 8000000783234846590000
[  20.267]       <<< RX chan1 11B: 8000000783234c46590000
[  20.267]       <<< RX chan1 21B: 80000011831b010000000452e4c65b235046590000
[  20.317]       <<< RX chan1 11B: 8000000783235446590000
[  20.317]       <<< RX chan1 11B: 8000000783235846590000
[  20.317]       <<< RX chan1 27B: 80000017830d000000000000fd01fe0d0000000003235c46590000
[  20.346]   DUMMY <<< RX app=6 chan=1 81B: 8000004d0858fbbded5ddc184000000001505050505050505050505050505050...
[  20.346]       <<< RX chan1 16B: 8000000c83235c465900236046590000
[  20.346]       <<< RX chan1 11B: 8000000783236446590000
[  20.361]       <<< RX chan1 11B: 8000000783236846590000
[quic] DATAGRAM 32B: 0324008305109a537401000000009a5374010000000000000000010000000000
[  20.412]       <<< RX chan1 44B: 800000288301010d8b540005109a537401000000009a53740100000000000000...
[  20.412]       <<< RX chan1 11B: 8000000783237046590000
[  20.412]       <<< RX chan1 11B: 8000000783237446590000
[  20.462]       <<< RX chan1 11B: 8000000783237846590000
[  20.462]       <<< RX chan1 11B: 8000000783237c46590000
[  20.462]       <<< RX chan1 11B: 8000000783238046590000
[  20.513]       <<< RX chan1 11B: 8000000783238446590000
[  20.513]       <<< RX chan1 21B: 80000011831b01000000046952b56a238846590000
[  20.513]       <<< RX chan1 277B: 800001118302046d0e52562b00ff000014f4c20060d43f80bdb4c2020615526f...
[  20.563]       <<< RX chan1 11B: 8000000783239046590000
[  20.563]       <<< RX chan1 36B: 80000020831b0400000004d15b70550443f0143e047b80615a01f07954002394...
[  20.614]       <<< RX chan1 11B: 8000000783239846590000
[  20.614]       <<< RX chan1 11B: 8000000783239c46590000
[  20.614]       <<< RX chan1 43B: 80000027830d000000000000fd02fe0d00000000030d000000000000fd02ff0d...
[  20.614]       <<< RX chan1 11B: 800000078323a446590000
[  20.664]       <<< RX chan1 11B: 800000078323a846590000
[  20.664]       <<< RX chan1 11B: 800000078323ac46590000
[  20.664]       <<< RX chan1 11B: 800000078323b046590000
[  20.715]       <<< RX chan1 11B: 800000078323b446590000
[  20.715]       <<< RX chan1 11B: 800000078323b846590000
[  20.715]       <<< RX chan1 11B: 800000078323bc46590000
[  20.765]       <<< RX chan1 52B: 800000308302010c8c54006900ff00000000008096184b000000000200000000...
[  20.765]       <<< RX chan1 121B: 80000075831b0100000001487c54001b1300000001497c5400014a7c5400014b...
[  20.765]       <<< RX chan1 11B: 800000078323c846590000
[  20.815]       <<< RX chan1 11B: 800000078323cc46590000
[  20.815]       <<< RX chan1 11B: 800000078323d046590000
[  20.815]       <<< RX chan1 11B: 800000078323d446590000
[  20.866]       <<< RX chan1 11B: 800000078323d846590000
[  20.866]       <<< RX chan1 11B: 800000078323dc46590000
[  20.866]       <<< RX chan1 11B: 800000078323e046590000
[quic] DATAGRAM 32B: 0325008305109f557401000000009f5574010000000000000000010000000000
[  20.916]       <<< RX chan1 21B: 80000011831b010000000446de420523e446590000
[  20.916]       <<< RX chan1 38B: 800000228305109f557401000000009f55740100000000000000000000000000...
[  20.916]       <<< RX chan1 11B: 800000078323ec46590000
[  20.967]       <<< RX chan1 11B: 800000078323f046590000
[  20.967]       <<< RX chan1 36B: 80000020831b040000000419c5010d0444c3017c04a5c9da7b04d3432d6d23f4...
[  20.967]       <<< RX chan1 11B: 800000078323f846590000
[  21.017]       <<< RX chan1 21B: 80000011831b01000000010c8c540023fc46590000
[  21.017]       <<< RX chan1 21B: 80000011830d000000000000fd01ff230047590000
[  21.017]       <<< RX chan1 11B: 8000000783230447590000
[  21.067]       <<< RX chan1 11B: 8000000783230847590000
[  21.067]       <<< RX chan1 11B: 8000000783230c47590000
[  21.067]       <<< RX chan1 11B: 8000000783231047590000
[  21.118]       <<< RX chan1 11B: 8000000783231447590000
[  21.118]       <<< RX chan1 11B: 8000000783231847590000
[  21.118]       <<< RX chan1 11B: 8000000783231c47590000
[  21.168]       <<< RX chan1 11B: 8000000783232047590000
[  21.168]       <<< RX chan1 229B: 800000e1830301ea7e5400a1270101dc7d54000201308c54002902ffff01eb7e...
[  21.168]       <<< RX chan1 11B: 8000000783232847590000
[  21.218]   DUMMY -> send ping 77B
[  21.218]       <<< RX chan1 21B: 80000011831b01000000043bcce220232c47590000
[  21.218]       <<< RX chan1 11B: 8000000783233047590000
[  21.218]       <<< RX chan1 11B: 8000000783233447590000
[  21.269]       <<< RX chan1 11B: 8000000783233847590000
[  21.269]       <<< RX chan1 11B: 8000000783233c47590000
[  21.269]       <<< RX chan1 11B: 8000000783234047590000
[  21.319]       <<< RX chan1 11B: 8000000783234447590000
[  21.319]       <<< RX chan1 354B: 8000015e830d000000000000fdfefe0d050000003f0100004b01000028b52ffd...
[  21.319]       <<< RX chan1 11B: 8000000783234c47590000
[  21.342]   DUMMY <<< RX app=6 chan=1 81B: 8000004d0858fbbded5ddc184000000001505050505050505050505050505050...
[  21.342]       <<< RX chan1 16B: 8000000c83234c475900235047590000
[  21.342]       <<< RX chan1 11B: 8000000783235447590000
[  21.357]       <<< RX chan1 11B: 8000000783235847590000
[  21.408]       <<< RX chan1 21B: 80000011831b0100000004f84ff427235c47590000
[  21.408]       <<< RX chan1 11B: 8000000783236047590000
[quic] DATAGRAM 32B: 032600830510a357740100000000a35774010000000000000000010000000000
[  21.458]       <<< RX chan1 48B: 8000002c831b0100000004f9bbdf110510a357740100000000a3577401000000...
[  21.458]       <<< RX chan1 11B: 8000000783236847590000
[  21.458]       <<< RX chan1 277B: 80000111830204dddb61242b00ff00406cbfc200f6e94080c7c3c2020615526f...
[  21.508]       <<< RX chan1 329B: 8000014583070491e80c115b1400070491e80c115614010d000000000000fe01...
[  21.509]       <<< RX chan1 21B: 800000118303046b724f5d5d150101237447590000
[  21.509]       <<< RX chan1 11B: 8000000783237847590000
[  21.559]       <<< RX chan1 11B: 8000000783237c47590000
[  21.559]       <<< RX chan1 31B: 8000001b831b0100000004e5b3b9120d000000000000fdfefe238047590000
[  21.559]       <<< RX chan1 11B: 8000000783238447590000
[  21.609]       <<< RX chan1 11B: 8000000783238847590000
[  21.609]       <<< RX chan1 11B: 8000000783238c47590000
[  21.609]       <<< RX chan1 11B: 8000000783239047590000
[  21.609]       <<< RX chan1 11B: 8000000783239447590000
[  21.660]       <<< RX chan1 21B: 80000011830d000000000000fdfdfe239847590000
[  21.660]       <<< RX chan1 11B: 8000000783239c47590000
[  21.660]       <<< RX chan1 11B: 800000078323a047590000
[  21.710]       <<< RX chan1 11B: 800000078323a447590000
[  21.710]       <<< RX chan1 27B: 80000017830d000000000000fd01fe0d000000000323a847590000
[  21.710]       <<< RX chan1 11B: 800000078323ac47590000
[  21.761]       <<< RX chan1 11B: 800000078323b047590000
[  21.761]       <<< RX chan1 21B: 80000011831b0100000004a78ab87e23b447590000
[  21.761]       <<< RX chan1 21B: 80000011831b01000000045358814223b847590000
[  21.811]       <<< RX chan1 11B: 800000078323bc47590000
[  21.811]       <<< RX chan1 11B: 800000078323c047590000
[  21.811]       <<< RX chan1 11B: 800000078323c447590000
[  21.861]       <<< RX chan1 268B: 80000108831b0200000001d583540001d68354000301a3825400a12701019b82...
[  21.862]       <<< RX chan1 11B: 800000078323cc47590000
[  21.862]       <<< RX chan1 11B: 800000078323d047590000
[quic] DATAGRAM 32B: 0327008305109859740100000000985974010000000000000000010000000000
[  21.912]       <<< RX chan1 21B: 80000011830d000000000000fdfcfe23d447590000
[  21.912]       <<< RX chan1 29B: 80000019830701b08254005b14000701b082540056140123d847590000
[  21.912]       <<< RX chan1 38B: 8000002283051098597401000000009859740100000000000000000000000000...
[  21.962]       <<< RX chan1 47B: 8000002b830701b08254005b14000701b08254005614010701b08254005b1400...
[  21.962]       <<< RX chan1 29B: 80000019830701b08254005b14000701b082540056140123e447590000
[  21.962]       <<< RX chan1 11B: 800000078323e847590000
[  22.013]       <<< RX chan1 139B: 80000087830701b08254005b14000701b08254005614011b01000000019e7f54...
[  22.013]       <<< RX chan1 101B: 80000061830301b17e5400f80001010380f2ccc5fae43c0301b47e5400f80001...
[  22.013]       <<< RX chan1 11B: 800000078323f447590000
[  22.063]       <<< RX chan1 21B: 80000011831b0100000001498c540023f847590000
[  22.063]       <<< RX chan1 11B: 800000078323fc47590000
[  22.063]       <<< RX chan1 11B: 8000000783230048590000
[  22.114]       <<< RX chan1 11B: 8000000783230448590000
[  22.114]       <<< RX chan1 21B: 80000011830d000000000000fdfbfe230848590000
[  22.114]       <<< RX chan1 11B: 8000000783230c48590000
[  22.164]       <<< RX chan1 29B: 80000019830701b08254005b14000701b0825400561401231048590000
[  22.164]       <<< RX chan1 11B: 8000000783231448590000
[  22.164]       <<< RX chan1 11B: 8000000783231848590000
[  22.214]   DUMMY -> send ping 77B
[  22.214]   DUMMY -> send sync 24B
[  22.215]       <<< RX chan1 17B: 8000000d830101938b5400231c48590000
[  22.215]       <<< RX chan1 17B: 8000000d830d0000000002232048590000
[  22.215]       <<< RX chan1 29B: 80000019830701b08254005b14000701b0825400561401232448590000
[  22.265]       <<< RX chan1 11B: 8000000783232848590000
[  22.265]       <<< RX chan1 11B: 8000000783232c48590000
[  22.265]       <<< RX chan1 11B: 8000000783233048590000
[  22.316]       <<< RX chan1 21B: 80000011831b0100000001528c5400233448590000
[  22.316]       <<< RX chan1 370B: 8000016e830d000000000000fefefe0d000000000000fdfafe0d00000000020d...
[  22.316]       <<< RX chan1 11B: 8000000783233c48590000
[  22.338]   DUMMY <<< RX app=6 chan=1 81B: 8000004d0858fbbded5ddc184000000001505050505050505050505050505050...
[  22.338]       <<< RX chan1 16B: 8000000c83233c485900234048590000
[  22.353]       <<< RX chan1 11B: 8000000783234448590000
[  22.404]       <<< RX chan1 11B: 8000000783234848590000
[  22.404]       <<< RX chan1 11B: 8000000783234c48590000
[  22.404]       <<< RX chan1 62B: 8000003a831b0100000001578c540002015a8c54006900ff0000000000809618...
[quic] DATAGRAM 32B: 0328008305109b5b7401000000009b5b74010000000000000000010000000000
[  22.454]       <<< RX chan1 11B: 8000000783235448590000
[  22.454]       <<< RX chan1 38B: 800000228305109b5b7401000000009b5b740100000000000000000000000000...
[  22.454]       <<< RX chan1 11B: 8000000783235c48590000
[  22.504]       <<< RX chan1 50B: 8000002e831b0200000001328c540001338c54000301ea7e5400a1270001dd7e...
[  22.504]       <<< RX chan1 11B: 8000000783236448590000
[  22.504]       <<< RX chan1 21B: 80000011831b0100000004c393b234236848590000
[  22.555]       <<< RX chan1 11B: 8000000783236c48590000
[  22.555]       <<< RX chan1 11B: 8000000783237048590000
[  22.555]       <<< RX chan1 21B: 80000011830d000000000000fd01ff237448590000
[  22.605]       <<< RX chan1 11B: 8000000783237848590000
[  22.605]       <<< RX chan1 11B: 8000000783237c48590000
[  22.605]       <<< RX chan1 11B: 8000000783238048590000
[  22.656]       <<< RX chan1 11B: 8000000783238448590000
[  22.656]       <<< RX chan1 31B: 8000001b830d000000000000fefdfe0d000000000000fdf8ff238848590000
[  22.656]       <<< RX chan1 278B: 80000112831b0100000001598c54001b01000000015a8c54001b020000000135...
[  22.706]       <<< RX chan1 27B: 80000017830d000000000000fd01fe0d0000000003239048590000
[  22.706]       <<< RX chan1 11B: 8000000783239448590000
[  22.706]       <<< RX chan1 21B: 80000011831b0100000004c13e4506239848590000
[  22.757]       <<< RX chan1 21B: 80000011830d000000000000fdfdfe239c48590000
[  22.757]       <<< RX chan1 21B: 80000011831b01000000015c8c540023a048590000
[  22.757]       <<< RX chan1 17B: 8000000d8301042d99fe3923a448590000
[  22.807]       <<< RX chan1 11B: 800000078323a848590000
[  22.807]       <<< RX chan1 36B: 80000020831b0400000001a484540001a584540001a6845400010c8b540023ac...
[  22.807]       <<< RX chan1 11B: 800000078323b048590000
[  22.858]       <<< RX chan1 11B: 800000078323b448590000
[  22.858]       <<< RX chan1 11B: 800000078323b848590000
[  22.858]       <<< RX chan1 11B: 800000078323bc48590000
[  22.858]       <<< RX chan1 11B: 800000078323c048590000
[  22.908]       <<< RX chan1 27B: 80000017830d000000000000fdfcfe0d000000000323c448590000
[  22.908]       <<< RX chan1 11B: 800000078323c848590000
[  22.908]       <<< RX chan1 21B: 80000011831b010000000431768e7723cc48590000
[quic] DATAGRAM 32B: 0329008305108f5d7401000000008f5d74010000000000000000010000000000
[  22.959]       <<< RX chan1 38B: 800000228305108f5d7401000000008f5d740100000000000000000000000000...
[  22.959]       <<< RX chan1 11B: 800000078323d448590000
[  22.959]       <<< RX chan1 11B: 800000078323d848590000
[  23.009]       <<< RX chan1 21B: 80000011831b0100000001718c540023dc48590000
[  23.009]       <<< RX chan1 11B: 800000078323e048590000
[  23.009]       <<< RX chan1 11B: 800000078323e448590000
[  23.059]       <<< RX chan1 21B: 80000011831b0100000001768c540023e848590000
[  23.059]       <<< RX chan1 11B: 800000078323ec48590000
[  23.059]       <<< RX chan1 37B: 80000021830d000000000000fd02fe0d00000000030d000000000000fd02ff23...
[  23.110]       <<< RX chan1 11B: 800000078323f448590000
[  23.110]       <<< RX chan1 131B: 8000007f831b0100000001158354001b13000000013a835400013b835400013c...
[  23.110]       <<< RX chan1 11B: 800000078323fc48590000
[  23.160]       <<< RX chan1 11B: 8000000783230049590000
[  23.160]       <<< RX chan1 11B: 8000000783230449590000
[  23.160]       <<< RX chan1 17B: 8000000d830d0000000002230849590000
[  23.210]   DUMMY -> send ping 77B
[  23.211]       <<< RX chan1 11B: 8000000783230c49590000
[  23.211]       <<< RX chan1 11B: 8000000783231049590000
[  23.211]       <<< RX chan1 11B: 8000000783231449590000
[  23.261]       <<< RX chan1 11B: 8000000783231849590000
[  23.261]       <<< RX chan1 95B: 8000005b8307047a1e5f195b140007047a1e5f195614011b040000000454a2b6...
[  23.261]       <<< RX chan1 11B: 8000000783232049590000
[  23.312]       <<< RX chan1 49B: 8000002d831b0100000001878c54000104ec4d5b570101fc8b54000d00000000...
[  23.312]       <<< RX chan1 21B: 80000011831b0100000001898c5400232849590000
[  23.312]       <<< RX chan1 11B: 8000000783232c49590000
[  23.333]   DUMMY <<< RX app=6 chan=1 81B: 8000004d0858fbbded5ddc184000000001505050505050505050505050505050...
[  23.333]       <<< RX chan1 16B: 8000000c83232c495900233049590000
[  23.348]       <<< RX chan1 11B: 8000000783233449590000
[  23.399]       <<< RX chan1 11B: 8000000783233849590000
[  23.399]       <<< RX chan1 11B: 8000000783233c49590000
[  23.399]       <<< RX chan1 11B: 8000000783234049590000
[quic] DATAGRAM 32B: 032a00830510835f740100000000835f74010000000000000000010000000000
[  23.449]       <<< RX chan1 11B: 8000000783234449590000
[  23.449]       <<< RX chan1 48B: 8000002c831b0100000004e405ad170510835f740100000000835f7401000000...
[  23.449]       <<< RX chan1 21B: 80000011830d000000000000fdf9ff234c49590000
[  23.500]       <<< RX chan1 11B: 8000000783235049590000
[  23.500]       <<< RX chan1 29B: 80000019830701b28254005b14000701b2825400561401235449590000
[  23.500]       <<< RX chan1 124B: 80000078830204d5efc9115a01ff00000000a049cfd740051c24417474726962...
[  23.550]       <<< RX chan1 21B: 80000011830d000000000000fd01ff235c49590000
[  23.550]       <<< RX chan1 11B: 8000000783236049590000
[  23.550]       <<< RX chan1 31B: 8000001b831b0100000001a58c54001b0100000001a48c5400236449590000
[  23.601]       <<< RX chan1 11B: 8000000783236849590000
[  23.601]       <<< RX chan1 59B: 80000037830701b28254005a14000000000000000000000000000000000701b2...
[  23.601]       <<< RX chan1 35B: 8000001f830701b28254005a1400000000000000000000000000000000237049...
[  23.651]       <<< RX chan1 21B: 80000011830d000000000000fdf8ff237449590000
[  23.651]       <<< RX chan1 126B: 8000007a830201c38c54008f00ff00b1b0b03de9e8e83dc9c8483e0504546561...
[  23.651]       <<< RX chan1 35B: 8000001f830701b28254005a1400000000000000000000000000000000237c49...
[  23.702]       <<< RX chan1 66B: 8000003e830201cc8c54004601ff0026596f75277265206e6f77206f6e207468...
[  23.702]       <<< RX chan1 306B: 8000012e830204b168337e5002ff000000c07f0000803f00000000051e244174...
[  23.702]       <<< RX chan1 11B: 8000000783238849590000
[  23.752]       <<< RX chan1 11B: 8000000783238c49590000
[  23.752]       <<< RX chan1 17B: 8000000d8301047a53f275239049590000
[  23.752]       <<< RX chan1 11B: 8000000783239449590000
[  23.803]       <<< RX chan1 45B: 80000029830701b28254005a14000000000000000000000000000000001b0100...
[  23.803]       <<< RX chan1 11B: 8000000783239c49590000
[  23.803]       <<< RX chan1 39B: 80000023830701b18254005b14000701b18254005614011b0100000001ba8c54...
[  23.853]       <<< RX chan1 47B: 8000002b830701b18254005b14000701b18254005614010701b18254005b1400...
[  23.853]       <<< RX chan1 11B: 800000078323a849590000
[  23.853]       <<< RX chan1 35B: 8000001f830701b28254005a140000000000000000000000000000000023ac49...
[  23.903]       <<< RX chan1 11B: 800000078323b049590000
[  23.903]       <<< RX chan1 11B: 800000078323b449590000
[  23.903]       <<< RX chan1 11B: 800000078323b849590000
[quic] DATAGRAM 32B: 032b008305108861740100000000886174010000000000000000010000000000
[  23.954]       <<< RX chan1 11B: 800000078323bc49590000
[  23.954]       <<< RX chan1 11B: 800000078323c049590000
[  23.954]       <<< RX chan1 38B: 8000002283051088617401000000008861740100000000000000000000000000...
[  24.004]       <<< RX chan1 45B: 80000029830701b28254005a14000000000000000000000000000000001b0100...
[  24.004]       <<< RX chan1 11B: 800000078323cc49590000
[  24.004]       <<< RX chan1 11B: 800000078323d049590000
[  24.054]       <<< RX chan1 31B: 8000001b831b0100000001df8c54000d000000000000ff01ff23d449590000
[  24.054]       <<< RX chan1 11B: 800000078323d849590000
[  24.054]       <<< RX chan1 11B: 800000078323dc49590000
[  24.105]       <<< RX chan1 11B: 800000078323e049590000
[  24.105]       <<< RX chan1 11B: 800000078323e449590000
[  24.105]       <<< RX chan1 11B: 800000078323e849590000
[  24.155]       <<< RX chan1 29B: 80000019830701b18254005b14000701b182540056140123ec49590000
[  24.155]       <<< RX chan1 11B: 800000078323f049590000
[  24.155]       <<< RX chan1 21B: 80000011831b0100000001e98c540023f449590000
[  24.205]   DUMMY -> send ping 77B
[  24.205]       <<< RX chan1 11B: 800000078323f849590000
[  24.205]       <<< RX chan1 11B: 800000078323fc49590000
[  24.205]       <<< RX chan1 37B: 80000021830d000000000000fd01fe0d00000000030d000000000000fd01ff23...
[  24.256]       <<< RX chan1 33B: 8000001d831b0100000001ee8c540001040c56ee3e01013f8c540023044a5900...
[  24.256]       <<< RX chan1 11B: 800000078323084a590000
[  24.256]       <<< RX chan1 11B: 8000000783230c4a590000
[  24.306]       <<< RX chan1 11B: 800000078323104a590000
[  24.306]       <<< RX chan1 11B: 800000078323144a590000
[  24.306]       <<< RX chan1 11B: 800000078323184a590000
[  24.330]   DUMMY <<< RX app=6 chan=1 81B: 8000004d0858fbbded5ddc184000000001505050505050505050505050505050...
[  24.330]       <<< RX chan1 21B: 80000011831b0100000001f68c5400231c4a590000
[  24.330]       <<< RX chan1 16B: 8000000c83231c4a590023204a590000
[  24.345]       <<< RX chan1 11B: 800000078323244a590000
[  24.395]       <<< RX chan1 11B: 800000078323284a590000
[  24.395]       <<< RX chan1 11B: 8000000783232c4a590000
[  24.395]       <<< RX chan1 21B: 80000011831b0100000001fc8c540023304a590000
[quic] DATAGRAM 32B: 032c008305107f637401000000007f6374010000000000000000010000000000
[  24.446]       <<< RX chan1 11B: 800000078323344a590000
[  24.446]       <<< RX chan1 11B: 800000078323384a590000
[  24.446]       <<< RX chan1 38B: 800000228305107f637401000000007f63740100000000000000000000000000...
[  24.496]       <<< RX chan1 21B: 80000011831b0100000001018d540023404a590000
[  24.496]       <<< RX chan1 11B: 800000078323444a590000
[  24.496]       <<< RX chan1 11B: 800000078323484a590000
[  24.547]       <<< RX chan1 11B: 8000000783234c4a590000
[  24.547]       <<< RX chan1 81B: 8000004d8302011f8d5400cb00ff000024744901000040410460d53fc3006596...
[  24.547]       <<< RX chan1 11B: 800000078323544a590000
[  24.597]       <<< RX chan1 21B: 80000011831b0100000001098d540023584a590000
[  24.597]       <<< RX chan1 36B: 80000020831b0400000001ea84540001eb84540001ec84540001928b5400235c...
[  24.597]       <<< RX chan1 21B: 80000011831b01000000010c8d540023604a590000
[  24.648]       <<< RX chan1 11B: 800000078323644a590000
[  24.648]       <<< RX chan1 41B: 800000258302012b8d54005b010001f4e05300ff050763726561746f72ff01c1...
[  24.648]       <<< RX chan1 11B: 8000000783236c4a590000
[  24.698]       <<< RX chan1 11B: 800000078323704a590000
[  24.698]       <<< RX chan1 11B: 800000078323744a590000
[  24.698]       <<< RX chan1 11B: 800000078323784a590000
[  24.749]       <<< RX chan1 31B: 8000001b831b0100000001158d54001b0100000001148d5400237c4a590000
[  24.749]       <<< RX chan1 11B: 800000078323804a590000
[  24.749]       <<< RX chan1 317B: 80000139830704caa88d4b5b14000704caa88d4b5614010d0500000012010000...
[  24.799]       <<< RX chan1 21B: 80000011830304d6efe9495d15010123884a590000
[  24.799]       <<< RX chan1 81B: 8000004d8302013e8d5400cb00ff0000247449010000404104607e94c20058e6...
[  24.799]       <<< RX chan1 11B: 800000078323904a590000
[  24.849]       <<< RX chan1 11B: 800000078323944a590000
[  24.849]       <<< RX chan1 21B: 80000011831b01000000011d8d540023984a590000
[  24.849]       <<< RX chan1 21B: 80000011831b0100000001238d5400239c4a590000
[  24.900]       <<< RX chan1 11B: 800000078323a04a590000
[  24.900]       <<< RX chan1 11B: 800000078323a44a590000
[  24.900]       <<< RX chan1 11B: 800000078323a84a590000
[  24.950]       <<< RX chan1 410B: 800001968302014a8d54005b010001f4e05300ff050763726561746f72ff01c1...
[  24.950]       <<< RX chan1 368B: 8000016c830201568d54005b010001f4e05300ff050763726561746f72ff01c1...
[  24.950]       <<< RX chan1 11B: 800000078323b44a590000
[quic] DATAGRAM 32B: 032d008305108165740100000000826574010000000000000000010000000000
[  25.001]       <<< RX chan1 48B: 8000002c831b01000000012e8d54000510816574010000000082657401000000...
[  25.001]       <<< RX chan1 29B: 80000019830701b28254005b14000701b282540056140123bc4a590000
[  25.001]       <<< RX chan1 47B: 8000002b830701b28254005b14000701b28254005614010701b28254005b1400...
[  25.051]       <<< RX chan1 29B: 80000019830701b28254005b14000701b282540056140123c44a590000
[  25.051]       <<< RX chan1 11B: 800000078323c84a590000
[  25.051]       <<< RX chan1 11B: 800000078323cc4a590000
[  25.102]       <<< RX chan1 21B: 80000011830d000000000000fd01ff23d04a590000
[  25.102]       <<< RX chan1 21B: 80000011831b01000000013c8d540023d44a590000
[  25.102]       <<< RX chan1 11B: 800000078323d84a590000
[  25.152]       <<< RX chan1 11B: 800000078323dc4a590000
[  25.152]       <<< RX chan1 21B: 80000011830d000000000000fe02ff23e04a590000
[  25.152]       <<< RX chan1 29B: 80000019830701b28254005b14000701b282540056140123e44a590000
[  25.202]   DUMMY -> send ping 77B
[  25.203]       <<< RX chan1 101B: 80000061831b01000000014b8d54001b01000000014c8d54001b01000000014d...
[  25.203]       <<< RX chan1 67B: 8000003f831b0100000001588d54001b0100000001598d54001b01000000015a...
[  25.203]       <<< RX chan1 29B: 80000019830701b18254005b14000701b182540056140123f04a590000
[  25.253]       <<< RX chan1 29B: 80000019830701b18254005b14000701b182540056140123f44a590000
[  25.253]       <<< RX chan1 47B: 8000002b830701b28254005b14000701b28254005614010701b18254005b1400...
[  25.253]       <<< RX chan1 144B: 8000008c830d00000000020d00000000030d010000006b0000006200000028b5...
[  25.303]       <<< RX chan1 21B: 80000011830d000000000000fe020023004b590000
[  25.303]       <<< RX chan1 11B: 800000078323044b590000
[  25.303]       <<< RX chan1 29B: 80000019830701b18254005b14000701b182540056140123084b590000
[  25.325]   DUMMY <<< RX app=6 chan=1 81B: 8000004d0858fbbded5ddc184000000001505050505050505050505050505050...
[  25.325]       <<< RX chan1 11B: 8000000783230c4b590000
[  25.340]       <<< RX chan1 16B: 8000000c83230c4b590023104b590000
[  25.390]       <<< RX chan1 35B: 8000001f830701b18254005b14000701b18254005614010d000000000123144b...
[  25.390]       <<< RX chan1 11B: 800000078323184b590000
[  25.390]       <<< RX chan1 11B: 8000000783231c4b590000
[  25.441]       <<< RX chan1 11B: 800000078323204b590000
[  25.441]       <<< RX chan1 29B: 80000019830701b18254005b14000701b182540056140123244b590000
[  25.441]       <<< RX chan1 11B: 800000078323284b590000
[quic] DATAGRAM 32B: 032e008305107567740100000000766774010000000000000000010000000000
[  25.491]       <<< RX chan1 36B: 80000020831b04000000044bcace790425c1940f0462cf506204f4c5151c232c...
[  25.491]       <<< RX chan1 38B: 8000002283051075677401000000007667740100000000000000000000000000...
[  25.491]       <<< RX chan1 21B: 80000011830d000000000000ff010123344b590000
[  25.541]       <<< RX chan1 11B: 800000078323384b590000
[  25.541]       <<< RX chan1 11B: 8000000783233c4b590000
[  25.541]       <<< RX chan1 11B: 800000078323404b590000
[  25.592]       <<< RX chan1 11B: 800000078323444b590000
[  25.592]       <<< RX chan1 11B: 800000078323484b590000
[  25.592]       <<< RX chan1 132B: 80000080830d010000006b0000006200000028b52ffd20621103000133775400...
[  25.642]       <<< RX chan1 37B: 80000021830d000000000000fe04000d000000000000fe02fe0d000000000223...
[  25.642]       <<< RX chan1 11B: 800000078323544b590000
[  25.642]       <<< RX chan1 21B: 80000011831b01000000012b8d540023584b590000
[  25.642]       <<< RX chan1 26B: 80000016831b0200000004fed5433c04428ea211235c4b590000
[  25.692]       <<< RX chan1 21B: 80000011830d000000000000fd01ff23604b590000
[  25.692]       <<< RX chan1 11B: 800000078323644b590000
[  25.692]       <<< RX chan1 21B: 80000011830d000000000000fe040123684b590000
[  25.743]       <<< RX chan1 11B: 8000000783236c4b590000
[  25.743]       <<< RX chan1 11B: 800000078323704b590000
[  25.743]       <<< RX chan1 52B: 800000308302019a8d54006900ff00000000008096184b000000000200000000...
[  25.793]       <<< RX chan1 11B: 800000078323784b590000
[  25.793]       <<< RX chan1 11B: 8000000783237c4b590000
[  25.793]       <<< RX chan1 11B: 800000078323804b590000
[  25.843]       <<< RX chan1 21B: 80000011830d000000000000ff010223844b590000
[  25.843]       <<< RX chan1 11B: 800000078323884b590000
[  25.843]       <<< RX chan1 11B: 8000000783238c4b590000
[  25.894]       <<< RX chan1 11B: 800000078323904b590000
[  25.894]       <<< RX chan1 11B: 800000078323944b590000
[  25.894]       <<< RX chan1 11B: 800000078323984b590000
[  25.944]       <<< RX chan1 21B: 80000011831b01000000014a8d5400239c4b590000
[  25.944]       <<< RX chan1 31B: 8000001b831b0100000001568d54001b0100000001578d540023a04b590000
[  25.944]       <<< RX chan1 37B: 80000021830d000000000000ff04010d000000000000fe05010d000000000323...
[quic] DATAGRAM 32B: 032f008305107969740100000000796974010000000000000000010000000000
[  25.995]       <<< RX chan1 11B: 800000078323a84b590000
[  25.995]       <<< RX chan1 38B: 8000002283051079697401000000007969740100000000000000000000000000...
[  25.995]       <<< RX chan1 21B: 80000011831b01000000019a8d540023b04b590000
[  26.045]       <<< RX chan1 11B: 800000078323b44b590000
[  26.045]       <<< RX chan1 11B: 800000078323b84b590000
[  26.045]       <<< RX chan1 11B: 800000078323bc4b590000
[  26.096]       <<< RX chan1 11B: 800000078323c04b590000
[  26.096]       <<< RX chan1 11B: 800000078323c44b590000
[  26.096]       <<< RX chan1 11B: 800000078323c84b590000
[  26.146]       <<< RX chan1 144B: 8000008c830d0000000000000100fb0d010000006d0000006400000028b52ffd...
[  26.146]       <<< RX chan1 27B: 80000017830d000000000000fe05020d000000000323d04b590000
[  26.146]       <<< RX chan1 21B: 80000011830d0000000000000200fb23d44b590000
[  26.196]   DUMMY -> send ping 77B
[  26.196]       <<< RX chan1 21B: 80000011830d000000000000ff010323d84b590000
[  26.196]       <<< RX chan1 11B: 800000078323dc4b590000
[  26.196]       <<< RX chan1 11B: 800000078323e04b590000
[  26.247]       <<< RX chan1 21B: 80000011830d00000000000002fffb23e44b590000
[  26.247]       <<< RX chan1 21B: 80000011830d000000000000ff02ff23e84b590000
[  26.247]       <<< RX chan1 11B: 800000078323ec4b590000
[  26.297]       <<< RX chan1 11B: 800000078323f04b590000
[  26.297]       <<< RX chan1 11B: 800000078323f44b590000
[  26.297]       <<< RX chan1 11B: 800000078323f84b590000
[  26.321]   DUMMY <<< RX app=6 chan=1 81B: 8000004d0858fbbded5ddc184000000001505050505050505050505050505050...
[  26.321]       <<< RX chan1 11B: 800000078323fc4b590000
[  26.336]       <<< RX chan1 16B: 8000000c8323fc4b590023004c590000
[  26.387]       <<< RX chan1 11B: 800000078323044c590000
[  26.387]       <<< RX chan1 11B: 800000078323084c590000
[  26.387]       <<< RX chan1 11B: 8000000783230c4c590000
[  26.437]       <<< RX chan1 287B: 8000011b830204cc1c2e332b00ff00c05942c300249840009410c3020615526f...
[  26.437]       <<< RX chan1 959B: 800003bb830101033d54000101043d54000101063d54000101073d5400010102...
[  26.487]       <<< RX chan1 283B: 80000117830301433c54007d1301010301443c54007d1301010301823b54007d...
[  26.487]       <<< RX chan1 133B: 80000081830101dc8d54000201df8d54004f0109017a3c54000a01e93c5400ff...
[  26.487]       <<< RX chan1 133B: 80000081830101df8d54000201e28d54004f0109017a3c54000a01e93c5400ff...
[  26.487]       <<< RX chan1 133B: 80000081830101e28d54000201e58d54004f0109017a3c54000a01e93c5400ff...
[quic] DATAGRAM 32B: 0330008305107e6b7401000000007e6b74010000000000000000010000000000
[  26.538]       <<< RX chan1 170B: 800000a6830101e58d54000201e88d54004f0109017a3c54000a01e93c5400ff...
[  26.538]       <<< RX chan1 133B: 80000081830101e88d54000201eb8d54004f0109017a3c54000a01e93c5400ff...
[  26.538]       <<< RX chan1 133B: 80000081830101eb8d54000201ee8d54004f0109017a3c54000a01e93c5400ff...
[  26.588]       <<< RX chan1 133B: 80000081830101ee8d54000201f18d54004f0109017a3c54000a01e93c5400ff...
[  26.588]       <<< RX chan1 153B: 80000095830101f18d54000201f48d54004f0109017a3c54000a01e93c5400ff...
[  26.588]       <<< RX chan1 133B: 80000081830101f48d54000201f78d54004f0109017a3c54000a01e93c5400ff...
[  26.638]       <<< RX chan1 153B: 80000095830101f78d54000201fa8d54004f0109017a3c54000a01e93c5400ff...
[  26.639]       <<< RX chan1 133B: 80000081830101fa8d54000201fd8d54004f0109017a3c54000a01e93c5400ff...
[  26.639]       <<< RX chan1 143B: 8000008b830101fd8d54000201008e54004f0109017a3c54000a01e93c5400ff...
[  26.689]       <<< RX chan1 143B: 8000008b830101008e54000201038e54004f0109017a3c54000a01e93c5400ff...
[  26.689]       <<< RX chan1 133B: 80000081830101038e54000201068e54004f0109017a3c54000a01e93c5400ff...
[  26.689]       <<< RX chan1 133B: 80000081830101068e54000201098e54004f0109017a3c54000a01e93c5400ff...
[  26.740]       <<< RX chan1 133B: 80000081830101098e540002010c8e54004f0109017a3c54000a01e93c5400ff...
[  26.740]       <<< RX chan1 143B: 8000008b8301010c8e54000201118e54004f0109017a3c54000a01e93c5400ff...
[  26.740]       <<< RX chan1 133B: 80000081830101118e54000201148e54004f0109017a3c54000a01e93c5400ff...
[  26.790]       <<< RX chan1 133B: 80000081830101148e54000201178e54004f0109017a3c54000a01e93c5400ff...
[  26.790]       <<< RX chan1 133B: 80000081830101178e540002011a8e54004f0109017a3c54000a01e93c5400ff...
[  26.790]       <<< RX chan1 133B: 800000818301011a8e540002011d8e54004f0109017a3c54000a01e93c5400ff...
[  26.840]       <<< RX chan1 133B: 800000818301011d8e54000201218e54004f0109017a3c54000a01e93c5400ff...
[  26.840]       <<< RX chan1 133B: 80000081830101218e54000201248e54004f0109017a3c54000a01e93c5400ff...
[  26.841]       <<< RX chan1 143B: 8000008b830101248e54000201298e54004f0109017a3c54000a01e93c5400ff...
[  26.891]       <<< RX chan1 133B: 80000081830101298e540002012c8e54004f0109017a3c54000a01e93c5400ff...
[  26.891]       <<< RX chan1 149B: 800000918301012c8e540002012f8e54004f0109017a3c54000a01e93c5400ff...
[  26.891]       <<< RX chan1 143B: 8000008b8301012f8e54000201328e54004f0109017a3c54000a01e93c5400ff...
[  26.891]       <<< RX chan1 133B: 80000081830101328e54000201358e54004f0109017a3c54000a01e93c5400ff...
[  26.941]       <<< RX chan1 143B: 8000008b830101358e54000201388e54004f0109017a3c54000a01e93c5400ff...
[  26.941]       <<< RX chan1 133B: 80000081830101388e540002013b8e54004f0109017a3c54000a01e93c5400ff...
[  26.941]       <<< RX chan1 133B: 800000818301013b8e540002013e8e54004f0109017a3c54000a01e93c5400ff...
[quic] DATAGRAM 32B: 033100830510726d740100000000726d74010000000000000000010000000000
[  26.991]       <<< RX chan1 133B: 800000818301013e8e54000201418e54004f0109017a3c54000a01e93c5400ff...
[  26.991]       <<< RX chan1 143B: 8000008b830101418e54000201448e54004f0109017a3c54000a01e93c5400ff...
[  26.991]       <<< RX chan1 170B: 800000a6830101448e54000201478e54004f0109017a3c54000a01e93c5400ff...
[  27.042]       <<< RX chan1 133B: 80000081830101478e540002014a8e54004f0109017a3c54000a01e93c5400ff...
[  27.042]       <<< RX chan1 133B: 800000818301014a8e540002014d8e54004f0109017a3c54000a01e93c5400ff...
[  27.092]       <<< RX chan1 133B: 800000818301014d8e54000201508e54004f0109017a3c54000a01e93c5400ff...
[  27.092]       <<< RX chan1 133B: 80000081830101508e54000201538e54004f0109017a3c54000a01e93c5400ff...
[  27.092]       <<< RX chan1 133B: 80000081830101538e54000201568e54004f0109017a3c54000a01e93c5400ff...
[  27.092]       <<< RX chan1 143B: 8000008b830101568e54000201598e54004f0109017a3c54000a01e93c5400ff...
[  27.143]       <<< RX chan1 133B: 80000081830101598e540002015c8e54004f0109017a3c54000a01e93c5400ff...
[  27.143]       <<< RX chan1 351B: 8000015b8301015c8e54000301ea7e5400a1270101dc7d54000201608e540029...
[  27.143]       <<< RX chan1 133B: 80000081830101648e54000201678e54004f0109017a3c54000a01e93c5400ff...
[  27.193]   DUMMY -> send ping 77B
[  27.193]   DUMMY -> send sync 24B
[  27.194]       <<< RX chan1 197B: 800000c1830101678e54000201698e54004f0109017a3c54000a01e93c5400ff...
[  27.194]       <<< RX chan1 133B: 80000081830101698e540002016b8e54004f0109017a3c54000a01e93c5400ff...
[  27.194]       <<< RX chan1 133B: 800000818301016b8e540002016d8e54004f0109017a3c54000a01e93c5400ff...
[  27.244]       <<< RX chan1 133B: 800000818301016d8e540002016f8e54004f0109017a3c54000a01e93c5400ff...
[  27.244]       <<< RX chan1 479B: 800001db8301016f8e54000201718e54004f0109017a3c54000a01e93c5400ff...
[  27.244]       <<< RX chan1 133B: 80000081830101718e54000201738e54004f0109017a3c54000a01e93c5400ff...
[  27.294]       <<< RX chan1 133B: 80000081830101738e54000201758e54004f0109017a3c54000a01e93c5400ff...
[  27.294]       <<< RX chan1 143B: 8000008b830101758e54000201778e54004f0109017a3c54000a01e93c5400ff...
[  27.294]       <<< RX chan1 143B: 8000008b830101778e54000201798e54004f0109017a3c54000a01e93c5400ff...
[  27.316]   DUMMY <<< RX app=6 chan=1 81B: 8000004d0858fbbded5ddc184000000001505050505050505050505050505050...
[  27.316]       <<< RX chan1 133B: 80000081830101798e540002017b8e54004f0109017a3c54000a01e93c5400ff...
[  27.331]       <<< RX chan1 138B: 800000868323ec4c590001017b8e540002017d8e54004f0109017a3c54000a01...
[  27.381]       <<< RX chan1 133B: 800000818301017d8e540002017f8e54004f0109017a3c54000a01e93c5400ff...
[  27.381]       <<< RX chan1 143B: 8000008b8301017f8e54000201818e54004f0109017a3c54000a01e93c5400ff...
[  27.381]       <<< RX chan1 149B: 80000091830101818e54000201838e54004f0109017a3c54000a01e93c5400ff...
[  27.432]       <<< RX chan1 143B: 8000008b830101838e54000201858e54004f0109017a3c54000a01e93c5400ff...
[  27.432]       <<< RX chan1 213B: 800000d1830101858e54001b0100000001cb8d54001b0100000001cc8d54001b...
[  27.432]       <<< RX chan1 143B: 8000008b830101888e540002018a8e54004f0109017a3c54000a01e93c5400ff...
[  27.482]       <<< RX chan1 183B: 800000b38301018a8e54001b0100000001d38d54001b0100000001d48d54001b...
[  27.482]       <<< RX chan1 139B: 800000878301018e8e540001011f8d54000201918e54004f0109017a3c54000a...
[  27.482]       <<< RX chan1 143B: 8000008b830101918e54000201938e54004f0109017a3c54000a01e93c5400ff...
[quic] DATAGRAM 32B: 033200830510766f740100000000766f74010000000000000000010000000000
[  27.533]       <<< RX chan1 159B: 8000009b830101938e54000201978e54004f0109017a3c54000a01e93c5400ff...
[  27.533]       <<< RX chan1 160B: 8000009c830101978e54000201998e54004f0109017a3c54000a01e93c5400ff...
[  27.533]       <<< RX chan1 133B: 80000081830101998e540002019b8e54004f0109017a3c54000a01e93c5400ff...
[  27.583]       <<< RX chan1 133B: 800000818301019b8e540002019d8e54004f0109017a3c54000a01e93c5400ff...
[  27.583]       <<< RX chan1 153B: 800000958301019d8e540002019f8e54004f0109017a3c54000a01e93c5400ff...
[  27.583]       <<< RX chan1 133B: 800000818301019f8e54000201a18e54004f0109017a3c54000a01e93c5400ff...
[  27.634]       <<< RX chan1 133B: 80000081830101a18e54000201a38e54004f0109017a3c54000a01e93c5400ff...
[  27.634]       <<< RX chan1 133B: 80000081830101a38e54000201a58e54004f0109017a3c54000a01e93c5400ff...
[  27.634]       <<< RX chan1 133B: 80000081830101a58e54000201a78e54004f0109017a3c54000a01e93c5400ff...
[  27.684]       <<< RX chan1 153B: 80000095831b010000000491e80c110101a78e54000201a98e54004f0109017a...
[  27.684]       <<< RX chan1 133B: 80000081830101a98e54000201ab8e54004f0109017a3c54000a01e93c5400ff...
[  27.684]       <<< RX chan1 143B: 8000008b830101ab8e54000201ad8e54004f0109017a3c54000a01e93c5400ff...
[  27.734]       <<< RX chan1 143B: 8000008b830101ad8e54000201af8e54004f0109017a3c54000a01e93c5400ff...
[  27.734]       <<< RX chan1 139B: 80000087830101af8e540001013e8d54000201b18e54004f0109017a3c54000a...
[  27.734]       <<< RX chan1 143B: 8000008b830101b18e54000201b38e54004f0109017a3c54000a01e93c5400ff...
[  27.785]       <<< RX chan1 133B: 80000081830101b38e54000201b58e54004f0109017a3c54000a01e93c5400ff...
[  27.785]       <<< RX chan1 133B: 80000081830101b58e54000201b78e54004f0109017a3c54000a01e93c5400ff...
[  27.785]       <<< RX chan1 133B: 80000081830101b78e54000201b98e54004f0109017a3c54000a01e93c5400ff...
[  27.835]       <<< RX chan1 143B: 8000008b830101b98e54000201bb8e54004f0109017a3c54000a01e93c5400ff...
[  27.835]       <<< RX chan1 153B: 80000095830101bb8e54000201bd8e54004f0109017a3c54000a01e93c5400ff...
[  27.835]       <<< RX chan1 133B: 80000081830101bd8e54000201bf8e54004f0109017a3c54000a01e93c5400ff...
[  27.886]       <<< RX chan1 153B: 80000095830101bf8e54000201c18e54004f0109017a3c54000a01e93c5400ff...
[  27.886]       <<< RX chan1 133B: 80000081830101c18e54000201c38e54004f0109017a3c54000a01e93c5400ff...
[  27.886]       <<< RX chan1 400B: 8000018c830101c38e54001b02000000014d8c5400014e8c54000301ae825400...
[  27.936]       <<< RX chan1 133B: 80000081830101ca8e54000201cc8e54004f0109017a3c54000a01e93c5400ff...
[  27.936]       <<< RX chan1 139B: 80000087830101cc8e54000101d47854000201ce8e54004f0109017a3c54000a...
[  27.936]       <<< RX chan1 133B: 80000081830101ce8e54000201d08e54004f0109017a3c54000a01e93c5400ff...
[  27.987]       <<< RX chan1 143B: 8000008b830101d08e54000201d28e54004f0109017a3c54000a01e93c5400ff...
[  27.987]       <<< RX chan1 133B: 80000081830101d28e54000201d48e54004f0109017a3c54000a01e93c5400ff...
[  27.987]       <<< RX chan1 133B: 80000081830101d48e54000201d68e54004f0109017a3c54000a01e93c5400ff...
[quic] DATAGRAM 32B: 0333008305107b717401000000007b7174010000000000000000010000000000
[  28.037]       <<< RX chan1 133B: 80000081830101d68e54000201d88e54004f0109017a3c54000a01e93c5400ff...
[  28.037]       <<< RX chan1 133B: 80000081830101d88e54000201da8e54004f0109017a3c54000a01e93c5400ff...
[  28.037]       <<< RX chan1 180B: 800000b0830101da8e54000201dc8e54004f0109017a3c54000a01e93c5400ff...
[  28.087]       <<< RX chan1 133B: 80000081830101dc8e54000201de8e54004f0109017a3c54000a01e93c5400ff...
[  28.087]       <<< RX chan1 133B: 80000081830101de8e54000201e08e54004f0109017a3c54000a01e93c5400ff...
[  28.087]       <<< RX chan1 133B: 80000081830101e08e54000201e28e54004f0109017a3c54000a01e93c5400ff...
[  28.138]       <<< RX chan1 143B: 8000008b830101e28e54000201e48e54004f0109017a3c54000a01e93c5400ff...
[  28.138]       <<< RX chan1 133B: 80000081830101e48e54000201e68e54004f0109017a3c54000a01e93c5400ff...
[  28.138]       <<< RX chan1 133B: 80000081830101e68e54000201e88e54004f0109017a3c54000a01e93c5400ff...
[  28.188]   DUMMY -> send ping 77B
[  28.188]       <<< RX chan1 149B: 80000091830101e88e54000101cc7854000201ed8e54004f0109017a3c54000a...
[  28.188]       <<< RX chan1 133B: 80000081830101ed8e54000201ef8e54004f0109017a3c54000a01e93c5400ff...
[  28.188]       <<< RX chan1 133B: 80000081830101ef8e54000201f18e54004f0109017a3c54000a01e93c5400ff...
[  28.239]       <<< RX chan1 133B: 80000081830101f18e54000201f38e54004f0109017a3c54000a01e93c5400ff...
[  28.239]       <<< RX chan1 143B: 8000008b830101f38e54000201f68e54004f0109017a3c54000a01e93c5400ff...
[  28.239]       <<< RX chan1 133B: 80000081830101f68e54000201f88e54004f0109017a3c54000a01e93c5400ff...
[  28.289]       <<< RX chan1 133B: 80000081830101f88e54000201fc8e54004f0109017a3c54000a01e93c5400ff...
[  28.289]       <<< RX chan1 174B: 800000aa830101fc8e54000201fe8e54006900ff00000000008096184b000000...
[  28.289]       <<< RX chan1 133B: 80000081830101ff8e54000201028f54004f0109017a3c54000a01e93c5400ff...
[  28.312]   DUMMY <<< RX app=6 chan=1 81B: 8000004d0858fbbded5ddc184000000001505050505050505050505050505050...
[  28.312]       <<< RX chan1 133B: 80000081830101028f54000201048f54004f0109017a3c54000a01e93c5400ff...
[  28.312]       <<< RX chan1 153B: 80000095830101048f54000201068f54004f0109017a3c54000a01e93c5400ff...
[  28.327]       <<< RX chan1 148B: 800000908323dc4d59000101068f54000201088f54004f0109017a3c54000a01...
[  28.377]       <<< RX chan1 143B: 8000008b830101088f540002010a8f54004f0109017a3c54000a01e93c5400ff...
[  28.377]       <<< RX chan1 133B: 800000818301010a8f540002010c8f54004f0109017a3c54000a01e93c5400ff...
[  28.377]       <<< RX chan1 143B: 8000008b8301010c8f540002010e8f54004f0109017a3c54000a01e93c5400ff...
[  28.428]       <<< RX chan1 133B: 800000818301010e8f54000201108f54004f0109017a3c54000a01e93c5400ff...
[  28.428]       <<< RX chan1 133B: 80000081830101108f54000201128f54004f0109017a3c54000a01e93c5400ff...
[  28.428]       <<< RX chan1 133B: 80000081830101128f54000201148f54004f0109017a3c54000a01e93c5400ff...
[  28.478]       <<< RX chan1 133B: 80000081830101148f54000201168f54004f0109017a3c54000a01e93c5400ff...
[  28.478]       <<< RX chan1 133B: 80000081830101168f54000201188f54004f0109017a3c54000a01e93c5400ff...
[  28.478]       <<< RX chan1 133B: 80000081830101188f540002011a8f54004f0109017a3c54000a01e93c5400ff...
[quic] DATAGRAM 32B: 0334008305106f737401000000006f7374010000000000000000010000000000
[  28.529]       <<< RX chan1 133B: 800000818301011a8f540002011c8f54004f0109017a3c54000a01e93c5400ff...
[  28.529]       <<< RX chan1 163B: 8000009f8301011c8f54001b0100000001fe8e540002011e8f54004f0109017a...
[  28.529]       <<< RX chan1 170B: 800000a68301011e8f54000201208f54004f0109017a3c54000a01e93c5400ff...
[  28.579]       <<< RX chan1 171B: 800000a7830101208f54000704248df24a5b14000704248df24a561401020128...
[  28.579]       <<< RX chan1 133B: 80000081830101288f540002012a8f54004f0109017a3c54000a01e93c5400ff...
[  28.579]       <<< RX chan1 133B: 800000818301012a8f540002012c8f54004f0109017a3c54000a01e93c5400ff...
[  28.630]       <<< RX chan1 133B: 800000818301012c8f540002012e8f54004f0109017a3c54000a01e93c5400ff...
[  28.630]       <<< RX chan1 139B: 800000878301012e8f54000201308f54004f0109017a3c54000a01e93c5400ff...
[  28.630]       <<< RX chan1 143B: 8000008b830101308f54000201328f54004f0109017a3c54000a01e93c5400ff...
[  28.680]       <<< RX chan1 143B: 8000008b830101328f54000201348f54004f0109017a3c54000a01e93c5400ff...
[  28.680]       <<< RX chan1 66B: 8000003e830101348f540001040f69a96601017a3c54000201368f54002902ff...
[  28.680]       <<< RX chan1 56B: 80000034830301cc8c54009a130123546f7563682074686520626561636f6e20...
[  28.731]       <<< RX chan1 21B: 80000011830d000000000000ffff0723384e590000
[  28.731]       <<< RX chan1 11B: 8000000783233c4e590000
[  28.731]       <<< RX chan1 11B: 800000078323404e590000
[  28.781]       <<< RX chan1 17B: 8000000d830d000000000223444e590000
[  28.781]       <<< RX chan1 11B: 800000078323484e590000
[  28.781]       <<< RX chan1 11B: 8000000783234c4e590000
[  28.832]       <<< RX chan1 23B: 80000013830101cb3c54000101c83c540023504e590000
[  28.832]       <<< RX chan1 40B: 80000024831b0200000001628e540001638e54000301ea7e5400a1270001dd7e...
[  28.832]       <<< RX chan1 11B: 800000078323584e590000
[  28.882]       <<< RX chan1 31B: 8000001b831b0100000001278f54000d000000000000fffe08235c4e590000
[  28.882]       <<< RX chan1 11B: 800000078323604e590000
[  28.932]       <<< RX chan1 1154B: 80000518830201519054007701ff00de0202000b4968747470733a2f2f617069...
[  28.933]       <<< RX chan1 154B: 7479416374696f6e310b08ff015a9054000201709054001501ff06201a0f4b65...
[  28.933]       <<< RX chan1 1154B: 8000051b830201749054001301ff070e4162696c697479416374696f6e320b06...
[  28.933]       <<< RX chan1 157B: 54001501ff1a0c546f75636842696e64696e67ff019490540002019890540013...
[  28.933]       <<< RX chan1 989B: 800005138302019c9054001301ff070f4f766572666c6f77416374696f6e310b...
[  28.933]       <<< RX chan1 314B: 54000201b69054001301ff010007154d6f7573654c6f636b5377697463684163...
[  28.933]       <<< RX chan1 1154B: 80000515830201be9054001501ff10011a1743616d6572615363726970746162...
[  28.933]       <<< RX chan1 151B: 01ff06381a0f4b6579626f61726442696e64696e67ff01e09054000201e29054...
[  28.933]       <<< RX chan1 597B: 80000251830201e69054001301ff070b4571756970536c6f7431300b04ff01ca...
[  28.933]       <<< RX chan1 11B: 800000078323684e590000
[  28.933]       <<< RX chan1 11B: 8000000783236c4e590000
[  28.933]       <<< RX chan1 192B: 800000bc830701902300002f0986b29fd850a8b5fcf156010701902300002f09...
[  28.983]       <<< RX chan1 87B: 80000053830701a9650000641102020b31303832393935303038331f01196973...
[  28.983]       <<< RX chan1 11B: 800000078323784e590000
[  28.983]       <<< RX chan1 11B: 8000000783237c4e590000
[  29.033]       <<< RX chan1 21B: 80000011830d000000000000fffd0823804e590000
[  29.033]       <<< RX chan1 11B: 800000078323844e590000
[  29.033]       <<< RX chan1 11B: 800000078323884e590000
[quic] DATAGRAM 32B: 0335008305107375740100000000737574010000000000000000010000000000
[  29.084]       <<< RX chan1 38B: 8000002283051073757401000000007375740100000000000000000000000000...
[  29.084]       <<< RX chan1 11B: 800000078323904e590000
[  29.084]       <<< RX chan1 11B: 800000078323944e590000
[  29.134]       <<< RX chan1 11B: 800000078323984e590000
[  29.134]       <<< RX chan1 11B: 8000000783239c4e590000
[  29.134]       <<< RX chan1 21B: 80000011830d000000000000fffc0823a04e590000
[  29.184]   DUMMY -> send ping 77B
[  29.185]       <<< RX chan1 11B: 800000078323a44e590000
[  29.185]       <<< RX chan1 23B: 800000138301048c502b580101ca8d540023a84e590000
[  29.185]       <<< RX chan1 178B: 800000ae830701a56500006411011f010b31303832393935303038331f070453...
[  29.235]       <<< RX chan1 11B: 800000078323b04e590000
[  29.235]       <<< RX chan1 21B: 80000011831b01000000010891540023b44e590000
[  29.235]       <<< RX chan1 11B: 800000078323b84e590000
[  29.285]       <<< RX chan1 11B: 800000078323bc4e590000
[  29.285]       <<< RX chan1 21B: 80000011830d000000000000fffb0923c04e590000
[  29.285]       <<< RX chan1 11B: 800000078323c44e590000
[  29.303]   DUMMY <<< RX app=6 chan=1 81B: 8000004d0858fbbded5ddc184000000001505050505050505050505050505050...
[  29.303]       <<< RX chan1 11B: 800000078323c84e590000
[  29.318]       <<< RX chan1 11B: 800000078323cc4e590000
[  29.369]       <<< RX chan1 16B: 8000000c8323cc4e590023d04e590000
[  29.369]       <<< RX chan1 11B: 800000078323d44e590000
[  29.369]       <<< RX chan1 11B: 800000078323d84e590000
[  29.419]       <<< RX chan1 11B: 800000078323dc4e590000
[  29.419]       <<< RX chan1 21B: 80000011830d000000000000fffa0923e04e590000
[  29.419]       <<< RX chan1 11B: 800000078323e44e590000
[  29.469]       <<< RX chan1 11B: 800000078323e84e590000
[  29.469]       <<< RX chan1 11B: 800000078323ec4e590000
[  29.470]       <<< RX chan1 11B: 800000078323f04e590000
[  29.520]       <<< RX chan1 52B: 800000308302012e9154006900ff00000000008096184b000000000200000000...
[  29.520]       <<< RX chan1 11B: 800000078323f84e590000
[  29.520]       <<< RX chan1 21B: 80000011830d000000000000fff90923fc4e590000
[quic] DATAGRAM 32B: 0336008305106877740100000000687774010000000000000000010000000000
[  29.570]       <<< RX chan1 11B: 800000078323004f590000
[  29.570]       <<< RX chan1 48B: 8000002c831b01000000011f9154000510687774010000000068777401000000...
[  29.570]       <<< RX chan1 524B: 800002088302043ea734792b00ff00c08a0bc30090ea3fc056b2c2020615526f...
[  29.621]       <<< RX chan1 331B: 80000147830204fad6eb395002ff000000c07f0000803f0000803f0512244174...
[  29.621]       <<< RX chan1 11B: 800000078323104f590000
[  29.621]       <<< RX chan1 17B: 8000000d830d000000000223144f590000
[  29.672]       <<< RX chan1 21B: 80000011830d000000000000fff80a23184f590000
[  29.672]       <<< RX chan1 11B: 8000000783231c4f590000
[  29.672]       <<< RX chan1 1154B: 800016f9830701b08254005b14000701b08254005614010701b08254005b1400...
[  29.672]       <<< RX chan1 1154B: becf74f677b9cadec2f5e2269b0f601e439ebeaebdbd2bf55df6607fa7e2d9db...
[  29.672]       <<< RX chan1 1154B: f337e60bf9ffdfbcfb07f3ff01ef953ff201d61001837ef1fe3ebf7072574706...
[  29.672]       <<< RX chan1 1154B: 5e3382cc4fe916a5e39b471058bfb850ef169323ecefb2dc08749d468f07f075...
[  29.672]       <<< RX chan1 1154B: 629f835b3d25389d8f3500cbcae14d65da47344aa3dad5330068ec40d7904483...
[  29.672]       <<< RX chan1 115B: 7f912a242263822fce4f0d36dc733c63b960e4b2aaf8a644d72849ef7bf8b4d2...
[  29.672]       <<< RX chan1 11B: 800000078323204f590000
[  29.722]       <<< RX chan1 11B: 800000078323244f590000
[  29.722]       <<< RX chan1 11B: 800000078323284f590000
[  29.722]       <<< RX chan1 17B: 8000000d830101da785400232c4f590000
[  29.773]       <<< RX chan1 73B: 80000045830701b08254005b14000701b08254005614010701b08254005b1400...
[  29.773]       <<< RX chan1 29B: 80000019830701b08254005b14000701b082540056140123344f590000
[  29.773]       <<< RX chan1 11B: 800000078323384f590000
[  29.823]       <<< RX chan1 11B: 8000000783233c4f590000
[  29.823]       <<< RX chan1 11B: 800000078323404f590000
[  29.823]       <<< RX chan1 11B: 800000078323444f590000
[  29.873]       <<< RX chan1 11B: 800000078323484f590000
[  29.873]       <<< RX chan1 21B: 80000011831b010000000136915400234c4f590000
[  29.873]       <<< RX chan1 36B: 80000020831b0400000001378c540001388c540001398c5400011e8d54002350...
[  29.873]       <<< RX chan1 29B: 80000019830701b08254005b14000701b082540056140123544f590000
[  29.924]       <<< RX chan1 11B: 800000078323584f590000
[  29.924]       <<< RX chan1 11B: 8000000783235c4f590000
[  29.974]       <<< RX chan1 11B: 800000078323604f590000
[  29.974]       <<< RX chan1 11B: 800000078323644f590000
[  29.974]       <<< RX chan1 11B: 800000078323684f590000
[  29.974]       <<< RX chan1 11B: 8000000783236c4f590000
[  30.025]       <<< RX chan1 11B: 800000078323704f590000
[  30.025]       <<< RX chan1 91B: 80000057830701b08254005b14000701b082540056140102049d73d6445a01ff...
[  30.025]       <<< RX chan1 11B: 800000078323784f590000
[quic] DATAGRAM 32B: 0337008305106c797401000000006c7974010000000000000000010000000000
[  30.075]       <<< RX chan1 11B: 8000000783237c4f590000
[  30.075]       <<< RX chan1 38B: 800000228305106c797401000000006c79740100000000000000000000000000...
[  30.075]       <<< RX chan1 11B: 800000078323844f590000
[  30.126]       <<< RX chan1 11B: 800000078323884f590000
[  30.126]       <<< RX chan1 46B: 8000002a831b0100000001709154001b0400000001468c540001478c54000148...
[  30.126]       <<< RX chan1 11B: 800000078323904f590000
[  30.176]   DUMMY -> send ping 77B
[  30.176]       <<< RX chan1 11B: 800000078323944f590000
[  30.176]       <<< RX chan1 11B: 800000078323984f590000
[  30.176]       <<< RX chan1 11B: 8000000783239c4f590000
[  30.226]       <<< RX chan1 11B: 800000078323a04f590000
[  30.226]       <<< RX chan1 11B: 800000078323a44f590000
[  30.226]       <<< RX chan1 11B: 800000078323a84f590000
[  30.276]       <<< RX chan1 11B: 800000078323ac4f590000
[  30.276]       <<< RX chan1 11B: 800000078323b04f590000
[  30.276]       <<< RX chan1 27B: 80000017830d000000000000fdfefe0d000000000223b44f590000
[  30.301]   DUMMY <<< RX app=6 chan=1 81B: 8000004d0858fbbded5ddc184000000001505050505050505050505050505050...
[  30.301]       <<< RX chan1 11B: 800000078323b84f590000
[  30.316]       <<< RX chan1 11B: 800000078323bc4f590000
[  30.366]       <<< RX chan1 360B: 800001648323bc4f59000d050000004a0100005801000028b52ffd605800050a...
[  30.366]       <<< RX chan1 11B: 800000078323c44f590000
[  30.366]       <<< RX chan1 21B: 80000011831b01000000018791540023c84f590000
[  30.416]       <<< RX chan1 11B: 800000078323cc4f590000
[  30.416]       <<< RX chan1 11B: 800000078323d04f590000
[  30.416]       <<< RX chan1 11B: 800000078323d44f590000
[  30.466]       <<< RX chan1 11B: 800000078323d84f590000
[  30.466]       <<< RX chan1 11B: 800000078323dc4f590000
[  30.466]       <<< RX chan1 29B: 800000198307046808c5175b140007046808c51756140123e04f590000
[  30.517]       <<< RX chan1 11B: 800000078323e44f590000
[  30.517]       <<< RX chan1 11B: 800000078323e84f590000
[  30.517]       <<< RX chan1 11B: 800000078323ec4f590000
[quic] DATAGRAM 32B: 033800830510607b740100000000607b74010000000000000000010000000000
[  30.567]       <<< RX chan1 11B: 800000078323f04f590000
[  30.567]       <<< RX chan1 26B: 80000016831b02000000046d0e5256042257c05a23f44f590000
[  30.567]       <<< RX chan1 38B: 80000022830510607b740100000000607b740100000000000000000000000000...
[  30.617]       <<< RX chan1 21B: 80000011831b01000000019591540023fc4f590000
[  30.617]       <<< RX chan1 11B: 8000000783230050590000
[  30.617]       <<< RX chan1 27B: 80000017830d000000000000fdfdfe0d0000000002230450590000
[  30.668]       <<< RX chan1 11B: 8000000783230850590000
[  30.668]       <<< RX chan1 21B: 80000011831b01000000041293e005230c50590000
[  30.668]       <<< RX chan1 52B: 80000030830201b79154006900ff00000000008096184b000000000200000000...
[  30.718]       <<< RX chan1 11B: 8000000783231450590000
[  30.718]       <<< RX chan1 11B: 8000000783231850590000
[  30.718]       <<< RX chan1 11B: 8000000783231c50590000
[  30.768]       <<< RX chan1 11B: 8000000783232050590000
[  30.769]       <<< RX chan1 11B: 8000000783232450590000
[  30.769]       <<< RX chan1 11B: 8000000783232850590000
[  30.819]       <<< RX chan1 226B: 800000de831b0100000001a79154000201c19154006900ff0000000000809618...
[  30.819]       <<< RX chan1 11B: 8000000783233050590000
[  30.819]       <<< RX chan1 11B: 8000000783233450590000
[  30.869]       <<< RX chan1 277B: 80000111830204357ba1592b00ff0040d68ec20030e53f60d4a5c2020615526f...
[  30.869]       <<< RX chan1 11B: 8000000783233c50590000
[  30.869]       <<< RX chan1 27B: 80000017830d000000000000fdfcfe0d0000000002234050590000
[  30.920]       <<< RX chan1 11B: 8000000783234450590000
[  30.920]       <<< RX chan1 11B: 8000000783234850590000
[  30.920]       <<< RX chan1 21B: 80000011831b0100000001b7915400234c50590000
[  30.970]       <<< RX chan1 53B: 80000031831b0100000004caa88d4b0d000000000000fdfcff0d000000000000...
[  30.970]       <<< RX chan1 11B: 8000000783235450590000
[  30.970]       <<< RX chan1 21B: 80000011831b0100000001b8915400235850590000
[  31.020]       <<< RX chan1 11B: 8000000783235c50590000
[  31.020]       <<< RX chan1 11B: 8000000783236050590000
[  31.020]       <<< RX chan1 11B: 8000000783236450590000
[  31.071]       <<< RX chan1 61B: 80000039831b0100000001c19154001b0100000001c29154001b0100000001c3...
[  31.071]       <<< RX chan1 11B: 8000000783236c50590000
[  31.071]       <<< RX chan1 27B: 80000017830d000000000000fdfbfe0d0000000002237050590000
[quic] DATAGRAM 32B: 033900830510657d740100000000657d74010000000000000000010000000000
[  31.121]       <<< RX chan1 38B: 80000022830510657d740100000000657d740100000000000000000000000000...
[  31.121]       <<< RX chan1 11B: 8000000783237850590000
[  31.121]       <<< RX chan1 11B: 8000000783237c50590000
[  31.172]   DUMMY -> send ping 77B
[  31.172]       <<< RX chan1 21B: 80000011831b0100000001d1915400238050590000
[  31.172]       <<< RX chan1 11B: 8000000783238450590000
[  31.172]       <<< RX chan1 11B: 8000000783238850590000
[  31.222]       <<< RX chan1 11B: 8000000783238c50590000
[  31.222]       <<< RX chan1 21B: 80000011831b01000000049a98de1f239050590000
[  31.222]       <<< RX chan1 11B: 8000000783239450590000
[  31.273]       <<< RX chan1 11B: 8000000783239850590000
[  31.273]       <<< RX chan1 11B: 8000000783239c50590000
[  31.273]       <<< RX chan1 27B: 80000017830d000000000000fdfafe0d000000000223a050590000
[  31.296]   DUMMY <<< RX app=6 chan=1 81B: 8000004d0858fbbded5ddc184000000001505050505050505050505050505050...
[  31.296]       <<< RX chan1 21B: 80000011831b0100000001dc91540023a450590000
[  31.296]       <<< RX chan1 11B: 800000078323a850590000
[  31.312]       <<< RX chan1 35B: 8000001f830701b08254005a140000000000000000000000000000000023ac50...
[  31.362]       <<< RX chan1 38B: 800000228323ac5059000d000000000000fd02fe0d00000000030d0000000002...
[  31.362]       <<< RX chan1 81B: 8000004d830201f8915400cb00ff0000247449010000404104e00d9ac20058e6...
[  31.413]       <<< RX chan1 11B: 800000078323b850590000
[  31.413]       <<< RX chan1 11B: 800000078323bc50590000
[  31.413]       <<< RX chan1 11B: 800000078323c050590000
[  31.413]       <<< RX chan1 21B: 80000011831b0100000001e591540023c450590000
[  31.463]       <<< RX chan1 27B: 80000017830d000000000000fdf9fe0d000000000223c850590000
[  31.463]       <<< RX chan1 26B: 80000016831b0200000004dddb612404ac7f281323cc50590000
[  31.514]       <<< RX chan1 1154B: 8000055a830101be3a54001b2200000001db3c540001dc3c540001dd3c540001...
[  31.514]       <<< RX chan1 220B: ff016894540002016a9454002502ff06012172627861737365743a2f2f546578...
[  31.514]       <<< RX chan1 1154B: 800005478302016c9454002502ff020000000000000000000000000306011c72...
[  31.514]       <<< RX chan1 201B: 74657874757265732f53776f7264546578747572652e706e67ff017394540002...
[  31.514]       <<< RX chan1 945B: 800005108302013a935400d101ff000129687474703a2f2f7777772e726f626c...
[  31.514]       <<< RX chan1 355B: f9e340ab7e2a45d11351b5d56a6aceff0c811034ff01429254000201a4925400...
[  31.514]       <<< RX chan1 1154B: 80000541830201d1925400f701ff050563686565720902ff01a39254000201a9...
[  31.514]       <<< RX chan1 195B: 00011b726278617373657469643a2f2f39313933363232383730333837300590...
[  31.514]       <<< RX chan1 951B: 80000525830201da925400f701ff0505706f696e740902ff01a39254000201b9...
[  31.514]       <<< RX chan1 370B: ff00000000000000224005f8ff014294540002014f945400f701ff05046d6f6f...
[  31.514]       <<< RX chan1 410B: 80000196830201c69454005a01ff0000000000c009d740051f24417474726962...
[  31.514]       <<< RX chan1 11B: 800000078323d450590000
[  31.514]       <<< RX chan1 347B: 80000157830204ac6c390d5002ff000000c07f0000803f0000803f0512244174...
[  31.514]       <<< RX chan1 11B: 800000078323dc50590000
[  31.564]       <<< RX chan1 21B: 80000011831b0100000001ee91540023e050590000
[  31.565]       <<< RX chan1 36B: 80000020831b04000000046b724f5d043276200e04fb22351c04ac6c390d23e4...
[  31.565]       <<< RX chan1 11B: 800000078323e850590000
[quic] DATAGRAM 32B: 033a008305105a7f7401000000005a7f74010000000000000000010000000000
[  31.615]       <<< RX chan1 54B: 80000032830d000000000000fdf8fe0d000000000205105a7f7401000000005a...
[  31.615]       <<< RX chan1 367B: 8000016b831b01000000042cf428560d000000000000fffefe0d050000004201...
[  31.615]       <<< RX chan1 11B: 800000078323f450590000
[  31.665]       <<< RX chan1 11B: 800000078323f850590000
[  31.665]       <<< RX chan1 31B: 8000001b831b0100000001f69154000d000000000000fcf8fe23fc50590000
[  31.665]       <<< RX chan1 11B: 8000000783230051590000
[  31.716]       <<< RX chan1 11B: 8000000783230451590000
[  31.716]       <<< RX chan1 11B: 8000000783230851590000
[  31.716]       <<< RX chan1 17B: 8000000d830104d6efe949230c51590000
[  31.766]       <<< RX chan1 11B: 8000000783231051590000
[  31.766]       <<< RX chan1 11B: 8000000783231451590000
[  31.766]       <<< RX chan1 11B: 8000000783231851590000
[  31.817]       <<< RX chan1 274B: 8000010e8301040109a5071b020000000162915400016391540003010b705400...
[  31.817]       <<< RX chan1 11B: 8000000783232051590000
[  31.817]       <<< RX chan1 11B: 8000000783232451590000
[  31.867]       <<< RX chan1 11B: 8000000783232851590000
[  31.867]       <<< RX chan1 29B: 80000019830701157054005b1400070115705400561401232c51590000
[  31.867]       <<< RX chan1 21B: 80000011831b01000000040b768953233051590000
[  31.917]       <<< RX chan1 11B: 8000000783233451590000
[  31.917]       <<< RX chan1 47B: 8000002b830701157054005b14000701157054005614010701157054005b1400...
[  31.917]       <<< RX chan1 11B: 8000000783233c51590000
[  31.968]       <<< RX chan1 21B: 80000011830d000000000000fffdfe234051590000
[  31.968]       <<< RX chan1 29B: 80000019830701157054005b1400070115705400561401234451590000
[  31.968]       <<< RX chan1 11B: 8000000783234851590000
[  32.018]       <<< RX chan1 11B: 8000000783234c51590000
[  32.018]       <<< RX chan1 11B: 8000000783235051590000
[  32.018]       <<< RX chan1 11B: 8000000783235451590000
[  32.069]       <<< RX chan1 11B: 8000000783235851590000
[  32.069]       <<< RX chan1 11B: 8000000783235c51590000
[  32.069]       <<< RX chan1 11B: 8000000783236051590000
[quic] DATAGRAM 32B: 033b008305105e817401000000005e8174010000000000000000010000000000
[  32.119]       <<< RX chan1 11B: 8000000783236451590000
[  32.119]       <<< RX chan1 56B: 80000034830701157054005b140007011570540056140105105e817401000000...
[  32.119]       <<< RX chan1 11B: 8000000783236c51590000
[  32.169]       <<< RX chan1 11B: 8000000783237051590000
[  32.169]       <<< RX chan1 11B: 8000000783237451590000
[  32.169]       <<< RX chan1 47B: 8000002b830701b28254005b14000701b28254005614010701b28254005b1400...
[  32.219]   DUMMY -> send ping 77B
[  32.219]   DUMMY -> send sync 24B
[  32.219]       <<< RX chan1 11B: 8000000783237c51590000
[  32.219]       <<< RX chan1 55B: 80000033830701157054005a14000000000000000000000000000000001b0100...
[  32.219]       <<< RX chan1 11B: 8000000783238451590000
[  32.270]       <<< RX chan1 11B: 8000000783238851590000
[  32.270]       <<< RX chan1 11B: 8000000783238c51590000
[  32.270]       <<< RX chan1 29B: 80000019830701177054005b1400070117705400561401239051590000
[  32.320]       <<< RX chan1 59B: 80000037830701177054005a1400000000000000000000000000000000070115...
[  32.320]       <<< RX chan1 114B: 8000006e8302041cef9c645a01ff00000000e07cd1d740051c24417474726962...
[  32.320]       <<< RX chan1 11B: 8000000783239c51590000
[  32.342]   DUMMY <<< RX app=6 chan=1 81B: 8000004d0858fbbded5ddc184000000001505050505050505050505050505050...
[  32.342]       <<< RX chan1 46B: 8000002a83239c5159000701b18254005b14000701b182540056140101042566...
[  32.342]       <<< RX chan1 65B: 8000003d830701b18254005b14000701b18254005614010701177054005a1400...
[  32.358]       <<< RX chan1 29B: 80000019830701b28254005b14000701b282540056140123a851590000
[  32.408]       <<< RX chan1 77B: 80000049830701177054005a1400000000000000000000000000000000070117...
[  32.408]       <<< RX chan1 35B: 8000001f830701177054005a140000000000000000000000000000000023b051...
[  32.408]       <<< RX chan1 21B: 80000011830d000000000000fffbfe23b451590000
[  32.459]       <<< RX chan1 59B: 80000037830701177054005a1400000000000000000000000000000000070117...
[  32.459]       <<< RX chan1 11B: 800000078323bc51590000
[  32.509]       <<< RX chan1 35B: 8000001f830701177054005a140000000000000000000000000000000023c051...
[  32.509]       <<< RX chan1 29B: 80000019830701b18254005b14000701b182540056140123c451590000
[  32.509]       <<< RX chan1 35B: 8000001f830701b28254005b14000701b28254005614010d000000000223c851...
[  32.509]       <<< RX chan1 11B: 800000078323cc51590000
[  32.560]       <<< RX chan1 11B: 800000078323d051590000
[  32.560]       <<< RX chan1 11B: 800000078323d451590000
[  32.560]       <<< RX chan1 11B: 800000078323d851590000
[quic] DATAGRAM 32B: 033c008305105283740100000000528374010000000000000000010000000000
[  32.610]       <<< RX chan1 39B: 80000023830701b18254005b14000701b18254005614010d000000000000fd01...
[  32.610]       <<< RX chan1 88B: 80000054830701177054005a14000000000000000000000000000000001b0100...
[  32.610]       <<< RX chan1 11B: 800000078323e451590000
[  32.660]       <<< RX chan1 11B: 800000078323e851590000
[  32.661]       <<< RX chan1 11B: 800000078323ec51590000
[  32.661]       <<< RX chan1 11B: 800000078323f051590000
[  32.711]       <<< RX chan1 53B: 80000031830701177054005a14000000000000000000000000000000000701b1...
[  32.711]       <<< RX chan1 11B: 800000078323f851590000
[  32.711]       <<< RX chan1 11B: 800000078323fc51590000
[  32.761]       <<< RX chan1 11B: 8000000783230052590000
[  32.761]       <<< RX chan1 11B: 8000000783230452590000
[  32.761]       <<< RX chan1 11B: 8000000783230852590000
[  32.812]       <<< RX chan1 27B: 80000017830d000000000000fff9fe0d0000000002230c52590000
[  32.812]       <<< RX chan1 21B: 80000011831b01000000043a590009231052590000
[  32.812]       <<< RX chan1 11B: 8000000783231452590000
[  32.862]       <<< RX chan1 11B: 8000000783231852590000
[  32.862]       <<< RX chan1 11B: 8000000783231c52590000
[  32.862]       <<< RX chan1 35B: 8000001f830701177054005a1400000000000000000000000000000000232052...
[  32.912]       <<< RX chan1 11B: 8000000783232452590000
[  32.913]       <<< RX chan1 11B: 8000000783232852590000
[  32.913]       <<< RX chan1 11B: 8000000783232c52590000
[  32.963]       <<< RX chan1 21B: 80000011830d000000000000fff8ff233052590000
[  32.963]       <<< RX chan1 11B: 8000000783233452590000
[  32.963]       <<< RX chan1 11B: 8000000783233852590000
[  33.014]       <<< RX chan1 35B: 8000001f830701177054005a1400000000000000000000000000000000233c52...
[  33.014]       <<< RX chan1 11B: 8000000783234052590000
[  33.014]       <<< RX chan1 11B: 8000000783234452590000
[  33.064]       <<< RX chan1 11B: 8000000783234852590000
[  33.064]       <<< RX chan1 41B: 80000025830701177054005a14000000000000000000000000000000000104da...
[  33.064]       <<< RX chan1 11B: 8000000783235052590000
[quic] DATAGRAM 32B: 033d008305105785740100000000578574010000000000000000010000000000
[  33.114]       <<< RX chan1 11B: 8000000783235452590000
[  33.114]       <<< RX chan1 27B: 80000017830d000000000000fd01ff0d0000000003235852590000
[  33.114]       <<< RX chan1 38B: 8000002283051057857401000000005785740100000000000000000000000000...
[  33.165]       <<< RX chan1 11B: 8000000783236052590000
[  33.165]       <<< RX chan1 11B: 8000000783236452590000
[  33.165]       <<< RX chan1 142B: 8000008a830d000000000000fbff020d010000006b0000006200000028b52ffd...
[  33.215]   DUMMY -> send ping 77B
[  33.215]       <<< RX chan1 11B: 8000000783236c52590000
[  33.215]       <<< RX chan1 11B: 8000000783237052590000
[  33.215]       <<< RX chan1 21B: 80000011830d000000000000fbfe02237452590000
[  33.265]       <<< RX chan1 11B: 8000000783237852590000
[  33.265]       <<< RX chan1 11B: 8000000783237c52590000
[  33.265]       <<< RX chan1 11B: 8000000783238052590000
[  33.316]       <<< RX chan1 35B: 8000001f830701177054005a1400000000000000000000000000000000238452...
[  33.316]       <<< RX chan1 11B: 8000000783238852590000
[  33.316]       <<< RX chan1 11B: 8000000783238c52590000
[  33.337]   DUMMY <<< RX app=6 chan=1 81B: 8000004d0858fbbded5ddc184000000001505050505050505050505050505050...
[  33.337]       <<< RX chan1 46B: 8000002a83238c5259000701177054005a140000000000000000000000000000...
[  33.353]       <<< RX chan1 11B: 8000000783239452590000
[  33.403]       <<< RX chan1 35B: 8000001f830701177054005a1400000000000000000000000000000000239852...
[  33.403]       <<< RX chan1 35B: 8000001f830701177054005a1400000000000000000000000000000000239c52...
[  33.403]       <<< RX chan1 11B: 800000078323a052590000
[  33.453]       <<< RX chan1 11B: 800000078323a452590000
[  33.453]       <<< RX chan1 11B: 800000078323a852590000
[  33.454]       <<< RX chan1 11B: 800000078323ac52590000
[  33.504]       <<< RX chan1 21B: 80000011830d000000000000fbfd0323b052590000
[  33.504]       <<< RX chan1 29B: 80000019830701b28254005b14000701b282540056140123b452590000
[  33.504]       <<< RX chan1 11B: 800000078323b852590000
[  33.554]       <<< RX chan1 11B: 800000078323bc52590000
[  33.554]       <<< RX chan1 53B: 80000031830701177054005a14000000000000000000000000000000000701b2...
[  33.554]       <<< RX chan1 29B: 80000019830701b28254005b14000701b282540056140123c452590000
[  33.605]       <<< RX chan1 29B: 80000019830701b28254005b14000701b282540056140123c852590000
[  33.605]       <<< RX chan1 11B: 800000078323cc52590000
[  33.605]       <<< RX chan1 23B: 8000001383010431fc02760101d091540023d052590000
[quic] DATAGRAM 32B: 033e008305105b877401000000005c8774010000000000000000010000000000
[  33.656]       <<< RX chan1 11B: 800000078323d452590000
[  33.656]       <<< RX chan1 62B: 8000003a830701177054005a140000000000000000000000000000000005105b...
[  33.656]       <<< RX chan1 11B: 800000078323dc52590000
[  33.706]       <<< RX chan1 29B: 80000019830701b18254005b14000701b182540056140123e052590000
[  33.706]       <<< RX chan1 11B: 800000078323e452590000
[  33.706]       <<< RX chan1 67B: 8000003f830701b18254005b14000701b18254005614010701b28254005b1400...
[  33.756]       <<< RX chan1 11B: 800000078323ec52590000
[  33.757]       <<< RX chan1 29B: 80000019830701b18254005b14000701b182540056140123f052590000
[  33.757]       <<< RX chan1 29B: 80000019830701b18254005b14000701b182540056140123f452590000
[  33.807]       <<< RX chan1 11B: 800000078323f852590000
[  33.807]       <<< RX chan1 11B: 800000078323fc52590000
[  33.807]       <<< RX chan1 17B: 8000000d830d0000000002230053590000
[  33.807]       <<< RX chan1 27B: 80000017830d000000000000fafc030d0000000002230453590000
[  33.858]       <<< RX chan1 29B: 80000019830701b28254005b14000701b2825400561401230853590000
[  33.858]       <<< RX chan1 11B: 8000000783230c53590000
[  33.908]       <<< RX chan1 11B: 8000000783231053590000
[  33.908]       <<< RX chan1 39B: 80000023830701b18254005b14000701b18254005614010d000000000000fafb...
[  33.908]       <<< RX chan1 11B: 8000000783231853590000
[  33.908]       <<< RX chan1 11B: 8000000783231c53590000
[  33.959]       <<< RX chan1 11B: 8000000783232053590000
[  33.959]       <<< RX chan1 11B: 8000000783232453590000
[  33.959]       <<< RX chan1 11B: 8000000783232853590000
[  34.009]       <<< RX chan1 11B: 8000000783232c53590000
[  34.009]       <<< RX chan1 11B: 8000000783233053590000
[  34.009]       <<< RX chan1 29B: 80000019830701b18254005b14000701b1825400561401233453590000
[  34.059]       <<< RX chan1 11B: 8000000783233853590000
[  34.059]       <<< RX chan1 11B: 8000000783233c53590000
[  34.059]       <<< RX chan1 21B: 80000011830d000000000000fafa04234053590000
[  34.110]       <<< RX chan1 11B: 8000000783234453590000
[  34.110]       <<< RX chan1 11B: 8000000783234853590000
[  34.110]       <<< RX chan1 11B: 8000000783234c53590000
[quic] DATAGRAM 32B: 033f008305105f897401000000005f8974010000000000000000010000000000
[  34.160]       <<< RX chan1 11B: 8000000783235053590000
[  34.160]       <<< RX chan1 38B: 800000228305105f897401000000005f89740100000000000000000000000000...
[  34.160]       <<< RX chan1 11B: 8000000783235853590000
[  34.210]   DUMMY -> send ping 77B
[  34.210]       <<< RX chan1 11B: 8000000783235c53590000
[  34.210]       <<< RX chan1 11B: 8000000783236053590000
[  34.211]       <<< RX chan1 21B: 80000011830d000000000000faf904236453590000
[  34.261]       <<< RX chan1 11B: 8000000783236853590000
[  34.261]       <<< RX chan1 11B: 8000000783236c53590000
[  34.261]       <<< RX chan1 29B: 80000019830104dd03fc330101e89454000d0000000002237053590000
[  34.311]       <<< RX chan1 17B: 8000000d830101f8915400237453590000
[  34.311]       <<< RX chan1 11B: 8000000783237853590000
[  34.311]       <<< RX chan1 11B: 8000000783237c53590000
[  34.332]   DUMMY <<< RX app=6 chan=1 81B: 8000004d0858fbbded5ddc184000000001505050505050505050505050505050...
[  34.332]       <<< RX chan1 16B: 8000000c83237c535900238053590000
[  34.347]       <<< RX chan1 11B: 8000000783238453590000
[  34.398]       <<< RX chan1 21B: 80000011830d000000000000faf805238853590000
[  34.398]       <<< RX chan1 11B: 8000000783238c53590000
[  34.398]       <<< RX chan1 11B: 8000000783239053590000
[  34.449]       <<< RX chan1 11B: 8000000783239453590000
[  34.449]       <<< RX chan1 11B: 8000000783239853590000
[  34.449]       <<< RX chan1 11B: 8000000783239c53590000
[  34.499]       <<< RX chan1 11B: 800000078323a053590000
[  34.499]       <<< RX chan1 17B: 8000000d8301014c77540023a453590000
[  34.499]       <<< RX chan1 11B: 800000078323a853590000
[  34.549]       <<< RX chan1 11B: 800000078323ac53590000
[  34.549]       <<< RX chan1 11B: 800000078323b053590000
[  34.549]       <<< RX chan1 11B: 800000078323b453590000
[  34.600]       <<< RX chan1 11B: 800000078323b853590000
[  34.600]       <<< RX chan1 11B: 800000078323bc53590000
[  34.600]       <<< RX chan1 11B: 800000078323c053590000
[quic] DATAGRAM 33B: 03404000830510538b740100000000548b74010000000000000000010000000000
[  34.650]       <<< RX chan1 11B: 800000078323c453590000
[  34.650]       <<< RX chan1 11B: 800000078323c853590000
[  34.650]       <<< RX chan1 38B: 80000022830510538b740100000000548b740100000000000000000000000000...
[  34.701]       <<< RX chan1 11B: 800000078323d053590000
[  34.701]       <<< RX chan1 11B: 800000078323d453590000
[  34.701]       <<< RX chan1 11B: 800000078323d853590000
[  34.751]       <<< RX chan1 11B: 800000078323dc53590000
[  34.751]       <<< RX chan1 52B: 80000030830201dd9654006900ff00000000008096184b000000000200000000...
[  34.751]       <<< RX chan1 11B: 800000078323e453590000
[  34.802]       <<< RX chan1 11B: 800000078323e853590000
[  34.802]       <<< RX chan1 1154B: 8000055b831b0100000001539054000201fb9654005700ff080eff0151905400...
[  34.802]       <<< RX chan1 221B: 00803f0000803f28cdcc4c3e32003526b651230a784a3bb016ac233600000040...
[  34.802]       <<< RX chan1 1154B: 80000522830201099754006301ff000001000a000c806be1c1aa00c7404df65f...
[  34.802]       <<< RX chan1 164B: 00db420b000f08776b6973736b36351334ff010e00000002010d9654000701ff...
[  34.802]       <<< RX chan1 982B: 80000525830201eb9654005a01ff058dff010d9654000201ec9654005a01ff05...
[  34.802]       <<< RX chan1 339B: 001100ff000129687474703a2f2f7777772e726f626c6f782e636f6d2f617373...
[  34.802]       <<< RX chan1 1154B: 80000541830201a39654005a01ff00000000000000244005f8ff018896540002...
[  34.802]       <<< RX chan1 195B: 39363805a2ff01ba9754000201b7965400f701ff05037369740902ff017e9654...
[  34.802]       <<< RX chan1 951B: 80000624830201be975400f701ff05047377696d0902ff017e9654000201bf97...
[  34.802]       <<< RX chan1 625B: 00070151905400ba0f1112656e61626c6544796e616d6963486561647309011b...
[  34.802]       <<< RX chan1 481B: 800001dd830201d2975400de00ff0616436c6173736963466f7263654669656c...
[  34.802]       <<< RX chan1 11B: 800000078323f053590000
[  34.852]       <<< RX chan1 11B: 800000078323f453590000
[  34.852]       <<< RX chan1 96B: 8000005c830301f2965400d40e014b48656c6c6f5e333537363638363434365e...
[  34.852]       <<< RX chan1 11B: 800000078323fc53590000
[  34.903]       <<< RX chan1 11B: 8000000783230054590000
[  34.903]       <<< RX chan1 11B: 8000000783230454590000
[  34.903]       <<< RX chan1 29B: 80000019830701b28254005b14000701b2825400561401230854590000
[  34.953]       <<< RX chan1 11B: 8000000783230c54590000
[  34.954]       <<< RX chan1 11B: 8000000783231054590000
[  34.954]       <<< RX chan1 11B: 8000000783231454590000
[  35.004]       <<< RX chan1 47B: 8000002b830701b28254005b14000701b28254005614010701b28254005b1400...
[  35.004]       <<< RX chan1 1154B: 80001551831b0100000001dd96540003016c945400a127010142925400020118...
[  35.004]       <<< RX chan1 1154B: 2aba3744984d78a0cd60f6845002980c7a475e2649c1e32de6e074689a8a854d...
[  35.004]       <<< RX chan1 1154B: 4c90b474f723268b5242e2f1384412a38e524ddaa8782c46099148a9e3703834...
[  35.004]       <<< RX chan1 1154B: ff97b6a4512de9933ae3ff316ca8d8f4ebff79d0b1aee702d0b0a80baad8b3eb...
[  35.004]       <<< RX chan1 845B: 0e691159343c401cee1c67296a00008cd396b930e31f0ccebda4f76dc614c7d1...
[  35.004]       <<< RX chan1 11B: 8000000783231c54590000
[  35.004]       <<< RX chan1 127B: 8000007b830701b28254005b14000701b2825400561401020488b50c695002ff...
[  35.055]       <<< RX chan1 21B: 80000011830d000000000000fd01ff232454590000
[  35.055]       <<< RX chan1 11B: 8000000783232854590000
[  35.055]       <<< RX chan1 36B: 80000020831b0400000004e6805854044e3f4f60041b340c7a04f961ad52232c...
[  35.105]       <<< RX chan1 11B: 8000000783233054590000
[  35.105]       <<< RX chan1 11B: 8000000783233454590000
[  35.105]       <<< RX chan1 11B: 8000000783233854590000
[quic] DATAGRAM 33B: 03404100830510498d740100000000498d74010000000000000000010000000000
[  35.155]       <<< RX chan1 11B: 8000000783233c54590000
[  35.155]       <<< RX chan1 29B: 80000019830701b28254005b14000701b2825400561401234054590000
[  35.155]       <<< RX chan1 38B: 80000022830510498d740100000000498d740100000000000000000000000000...
[  35.206]   DUMMY -> send ping 77B
[  35.206]       <<< RX chan1 11B: 8000000783234854590000
[  35.206]       <<< RX chan1 11B: 8000000783234c54590000
[  35.206]       <<< RX chan1 11B: 8000000783235054590000
[  35.256]       <<< RX chan1 11B: 8000000783235454590000
[  35.256]       <<< RX chan1 11B: 8000000783235854590000
[  35.256]       <<< RX chan1 11B: 8000000783235c54590000
[  35.306]       <<< RX chan1 11B: 8000000783236054590000
[  35.306]       <<< RX chan1 11B: 8000000783236454590000
[  35.306]       <<< RX chan1 11B: 8000000783236854590000
[  35.328]   DUMMY <<< RX app=6 chan=1 81B: 8000004d0858fbbded5ddc184000000001505050505050505050505050505050...
[  35.328]       <<< RX chan1 11B: 8000000783236c54590000
[  35.328]       <<< RX chan1 16B: 8000000c83236c545900237054590000
[  35.343]       <<< RX chan1 106B: 80000066830204490bb2095a01ff000000002040d2d740051324417474726962...
[  35.394]       <<< RX chan1 11B: 8000000783237854590000
[  35.394]       <<< RX chan1 229B: 800000e1830301ea7e5400a1270101dc7d54000201449854002902ffff01eb7e...
[  35.394]       <<< RX chan1 11B: 8000000783238054590000
[  35.444]       <<< RX chan1 35B: 8000001f830701b28254005a1400000000000000000000000000000000238454...
[  35.444]       <<< RX chan1 41B: 80000025830701b28254005a14000000000000000000000000000000000d0000...
[  35.444]       <<< RX chan1 11B: 8000000783238c54590000
[  35.495]       <<< RX chan1 59B: 80000037830701b28254005a14000000000000000000000000000000000701b2...
[  35.495]       <<< RX chan1 11B: 8000000783239454590000
[  35.495]       <<< RX chan1 11B: 8000000783239854590000
[  35.545]       <<< RX chan1 11B: 8000000783239c54590000
[  35.545]       <<< RX chan1 11B: 800000078323a054590000
[  35.545]       <<< RX chan1 11B: 800000078323a454590000
[  35.596]       <<< RX chan1 35B: 8000001f830701b28254005a140000000000000000000000000000000023a854...
[  35.596]       <<< RX chan1 29B: 80000019830701b18254005b14000701b182540056140123ac54590000
[  35.596]       <<< RX chan1 29B: 80000019830701b18254005b14000701b182540056140123b054590000
[  35.646]       <<< RX chan1 29B: 80000019830701b18254005b14000701b182540056140123b454590000
[  35.646]       <<< RX chan1 53B: 80000031830701b28254005a14000000000000000000000000000000000701b1...
[  35.646]       <<< RX chan1 11B: 800000078323bc54590000
[quic] DATAGRAM 33B: 034042008305104c8f7401000000004c8f74010000000000000000010000000000
[  35.697]       <<< RX chan1 38B: 800000228305104c8f7401000000004c8f740100000000000000000000000000...
[  35.697]       <<< RX chan1 11B: 800000078323c454590000
[  35.697]       <<< RX chan1 11B: 800000078323c854590000
[  35.747]       <<< RX chan1 11B: 800000078323cc54590000
[  35.747]       <<< RX chan1 11B: 800000078323d054590000
[  35.747]       <<< RX chan1 11B: 800000078323d454590000
[  35.798]       <<< RX chan1 11B: 800000078323d854590000
[  35.798]       <<< RX chan1 11B: 800000078323dc54590000
[  35.798]       <<< RX chan1 29B: 80000019830701b18254005b14000701b182540056140123e054590000
[  35.848]       <<< RX chan1 11B: 800000078323e454590000
[  35.848]       <<< RX chan1 11B: 800000078323e854590000
[  35.848]       <<< RX chan1 11B: 800000078323ec54590000
[  35.899]       <<< RX chan1 11B: 800000078323f054590000
[  35.899]       <<< RX chan1 53B: 80000031830701177054005b14000701177054005614010701b18254005a1400...
[  35.899]       <<< RX chan1 11B: 800000078323f854590000
[  35.949]       <<< RX chan1 11B: 800000078323fc54590000
[  35.949]       <<< RX chan1 11B: 8000000783230055590000
[  35.949]       <<< RX chan1 11B: 8000000783230455590000
[  36.000]       <<< RX chan1 11B: 8000000783230855590000
[  36.000]       <<< RX chan1 11B: 8000000783230c55590000
[  36.000]       <<< RX chan1 11B: 8000000783231055590000
[  36.050]       <<< RX chan1 11B: 8000000783231455590000
[  36.050]       <<< RX chan1 11B: 8000000783231855590000
[  36.050]       <<< RX chan1 11B: 8000000783231c55590000
[  36.101]       <<< RX chan1 21B: 80000011831b01000000014c985400232055590000
[  36.101]       <<< RX chan1 11B: 8000000783232455590000
[  36.101]       <<< RX chan1 11B: 8000000783232855590000
[  36.151]       <<< RX chan1 11B: 8000000783232c55590000
[  36.151]       <<< RX chan1 11B: 8000000783233055590000
[  36.151]       <<< RX chan1 11B: 8000000783233455590000
[  36.201]   DUMMY -> send ping 77B
[quic] DATAGRAM 33B: 034043008305104091740100000000409174010000000000000000010000000000
[  36.202]       <<< RX chan1 38B: 8000002283051040917401000000004091740100000000000000000000000000...
[  36.202]       <<< RX chan1 11B: 8000000783233c55590000
[  36.202]       <<< RX chan1 11B: 8000000783234055590000
[  36.252]       <<< RX chan1 11B: 8000000783234455590000
[  36.252]       <<< RX chan1 11B: 8000000783234855590000
[  36.252]       <<< RX chan1 268B: 80000108831b02000000014191540001429154000301ae825400a12701019b82...
[  36.303]       <<< RX chan1 11B: 8000000783235055590000
[  36.303]       <<< RX chan1 11B: 8000000783235455590000
[  36.303]       <<< RX chan1 11B: 8000000783235855590000
[  36.324]   DUMMY <<< RX app=6 chan=1 81B: 8000004d0858fbbded5ddc184000000001505050505050505050505050505050...
[  36.324]       <<< RX chan1 29B: 800000198307043331f6625b140007043331f662561401235c55590000
[  36.324]       <<< RX chan1 16B: 8000000c83235c555900236055590000
[  36.341]       <<< RX chan1 11B: 8000000783236455590000
[  36.391]       <<< RX chan1 11B: 8000000783236855590000
[  36.391]       <<< RX chan1 11B: 8000000783236c55590000
[  36.391]       <<< RX chan1 11B: 8000000783237055590000
[  36.441]       <<< RX chan1 11B: 8000000783237455590000
[  36.441]       <<< RX chan1 21B: 80000011831b010000000155985400237855590000
[  36.441]       <<< RX chan1 50B: 8000002e830701b18254005a14000000000000000000000000000000001b0200...
[  36.491]       <<< RX chan1 11B: 8000000783238055590000
[  36.491]       <<< RX chan1 11B: 8000000783238455590000
[  36.491]       <<< RX chan1 21B: 80000011830d000000000000fd01ff238855590000
[  36.542]       <<< RX chan1 11B: 8000000783238c55590000
[  36.542]       <<< RX chan1 11B: 8000000783239055590000
[  36.542]       <<< RX chan1 11B: 8000000783239455590000
[  36.592]       <<< RX chan1 11B: 8000000783239855590000
[  36.592]       <<< RX chan1 11B: 8000000783239c55590000
[  36.592]       <<< RX chan1 11B: 800000078323a055590000
[  36.642]       <<< RX chan1 11B: 800000078323a455590000
[  36.642]       <<< RX chan1 11B: 800000078323a855590000
[  36.642]       <<< RX chan1 11B: 800000078323ac55590000
[quic] DATAGRAM 33B: 034044008305104593740100000000459374010000000000000000010000000000
[  36.693]       <<< RX chan1 11B: 800000078323b055590000
[  36.693]       <<< RX chan1 63B: 8000003b831b0400000001ea8e540001eb8e540001ec8e540001f79154000510...
[  36.693]       <<< RX chan1 11B: 800000078323b855590000
[  36.743]       <<< RX chan1 277B: 80000111830204d6b6fe7d2b00ff00a057e7c200a0d73f006023c1020615526f...
[  36.743]       <<< RX chan1 21B: 80000011831b01000000016098540023c055590000
[  36.743]       <<< RX chan1 11B: 800000078323c455590000
[  36.794]       <<< RX chan1 21B: 80000011831b01000000016198540023c855590000
[  36.794]       <<< RX chan1 11B: 800000078323cc55590000
[  36.794]       <<< RX chan1 11B: 800000078323d055590000
[  36.844]       <<< RX chan1 11B: 800000078323d455590000
[  36.844]       <<< RX chan1 29B: 80000019830704f713ea695b14000704f713ea6956140123d855590000
[  36.844]       <<< RX chan1 11B: 800000078323dc55590000
[  36.895]       <<< RX chan1 11B: 800000078323e055590000
[  36.895]       <<< RX chan1 11B: 800000078323e455590000
[  36.895]       <<< RX chan1 11B: 800000078323e855590000
[  36.945]       <<< RX chan1 11B: 800000078323ec55590000
[  36.945]       <<< RX chan1 11B: 800000078323f055590000
[  36.945]       <<< RX chan1 11B: 800000078323f455590000
[  36.996]       <<< RX chan1 11B: 800000078323f855590000
[  36.996]       <<< RX chan1 11B: 800000078323fc55590000
[  36.996]       <<< RX chan1 11B: 8000000783230056590000
[  37.046]       <<< RX chan1 11B: 8000000783230456590000
[  37.046]       <<< RX chan1 11B: 8000000783230856590000
[  37.046]       <<< RX chan1 11B: 8000000783230c56590000
[  37.096]       <<< RX chan1 21B: 80000011831b01000000016b985400231056590000
[  37.096]       <<< RX chan1 11B: 8000000783231456590000
[  37.096]       <<< RX chan1 21B: 80000011831b01000000016c985400231856590000
[  37.147]       <<< RX chan1 11B: 8000000783231c56590000
[  37.147]       <<< RX chan1 11B: 8000000783232056590000
[  37.147]       <<< RX chan1 73B: 800000458302047e317a7a5a01ff0000000040b3d2d740051224417474726962...
[  37.197]   DUMMY -> send ping 77B
[  37.197]   DUMMY -> send sync 24B
[quic] DATAGRAM 33B: 034045008305104995740100000000499574010000000000000000010000000000
[  37.197]       <<< RX chan1 11B: 8000000783232856590000
[  37.197]       <<< RX chan1 11B: 8000000783232c56590000
[  37.197]       <<< RX chan1 38B: 8000002283051049957401000000004995740100000000000000000000000000...
[  37.248]       <<< RX chan1 11B: 8000000783233456590000
[  37.248]       <<< RX chan1 11B: 8000000783233856590000
[  37.248]       <<< RX chan1 11B: 8000000783233c56590000
[  37.298]       <<< RX chan1 11B: 8000000783234056590000
[  37.298]       <<< RX chan1 11B: 8000000783234456590000
[  37.298]       <<< RX chan1 11B: 8000000783234856590000
[  37.320]   DUMMY <<< RX app=6 chan=1 81B: 8000004d0858fbbded5ddc184000000001505050505050505050505050505050...
[  37.320]       <<< RX chan1 11B: 8000000783234c56590000
[  37.335]       <<< RX chan1 26B: 8000001683234c5659001b010000000179985400235056590000
[  37.386]       <<< RX chan1 11B: 8000000783235456590000
[  37.386]       <<< RX chan1 11B: 8000000783235856590000
[  37.386]       <<< RX chan1 11B: 8000000783235c56590000
[  37.436]       <<< RX chan1 11B: 8000000783236056590000
[  37.436]       <<< RX chan1 11B: 8000000783236456590000
[  37.436]       <<< RX chan1 21B: 80000011831b01000000017a985400236856590000
[  37.487]       <<< RX chan1 11B: 8000000783236c56590000
[  37.487]       <<< RX chan1 11B: 8000000783237056590000
[  37.487]       <<< RX chan1 11B: 8000000783237456590000
[  37.537]       <<< RX chan1 364B: 80000168830d000000000000fdfeff0d00000000030d05000000430100004b01...
[  37.537]       <<< RX chan1 29B: 8000001983070449d0ed3e5b1400070449d0ed3e561401237c56590000
[  37.537]       <<< RX chan1 11B: 8000000783238056590000
[  37.588]       <<< RX chan1 11B: 8000000783238456590000
[  37.588]       <<< RX chan1 11B: 8000000783238856590000
[  37.588]       <<< RX chan1 21B: 80000011831b010000000182985400238c56590000
[  37.638]       <<< RX chan1 11B: 8000000783239056590000
[  37.638]       <<< RX chan1 73B: 80000045830101367a54000301d4db5300ec1601001b0100000001d7db530001...
[  37.638]       <<< RX chan1 11B: 8000000783239856590000
[  37.688]       <<< RX chan1 11B: 8000000783239c56590000
[  37.688]       <<< RX chan1 41B: 80000025831b05000000048940001c0496654f30044c94e55d0449d0ed3e04ba...
[  37.688]       <<< RX chan1 11B: 800000078323a456590000
[quic] DATAGRAM 33B: 034046008305103d977401000000003e9774010000000000000000010000000000
[  37.739]       <<< RX chan1 38B: 800000228305103d977401000000003e97740100000000000000000000000000...
[  37.739]       <<< RX chan1 258B: 800000fe831b0200000001ff9454000100955400030113705400a12701010070...
[  37.739]       <<< RX chan1 21B: 80000011831b01000000018798540023b056590000
[  37.789]       <<< RX chan1 11B: 800000078323b456590000
[  37.789]       <<< RX chan1 11B: 800000078323b856590000
[  37.789]       <<< RX chan1 11B: 800000078323bc56590000
[  37.840]       <<< RX chan1 21B: 80000011831b01000000018a98540023c056590000
[  37.840]       <<< RX chan1 11B: 800000078323c456590000
[  37.840]       <<< RX chan1 21B: 80000011830d000000000000fdfdff23c856590000
[  37.890]       <<< RX chan1 29B: 800000198307041730f04a5b140007041730f04a56140123cc56590000
[  37.890]       <<< RX chan1 11B: 800000078323d056590000
[  37.890]       <<< RX chan1 11B: 800000078323d456590000
[  37.941]       <<< RX chan1 11B: 800000078323d856590000
[  37.941]       <<< RX chan1 11B: 800000078323dc56590000
[  37.941]       <<< RX chan1 11B: 800000078323e056590000
[  37.991]       <<< RX chan1 11B: 800000078323e456590000
[  37.991]       <<< RX chan1 11B: 800000078323e856590000
[  37.991]       <<< RX chan1 11B: 800000078323ec56590000
[  37.991]       <<< RX chan1 31B: 8000001b831b01000000019f9854001b01000000019e98540023f056590000
[  38.041]       <<< RX chan1 21B: 80000011831b0100000004f72e576623f456590000
[  38.041]       <<< RX chan1 11B: 800000078323f856590000
[  38.041]       <<< RX chan1 11B: 800000078323fc56590000
[  38.092]       <<< RX chan1 11B: 8000000783230057590000
[  38.092]       <<< RX chan1 39B: 80000023830704ed21d7515b14000704ed21d7515614010d000000000000fdfc...
[  38.092]       <<< RX chan1 11B: 8000000783230857590000
[  38.142]       <<< RX chan1 11B: 8000000783230c57590000
[  38.142]       <<< RX chan1 36B: 80000020831b040000000446aac71b04243bfa6404af9747010408d0d07c2310...
[  38.142]       <<< RX chan1 11B: 8000000783231457590000
[  38.192]   DUMMY -> send ping 77B
[quic] DATAGRAM 33B: 034047008305103299740100000000329974010000000000000000010000000000
[  38.192]       <<< RX chan1 11B: 8000000783231857590000
[  38.192]       <<< RX chan1 21B: 80000011831b0100000001ab985400231c57590000
[  38.192]       <<< RX chan1 56B: 80000034830704d80e94555b14000704d80e9455561401051032997401000000...
[  38.243]       <<< RX chan1 11B: 8000000783232457590000
[  38.243]       <<< RX chan1 11B: 8000000783232857590000
[  38.243]       <<< RX chan1 91B: 80000057831b0100000001ae9854000201bd9854006900ff0000000000809618...
[  38.293]       <<< RX chan1 11B: 8000000783233057590000
[  38.293]       <<< RX chan1 11B: 8000000783233457590000
[  38.293]       <<< RX chan1 21B: 80000011830d000000000000fdfbff233857590000
[  38.315]   DUMMY <<< RX app=6 chan=1 81B: 8000004d0858fbbded5ddc184000000001505050505050505050505050505050...
[  38.315]       <<< RX chan1 11B: 8000000783233c57590000
[  38.331]       <<< RX chan1 16B: 8000000c83233c575900234057590000
[  38.381]       <<< RX chan1 21B: 80000011831b0100000001af985400234457590000
[  38.381]       <<< RX chan1 11B: 8000000783234857590000
[  38.381]       <<< RX chan1 11B: 8000000783234c57590000
[  38.431]       <<< RX chan1 11B: 8000000783235057590000
[  38.432]       <<< RX chan1 11B: 8000000783235457590000
[  38.432]       <<< RX chan1 11B: 8000000783235857590000
[  38.482]       <<< RX chan1 11B: 8000000783235c57590000
[  38.482]       <<< RX chan1 21B: 80000011831b0100000001b5985400236057590000
[  38.482]       <<< RX chan1 11B: 8000000783236457590000
[  38.532]       <<< RX chan1 41B: 80000025831b0100000001ba9854001b0100000001bd9854000d000000000000...
[  38.532]       <<< RX chan1 11B: 8000000783236c57590000
[  38.532]       <<< RX chan1 39B: 80000023830704556f04555b14000704556f04555614010d000000000000fd01...
[  38.583]       <<< RX chan1 11B: 8000000783237457590000
[  38.583]       <<< RX chan1 357B: 80000161830204d58af0242b00ff000080bfc200e80c4000e4d7c1020615526f...
[  38.583]       <<< RX chan1 721B: 800002cd830201e99854005b0100013a845200ff050763726561746f72ff010d...
[  38.633]       <<< RX chan1 11B: 8000000783238057590000
[  38.633]       <<< RX chan1 11B: 8000000783238457590000
[  38.633]       <<< RX chan1 21B: 80000011831b0100000001c8985400238857590000
[  38.684]       <<< RX chan1 11B: 8000000783238c57590000
[  38.684]       <<< RX chan1 61B: 80000039831b0100000001cb9854001b050000000433fe5b1d04f217024604f0...
[  38.684]       <<< RX chan1 11B: 8000000783239457590000
[quic] DATAGRAM 33B: 03404800830510379b740100000000379b74010000000000000000010000000000
[  38.734]       <<< RX chan1 11B: 8000000783239857590000
[  38.734]       <<< RX chan1 48B: 8000002c831b01000000041730f04a0510379b740100000000379b7401000000...
[  38.734]       <<< RX chan1 29B: 80000019830704312f337b5b14000704312f337b56140123a057590000
[  38.785]       <<< RX chan1 21B: 80000011831b0100000001d198540023a457590000
[  38.785]       <<< RX chan1 11B: 800000078323a857590000
[  38.785]       <<< RX chan1 11B: 800000078323ac57590000
[  38.835]       <<< RX chan1 11B: 800000078323b057590000
[  38.835]       <<< RX chan1 21B: 80000011830d000000000000fdf8ff23b457590000
[  38.835]       <<< RX chan1 11B: 800000078323b857590000
[  38.885]       <<< RX chan1 21B: 80000011831b0100000001dc98540023bc57590000
[  38.885]       <<< RX chan1 39B: 80000023831b0100000001e59854000704dc8cf54d5b14000704dc8cf54d5614...
[  38.885]       <<< RX chan1 11B: 800000078323c457590000
[  38.936]       <<< RX chan1 11B: 800000078323c857590000
[  38.936]       <<< RX chan1 11B: 800000078323cc57590000
[  38.936]       <<< RX chan1 27B: 80000017830d000000000000fd02fe0d000000000223d057590000
[  38.986]       <<< RX chan1 17B: 8000000d830104fa33026723d457590000
[  38.986]       <<< RX chan1 11B: 800000078323d857590000
[  38.986]       <<< RX chan1 11B: 800000078323dc57590000
[  39.036]       <<< RX chan1 142B: 8000008a830d0000000000000101ff0d010000006b0000006200000028b52ffd...
[  39.036]       <<< RX chan1 21B: 80000011831b01000000010a99540023e457590000
[  39.037]       <<< RX chan1 11B: 800000078323e857590000
[  39.087]       <<< RX chan1 11B: 800000078323ec57590000
[  39.087]       <<< RX chan1 21B: 80000011831b0100000004d80e945523f057590000
[  39.087]       <<< RX chan1 29B: 80000019830704c630fc6d5b14000704c630fc6d56140123f457590000
[  39.137]       <<< RX chan1 11B: 800000078323f857590000
[  39.137]       <<< RX chan1 11B: 800000078323fc57590000
[  39.137]       <<< RX chan1 11B: 8000000783230058590000
[  39.187]   DUMMY -> send ping 77B
[  39.188]       <<< RX chan1 11B: 8000000783230458590000
[  39.188]       <<< RX chan1 21B: 80000011831b010000000120995400230858590000
[  39.188]       <<< RX chan1 11B: 8000000783230c58590000
[quic] DATAGRAM 33B: 034049008305103c9d7401000000003c9d74010000000000000000010000000000
[  39.238]       <<< RX chan1 11B: 8000000783231058590000
[  39.238]       <<< RX chan1 11B: 8000000783231458590000
[  39.238]       <<< RX chan1 1119B: 8000151483020145995400cb00ff0000247449010000404104e01684c200f0e5...
[  39.238]       <<< RX chan1 1154B: 5d21437f1f6b414308f84bdfc5f2d060a1de7172a1a2f68596e1852c1fa71b15...
[  39.238]       <<< RX chan1 1154B: 9386562183bfa161f32d2f2778084ab448393f98b182d3c9cf04da18218c30f4...
[  39.238]       <<< RX chan1 1154B: cb6664fa6727c7a4d005ae33531582d008164d073afeff0eca349548487002a5...
[  39.238]       <<< RX chan1 819B: c5602b793678c874c2dda62f14f5a26cbd27865afd45b88d12a24972f9ce6a14...
[  39.238]       <<< RX chan1 11B: 8000000783231858590000
[  39.288]       <<< RX chan1 258B: 800000fe831b020000000159985400015a98540003019c825400a12701019b82...
[  39.289]       <<< RX chan1 11B: 8000000783232058590000
[  39.289]       <<< RX chan1 11B: 8000000783232458590000
[  39.311]   DUMMY <<< RX app=6 chan=1 81B: 8000004d0858fbbded5ddc184000000001505050505050505050505050505050...
[  39.311]       <<< RX chan1 86B: 80000052831b01000000012c9954001b04000000042d0e924704483987010464...
[  39.311]       <<< RX chan1 29B: 80000019830701b08254005b14000701b0825400561401232c58590000
[  39.327]       <<< RX chan1 16B: 8000000c83232c585900233058590000
[  39.377]       <<< RX chan1 162B: 8000009e830701b08254005b14000701b08254005614010d000000000000ff01...
[  39.377]       <<< RX chan1 351B: 8000015b830d000000000000fefeff0d050000003c0100004b01000028b52ffd...
[  39.377]       <<< RX chan1 21B: 80000011830d000000000000ff0101233c58590000
[  39.428]       <<< RX chan1 21B: 80000011831b0100000004556f0455234058590000
[  39.428]       <<< RX chan1 57B: 80000035830701b08254005b14000701b08254005614010701b08254005b1400...
[  39.428]       <<< RX chan1 29B: 8000001983070463b42a745b1400070463b42a74561401234858590000
[  39.478]       <<< RX chan1 11B: 8000000783234c58590000
[  39.478]       <<< RX chan1 31B: 8000001b830d000000000000ff01010d000000000000ff02ff235058590000
[  39.478]       <<< RX chan1 160B: 8000009c8301041c4bda6401016a9854000d0000000000000501ff0d00000000...
[  39.529]       <<< RX chan1 11B: 8000000783235858590000
[  39.529]       <<< RX chan1 21B: 80000011830d000000000000fefe00235c58590000
[  39.529]       <<< RX chan1 31B: 8000001b831b0100000001439954000d000000000000fe0101236058590000
[  39.579]       <<< RX chan1 27B: 80000017830d000000000000fe01010d0000000003236458590000
[  39.579]       <<< RX chan1 29B: 80000019830701b08254005b14000701b0825400561401236858590000
[  39.579]       <<< RX chan1 162B: 8000009e831b0100000001fa9854000d0000000000000001fe0d000000000000...
[  39.630]       <<< RX chan1 11B: 8000000783237058590000
[  39.630]       <<< RX chan1 21B: 80000011830d000000000000ff0300237458590000
[  39.630]       <<< RX chan1 21B: 80000011830d000000000000fe0101237858590000
[  39.680]       <<< RX chan1 59B: 80000037830701b08254005b14000701b08254005614011b0200000004271329...
[  39.680]       <<< RX chan1 41B: 80000025831b05000000043358a6360416e2dd3b0483c6ce7f04c630fc6d043a...
[  39.680]       <<< RX chan1 11B: 8000000783238458590000
[  39.731]       <<< RX chan1 183B: 800000b3831b0400000004dfd0024f04b60b404604c4e7d57e040a6b69350d00...
[  39.731]       <<< RX chan1 21B: 80000011830d000000000000fe0101238c58590000
[  39.731]       <<< RX chan1 21B: 80000011831b0100000004dc8cf54d239058590000
[quic] DATAGRAM 33B: 03404a008305103f9f7401000000003f9f74010000000000000000010000000000
[  39.781]       <<< RX chan1 70B: 80000042830d0000000000000600ff0d00000000030d00000000010d00000000...
[  39.781]       <<< RX chan1 11B: 8000000783239858590000
[  39.781]       <<< RX chan1 11B: 8000000783239c58590000
[  39.832]       <<< RX chan1 177B: 800000ad831b04000000040c49423a0490aeb85f04df0c336f0450f318220d00...
[  39.832]       <<< RX chan1 11B: 800000078323a458590000
[  39.832]       <<< RX chan1 21B: 80000011830d000000000000fd010123a858590000
[  39.882]       <<< RX chan1 29B: 80000019830704569ec4195b14000704569ec41956140123ac58590000
[  39.882]       <<< RX chan1 17B: 8000000d830d000000000223b058590000
[  39.882]       <<< RX chan1 27B: 80000017830d000000000000fd01010d000000000223b458590000
[  39.933]       <<< RX chan1 11B: 800000078323b858590000
[  39.933]       <<< RX chan1 11B: 800000078323bc58590000
[  39.933]       <<< RX chan1 29B: 80000019830701b08254005b14000701b082540056140123c058590000
[  39.983]       <<< RX chan1 11B: 800000078323c458590000
[  39.983]       <<< RX chan1 21B: 80000011830d000000000000fefc0023c858590000
[  39.983]       <<< RX chan1 11B: 800000078323cc58590000
[  40.033]       <<< RX chan1 152B: 80000094830d00000000000000ff050d0000000000000800ff0d010000006b00...
[  40.033]       <<< RX chan1 27B: 80000017830d000000000000fd01fe0d000000000223d458590000
[  40.033]       <<< RX chan1 11B: 800000078323d858590000
[  40.084]       <<< RX chan1 11B: 800000078323dc58590000
[  40.084]       <<< RX chan1 31B: 8000001b830d00000000000000ff060d00000000000004fe0123e058590000
[  40.084]       <<< RX chan1 11B: 800000078323e458590000
[  40.134]       <<< RX chan1 31B: 8000001b830d000000000000ffff060d0000000000000100fb23e858590000
[  40.134]       <<< RX chan1 75B: 80000047830704806da31f5b14000704806da31f5614011b0500000004579ec9...
[  40.134]       <<< RX chan1 21B: 80000011830d0000000000000800fe23f058590000
[  40.184]   DUMMY -> send ping 77B
[  40.184]       <<< RX chan1 148B: 80000090830d00000000000007ff030d00000000020d010000006b0000006200...
[  40.184]       <<< RX chan1 21B: 80000011830d00000000000001fffb23f858590000
[  40.184]       <<< RX chan1 21B: 80000011830d000000000000fefb0023fc58590000
[  40.235]       <<< RX chan1 11B: 8000000783230059590000
[  40.235]       <<< RX chan1 31B: 8000001b830d00000000000008fffe0d000000000000fe0203230459590000
[  40.235]       <<< RX chan1 11B: 8000000783230859590000
[quic] DATAGRAM 33B: 03404b0083051034a174010000000034a174010000000000000000010000000000
[  40.285]       <<< RX chan1 48B: 8000002c830d00000000000009fffe051034a174010000000034a17401000000...
[  40.285]       <<< RX chan1 11B: 8000000783231059590000
[  40.285]       <<< RX chan1 11B: 8000000783231459590000
[  40.308]   DUMMY <<< RX app=6 chan=1 81B: 8000004d0858fbbded5ddc184000000001505050505050505050505050505050...
[  40.308]       <<< RX chan1 11B: 8000000783231859590000
[  40.308]       <<< RX chan1 21B: 80000011830d000000000000fffe06231c59590000
[  40.324]       <<< RX chan1 36B: 8000002083231c5959000d000000000000fe02040d00000000000004fd012320...
[  40.374]       <<< RX chan1 11B: 8000000783232459590000
[  40.374]       <<< RX chan1 304B: 8000012c831b02000000014b995400014c9954000301ae825400a12700019b82...
[  40.425]       <<< RX chan1 11B: 8000000783232c59590000
[  40.425]       <<< RX chan1 41B: 80000025831b05000000044600a93e04fcd14b5904af5b974d04569ec419046d...
[  40.425]       <<< RX chan1 78B: 8000004a831b04000000040347f04a0443ae977504c61bd94d043dea70540d00...
[  40.425]       <<< RX chan1 11B: 8000000783233859590000
[  40.475]       <<< RX chan1 29B: 8000001983070479a1b3565b1400070479a1b356561401233c59590000
[  40.475]       <<< RX chan1 21B: 80000011830d00000000000008fe04234059590000
[  40.475]       <<< RX chan1 27B: 80000017830d00000000000000fefa0d0000000003234459590000
[  40.526]       <<< RX chan1 158B: 8000009a830d0000000000000301fe0d000000000000fb00000d00000000020d...
[  40.526]       <<< RX chan1 33B: 8000001d830d00000000000009fefe0d00000000030d0000000001234c595900...
[  40.526]       <<< RX chan1 154B: 80000096830d000000000000fd00040d000000000000fef9000d010000006d00...
[  40.576]       <<< RX chan1 33B: 8000001d830d00000000000004fc010d00000000030d00000000012354595900...
[  40.576]       <<< RX chan1 11B: 8000000783235859590000
[  40.576]       <<< RX chan1 21B: 80000011830d000000000000fffd07235c59590000
[  40.627]       <<< RX chan1 21B: 80000011830d000000000000fdf900236059590000
[  40.627]       <<< RX chan1 11B: 8000000783236459590000
[  40.677]       <<< RX chan1 249B: 800000f5830301ea7e5400a1270101dc7d54000201c99954002902ffff01eb7e...
[  40.677]       <<< RX chan1 11B: 8000000783236c59590000
[  40.677]       <<< RX chan1 51B: 8000002f831b0500000004a2e5f56f04d1de1d29040f3c207604806da31f0445...
[  40.677]       <<< RX chan1 29B: 80000019830704674c36245b14000704674c3624561401237459590000
[  40.728]       <<< RX chan1 43B: 80000027830d0000000000000401fd0d00000000010d000000000000fdf8000d...
[  40.728]       <<< RX chan1 31B: 8000001b830d00000000000008fd040d00000000000000fdf9237c59590000
[  40.728]       <<< RX chan1 21B: 80000011830d00000000000009fd04238059590000
[quic] DATAGRAM 33B: 03404c0083051028a374010000000028a374010000000000000000010000000000
[  40.778]       <<< RX chan1 70B: 80000042830d0000000000000afdfd0d00000000030d00000000010d00000000...
[  40.778]       <<< RX chan1 21B: 80000011830d000000000000fd0104238859590000
[  40.778]       <<< RX chan1 69B: 80000041830d000000000000fefc070d00000000030d000000000000fefd070d...
[  40.828]       <<< RX chan1 11B: 8000000783239059590000
[  40.828]       <<< RX chan1 27B: 80000017830104f5e341460d00000000000009fd05239459590000
[  40.829]       <<< RX chan1 21B: 80000011830d000000000000fa0001239859590000
[  40.879]       <<< RX chan1 26B: 80000016831b0200000004357ba1590409c2590f239c59590000
[  40.879]       <<< RX chan1 11B: 800000078323a059590000
[  40.879]       <<< RX chan1 21B: 80000011830d000000000000fd000523a459590000
[  40.929]       <<< RX chan1 11B: 800000078323a859590000
[  40.929]       <<< RX chan1 57B: 80000035830d00000000000009fc050d00000000000000fcf80d00000000010d...
[  40.929]       <<< RX chan1 21B: 80000011830d000000000000fdff0523b059590000
[  40.979]       <<< RX chan1 11B: 800000078323b459590000
[  40.979]       <<< RX chan1 278B: 80000112831b0200000001a398540001a4985400030101705400a12701010070...
[  40.979]       <<< RX chan1 31B: 8000001b830d000000000000fefb080d000000000000fd000423bc59590000
[  41.030]       <<< RX chan1 51B: 8000002f831b05000000046a6eac1d0430b6e462045470d5720479a1b356049c...
[  41.030]       <<< RX chan1 126B: 8000007a830204b4a9544f5a01ff00000000c0aad3d740051324417474726962...
[  41.030]       <<< RX chan1 11B: 800000078323c859590000
[  41.080]       <<< RX chan1 11B: 800000078323cc59590000
[  41.080]       <<< RX chan1 21B: 80000011830d0000000000000afc0523d059590000
[  41.080]       <<< RX chan1 21B: 80000011830d00000000000005f90123d459590000
[  41.131]       <<< RX chan1 27B: 80000017830d00000000000009fb050d000000000323d859590000
[  41.131]       <<< RX chan1 21B: 80000011830d00000000000000fbf823dc59590000
[  41.131]       <<< RX chan1 11B: 800000078323e059590000
[  41.181]   DUMMY -> send ping 77B
[  41.181]       <<< RX chan1 43B: 80000027830d000000000000fefa080d00000000020d00000000010d00000000...
[  41.181]       <<< RX chan1 47B: 8000002b830d000000000000f9ff010d00000000030d000000000000f900010d...
[  41.181]       <<< RX chan1 21B: 80000011830d00000000000000fbf723ec59590000
[  41.232]       <<< RX chan1 21B: 80000011830d0000000000000cfbfc23f059590000
[  41.232]       <<< RX chan1 41B: 80000025831b0500000004b82c553304fba1c96c04dfe56d4104674c362404bb...
[  41.232]       <<< RX chan1 21B: 80000011830d00000000000005f80123f859590000
[quic] DATAGRAM 33B: 03404d008305102ca57401000000002ca574010000000000000000010000000000
[  41.282]       <<< RX chan1 37B: 80000021830d000000000000fcff060d000000000000fdff040d000000000223...
[  41.282]       <<< RX chan1 58B: 80000036830d0000000000000500fd0d0000000000000dfbfc05102ca5740100...
[  41.282]       <<< RX chan1 31B: 8000001b830d0000000000000afa050d00000000000000faf723045a590000
[  41.304]   DUMMY <<< RX app=6 chan=1 81B: 8000004d0858fbbded5ddc184000000001505050505050505050505050505050...
[  41.304]       <<< RX chan1 37B: 80000021830d0000000000000600fd0d00000000010d000000000000fcff0523...
[  41.319]       <<< RX chan1 174B: 800000aa830204b1ad3f535a01ff0000000000bed3d740051224417474726962...
[  41.370]       <<< RX chan1 48B: 8000002c83230c5a59000104a1376a0f0101e49854000d000000000000fcfe06...
[  41.370]       <<< RX chan1 17B: 8000000d8301013888540023145a590000
[  41.370]       <<< RX chan1 11B: 800000078323185a590000
[  41.420]       <<< RX chan1 21B: 80000011830d000000000000f9ff02231c5a590000
[  41.420]       <<< RX chan1 21B: 80000011830d0000000000000bfa0523205a590000
[  41.420]       <<< RX chan1 11B: 800000078323245a590000
[  41.470]       <<< RX chan1 37B: 80000021830d0000000000000af9050d00000000030d00000000000000f9f723...
[  41.470]       <<< RX chan1 31B: 8000001b830d000000000000fef8090d000000000000fcfe05232c5a590000
[  41.470]       <<< RX chan1 41B: 80000025830d000000000000fdf8090d00000000000000f9f60d000000000000...
[  41.521]       <<< RX chan1 121B: 80000075831b0100000001999454001b13000000019a945400019b945400019c...
[  41.521]       <<< RX chan1 49B: 8000002d830101e79854000d000000000000fdf80a0d00000000030d00000000...
[  41.521]       <<< RX chan1 11B: 8000000783233c5a590000
[  41.571]       <<< RX chan1 21B: 80000011830d0000000000000ef9fc23405a590000
[  41.571]       <<< RX chan1 36B: 80000020831b020000000477390d5b04fe30f2680d0000000000000bf9062344...
[  41.571]       <<< RX chan1 37B: 80000021830d0000000000000bf8050d00000000020d000000000000f8fe0223...
[  41.622]       <<< RX chan1 27B: 80000017830101378854000d00000000000000f8f6234c5a590000
[  41.622]       <<< RX chan1 43B: 80000027830d00000000000006fffd0d00000000030d00000000010d00000000...
[  41.622]       <<< RX chan1 31B: 8000001b830d0000000000000ef8fc0d000000000000fcfd0723545a590000
[  41.672]       <<< RX chan1 11B: 800000078323585a590000
[  41.672]       <<< RX chan1 21B: 80000011830d000000000000fcfd05235c5a590000
[  41.672]       <<< RX chan1 11B: 800000078323605a590000
[  41.723]       <<< RX chan1 17B: 8000000d8301016288540023645a590000
[  41.723]       <<< RX chan1 17B: 8000000d8301018088540023685a590000
[  41.723]       <<< RX chan1 21B: 80000011831b0100000001fd995400236c5a590000
[quic] DATAGRAM 33B: 03404e0083051021a774010000000021a774010000000000000000010000000000
[  41.773]       <<< RX chan1 27B: 80000017830101368854000d00000000000007fffc23705a590000
[  41.773]       <<< RX chan1 11B: 800000078323745a590000
[  41.773]       <<< RX chan1 38B: 8000002283051021a774010000000021a7740100000000000000000000000000...
[  41.824]       <<< RX chan1 21B: 80000011831b0100000001029a5400237c5a590000
[  41.824]       <<< RX chan1 11B: 800000078323805a590000
[  41.824]       <<< RX chan1 37B: 80000021830d000000000000fbfc050d00000000030d000000000000fbfd0523...
[  41.824]       <<< RX chan1 37B: 80000021830d000000000000f7fd020d00000000030d000000000000f7fe0223...
[  41.874]       <<< RX chan1 37B: 80000021830d00000000000007fefc0d00000000020d000000000000fcfc0723...
[  41.874]       <<< RX chan1 11B: 800000078323905a590000
[  41.925]       <<< RX chan1 11B: 800000078323945a590000
[  41.925]       <<< RX chan1 11B: 800000078323985a590000
[  41.925]       <<< RX chan1 21B: 80000011830d00000000000008fefc239c5a590000
[  41.925]       <<< RX chan1 11B: 800000078323a05a590000
[  41.975]       <<< RX chan1 11B: 800000078323a45a590000
[  41.975]       <<< RX chan1 21B: 80000011830d000000000000fcfc0823a85a590000
[  42.025]       <<< RX chan1 33B: 8000001d830d000000000000fbfb050d00000000020d000000000123ac5a5900...
[  42.025]       <<< RX chan1 11B: 800000078323b05a590000
[  42.025]       <<< RX chan1 268B: 80000108831b0200000001ab99540001ac9954000301a8825400a12700019b82...
[  42.025]       <<< RX chan1 11B: 800000078323b85a590000
[  42.075]       <<< RX chan1 21B: 80000011830d000000000000fcfb0823bc5a590000
[  42.076]       <<< RX chan1 21B: 80000011830d00000000000008fdfc23c05a590000
[  42.076]       <<< RX chan1 31B: 8000001b831b01000000010b9a54000d000000000000f7fc0223c45a590000
[  42.126]       <<< RX chan1 11B: 800000078323c85a590000
[  42.126]       <<< RX chan1 11B: 800000078323cc5a590000
[  42.126]       <<< RX chan1 21B: 80000011830d000000000000fbfa0623d05a590000
[  42.176]   DUMMY -> send ping 77B
[  42.176]   DUMMY -> send sync 24B
[  42.176]       <<< RX chan1 21B: 80000011831b01000000010c9a540023d45a590000
[  42.176]       <<< RX chan1 27B: 80000017830101459954000d000000000000f6fc0223d85a590000
[  42.176]       <<< RX chan1 11B: 800000078323dc5a590000
[  42.227]       <<< RX chan1 11B: 800000078323e05a590000
[  42.227]       <<< RX chan1 31B: 8000001b830d00000000000009fdfc0d000000000000fcfa0823e45a590000
[  42.227]       <<< RX chan1 21B: 80000011831b0100000004a3fbeb2e23e85a590000
[quic] DATAGRAM 33B: 03404f0083051026a974010000000026a974010000000000000000010000000000
[  42.278]       <<< RX chan1 21B: 80000011830d00000000000009fcfc23ec5a590000
[  42.278]       <<< RX chan1 31B: 8000001b830d000000000000f6fb020d000000000000fbf90623f05a590000
[  42.278]       <<< RX chan1 238B: 800000ea83030106975400a12701011d96540002011f9a54002902ffff010797...
[  42.310]   DUMMY <<< RX app=6 chan=1 81B: 8000004d0858fbbded5ddc184000000001505050505050505050505050505050...
[  42.310]       <<< RX chan1 119B: 80000073830204da97b9105002ff000000c07f0000803f000000000518244174...
[  42.310]       <<< RX chan1 11B: 800000078323fc5a590000
[  42.325]       <<< RX chan1 16B: 8000000c8323fc5a590023005b590000
[  42.376]       <<< RX chan1 31B: 8000001b830d000000000000fcfa090d000000000000faf90623045b590000
[  42.376]       <<< RX chan1 322B: 8000013e830d000000000000fcfefe0d060000001f0100004c01000028b52ffd...
[  42.376]       <<< RX chan1 21B: 80000011830d000000000000fcf909230c5b590000
[  42.426]       <<< RX chan1 27B: 80000017830d000000000000faf8060d000000000323105b590000
[  42.426]       <<< RX chan1 56B: 80000034831b01000000011c9a54001b0600000004e781f93104a955e11d04eb...
[  42.426]       <<< RX chan1 21B: 80000011830d00000000000009fbfc23185b590000
[  42.476]       <<< RX chan1 21B: 80000011830d000000000000f6fa03231c5b590000
[  42.476]       <<< RX chan1 11B: 800000078323205b590000
[  42.476]       <<< RX chan1 21B: 80000011831b01000000011d9a540023245b590000
[  42.527]       <<< RX chan1 37B: 80000021830101f18754000d0000000000000afbfc0d000000000000f5fa0323...
[  42.527]       <<< RX chan1 11B: 8000000783232c5b590000
[  42.527]       <<< RX chan1 21B: 80000011830d000000000000fcf80923305b590000
[  42.577]       <<< RX chan1 11B: 800000078323345b590000
[  42.577]       <<< RX chan1 110B: 8000006a8302045cc3751ae201ff01012072627861737365743a2f2f736f756e...
[  42.577]       <<< RX chan1 21B: 80000011830d0000000000000afafc233c5b590000
[  42.627]       <<< RX chan1 11B: 800000078323405b590000
[  42.628]       <<< RX chan1 21B: 80000011830d000000000000f5f90323445b590000
[  42.628]       <<< RX chan1 11B: 800000078323485b590000
[  42.678]       <<< RX chan1 11B: 8000000783234c5b590000
[  42.678]       <<< RX chan1 17B: 8000000d8301014477540023505b590000
[  42.678]       <<< RX chan1 11B: 800000078323545b590000
[  42.728]       <<< RX chan1 366B: 8000016a830204dcbd77745a01ff000000008016d4d740051224417474726962...
[  42.728]       <<< RX chan1 21B: 80000011831b01000000012a9a5400235c5b590000
[  42.728]       <<< RX chan1 21B: 80000011830d0000000000000af9fc23605b590000
[  42.779]       <<< RX chan1 11B: 800000078323645b590000
[  42.779]       <<< RX chan1 39B: 800000238307048195d77f5b140007048195d77f5614010d000000000000f5f8...
[  42.779]       <<< RX chan1 21B: 80000011831b01000000012b9a5400236c5b590000
[quic] DATAGRAM 33B: 034050008305102aab7401000000002aab74010000000000000000010000000000
[  42.829]       <<< RX chan1 38B: 800000228305102aab7401000000002aab740100000000000000000000000000...
[  42.829]       <<< RX chan1 21B: 80000011830d0000000000000bf9fc23745b590000
[  42.829]       <<< RX chan1 21B: 80000011830d000000000000f4f80323785b590000
[  42.880]       <<< RX chan1 11B: 8000000783237c5b590000
[  42.880]       <<< RX chan1 21B: 80000011830d0000000000000bf8fc23805b590000
[  42.880]       <<< RX chan1 17B: 8000000d8301018578540023845b590000
[  42.930]       <<< RX chan1 11B: 800000078323885b590000
[  42.930]       <<< RX chan1 11B: 8000000783238c5b590000
[  42.930]       <<< RX chan1 11B: 800000078323905b590000
[  42.980]       <<< RX chan1 11B: 800000078323945b590000
[  42.981]       <<< RX chan1 11B: 800000078323945b590000
[  42.981]       <<< RX chan1 27B: 80000017831b01000000013e9a540001012f775400239c5b590000
[  43.031]       <<< RX chan1 11B: 800000078323a05b590000
[  43.031]       <<< RX chan1 11B: 800000078323a45b590000
[  43.031]       <<< RX chan1 11B: 800000078323a85b590000
[  43.081]       <<< RX chan1 21B: 80000011831b0100000001499a540023ac5b590000
[  43.081]       <<< RX chan1 40B: 80000024831b0200000001cb99540001cc9954000301ea7e5400a1270101dd7e...
[  43.082]       <<< RX chan1 11B: 800000078323b45b590000
[  43.132]       <<< RX chan1 11B: 800000078323b45b590000
[  43.132]       <<< RX chan1 11B: 800000078323bc5b590000
[  43.132]       <<< RX chan1 11B: 800000078323c05b590000
[  43.182]   DUMMY -> send ping 77B
[  43.182]       <<< RX chan1 11B: 800000078323c45b590000
[  43.182]       <<< RX chan1 11B: 800000078323c85b590000
[  43.183]       <<< RX chan1 11B: 800000078323cc5b590000
[  43.233]       <<< RX chan1 11B: 800000078323d05b590000
[  43.233]       <<< RX chan1 11B: 800000078323d45b590000
[  43.233]       <<< RX chan1 287B: 8000011b831b0100000001539a5400020405048e222b00ff00004b24c30070d2...
[  43.283]       <<< RX chan1 11B: 800000078323dc5b590000
[  43.283]       <<< RX chan1 11B: 800000078323e05b590000
[  43.283]       <<< RX chan1 11B: 800000078323e45b590000
[  43.306]   DUMMY <<< RX app=6 chan=1 81B: 8000004d0858fbbded5ddc184000000001505050505050505050505050505050...
[quic] DATAGRAM 33B: 034051008305102ead7401000000002ead74010000000000000000010000000000
[  43.306]       <<< RX chan1 21B: 80000011831b01000000015d9a540023e85b590000
[  43.306]       <<< RX chan1 38B: 800000228305102ead7401000000002ead740100000000000000000000000000...
[  43.323]       <<< RX chan1 16B: 8000000c8323ec5b590023f05b590000
[  43.373]       <<< RX chan1 11B: 800000078323f45b590000
[  43.374]       <<< RX chan1 11B: 800000078323f85b590000
[  43.424]       <<< RX chan1 11B: 800000078323fc5b590000
[  43.424]       <<< RX chan1 11B: 800000078323005c590000
[  43.424]       <<< RX chan1 11B: 800000078323045c590000
[  43.424]       <<< RX chan1 11B: 800000078323045c590000
[  43.474]       <<< RX chan1 21B: 80000011831b01000000016f9a5400230c5c590000
[  43.475]       <<< RX chan1 11B: 800000078323105c590000
[  43.475]       <<< RX chan1 21B: 80000011831b01000000045cc3751a23145c590000
[  43.525]       <<< RX chan1 11B: 800000078323185c590000
[  43.525]       <<< RX chan1 330B: 80000146831b0100000001759a54000d000000000000fffefe0d060000001d01...
[  43.575]       <<< RX chan1 11B: 800000078323205c590000
[  43.575]       <<< RX chan1 11B: 800000078323245c590000
[  43.575]       <<< RX chan1 11B: 800000078323285c590000
[  43.575]       <<< RX chan1 11B: 8000000783232c5c590000
[  43.626]       <<< RX chan1 11B: 800000078323305c590000
[  43.626]       <<< RX chan1 11B: 800000078323345c590000
[  43.626]       <<< RX chan1 46B: 8000002a831b06000000041dfad27304c7bc053904510c863d047e896a5304df...
[  43.676]       <<< RX chan1 21B: 80000011831b0100000001869a5400233c5c590000
[  43.676]       <<< RX chan1 11B: 800000078323405c590000
[  43.676]       <<< RX chan1 11B: 800000078323445c590000
[  43.726]       <<< RX chan1 11B: 800000078323485c590000
[  43.726]       <<< RX chan1 21B: 80000011831b01000000018d9a5400234c5c590000
[  43.726]       <<< RX chan1 11B: 800000078323505c590000
[  43.777]       <<< RX chan1 11B: 800000078323545c590000
[  43.777]       <<< RX chan1 11B: 800000078323585c590000
[  43.777]       <<< RX chan1 11B: 8000000783235c5c590000
[quic] DATAGRAM 33B: 0340520083051032af74010000000032af74010000000000000000010000000000
[  43.827]       <<< RX chan1 11B: 800000078323605c590000
[  43.827]       <<< RX chan1 11B: 800000078323645c590000
[  43.827]       <<< RX chan1 48B: 8000002c831b0100000001979a5400051032af74010000000032af7401000000...
[  43.878]       <<< RX chan1 11B: 8000000783236c5c590000
[  43.878]       <<< RX chan1 11B: 800000078323705c590000
[  43.878]       <<< RX chan1 11B: 800000078323745c590000
[  43.928]       <<< RX chan1 46B: 8000002a831b01000000019f9a54001b04000000013e985400013f9854000140...
[  43.928]       <<< RX chan1 11B: 8000000783237c5c590000
[  43.928]       <<< RX chan1 11B: 800000078323805c590000
[  43.978]       <<< RX chan1 11B: 800000078323845c590000
[  43.979]       <<< RX chan1 11B: 800000078323885c590000
[  43.979]       <<< RX chan1 11B: 8000000783238c5c590000
[  44.029]       <<< RX chan1 21B: 80000011831b0100000001a69a540023905c590000
[  44.029]       <<< RX chan1 358B: 80000162830d000000000000fdfeff0d05000000430100004b01000028b52ffd...
[  44.029]       <<< RX chan1 11B: 800000078323985c590000
[  44.079]       <<< RX chan1 11B: 8000000783239c5c590000
[  44.079]       <<< RX chan1 21B: 80000011831b0100000001ab9a540023a05c590000
[  44.079]       <<< RX chan1 11B: 800000078323a45c590000
[  44.130]       <<< RX chan1 11B: 800000078323a85c590000
[  44.130]       <<< RX chan1 11B: 800000078323ac5c590000
[  44.130]       <<< RX chan1 11B: 800000078323b05c590000
[  44.182]   DUMMY -> send ping 77B
[  44.183]       <<< RX chan1 21B: 80000011831b0100000001b19a540023b45c590000
[  44.183]       <<< RX chan1 11B: 800000078323b85c590000
[  44.183]       <<< RX chan1 11B: 800000078323bc5c590000
[  44.233]       <<< RX chan1 11B: 800000078323c05c590000
[  44.233]       <<< RX chan1 320B: 8000013c831b0100000001b69a54000201d89a5400cb00ff0000247449010000...
[  44.233]       <<< RX chan1 11B: 800000078323c85c590000
[  44.283]       <<< RX chan1 11B: 800000078323cc5c590000
[  44.283]       <<< RX chan1 11B: 800000078323d05c590000
[  44.283]       <<< RX chan1 91B: 80000057831b0100000001bc9a54000201e59a5400cb00ff0000247449010000...
[  44.302]   DUMMY <<< RX app=6 chan=1 81B: 8000004d0858fbbded5ddc184000000001505050505050505050505050505050...
[  44.302]       <<< RX chan1 11B: 800000078323d45c590000
[  44.318]       <<< RX chan1 21B: 80000011830d000000000000fdfe0023dc5c590000
[quic] DATAGRAM 33B: 0340530083051037b174010000000037b174010000000000000000010000000000
[  44.368]       <<< RX chan1 16B: 8000000c8323dc5c590023e05c590000
[  44.368]       <<< RX chan1 64B: 8000003c831b0100000001c49a54000d000000000000fdfdff0d000000000205...
[  44.368]       <<< RX chan1 11B: 800000078323e85c590000
[  44.419]       <<< RX chan1 11B: 800000078323e85c590000
[  44.419]       <<< RX chan1 21B: 80000011831b0100000001ca9a540023f05c590000
[  44.419]       <<< RX chan1 11B: 800000078323f45c590000
[  44.469]       <<< RX chan1 11B: 800000078323f85c590000
[  44.469]       <<< RX chan1 11B: 800000078323fc5c590000
[  44.469]       <<< RX chan1 21B: 80000011831b0100000001d29a540023005d590000
[  44.520]       <<< RX chan1 11B: 800000078323045d590000
[  44.520]       <<< RX chan1 11B: 800000078323085d590000
[  44.520]       <<< RX chan1 21B: 80000011831b0100000001d69a5400230c5d590000
[  44.570]       <<< RX chan1 11B: 800000078323105d590000
[  44.570]       <<< RX chan1 11B: 800000078323145d590000
[  44.570]       <<< RX chan1 36B: 80000020831b04000000014f9854000150985400015198540001449954002318...
[  44.621]       <<< RX chan1 158B: 8000009a831b0100000001e39a54000d000000000000fe01fe0d00000000020d...
[  44.621]       <<< RX chan1 21B: 80000011830d000000000000fdfc0023205d590000
[  44.621]       <<< RX chan1 21B: 80000011830d00000000000007ff0e23245d590000
[  44.671]       <<< RX chan1 17B: 8000000d830d000000000223285d590000
[  44.671]       <<< RX chan1 11B: 8000000783232c5d590000
[  44.671]       <<< RX chan1 31B: 8000001b830d000000000000fd01ff0d000000000000fcfc0023305d590000
[  44.722]       <<< RX chan1 11B: 800000078323305d590000
[  44.722]       <<< RX chan1 144B: 8000008c830d000000000000fe01000d010000006d0000006400000028b52ffd...
[  44.722]       <<< RX chan1 11B: 8000000783233c5d590000
[  44.722]       <<< RX chan1 11B: 8000000783233c5d590000
[  44.772]       <<< RX chan1 31B: 8000001b830d00000000000007fe0f0d000000000000fe010123445d590000
[  44.772]       <<< RX chan1 55B: 8000003383020418b2a4425a01ff00000000c09ad4d740051224417474726962...
[  44.823]       <<< RX chan1 121B: 80000075831b0100000001d19754001b1300000001d297540001d397540001d4...
[  44.823]       <<< RX chan1 11B: 800000078323505d590000
[  44.823]       <<< RX chan1 158B: 8000009a830d000000000000fe01fe0d000000000000fcfb000d00000000030d...
[  44.823]       <<< RX chan1 11B: 800000078323545d590000
[quic] DATAGRAM 33B: 034054008305102db37401000000002db374010000000000000000010000000000
[  44.873]       <<< RX chan1 48B: 8000002c830d00000000000007fd0f05102db37401000000002db37401000000...
[  44.873]       <<< RX chan1 11B: 800000078323605d590000
[  44.873]       <<< RX chan1 11B: 800000078323605d590000
[  44.924]       <<< RX chan1 11B: 800000078323685d590000
[  44.924]       <<< RX chan1 11B: 8000000783236c5d590000
[  44.924]       <<< RX chan1 21B: 80000011830d000000000000fd010123705d590000
[  44.974]       <<< RX chan1 21B: 80000011830d00000000000007fc0f23745d590000
[  44.974]       <<< RX chan1 11B: 800000078323745d590000
[  45.025]       <<< RX chan1 33B: 8000001d830d00000000020d000000000000fd01020d0000000003237c5d5900...
[  45.025]       <<< RX chan1 11B: 800000078323805d590000
[  45.025]       <<< RX chan1 21B: 80000011830d000000000000fcfa0023845d590000
[  45.025]       <<< RX chan1 11B: 800000078323885d590000
[  45.075]       <<< RX chan1 11B: 8000000783238c5d590000
[  45.075]       <<< RX chan1 21B: 80000011830d00000000000007fb1023905d590000
[  45.075]       <<< RX chan1 11B: 800000078323905d590000
[  45.125]       <<< RX chan1 11B: 800000078323945d590000
[  45.125]       <<< RX chan1 21B: 80000011830d000000000000fd02ff23985d590000
[  45.125]       <<< RX chan1 21B: 80000011830d00000000000008fb1023a05d590000
[  45.176]   DUMMY -> send ping 77B
[  45.176]       <<< RX chan1 11B: 800000078323a45d590000
[  45.176]       <<< RX chan1 11B: 800000078323a45d590000
[  45.176]       <<< RX chan1 21B: 80000011830d00000000000008fa1023a85d590000
[  45.226]       <<< RX chan1 37B: 80000021830d000000000000fd01000d00000000010d000000000000fcf90023...
[  45.226]       <<< RX chan1 11B: 800000078323b05d590000
[  45.226]       <<< RX chan1 27B: 80000017830d000000000000fd01030d000000000323b45d590000
[  45.276]       <<< RX chan1 11B: 800000078323b85d590000
[  45.276]       <<< RX chan1 11B: 800000078323bc5d590000
[  45.276]       <<< RX chan1 21B: 80000011830d00000000000008f91023c45d590000
[  45.296]   DUMMY <<< RX app=6 chan=1 81B: 8000004d0858fbbded5ddc184000000001505050505050505050505050505050...
[  45.296]       <<< RX chan1 35B: 8000001f8307043678df5e5b140007043678df5e5614010d000000000223c85d...
[  45.311]       <<< RX chan1 11B: 800000078323c85d590000
[quic] DATAGRAM 33B: 034055008305102eb57401000000002eb574010000000000000000010000000000
[  45.362]       <<< RX chan1 11B: 800000078323cc5d590000
[  45.362]       <<< RX chan1 26B: 800000168323cc5d59000d000000000000fcf80023d45d590000
[  45.362]       <<< RX chan1 38B: 800000228305102eb57401000000002eb5740100000000000000000000000000...
[  45.413]       <<< RX chan1 62B: 8000003a8302013c9b54006900ff00000000008096184b000000000200000000...
[  45.413]       <<< RX chan1 11B: 800000078323e05d590000
[  45.413]       <<< RX chan1 11B: 800000078323e05d590000
[  45.463]       <<< RX chan1 27B: 80000017830101597754000d000000000000fd010423e85d590000
[  45.463]       <<< RX chan1 11B: 800000078323e85d590000
[  45.463]       <<< RX chan1 11B: 800000078323ec5d590000
[  45.513]       <<< RX chan1 17B: 8000000d83010439bbac3323f05d590000
[  45.513]       <<< RX chan1 21B: 80000011830d000000000000fc020023f45d590000
[  45.513]       <<< RX chan1 11B: 800000078323fc5d590000
[  45.564]       <<< RX chan1 11B: 800000078323fc5d590000
[  45.564]       <<< RX chan1 21B: 80000011831b0100000004740cbb7e23045e590000
[  45.564]       <<< RX chan1 11B: 800000078323085e590000
[  45.614]       <<< RX chan1 11B: 8000000783230c5e590000
[  45.614]       <<< RX chan1 11B: 800000078323105e590000
[  45.614]       <<< RX chan1 43B: 80000027830d000000000000fd01fe0d00000000030d000000000000fd01ff0d...
[  45.664]       <<< RX chan1 53B: 80000031831b01000000013c9b54000d000000000000fd01fe0d00000000030d...
[  45.664]       <<< RX chan1 11B: 8000000783231c5e590000
[  45.664]       <<< RX chan1 11B: 8000000783231c5e590000
[  45.715]       <<< RX chan1 33B: 8000001d830d000000000000fd00040d00000000020d000000000123205e5900...
[  45.715]       <<< RX chan1 11B: 800000078323285e590000
[  45.715]       <<< RX chan1 21B: 80000011831b0100000001449a5400232c5e590000
[  45.765]       <<< RX chan1 11B: 8000000783232c5e590000
[  45.765]       <<< RX chan1 21B: 80000011830d000000000000fc010023345e590000
[  45.765]       <<< RX chan1 11B: 800000078323345e590000
[  45.816]       <<< RX chan1 11B: 800000078323385e590000
[  45.816]       <<< RX chan1 11B: 800000078323405e590000
[  45.816]       <<< RX chan1 11B: 800000078323445e590000
[quic] DATAGRAM 33B: 0340560083051024b774010000000024b774010000000000000000010000000000
[  45.966]       <<< RX chan1 11B: 800000078323445e590000
[  45.967]       <<< RX chan1 277B: 80000111830204a7066d552b00ff004042c8c10084d23fa0940442020615526f...
[  45.967]       <<< RX chan1 38B: 8000002283051024b774010000000024b7740100000000000000000000000000...
[  45.967]       <<< RX chan1 11B: 800000078323505e590000
[  45.967]       <<< RX chan1 11B: 800000078323545e590000
[  45.967]       <<< RX chan1 27B: 80000017830d00000000020d000000000000fd0006235c5e590000
[  45.967]       <<< RX chan1 11B: 800000078323605e590000
[  45.967]       <<< RX chan1 11B: 800000078323645e590000
[  46.117]       <<< RX chan1 11B: 800000078323645e590000
[  46.117]       <<< RX chan1 11B: 8000000783236c5e590000
[  46.117]       <<< RX chan1 23B: 8000001383010457da181501017c9a5400236c5e590000
[  46.117]       <<< RX chan1 43B: 80000027830d000000000000fd02fe0d00000000030d000000000000fd02ff0d...
[  46.117]       <<< RX chan1 21B: 80000011831b0100000004ca08932f23785e590000
[  46.117]       <<< RX chan1 11B: 8000000783237c5e590000
[  46.117]       <<< RX chan1 11B: 8000000783237c5e590000
[  46.117]       <<< RX chan1 11B: 800000078323845e590000
[  46.117]       <<< RX chan1 11B: 800000078323845e590000
[  46.218]   DUMMY -> send ping 77B
[  46.227]       <<< RX chan1 11B: 8000000783238c5e590000
[  46.227]       <<< RX chan1 69B: 80000041830d000000000000fcff060d00000000030d000000000000fc00060d...
[  46.227]       <<< RX chan1 11B: 800000078323945e590000
[  46.227]       <<< RX chan1 11B: 800000078323985e590000
[  46.227]       <<< RX chan1 11B: 800000078323985e590000
[  46.227]       <<< RX chan1 11B: 8000000783239c5e590000
[  46.227]       <<< RX chan1 11B: 800000078323a45e590000
[  46.227]       <<< RX chan1 11B: 800000078323a45e590000
[  46.277]       <<< RX chan1 11B: 800000078323ac5e590000
[quic] DATAGRAM 33B: 034057008305102ab97401000000002ab974010000000000000000010000000000
[  46.382]       <<< RX chan1 11B: 800000078323ac5e590000
[  46.382]       <<< RX chan1 21B: 80000011830d000000000000fb010123b45e590000
[  46.382]       <<< RX chan1 11B: 800000078323b45e590000
[  46.382]       <<< RX chan1 21B: 80000011830d000000000000fb000123bc5e590000
[  46.382]       <<< RX chan1 16B: 8000000c8323bc5e590023c05e590000
[  46.382]       <<< RX chan1 11B: 800000078323c45e590000
[  46.382]       <<< RX chan1 11B: 800000078323c45e590000
[  46.382]       <<< RX chan1 54B: 80000032830d000000000000fcff080d000000000305102ab97401000000002a...
[  46.382]   DUMMY <<< RX app=6 chan=1 81B: 8000004d0858fbbded5ddc184000000001505050505050505050505050505050...
[  46.387]       <<< RX chan1 11B: 800000078323cc5e590000
[  46.457]       <<< RX chan1 21B: 80000011831b0100000004aa59fa6023d05e590000
[  46.542]       <<< RX chan1 11B: 800000078323d85e590000
[  46.542]       <<< RX chan1 11B: 800000078323d85e590000
[  46.542]       <<< RX chan1 21B: 80000011830d000000000000fcfe0823dc5e590000
[  46.542]       <<< RX chan1 11B: 800000078323e45e590000
[  46.542]       <<< RX chan1 11B: 800000078323e45e590000
[  46.542]       <<< RX chan1 11B: 800000078323e85e590000
[  46.542]       <<< RX chan1 11B: 800000078323ec5e590000
[  46.542]       <<< RX chan1 11B: 800000078323f05e590000
[  46.592]       <<< RX chan1 21B: 80000011830d000000000000fb000223f45e590000
[  46.697]       <<< RX chan1 11B: 800000078323f85e590000
[  46.697]       <<< RX chan1 21B: 80000011830d000000000000fcfe0923fc5e590000
[  46.697]       <<< RX chan1 11B: 800000078323005f590000
[  46.697]       <<< RX chan1 11B: 800000078323045f590000
[  46.697]       <<< RX chan1 351B: 8000015b830d000000000000fffe000d050000003c0100004b01000028b52ffd...
[  46.697]       <<< RX chan1 27B: 80000017830d000000000000fbff010d0000000002230c5f590000
[  46.697]       <<< RX chan1 11B: 800000078323105f590000
[  46.698]       <<< RX chan1 11B: 800000078323145f590000
[  46.714]       <<< RX chan1 11B: 800000078323185f590000
[  46.764]       <<< RX chan1 21B: 80000011830d000000000000fcfd09231c5f590000
[  46.764]       <<< RX chan1 11B: 800000078323205f590000
[  46.764]       <<< RX chan1 36B: 80000020831b01000000047ccc294a1b0200000004d6b6fe7d047eea3f7b2328...
[  46.815]       <<< RX chan1 11B: 8000000783232c5f590000
[  46.815]       <<< RX chan1 11B: 8000000783232c5f590000
[  46.815]       <<< RX chan1 11B: 800000078323305f590000
[  46.865]       <<< RX chan1 17B: 8000000d830d000000000223345f590000
[  46.865]       <<< RX chan1 11B: 8000000783233c5f590000
[  46.865]       <<< RX chan1 11B: 800000078323405f590000
[quic] DATAGRAM 33B: 034058008305102dbb7401000000002ebb74010000000000000000010000000000
[  46.915]       <<< RX chan1 11B: 800000078323405f590000
[  46.915]       <<< RX chan1 48B: 8000002c830d000000000000fbfe0205102dbb7401000000002ebb7401000000...
[  46.915]       <<< RX chan1 51B: 8000002f83020462a3f71e5b010001f4e05300ff050763726561746f72ff01a0...
[  46.966]       <<< RX chan1 11B: 8000000783234c5f590000
[  46.966]       <<< RX chan1 11B: 800000078323545f590000
[  46.966]       <<< RX chan1 11B: 800000078323545f590000
[  47.016]       <<< RX chan1 21B: 80000011830d000000000000fffd00235c5f590000
[  47.016]       <<< RX chan1 11B: 8000000783235c5f590000
[  47.016]       <<< RX chan1 11B: 800000078323605f590000
[  47.067]       <<< RX chan1 11B: 800000078323645f590000
[  47.067]       <<< RX chan1 288B: 8000011c831b01000000046ff1f4601b02000000016d8c5400016e8c54000301...
[  47.067]       <<< RX chan1 11B: 800000078323705f590000
[  47.117]       <<< RX chan1 11B: 800000078323705f590000
[  47.117]       <<< RX chan1 21B: 80000011830d000000000000fcfb0b23785f590000
[  47.117]       <<< RX chan1 11B: 800000078323785f590000
[  47.168]       <<< RX chan1 37B: 80000021830d000000000000fafd020d00000000030d000000000000fafe0223...
[  47.168]       <<< RX chan1 17B: 8000000d830101d89a540023805f590000
[  47.168]       <<< RX chan1 11B: 800000078323845f590000
[  47.218]   DUMMY -> send ping 77B
[  47.218]   DUMMY -> send sync 24B
[  47.218] == summary == challenge=yes answered=yes peer=yes resets=0 chan1_rx=928159 dummy_rx=3685
[  47.218] == solved=yes answer=0x38a2f3a0 solve_ms=2 tx=970 rx=3419 dropped=0 err=
[  47.218]   stream 0: rx=0 fin=0 reset=0 code=0
[  47.218]   stream 3: rx=69 fin=0 reset=0 code=0
[  47.218]   stream 4: rx=0 fin=0 reset=0 code=0
[  47.218]   stream 7: rx=13 fin=0 reset=0 code=0
[  47.218]   stream 8: rx=0 fin=0 reset=0 code=0
[  47.218]   stream 11: rx=7 fin=0 reset=0 code=0
[  47.218]   stream 15: rx=928166 fin=0 reset=0 code=0
[  47.218]   stream 19: rx=7 fin=0 reset=0 code=0
[  47.218]   stream 23: rx=7 fin=0 reset=0 code=0
[  47.218]   stream 27: rx=7 fin=0 reset=0 code=0
[  47.218]   stream 31: rx=7 fin=0 reset=0 code=0
[  47.218]   stream 35: rx=7 fin=0 reset=0 code=0
[  47.218]   stream 39: rx=7 fin=0 reset=0 code=0
[  47.218]   stream 43: rx=7 fin=0 reset=0 code=0
[  47.218]   stream 47: rx=7 fin=0 reset=0 code=0
