[   0.000] join: place=1818 ...
[   1.430] join: OK job=2718c55d-b845-4747-b287-12a6793e483a
[   1.430] == join: place=1818 job=2718c55d-b845-4747-b287-12a6793e483a udp=128.116.2.33:61269 rcc=10.37.8.91 alpn=rbx-rtcio caps=002dd3c750b70892 ==
[quic] server caps ext: len=8 present=1
[quic] handshake completed (ALPN=rbx-rtcio cipher=TLS_AES_256_GCM_SHA384)
[   1.684] -> open stream 0 app=4 chan=1668575852 ctrl
[   1.684] -> send ctrl hello 2B
[   1.684] -> send openU c3 10B
[   1.684] -> send openU c5 10B
[   1.684] -> send openU c6 10B
[   1.684] -> send openU c11 10B
[   1.684] -> open stream 4 app=4 chan=1 chan1
[   1.684] -> send EARLY-AUTH 103B
[   1.684] -> send A7-real(99B) 99B
[   1.685] -> send 90 10648B
[   1.685] -> send 92 10B
[   1.685] -> send 8A 1779B
[   1.685] -> send 8F 2B
[   1.685] handshake=OK alpn=rbx-rtcio cipher=TLS_AES_256_GCM_SHA384 peer_caps=022dd3ef52ff0892 present=1
[quic] server caps ext: len=8 present=1
[quic] handshake completed (ALPN=rbx-rtcio cipher=TLS_AES_256_GCM_SHA384)
[   1.950]   DUMMY -> open stream 0 app=6 chan=1668575852
[   1.950]   DUMMY -> send hello 2B
[   1.950]   DUMMY -> send openU c2 10B
[   1.950]   DUMMY -> send openU c3 10B
[   1.950]   DUMMY -> open stream 4 app=6 chan=1
[   1.950]   DUMMY -> open stream 8 app=6 chan=3
[   1.950]   DUMMY -> send sync#0 24B
[   1.950]   DUMMY -> send ping#0 77B
[   1.950] dummy handshake=OK
[quic] handshake confirmed
[   1.951]   <<< SERVER STREAM 3 app=4 chan=1668575852
[   1.951]   <<< SERVER STREAM 7 app=0 chan=1668575852
[   1.951]       <<< RX app=0 chan=1668575852 6B: 800000020000
[   1.951]       <<< RX app=4 chan=1668575852 6B: 800000020000
[   1.951]   <<< SERVER STREAM 11 app=4 chan=0
[   1.951]   <<< SERVER STREAM 15 app=4 chan=1
[   1.951]   <<< SERVER STREAM 19 app=4 chan=2
[   1.951]       <<< RX app=4 chan=1668575852 14B: 8000000a02040000000300000003
[   1.951]      ctrl OpenUnreliable app=4 chan=3 wire=3
[   1.951]   <<< SERVER STREAM 23 app=4 chan=4
[   1.951]   <<< SERVER STREAM 27 app=4 chan=7
[   1.951]   <<< SERVER STREAM 31 app=4 chan=8
[   1.951]   <<< SERVER STREAM 35 app=4 chan=9
[   1.951]   <<< SERVER STREAM 39 app=4 chan=10
[   1.951]   <<< SERVER STREAM 43 app=4 chan=12
[   1.951]   <<< SERVER STREAM 47 app=4 chan=13
[   1.951]       <<< RX app=4 chan=1668575852 14B: 8000000a02040000000500000005
[   1.951]      ctrl OpenUnreliable app=4 chan=5 wire=5
[   1.951]       <<< RX app=4 chan=1668575852 14B: 8000000a02040000000600000007
[   1.951]      ctrl OpenUnreliable app=4 chan=6 wire=7
[   1.951]       <<< RX app=4 chan=1668575852 14B: 8000000a02040000000b00000009
[   1.951]      ctrl OpenUnreliable app=4 chan=11 wire=9
[   1.951]       <<< RX chan1 1154B: 8000070f93002f000c00434c4931393837313856657201003320005573657250...
[   1.951]       <<< RX chan1 657B: 536372697074735265666163746f72310400747275651b00557365724162696c...
[   2.081]       <<< RX chan1 1156B: 8000079f9b727c82e455bd38cc92070000f705d8b273e63e27c52bcd36f1789d...
[   2.081]       <<< RX chan1 799B: 803ceeb91af6102e11e0796672920cb1a551b10d9c167e0fbee99493b9bbed3c...
[   2.081]   *** CHALLENGE u1=0xe4827c72 u2=0xcc38bd55 blob=1938B -> run/oracle_challenge.bin
[   2.083]   -> LOCAL ANSWER 0x36168238 (solved in 2ms), sending
[   2.083] -> send 9B-LOCAL 9B
[quic] handshake confirmed
[   2.084]   DUMMY <<< SERVER STREAM 3 app=6 chan=1668575852
[   2.084]   DUMMY <<< SERVER STREAM 7 app=0 chan=1668575852
[   2.084]   DUMMY <<< RX app=0 chan=1668575852 6B: 800000020000
[   2.084]   DUMMY <<< SERVER STREAM 11 app=6 chan=1
[   2.084]   DUMMY <<< RX app=6 chan=1668575852 6B: 800000020000
[   2.084]   DUMMY <<< RX app=6 chan=1668575852 14B: 8000000a02060000000200000003
[   2.084]   DUMMY <<< RX app=6 chan=1668575852 14B: 8000000a02060000000300000005
[   2.084]   DUMMY <<< RX app=6 chan=1 81B: 8000004d0858fbbded5ddc184000000001505050505050505050505050505050...
[   2.134]       <<< RX chan1 1156B: 8000cfac97a3cf00001460050028b52ffda014600500ac32027a7e0a7a55d094...
[   2.134]   *** POST-ANSWER TRAFFIC on chan1 — server kept the session (peer assignment / replication)
[   2.134]       <<< RX chan1 1156B: 1d693476e3d8d2d196b3bddf2a577f3a025dffc8fd8db6dcfdcdd855b9bf91a7...
[   2.134]       <<< RX chan1 1156B: 153e1d79321a054f8df6d960262ffff0616842cb7424d6d5a88df2c1ee0ab91a...
[   2.134]       <<< RX chan1 1156B: 1cc676b8f6fd15f894ab480ff11cedea3d374323f6e3aeb7ae731e8babc5d539...
[   2.134]       <<< RX chan1 1156B: d2b998ef8934b5c1a6dfeef09332db6c7b9ad02e3ed0b4ed621c41980bd20203...
[   2.134]       <<< RX chan1 1156B: c4618306bb2b14c1e96e48cbdc763ac20d82710e3708e8d9a46dd7662e0c439a...
[   2.134]       <<< RX chan1 1156B: 0643e6db99aa213d8c23c63862c61124f1517d602ca5628af6cf5651da21d98b...
[   2.134]       <<< RX chan1 1156B: f18b01e7b4432c2f82467de9529637a94a457436b375af68cb89d59eb82b468b...
[   2.134]       <<< RX chan1 1156B: b6512aa04d3ca3296d67a7052b6e2a5f5c1c3ad6faa3c6913a435ed8687e1dba...
[   2.134]       <<< RX chan1 1156B: abba66219c7986ad4b6ae4ccccf16ad091f9a548cc3f928b0bc9678f1489c6b4...
[   2.134]       <<< RX chan1 1156B: 4da464d14ffc03a6a570f441ce43d5e39931b038454e51dcdb672183636214e5...
[   2.134]       <<< RX chan1 1154B: f350c17ea15b2d8bcc1a2d9dcaa1490b627fc707385d4733c4802441c3c44e6b...
[   2.134]       <<< RX chan1 1154B: 7de4f43ba2e4aa1285e10cff94be584707b77dd637fd817898f72404e52b0205...
[   2.134]       <<< RX chan1 1154B: 5fc71fe4958e919211a0bb85b163f70f0b0dac2f68ebc259af1090e07a1cad59...
[   2.134]       <<< RX chan1 1154B: 879c393b5443cdfce032d08f79d715e68293b5e65f00457c683e25de92550973...
[   2.134]       <<< RX chan1 1154B: 534a6bc3345682cc4911f24fde18413cc666a387b84100232ad6a8740c944a6b...
[   2.134]       <<< RX chan1 1154B: 5a45ace73b93ef47eda91d66392410cd01298b5cfd152e45dd129d33c94f1047...
[   2.134]       <<< RX chan1 1154B: 7bafb4cc1923fbb04fd896213267102e6710492d510cd81a1a02d0f8fdf18964...
[   2.134]       <<< RX chan1 1154B: 504c321e5c664136caa492950e55b239f2496ccd110e4bcde37330ca03ca02ae...
[   2.134]       <<< RX chan1 1154B: c0fe271559374ecb8efbed0e1399dd81e5042faaf7428e03b974675d9743f91f...
[   2.134]       <<< RX chan1 1154B: a05569b310919e55b94344247cb5d1316a98df795e6762a4455d0ad25fcc199a...
[   2.134]       <<< RX chan1 1154B: 83928121d2a9f169d121aba62448ad8d52e2116511f284e80d9144259bbe96f1...
[   2.134]       <<< RX chan1 1154B: 8a3e4b6f38932920b892fa4aa145fa0fda7d3ba978cf4fea06379699089798ce...
[   2.134]       <<< RX chan1 1154B: 89176102ee6b7e4111ff96d12a3a5aa903c416ad024449c09cea7ac46d73e6dc...
[   2.134]       <<< RX chan1 1154B: f295cbd083d167d9aea8b4c9654ef5bb787e7d4be2ec1acc7b0a551a1ffc9424...
[   2.134]       <<< RX chan1 1154B: 4d0e159d930513a204662836501e3375b187987e0560fa5fa003db8740ecae50...
[   2.134]       <<< RX chan1 1154B: 4c2a3389cca423261931a9679298496126157166129849444cf23289e4c3241e...
[   2.134]       <<< RX chan1 1154B: 023874c5212b0e5571888a43531c92e2501487a038f4c45fa1001c6ae2101387...
[   2.134]       <<< RX chan1 1154B: febbefbce3ae737bedb4e33c76d86dfebaebadaf54a99f6e3ae9a07f968294c0...
[   2.134]       <<< RX chan1 1154B: b15667cca8d102faa0f1a2063613bdc68cb9856ed6ac417dcc1451260b181e1b...
[   2.134]       <<< RX chan1 1154B: 5f9afccae41726bf2ef965c9af0afca2c059af4a7e4df24b925f91fc82c0af47...
[   2.134]       <<< RX chan1 1154B: af5bad5bac5bab5baa5ba85ba75ba65ba55ba35ba25ba15b20d69a59afcc7265...
[   2.134]       <<< RX chan1 1154B: 691569d568956855681568d527b5e6d42ba75c39d5caa9119c12c1a910b4e414...
[   2.134]       <<< RX chan1 1154B: 6c8a6493043639b2a9914d8b6c526453229b10d9f4804d87246093033615b289...
[   2.134]       <<< RX chan1 1154B: 353daee5710d8f6b77bc849a1dd7eab846c7353928b9e6c6b5055c6be31a1bd7...
[   2.203]       <<< RX chan1 1154B: e390b908a7679c30e314310ece10e304310e10e3f870118e0ee3701967cb3839...
[   2.203]       <<< RX chan1 1154B: cdb233cbcc2c2bb38cccb231cb8e5866c4b29e656296855956c4329e6560967d...
[   2.203] -> open stream 8 app=4 chan=11 routes
[   2.203] -> send route(15B) 15B
[   2.203] -> send route(18B) 18B
[   2.203] -> send route(21B) 21B
[   2.203] -> send route(24B) 24B
[   2.253]       <<< RX chan1 1154B: 3b69bc938077ce78678c77c448e21d30de41c03b5ebcc3c53b5abc93c53b0278...
[   2.253]       <<< RX chan1 1154B: 67c8bd42ee11726f907b82dc0be41e20f7feb8e7c7bd3eeeed712f8f7b78dcbb...
[   2.253]       <<< RX chan1 1154B: b26e95751f58a74a05eb5259d78175a8ac3b659d06d691b26e94751958778175...
[   2.253]       <<< RX chan1 1154B: 1a07ba48e795755a596704eb84e0b4ce07d649651d0fac83ca3aa698d629651d...
[   2.253]       <<< RX chan1 1154B: 96aa49623be23c877c93964701e839caa14dde8d0ae2fa3babdc450b774f65a4...
[   2.253]       <<< RX chan1 1154B: a1c6d1049fd12442351294763184425e91795f3e0d22ebf2d5aedfd0bdcbd695...
[   2.305]       <<< RX chan1 1154B: b1a2e5aa58f1cbdaf7db51f45b55e1f667440e896fa776672375c885dee32ed8...
[   2.305]       <<< RX chan1 1154B: 7401b7600a7f87607a5f6222b1b434bbade368101e4ab295b3219a3eedfe054f...
[   2.305]       <<< RX chan1 1154B: e0a172cdd90a3a3ffdb89cc43a07036b2ac11a62e104fe35310aff0a4ca0b86c...
[   2.305]       <<< RX chan1 62B: a5ae663065c62ce555e70c4bc0ad3657b85402acf02299c1bafaa3e7e97c577f...
[   2.305]       <<< RX chan1 532B: 8000021081010101000100019607c88d59003901772300009f01000001c02e00...
[   2.305]       <<< RX chan1 9B: 80000005848d030000
[   2.305]       <<< RX chan1 1154B: 80000fe98302012ccc54007701ff00a61e02000b4868747470733a2f2f617069...
[   2.305]       <<< RX chan1 1154B: 4c2cd2b86b1dc0a8ba2ad36bf8c8480cdc5f65a0ecf9421b98302ac816d5fab0...
[   2.305]       <<< RX chan1 1154B: 58b5d3adee571e1cf96c8cc259c63312e7c779a7fecd5d5fcccf1352314e5fd8...
[   2.305]       <<< RX chan1 615B: e429fafdd71fff9f9c7ebea99e1448cea64f30382d85cc153d4d507761e71101...
[   2.305]       <<< RX chan1 11B: 8000000783100c00000000
[   2.305]       <<< RX chan1 1154B: 80005ae2831601d65a0000cc5a000028b52ffd60cc5961d60245264080843d8a...
[   2.305]       <<< RX chan1 1154B: 9321e939195035b79d3f712e2238c2ad661face74f72f0f6411a6dbb313c5b72...
[   2.305]       <<< RX chan1 1154B: 2cd4be318a4e41b11e836cbbe829636f7d0cc1301a3fe5f29984e85b7151ce97...
[   2.305]       <<< RX chan1 1154B: f025af41c95fdbef329de7febe118eafaa145a6f173c69ef9eb97083c3284416...
[   2.305]       <<< RX chan1 1154B: 2decdf59c9cb9907ff1f2cb309b65598971de9cf97eb17808c29de9d02516bf9...
[   2.305]       <<< RX chan1 1154B: 2531fa59dbde44e83f82b2a943e9f5d195f120e7d2cf2f3e851ee866531a2347...
[   2.305]       <<< RX chan1 1154B: c2d0cbd0813158e8d9b6543c732b7ad96758cd5d7c5a64762e2b4bfd78281acc...
[   2.305]       <<< RX chan1 1154B: bbea7bf588c5fb7388d000bfd52e0b972fd61eda63d161bcf33b87572965877b...
[   2.305]       <<< RX chan1 1154B: acbd0ab1cab1a188712443c94b1957026fa35bbf2c493b2fd47a588a55db66ee...
[   2.305]       <<< RX chan1 1154B: a320f0855abb112b49e8718d2346b258213f370842e1a4b28751543fa4a700de...
[   2.305]       <<< RX chan1 1154B: 52b6bcbee0482a0b97d0d23671e2afdf560b8d1384742da9a59e6f61c5ea003d...
[   2.305]       <<< RX chan1 1154B: f9d1d593492dd908802b0f6f41953a06000992f99e043e9034f111320a670dba...
[   2.306]       <<< RX chan1 1154B: 009940a5882cb99afbbfcce1737eb3e7d66ab8bd6d67b531e6d18aa16ba8d330...
[   2.306]       <<< RX chan1 1154B: f7990305133c80002d9e0db890340ae1ea3f3dd97d6adf0199957bdadf8faa51...
[   2.306]       <<< RX chan1 1154B: 166c6c9bcbc531885cc825f60481843092bf3c0bcef8c16d344efc9b6796898e...
[   2.306]       <<< RX chan1 1154B: 38b4d3ba3f92c40bd93d0cd14207ca412ea23630eaf25c8724adaa55b510eee9...
[   2.306]       <<< RX chan1 1154B: 5a2a43d9e21e31bc09dc39260d08f5ab10b0878b04c0506e3de59d161265d321...
[   2.306]       <<< RX chan1 1154B: dbe734a134443f86923cc395aeceb188ffbe4bebcf153d85fece066d76795c59...
[   2.306]       <<< RX chan1 1154B: b7885cc5837d3fac292caadb01337c724236a5af0e4e3a3c63fddaa4da6af807...
[   2.306]       <<< RX chan1 1154B: 416521d11cc51b086b51a871d4ce87e5d1ac05c570dc35987c090484c458f6c3...
[   2.306]       <<< RX chan1 190B: 9b956c05af5684c162514bc912ca412d10ee7eb30060314e9eaa6c958c6a0339...
[   2.306]       <<< RX chan1 1154B: 80005042831601365000002c50000028b52ffd602c4f6181029758370ad5af5a...
[   2.306]       <<< RX chan1 1154B: a1620d5619dbbb1f5e59022843b4f2ea6b9107463d13064cf98a7c859543af9d...
[   2.306]       <<< RX chan1 1154B: 8c56ad663541a1e4a76c67bef086cfeb64588b8b342077bef1fdb49dab24120b...
[   2.306]       <<< RX chan1 1154B: 9d6bf9cfb9ad632f862d3432db59b3b685f6e19339c94f39c1783049649af092...
[   2.306]       <<< RX chan1 1154B: 862f472fe747aed5d90d8e243ff33944f0d8bc8740a64a2af7027c8504fb9a6e...
[   2.306]       <<< RX chan1 1154B: bfda49921903eeab80dcbb5f000114cec0353deda8e9d8383537e6091149112c...
[   2.306]       <<< RX chan1 1154B: 838cffd5fe984339a254f492c5de5ddad53184d325012061f6d9d7221dee54fb...
[   2.306]       <<< RX chan1 1154B: f8e1e94cac00a71b884717605574fa8bbea3666baf83bd33d5558c0f7935b9db...
[   2.306]       <<< RX chan1 1154B: 514095dbda07762a448dc493bf2d8817124c846801b866cc1fe5605bf1550f19...
[   2.306]       <<< RX chan1 1154B: b015c32138c16886c7a7b67ed0868644568e9d296c8dba4721827c2d86cf7047...
[   2.306]       <<< RX chan1 1154B: 7003a46b785347f914df601375e31367cf67c72c488c5410e68682f4e6cbda09...
[   2.306]       <<< RX chan1 1154B: 3dba52952a7fa8d6cbe7b5e952d381115d65ca1bd4de8c04e8ea0ca124c5b897...
[   2.306]       <<< RX chan1 1154B: 4bb54106278f6c93359aee09d84d6eba277a61ed5113f4623c71b4b327b711cd...
[   2.306]       <<< RX chan1 1154B: a21546d11bdd2ac5e7903cb6d5440dfc97c84aba880d7cca791001027b12007d...
[quic] DATAGRAM 32B: 030100830510f77d750100000000f77d75010000000000000000010000000000
[   2.328]       <<< RX chan1 1154B: e26d85d3241f59082200aebbfb2c02193ed6db66d32d61e8db459048e290589e...
[   2.328]       <<< RX chan1 1154B: a99bc0b14c3e742587c3616846187970da6b16791713b8d7d1ac919e1388b390...
[   2.328]       <<< RX chan1 1154B: 4ff061c48f6017750e7c1baff1b7f84ed7b465c2b857762fe8498e00191e26e7...
[   2.328]       <<< RX chan1 932B: acc3e95d5e6d70a8fc6ddc978c059aa10b68dae7560cf51071131642c1654683...
[   2.328]       <<< RX chan1 1154B: 8000800c83160100800000f67f000028b52ffd60f67eb1ff03cfc36fe8bf841c...
[   2.328]       <<< RX chan1 1154B: 86c71c64440a10dd3b605b5b2a3c0c2cf4c215f3244f0aa1b84835cd4cc1a7c3...
[   2.328]       <<< RX chan1 1154B: 87f220d7174ccc1679599c6c2cce6bc08308f93507200289afcc170f7133d28d...
[   2.328]       <<< RX chan1 1154B: af0292703dd202001a7c413dd204f152d5f2824fb4208fc02330b2c41c0cf489...
[   2.328]       <<< RX chan1 1154B: 135564cd7d28080f7bad15d14489e6d5da07b11ec91852ff2fd726ea12160c7b...
[   2.328]       <<< RX chan1 1154B: 9f54ff4d8fa6bb380f749561b73af6ce4ff681f237290ebd5b8b398c8030405d...
[   2.328]       <<< RX chan1 1154B: 4548f5cb470456ab29916e7cd841cab5b1adde94f386c889e22d9d31722c8448...
[   2.328]       <<< RX chan1 1154B: fa834e1c64bf0ad2f00695b049938fcd0faccf840cc33407eb5e186153631228...
[   2.328]       <<< RX chan1 1154B: 46ae716b797cfdf2c642b7cc6e8aba84a3cf86e834c17e6a6decbe4a9f3e2ddf...
[   2.328]       <<< RX chan1 1154B: ecafbb2d7a45804f91336c5ad231dabd0218e8c34fb77923639658b6181ae3f5...
[   2.328]       <<< RX chan1 1154B: e6893b0762cd4fc6118e5f58e5d9c7a771b9105f89357524db9b733bdddafb3a...
[   2.328]       <<< RX chan1 1154B: e6b8f24be07ef0c3a21f2bc0ac465ccd34424402e4011521fe65ff215f53ce34...
[   2.328]       <<< RX chan1 1154B: f33fa92a51c0aae9bf2f6e2b2c013d320b5962ba60329445e265d051afa9acee...
[   2.328]       <<< RX chan1 1154B: a8d090c235fbacdb9fdf13f5337525a614da7319b42f4a2e4a9a27b6cc1e3fb3...
[   2.379]       <<< RX chan1 1154B: 013af5e781640940b5447927a34ac1687cad6dfb0375510140bd8c310aaf9d71...
[   2.379]       <<< RX chan1 1154B: e87ad631ff01e847997812784edcd98657fe79b884b9a02e6eb6f9416e5931e2...
[   2.379]       <<< RX chan1 1154B: 4032339434cba71cbeeab5daf0e24335d3b9b00a19ee7cb0b9d4861b5d932b83...
[   2.379]       <<< RX chan1 1154B: c340aa088267b1a5bb055e97afc6e29867cf2a4ee6697be85b096d86322cf09b...
[   2.379]       <<< RX chan1 1154B: 591536566cb634e9d5c9d7818d88c528a719e4207b85d3cd230d74bf50dfb75d...
[   2.379]       <<< RX chan1 1154B: 3f0668a9ffab44b314fd3d5b57c04788e2e95ac12906eeff903299406dcd6d42...
[   2.379]       <<< RX chan1 1154B: 389856a1cf2112b135391383480c6571bfb7884b187e165fb32b76eefa631859...
[   2.379]       <<< RX chan1 1154B: a912946fc52fb4d936156f24b1b6cef48b15678064830dedfdc2214a53e63713...
[   2.379]       <<< RX chan1 1154B: 7c1a84f8c068efae0cee271a2f24b0f848d83e7735aaced6898a100ad0fd70df...
[   2.379]       <<< RX chan1 1154B: 699a2883623d13fadf5f667c8ba2b04bcb5e6d0b83d7a83829a6554993829d22...
[   2.379]       <<< RX chan1 1154B: db8bedd20d77352f58bab6715b1eb4ef96972b9371b39f11752ea0be51770592...
[   2.379]       <<< RX chan1 1154B: 7b0d555e3fb28ad7cfd22c3b51a856822f8b1a7cffb8152335f84d7537081e16...
[   2.379]       <<< RX chan1 1154B: ed1a63a6084a6168f2249d13699b6b312f2e61eb7f25363104e5daec251e5862...
[   2.379]       <<< RX chan1 1154B: 91c828ceb54ef68d650a10d6bbe7d28a48f3f168df9eda2de08e1d71f8beabd0...
[   2.379]       <<< RX chan1 472B: ea5e441f97836a45a739e65bd0bc4854ee8c90fd61eb0a47f3267485495fd2c8...
[   2.379]       <<< RX chan1 1154B: 80005540831601345500002a55000028b52ffd602a5451a902be25ca5d0c2d8b...
[   2.379]       <<< RX chan1 1154B: f6bbf5df0ac73d65fc283547e42507231d6fca3dc0ec3368548e9c48a07f2beb...
[   2.379]       <<< RX chan1 1154B: 1876e3674a08d36e2a442ea3bc1af74f52aa2878be0afcc4c40e63bd984fd6c3...
[   2.379]       <<< RX chan1 1154B: abf34204bbbc6ba59eef8932ec3858e657b598bd46819501eb72e45755ea637c...
[   2.379]       <<< RX chan1 1154B: 333ded5bde10b7d629392723f9a3136e0e72f0298b9d51b7a9d8c2159b4fa42e...
[   2.379]       <<< RX chan1 1154B: 6aaa660e183cd8e4cc4e247277fadd423db159484a5c5fbaf50fbb62fc7563e8...
[   2.379]       <<< RX chan1 1154B: 5149c076e5c66e8e103564c1a5ca451ab83b4b67ef1ffcde205c459aa8f39569...
[   2.379]       <<< RX chan1 1154B: 84029493ebfcbbcdc2d46ccffc8fdc885f627788452940d27ab90a50ccc82261...
[   2.431]       <<< RX chan1 1154B: 9c517711a490cf1fec0db15c97e9a877823c8088f903c7ccf50fa42c844c09ed...
[   2.431]       <<< RX chan1 1154B: b103db5a5aed22d34f1adb41ae8e1750129ce7eaead2a46c920d4e2baa8a730d...
[   2.431]       <<< RX chan1 1154B: 0a5a72d3dc1810b9f4bccf078535598b716bae8dc336740fafd17428612fa3af...
[   2.431]       <<< RX chan1 1154B: aa257ff935b1665e531f00db2e1ee09cb8f7c4a3ea9f2aeb5c303eda5264c5ae...
[   2.431]       <<< RX chan1 1154B: bae7e0d4d6742b7274bc4f83a2c26736fa9e322e3432b34a24d35cc10b7e8356...
[   2.431]       <<< RX chan1 1154B: 75cb3638e60a38a98b6027b0f96b9664c807170dd1e18026fba6a4559d174fa8...
[   2.431]       <<< RX chan1 1154B: affb5dff95f42eda07f626cedf67a22fcb1aa2b90344b18bfe052809e4b4f9a6...
[   2.431]       <<< RX chan1 1154B: 48d4a8fe92c376d3f7ce6564edcee290b8bc305410b7f2f9409eed0e6cca23fc...
[   2.431]       <<< RX chan1 1154B: a6a7d0a8d06b2cd96ff89918a7777a1f8242765a48cc1b9f8b9ffdd4dfdef53d...
[   2.431]       <<< RX chan1 1154B: ea91262ef1d351c4e51a346cad822a6b6364f649167394b0e45ffc2a0fc2531c...
[   2.431]       <<< RX chan1 1056B: 2da5987ec8ffddc9d486f60d6c25ea604d818094d542e6584a9024068810f2f7...
[   2.483]       <<< RX chan1 1154B: 80005b878316017b5b0000715b000028b52ffd60715a89db02695390c0a74f6d...
[   2.483]       <<< RX chan1 1154B: e88ee50a6fa03d6ba740094cd78805865b8f87ce257abd8e2dc0b667abbe4602...
[   2.483]       <<< RX chan1 1154B: 3502fe51a70213b3388375a42bd2dbb4adc90fc928221c0836e62f80335e62c3...
[   2.483]       <<< RX chan1 1154B: 8a721c2d64223903f5e852c267ed3fa34909f29db94b7bbd7e753ee321a2fac5...
[   2.483]       <<< RX chan1 1154B: 46e3c437a68cad0a99d44781c603dd979ab9511e97e77819f2d1db9b37f6255e...
[   2.483]       <<< RX chan1 1154B: e6f0a4af691ddf570af803fd3421f52b4b416ec336b71e6d4f3aaeb34727ccb4...
[   2.483]       <<< RX chan1 1154B: 9ae4bd62fec689700ab8b9e9c383f5873862416b5cca380d5b4f2a832ad0b07a...
[   2.483]       <<< RX chan1 1154B: d1d2361bde644d73e954cceb9564f04fd2ce8e74ce815b1cee0391ade6850c5b...
[   2.483]       <<< RX chan1 1154B: 428beb4789557ef3ddf27945e4e09680c22ffd80236c12ff48d0271ef04215e1...
[   2.483]       <<< RX chan1 1154B: dbaa6d3e221d05d741b5374d0badb5956203db4ad804917a02b7de5b175277f2...
[   2.483]       <<< RX chan1 1154B: 467b9b5d5de75bfed3dc685df79ec37186c0d0a6707a89b0e9a773f8e7a1d111...
[   2.483]       <<< RX chan1 1154B: 535ad464478da8af9c690e7e4f02ec3fd9d13ebc8d449395e0fb78a8b2909560...
[   2.483]       <<< RX chan1 1154B: 6b08072c69830b00192f3b6d7b5b62541892691c84171de0d5600b8d860fdea9...
[   2.483]       <<< RX chan1 1154B: e690a7be885d0a217c159f64acc430635f2bd980588b91b5a9cf73ee0b83ffd6...
[   2.483]       <<< RX chan1 1154B: 908b34d69866620fd097c596731a19355a3f429726908baabda5b436bad9cde9...
[   2.483]       <<< RX chan1 1154B: 64609fc46ed853c956a3cbcaa4c5f2a23990efc805fe87cbb68b19bc788fc9e3...
[   2.483]       <<< RX chan1 1154B: b70d238c40590f349ceb75455afa884f506713c3731f069e75bedcec5add9dde...
[   2.483]       <<< RX chan1 1154B: 7388b29f344eb1f2e4ce1855e15b732d41b70b9243c0052212234141f199bbde...
[   2.483]       <<< RX chan1 1154B: 5a83b1c5bb0a2d0c8847b27faf06d1c4dff6dc6f08c3bb68099569b193e776e5...
[   2.483]       <<< RX chan1 1154B: c74c7f6a4f39d0fc08557a695e32225c286d87b254fea67f0f2ecb8b97c5c980...
[   2.483]       <<< RX chan1 355B: 45ced429153cb61fd985615d285b26ebfac34ebce7f9637a25e888bc6f4e6ebf...
[   2.483]       <<< RX chan1 1154B: 800057fd831601f1570000e757000028b52ffd60e75639bf02116cc489a29a2a...
[   2.483]       <<< RX chan1 1154B: f56d448f38c9af79156fd1520948e0e8dab594dab5a5639f3e56e0fdc328a6b9...
[   2.483]       <<< RX chan1 1154B: 668b5c1eb462c7e3b0ddde3328910445b4e1a7c866ad320dc01b6c4620f19a4e...
[   2.483]       <<< RX chan1 1154B: 346b9d19690dfd8d619e7f3a1d89be574d99a897cd52afd2d0eabb8a4e3a00e6...
[   2.483]       <<< RX chan1 1154B: 0789964c14e447879c54c871413f1fc7cfbaac678cd3bb95e1de9f9e3828abb7...
[   2.483]       <<< RX chan1 1154B: 206369e8dc8640ed79378ebaacbd22b845973d8aa650cf9ea86f6b6ac30aee85...
[   2.483]       <<< RX chan1 1154B: ef31f9408aa6c0cc0230b9746bbaecb2341a7a4c6872a6560f285242c8b42a6f...
[   2.483]       <<< RX chan1 1154B: 11697782a2af9771c442cb417758a7e267b9b04fb3168b6965655b6270e1586a...
[   2.483]       <<< RX chan1 1154B: 2b7cd4a3dea081c314b42f35db218fd2fad0886ef2cf024bd3813b40cd4afd22...
[   2.483]       <<< RX chan1 1154B: 11148b03cfb24e9c451832885cae2c234065e307844b64853968d899c6eb498f...
[   2.483]       <<< RX chan1 1154B: a7afbbdfdb491bfbdd785ae0f9ca81e21a3d4fd333c9f523243b5279dd0c107d...
[   2.483]       <<< RX chan1 1154B: cadbcb144cea1895c727145dcbc7a9a041f1e07a69e5407540770d3d4f5a7e9c...
[   2.483]       <<< RX chan1 1154B: c4fe977a89cf0b6bb5e35930a7a671f9eaff7f3f134bb675c7fb6c3b2ff4fd84...
[   2.483]       <<< RX chan1 1154B: af887bb7a2919b387120e4aceba671ef7dc75ad2f13d60fdd0d28ca146c1b967...
[   2.483]       <<< RX chan1 1154B: 619a4c3c1a348623307fc708ef0b00ae45de8d59887ac7f2265c90c1a409be36...
[   2.483]       <<< RX chan1 1154B: 3e286fc4e2005d1ecf2acbb21693c588a2b47153871ddfe319a277895492acd6...
[   2.483]       <<< RX chan1 1154B: 3a25365968b5155b66f6dd18630dae3dc48f0fc8f3592455f7164c92a2633885...
[   2.483]       <<< RX chan1 1154B: 011ebf6f952230690bdf57eafca2e8ada8215c75987e4b464886b06465f80a75...
[   2.483]       <<< RX chan1 1154B: 13cb83b73a0030231c3bca62d7d6c1a04f68dcf3ae7f4044918b93ecf32ea8c5...
[   2.483]       <<< RX chan1 603B: 71adf21de2944768408bebf89126e5dfaa834da06c2147cc7fa835f39b31d7df...
[   2.483]       <<< RX chan1 1154B: 80005464831601585400004e54000028b52ffd604e5371a202c0268806e36ec8...
[   2.483]       <<< RX chan1 1154B: b9b7e014265b8b76a9fe25e95e015f8591ff1516e1be639336be8e4ffea324bd...
[   2.483]       <<< RX chan1 1154B: dc6df92ebdbf9d63938b994df42f5115d7e751326ceeb11d3d57293b2259a929...
[   2.483]       <<< RX chan1 1154B: 6f7a83e152a27c527f6338af0864394d64288e273380cc4b5933cb4377ee58a4...
[   2.483]       <<< RX chan1 1154B: 889259e63e680ce770de1d6aad9c70f3a4ff776a4e881eaca5814055fecd2fda...
[   2.483]       <<< RX chan1 1154B: 7e95b225fba857978f83a53e5ee2f7567c63ad930e43b3044c90a0b583fc2cc8...
[   2.483]       <<< RX chan1 1154B: 0952a0d335a5c2d14b6cbc389e26773a91617384e9f37c6521b7e414841204f8...
[   2.483]       <<< RX chan1 1154B: ce51fb6fe02b65d209fbadc37430ad34e7e0934c98e9240aa17798f96e71b1f9...
[   2.483]       <<< RX chan1 1154B: 7eaf50026e1f784a227a1caf48c200558d28e1d1968566a71b504370cda7b6fa...
[   2.483]       <<< RX chan1 1154B: 0ef077c9a8cff84026a33f69bed99806ca68dd21ffc3d9091791052ece4ef518...
[   2.483]       <<< RX chan1 1154B: d7078ef8e42bd207ec339b3166385c98da7e8e101c0b86c1723430a4cddea40f...
[   2.483]       <<< RX chan1 1154B: 808c27356312b229a7b496cdecdd54b35dae1f595905d9edb4d53c460c86db3b...
[   2.483]       <<< RX chan1 1154B: c2ba3488b739ec91328f454b7c03d8e864781ad7092dfa72d96ad77c7d7a7d34...
[   2.483]       <<< RX chan1 1154B: 5f9b6599f28fef09500a22b1f0568f5fe35aca8a2a4ff89fa49b3c389d3fa838...
[   2.483]       <<< RX chan1 1154B: 924e4c6f2d0658bade2ac98c74c0948bf783c2ae9f704ea3aa552aaf9f6f9b61...
[   2.483]       <<< RX chan1 1154B: 22c06edef29bb86e410161857ea4258082f5f1286008ed914e41ff12e654b10a...
[   2.483]       <<< RX chan1 1154B: e9e7cd27c1b49e6b4a0b38bf884a1b2505478c1fccca78ba3d800cea922ff916...
[   2.483]       <<< RX chan1 1154B: 2eed7af87429512cba7e3067f6e0f18d5f0b17d54db73e7e84b5233a993505e2...
[   2.483]       <<< RX chan1 836B: 80bff6b710c9b46a27929089a113f21ed3ccea09b64475a8043701a064eb769e...
[   2.483]       <<< RX chan1 1154B: 80005208831601fc510000f251000028b52ffd60f250918f0258e5aa93cb0889...
[   2.483]       <<< RX chan1 1154B: 008ff751e1caae3094e26f0c544c102c5a59ad9de0e9c1bd4be26bc7b1de27da...
[   2.483]       <<< RX chan1 1154B: ab2e32a588d47f537d31c258a1d671a8703d3073acab47e81d04c1ffd0ee44aa...
[   2.483]       <<< RX chan1 1154B: 8df5fc1b8b808e9f85604f74ffe33f10b02387afacce52dd0991e64b772d5059...
[   2.483]       <<< RX chan1 1154B: 8d53169c6d2e1f7bcb6794c8db61fa23ba1477a03e388d66a37ebb03644f4652...
[   2.483]       <<< RX chan1 1154B: a9ba7dbdf4044e73fdf14b0b3e1cf840904071476538b31d1feee59e1ef69ee3...
[   2.483]       <<< RX chan1 1154B: 954861cfe6cb158bbded1130948c0948f7312567ac65e23ac7c2832d2d837dc1...
[   2.483]       <<< RX chan1 1154B: ebf34c3a66a50e8f1d47cd1839b273846529ab48e52af2201f2d01bcc308ec7d...
[   2.536]       <<< RX chan1 1154B: 6b1cd53ee2bb30e43c1294cd065cb29d7f5f57ad31600e3ed206a0400ee3c8f3...
[   2.536]       <<< RX chan1 1154B: f6eaa41765189f66f2e56bfad3d47305d2e0b64af6f881369d6ce6117722f882...
[   2.536]       <<< RX chan1 1154B: 9322a9686850989c2b4a085a756dcebdbd8925933f012814ffec82ad86f21a98...
[   2.536]       <<< RX chan1 1154B: 96ae1db61335eef0804083a7fa1554328e91f056d9960ea20a14450f58dadbd2...
[   2.536]       <<< RX chan1 1154B: 60beb50235d93ec070b9301034eaf29a0d5279b23088f1055cbf6046d2cc4206...
[   2.536]       <<< RX chan1 1154B: 25e710411a92f3ae849889444e89f4dc7a1c2d5a1981b619ed6ed7322494b888...
[   2.536]       <<< RX chan1 1154B: db4c41430670e5f7cec5927296d5f672d3cb3abfe2dd2d6049c616f8d997cfc2...
[   2.536]       <<< RX chan1 1154B: 63b12a4f15f3939b2b27f016b3a589bdbe81d2965b733a6fce0e8dc62e7b8c52...
[   2.536]       <<< RX chan1 1154B: 9e40f04a6e8a7f5cf0fd77475e30e343ea8ac8c8b7492d79da4db48d49329b05...
[   2.536]       <<< RX chan1 1154B: 92dea0b20bb331c8ea9a48634d38abef7d6dd26ba320b1b6a8e2d84d1b078ce9...
[   2.536]       <<< RX chan1 232B: 1cb3c9a7f5aa1fe6e32fc262d3e3ff9b89c7cf52744bb5934a08c4e652dc60bc...
[   2.536]       <<< RX chan1 1154B: 800065d1831601c5650000bb65000028b52ffd60bb64d92d0301b7dcbaabb5ea...
[   2.536]       <<< RX chan1 1154B: 0d9136077112ebbedc8373497f2bc921911220f0834369fe40f14289bfb05bf5...
[   2.536]       <<< RX chan1 1154B: b2dab069e9c9f9c5c68af66ad71ad61a34a2a953d3f32dda04446e3b96c491e1...
[   2.536]       <<< RX chan1 1154B: e3ce1ab40e5ef725f02cfc69e6e22ad8a77ff80016cba8433da3be6f9c08b7fa...
[   2.536]       <<< RX chan1 1154B: 23905cb4c075c05532a3f47819daa38b6cf5aea1700f844a8593f37aa8740895...
[   2.536]       <<< RX chan1 1154B: 42665ec6dddd3cff71de0c2971a0df33817a74b01095ff7b2a34e1e6e698ac15...
[   2.536]       <<< RX chan1 1154B: a6688b0b3d9b5e8f3e2daf70f69f0d835ef26c0ce15f4c2694c2f0c37a1e3eff...
[   2.536]       <<< RX chan1 1154B: d67c77d53f243d2682b6ac0f8a6929041e436c55fe5e0b81f3fc5cef3ec434c1...
[   2.536]       <<< RX chan1 1154B: 8a32dd1f6c27e4bc18d8a75a382b21d4ab32a035ba1076b0989d4c909234847c...
[   2.536]       <<< RX chan1 1154B: 1220669ed8cc9b461fd38d51af7a9fb80af03734203dbf43d9488c0cfd85a2bd...
[   2.536]       <<< RX chan1 1154B: 8eba40cfad770f17df8fb98a18c3219a2100271ccf2e13c3d787ba4d10504154...
[   2.536]       <<< RX chan1 1154B: ef4ead0ef2e7984901bc7b5ecb84f1003a054a84e5a214d566eed701b4747e62...
[   2.536]       <<< RX chan1 1154B: f1a49d68cbaa866bcd3957d19c2939793c903cc8d0a51df3e036ed698c8e08a4...
[   2.536]       <<< RX chan1 1154B: 99786f95ea58f8b0c6bdc53ece5b9288c80992b2a84eedf54ddd6f9ff09a9b11...
[   2.536]       <<< RX chan1 1154B: bcf97602e1337a470c68ee19fcc10894b15a442fb6ec67ff7537bef4666ad8ba...
[   2.536]       <<< RX chan1 1154B: f5611b501b748a5bd4977d3bd4e6c76be39cddcdad7fde4589fb3ef1a3295084...
[   2.536]       <<< RX chan1 1154B: f3c6972c05aa646dc2678b0acead4154e02956fa2e0d86efb4510141ebcffa54...
[   2.536]       <<< RX chan1 1154B: 9db7cee5c618e73bd9d9dbe3cb6f6f3923a331b154ceefbd11dcdc37da921eea...
[   2.536]       <<< RX chan1 1154B: 2d9c47b2e8665ea73cf7b6538a9b5c528d3fc5b06b935a70e368f84512175ba9...
[   2.536]       <<< RX chan1 1154B: e3b16e480eadec6aa4d54b11217cad735997a2f50627b340b5b63d3df9430015...
[   2.536]       <<< RX chan1 1154B: 6c7c0bb38b9f6b8a116fa1df446d6dc25f8bb8e5e424626bab6b779f438864a1...
[   2.536]       <<< RX chan1 1154B: 294b3346159fe77f322bb389151dc6e9791c9d5e952a26becc82322b2060a2d2...
[   2.536]       <<< RX chan1 681B: 6cf23f47c4d121db335fda2d227f2b7b772c775643084fd8c2f9124552361b51...
[   2.536]       <<< RX chan1 1154B: 800051be831601b2510000a851000028b52ffd60a850418d021642117aafaaa7...
[   2.536]       <<< RX chan1 1154B: a09b66cdce7e1f7c2103ba604e3de18dcec4a50a92e673db672ef376c9d40960...
[   2.536]       <<< RX chan1 1154B: 2a5eebd62ad2c626bfc159e4b180cc502908c41a63752b1845eb57c3845d01b8...
[   2.536]       <<< RX chan1 1154B: 1e62aa1e0f9fa2b9e8f5b2315321da85f93a2ff6201de8e5298e46fe11a3e7c7...
[   2.536]       <<< RX chan1 1154B: 4591f13c6afea98b433b8c1d7ed3e5dc03df7b7644fa6f7bba716f1eb8658efc...
[   2.536]       <<< RX chan1 1154B: 518621039310c4c783df8b7f419d8b0dcf7d27969ccabfbcb28c7eea6a41410a...
[   2.536]       <<< RX chan1 1154B: 25c6810ffd2e2d8a34a2003077440ec928be18d32fb0881a85f4ce713553dcce...
[   2.536]       <<< RX chan1 1154B: 3c42cca4984c2de04a4e0f0fb0713612a82b44efc2972dc0f8fb136724f0ea22...
[   2.536]       <<< RX chan1 1154B: 077fbc87b172a8664c0b54f59106cc937a95db636b0f32900bb64eff6b56928f...
[   2.536]       <<< RX chan1 1154B: 294bfd700931982e5fc029779ad57d442bfad14d84c04f932465fcd3f37cb0c1...
[   2.536]       <<< RX chan1 1154B: 983395befc9344d3618b8d3ab3f7e12e35035791945c891ae095b27a4515ed42...
[   2.536]       <<< RX chan1 1154B: ec7e41d844658a677fc79a1001bc9f83c1249c83dc3f45d0c8c424672b50e53c...
[   2.536]       <<< RX chan1 1154B: a41b42a19762b085dce06f9c130bc726f5cac550759ec701f6e8bb0cfc5c6ac4...
[   2.536]       <<< RX chan1 1154B: 50dd2841e05b2526793f0b889a68e5dd6ee63c6ce688ff8f6e6e0a3345b836b7...
[   2.536]       <<< RX chan1 1153B: b80c7e5806ae24a77d179aa7b7c4f7eed6f6776989f0293456f82dc592e37bc1...
[   2.536]       <<< RX chan1 1153B: c1d8508b6cabfde4708d7c33494f22521ed76c3d5fed8b9eede56badcb63342d...
[   2.536]       <<< RX chan1 1153B: b9b124aa358bacedc5654db02b409dd1a3e8d75aba58e44a1d24349cfb613385...
[   2.537]       <<< RX chan1 1153B: 9d2bc48f207adce4e15105d0c461d707fcf2c6959bdb191c744d70908c6d9525...
[   2.537]       <<< RX chan1 162B: 0a14ab8b772d6b7cb1eb770d5c6fd9eff22cb2163c1a3d835d4656ad873a7d5e...
[   2.537]       <<< RX chan1 1153B: 80007b498316013d7b0000337b000028b52ffd60337a99d903b021b571537329...
[   2.537]       <<< RX chan1 1153B: c1bf5f68d33506f1304a22bef22fe02734697d7f326a517e2a8d97823288739f...
[   2.537]       <<< RX chan1 1153B: 2e4a0fa7772cd99dfa930bfdcdce81cc60a9a253833bfd4e349bf77b5c9b7328...
[   2.537]       <<< RX chan1 1153B: 338290054b3cf54826dc2fa7c5fec9c932c1b42e0928b98a0debc46fe089ae4c...
[   2.537]       <<< RX chan1 1153B: 4939eaa3694d96b0590afc28c649163e304ac422c26d700eb3e7c04bbb830f6c...
[   2.537]       <<< RX chan1 1153B: aabcfd46787a0331cd4e85f2e3b86216aaa581125b720719f94bc7149b2c1a90...
[   2.537]       <<< RX chan1 1153B: fc55326bbff3c736e2cec3fff8669d1b9f09888b6f2731a508827bb871972c0d...
[   2.537]       <<< RX chan1 1153B: 0333435d38352362cbe1d7f02348d873731111291d8835e2a62482456b71813f...
[   2.537]       <<< RX chan1 1153B: b34811e321ebe1abd36e40ac4600c080b98f00e4932685c0680ed799610915b5...
[   2.537]       <<< RX chan1 1153B: e4b5424bc3464b80f71aaefc885ba6d1942cc53072c962e376b02095912d6edb...
[   2.537]       <<< RX chan1 1153B: 75b9c26cd6e55f6c584a4790d374bc5f8c84a0fade1a4d8d16c124682b886c8f...
[   2.537]       <<< RX chan1 1153B: fd1ccc5b685c797805833f98f56c58da727ebd5174891b25fd873f24eeeef705...
[   2.537]       <<< RX chan1 1153B: 11fb6e7ecf0910447e28911d9c8eadfe40545bcf8c85303951c13d844c164cce...
[   2.537]       <<< RX chan1 1153B: 851c5677a57cad9ec0be3d004ac6387f5f9201878924dc4e4408a4e2b68b1683...
[   2.537]       <<< RX chan1 1153B: 0ef283b790fcb699a7823e322087d3adb722678672b0c6ede07024c2f2125978...
[   2.537]       <<< RX chan1 1153B: 925bfd1eefd49372a01d33215e45e795d696f31b853d28aa6f78ad63fb90edc5...
[   2.537]       <<< RX chan1 1153B: c3d732e089e54448e4cc807112afcf2d1aa5f2ff98207369e75860c405ee019d...
[   2.537]       <<< RX chan1 1153B: 219e199c6443c2dfe7609da603a96f692e52eb233f72bbcedb94d7dc55b44dc9...
[   2.537]       <<< RX chan1 1153B: 0756afc8850739d47bb60b7a4cf2d3d5f4c4ae78d019f19022037459376d7b27...
[   2.537]       <<< RX chan1 1153B: b2ce1d91b3bb8779078ffacca6185ebce090bcc46eb7cffbc34ee09e025f16b5...
[   2.538]       <<< RX chan1 1153B: c24e10d2e7f18fcd1a626ef3b3ca5d8d52988f9fa911e101a6674553e08cdfc5...
[   2.538]       <<< RX chan1 1153B: 72144e8d60e237323f3bea22714bfe11fd01086aee6618d8ab3d0ff45ec421a4...
[   2.538]       <<< RX chan1 1153B: 22dc053a68c1206710e2ce80f2846876ec103dd5124129d53b9eb7daddea428c...
[   2.538]       <<< RX chan1 1153B: c165d1feb49a6dc030a5fe536293f20846169ca8f181076aa006dd654e14454f...
[   2.538]       <<< RX chan1 1153B: e3937c8194d9fd5157af9456a417a233a4ab5e6525abf30fd0fb699c267adf2d...
[   2.538]       <<< RX chan1 1153B: 281b18168c9ae814c4d0e3905fe06d20e9a7e7880f7ec59a38cf54b6bad6da82...
[   2.538]       <<< RX chan1 1153B: 5b36b8a5fb5dbdfb2ed6955ba45968402f061baba8900b3d48df912106fb1822...
[   2.538]       <<< RX chan1 434B: c7b9091d295b7ddf68c0b3a47c5b6e62d7f9214024d4a3bbcdb3c66dd9fe0a60...
[   2.538]       <<< RX chan1 1153B: 8000144d831601411400003714000028b52ffd603713b9a100b6582d9e1ca57d...
[   2.538]       <<< RX chan1 1153B: 914ce26d37468dfa8ec3c9b0d86d16f5d36ddb5ca01efdc1db351b1676a10d7f...
[   2.538]       <<< RX chan1 1153B: e0041b776d0a6f6ce46caab81c1734e40bfe107fe3426557556d5cfa7bb85611...
[   2.538]       <<< RX chan1 1153B: 6aaa17ffe29aebe8df3346ea2bae3472e9895ae8c2398e9cfbfd2ea99fa48137...
[   2.538]       <<< RX chan1 589B: d981982156494ebf37fa77e88a31c4ef9b949afd1f85c7a8b0304bc7a9fbcc6e...
[   2.588]       <<< RX chan1 1153B: 8000188283160371180000202b000028b52ffd60202a3dc3002a7b5951522008...
[   2.588]       <<< RX chan1 1153B: 1865e460306c4ad771aca125180802c38a0952903dbe980a4964c05282dbb6a5...
[   2.588]       <<< RX chan1 1153B: caaf71365352d4d5b8ec169c5e9d9282efd99b5fdb4e7f7a20f8786a3a372869...
[   2.588]       <<< RX chan1 1153B: ee5f0feb0d9f8715ff062dfd5a797d7dc1b0776c69ae160f7288d0f2342cc125...
[   2.588]       <<< RX chan1 1153B: baf3f52cb693039115851cd031a145023bcc1a1e0c5f4885fbd3fb8277ca7b1f...
[   2.588]       <<< RX chan1 513B: 54c1609192d282a14310216b5d1a69c5e9700098f9228a80ca5d5cdfc7e457d5...
[   2.589]       <<< RX chan1 1153B: 80006ab7831601ab6a0000a16a000028b52ffd60a169095503fce347e39de9c8...
[   2.589]       <<< RX chan1 1153B: 5eef465faa715768f729fa54c261320ac80437d2562746fd06e3015e2c5beac9...
[   2.589]       <<< RX chan1 1153B: 578b1dc8dc1b63957d1645d18c2840c899c616bc51241358875df872978d8ca2...
[   2.589]       <<< RX chan1 1153B: 73fbe274ed4a39aa07e3b81e19f3e49e2901f70afe9325a6dce1ece127570be2...
[   2.589]       <<< RX chan1 1153B: bf0834b5efd7f1844780abd9e05616592f325a1e33cb26c07947bcccc2c70cfc...
[   2.589]       <<< RX chan1 1153B: 038218af4d26edfbfd63b94e786fa52f97af598ef26eb372fe1c4389da08ea36...
[   2.589]       <<< RX chan1 1153B: 71503cb10cd4cb04a6b0ec2623620971d3598c6f2f9b968e963801b416d73bd2...
[   2.589]       <<< RX chan1 1153B: 13565d360a73c4c8c8ee3649a0e93c6d642c03ec80a64e1e832b8301fe5f1a08...
[   2.589]       <<< RX chan1 1153B: 955f2f0294eeff247a1f53a12856b772e4c98bd70f4abac3fce42cf1ec868cd7...
[   2.589]       <<< RX chan1 1153B: 3ee1fbbce309d18ee1bfe9b6ee5e6d0f842fddfba5ddcab04a0877c58d04f17f...
[   2.589]       <<< RX chan1 1153B: 00d9a0229ffab3e10ab7ef70629b1c1179af25b581286a616db9cbc773fab5a4...
[   2.589]       <<< RX chan1 1153B: ff3885c692a92ec10ceefb054064874c7246eb73e5c7b39b4633addaf8c51baa...
[   2.589]       <<< RX chan1 1153B: abac191d7f7440dbb1e96f2a5c20db85f9e583ca988a8998545037040c3bd734...
[   2.589]       <<< RX chan1 1153B: 28dfeabcc81640adb3fb3dc52dab29f0b492b473b750ec6d12f649d687cfea2a...
[   2.589]       <<< RX chan1 1153B: 2eaf102adea2ed562b03deecd597baecd66c97411af84129ce395767c3eb42f7...
[   2.589]       <<< RX chan1 1153B: 086a586ebc455774ef530ea201399cb15c7a629e9ac4b7eb38af192aa5a9ca14...
[   2.589]       <<< RX chan1 1153B: d6317564b4b9c8bab5133b5e70a3f237c3756d9f5447919175585373d568b018...
[   2.589]       <<< RX chan1 1153B: 89b032144bb891a6051f56afd916f87288fd4c6623bd05afeba5e4abdf4e4042...
[   2.589]       <<< RX chan1 1153B: 37f182dfb8ab4227c4d249744b4058d7e6df8671b1ec3438329e09553e427497...
[   2.589]       <<< RX chan1 1153B: 588928384d5d4305ba12a4a3a8f5727972185fb956eae6f1577bad37613eab15...
[   2.589]       <<< RX chan1 1153B: 0309cb734db96cc6518f473d616b2a2351714683c1105890ca5aea92fea8337d...
[   2.631]       <<< RX chan1 1154B: 2b3c765bf7a9157d51310cd66d9c8c4618e0a4c81bd9e708ab7fb89b37934e12...
[   2.632]       <<< RX chan1 1154B: 97b35d7ac97e98b36e443bea89ea09d2dce14667546574cd468d9b8ca8c40953...
[   2.632]       <<< RX chan1 802B: e6e3a44e197d355e5734e3d790d2bedc3e297ff63ca07a1ae7f8218ce9e338b6...
[   2.632]       <<< RX chan1 1154B: 8000698d831601816900007769000028b52ffd607768b94b0352f294cb2e695a...
[   2.632]       <<< RX chan1 1154B: 7505b9f1cf2f13805b755032be1f494d4f3e1a3b12e228d53f8b3e2fa6bb686a...
[   2.632]       <<< RX chan1 1154B: 9175581b217121c4bcf6fae387332fe0490c77955464057efaa62d41dc98a7c8...
[   2.632]       <<< RX chan1 1154B: b3bb88adeaa33c72dfb0b15a5aa4f3fae5e1089a1a455426cfb24c0ed18f2930...
[   2.632]       <<< RX chan1 1154B: 62eb57e61ef82c31e8e920d377ca05993b3a26f26bc19896321856c5d544015b...
[   2.632]       <<< RX chan1 1154B: 1fe6bcd2b4f72e3084a44dae1e20ddf1b988fcd6f573c8bc19de80ed7fdf1cec...
[   2.632]       <<< RX chan1 1154B: 8d0ff6a48fddb51af15fc1ae745d0f3eea5520f4f08825b77ff3988aeae7ec13...
[   2.632]       <<< RX chan1 1154B: 0d18fca3019c465e5a6a2b3a50d0b0c630cef54c05547026031639b7a77f2c27...
[   2.632]       <<< RX chan1 1154B: 68422fe0a7bf5c0af85237a6394dc656dd0a7b23279f4b5bc1f571e90f63ad8f...
[   2.632]       <<< RX chan1 1154B: aaeb5593a74cabc50699981dd8dee3a8c5a1b144fa27d4778e457c7f73de94bc...
[   2.632]       <<< RX chan1 1154B: 1b2ede5af3160779c2752780b54bdf51532067f7a51a549c612f0c5ee609fdd9...
[   2.632]       <<< RX chan1 1154B: 72ec4aad8ef7797ec5e9788a7feff3fde65f81f0af730e5ca07ef06aaa425b1f...
[   2.632]       <<< RX chan1 1153B: 491cfd7b84f1c93f90a5bed169399ebad1817c54573cc008e0f19d3e06d1b9dc...
[   2.632]       <<< RX chan1 1153B: 82a5d643082be261b70133abc1042f0ee27bb538e1fa704e05c31fcbf8ea74c0...
[   2.632]       <<< RX chan1 1153B: 1bbc1d15cfb27d18e1faa1d7220c5efeeae812a16d69ae6b1dca7aa27228c3f7...
[   2.632]       <<< RX chan1 1153B: e6d21b4a6362659c7a95641471c755317732626f59af1efe8e368bf333235e4f...
[   2.632]       <<< RX chan1 1153B: 39c190a9e6afbf8abc00a9fbbcc9f99e2e4cadbb333450fb78e5e9adca743c9a...
[   2.632]       <<< RX chan1 1153B: 42790967adad8dfe0ddc341b7523514f8c1d915c005519e187a1710ad054c9a3...
[   2.632]       <<< RX chan1 1153B: 8804e973de8abf28a3a68cc1505a9eb64a2607e52872c29afa655e51a0544287...
[   2.632]       <<< RX chan1 1153B: af855b5cc28e12b3a34b1707da0e66f546c33e7db649eb9751e5ebf8001f131b...
[   2.632]       <<< RX chan1 1153B: fd6786b0692fa0796b6e67c3b4eb910004f6e9b8e023c3e9547da3d57c952c0e...
[   2.632]       <<< RX chan1 1153B: e48fc3f90196b6c68f28c2db46a09d550396d8bfdf0b5f077639dd9b88060806...
[   2.632]       <<< RX chan1 1153B: f13adcdbddb6f98fbca44fafcd5542bbdee57de80b4bb6a22804071885beaf44...
[   2.632]       <<< RX chan1 494B: 0e8dcd1e2f91097bc6ea0e436b9f7ea45e2196220fd78be5d6323ef0672d0fa7...
[   2.632]       <<< RX chan1 1153B: 800053e2831601d6530000cc53000028b52ffd60cc52619e020bac862f473dd6...
[   2.632]       <<< RX chan1 1153B: e4c79aeb18f2c8a74228dfa3eee133eb62576da9d980aa4c95f793068056cd69...
[   2.632]       <<< RX chan1 1153B: de2037fedbee3b27d3cdfc40dc3b12ba88d78a7012b2eac14d067b3353f67daa...
[   2.632]       <<< RX chan1 1153B: b4c670fa1b53241835b7944a590b32bcb2671ffee1217f881b96eb4b7eb96103...
[   2.632]       <<< RX chan1 1153B: f67b37698a64db4ac49cd235139456913e2abf0f4d5996c37e7ede9a2d106972...
[   2.632]       <<< RX chan1 1153B: 71d079e556cf4dac41b15bdc2211ccef7a1c24fa55e379b0a37c8b7c05f2678b...
[   2.632]       <<< RX chan1 1153B: 7b5d6c0c5f0ac144e2c6ffbeb4572b84166e7837b9327d7157c96f3fb570e403...
[   2.632]       <<< RX chan1 1153B: 0e725ded8ba53312577f1552aadf638c81699b87ada7a641e54814be8a0e34fd...
[   2.632]       <<< RX chan1 1153B: 208851cee6c3f85927a4ce0b01015443f50f210b792b74d37ab889ff017156dc...
[   2.632]       <<< RX chan1 1153B: b50ebd7373f203c5e89c30969b9d348f654e3885c277bb0bfc323152d75be08d...
[   2.632]       <<< RX chan1 1153B: c072f4961218623573885ca1289c4ae29ac132f085922b0b5404541a7737a2db...
[   2.632]       <<< RX chan1 1153B: 3bb20ef7059e692bc26596f606899c6f991c263fac820adc5a5d1f1ebb3b6381...
[   2.632]       <<< RX chan1 1153B: 27977f0ca4abff8d6478dd6eee55efeeb230ea5696c2168c0335a9b7bf5d9ab3...
[   2.632]       <<< RX chan1 1153B: 842898724ab4231b149bb27e9a1a9dc1289a449ba30b780e13731aa77cccafd9...
[   2.632]       <<< RX chan1 1153B: 211bc9c9ff0088c6acc743cce1df408e9d8b02e77bfa09dfaa6d653da36aa371...
[   2.632]       <<< RX chan1 1153B: 8820276efe1305560c05ca6ff6ff1d72b5f200e24e46b1b939c8980bfaf8015d...
[   2.632]       <<< RX chan1 1153B: 77e8753a375dba7299a26e936f91af689b0e850a0ed805f450b2ab1fc77b574c...
[   2.632]       <<< RX chan1 1153B: b1792235181d20401eaa1989ca0c204b5e4031b0cd280602fd35405e7d9bb3ff...
[   2.632]       <<< RX chan1 724B: 0ea9eb1639a0b239feb4b37306a11c330372e22311fdc7552961dbb6ad514df8...
[   2.632]       <<< RX chan1 1153B: 80004f4e831601424f0000384f000028b52ffd60384ec17902ccee9fe03ec45e...
[   2.632]       <<< RX chan1 1153B: 840c1d4e612c40961edc1fb9bbace3acbb153481fb548ee5a0e88af59df168d5...
[   2.632]       <<< RX chan1 1153B: 4bee776ecb78758f6c7b18352fb948d40d29996065f8e2c98491aa815f3f9b5b...
[   2.632]       <<< RX chan1 1153B: 719d79a7711f91a58b5eb75b77bca5df59b3df57f7eb380495d500bc7f3533df...
[   2.683]       <<< RX chan1 1153B: b713742ec131b4bb036e92cadc7ca41f92411418da5d50a11d78b93c2989ae7a...
[   2.683]       <<< RX chan1 1153B: f12dc3f17d76968e3cb810ccb4c7c216e71b867ac6ff82c75107822e8cf03e18...
[   2.683]       <<< RX chan1 1153B: cbd2c41ba9cd7113b202a4b97d3969d94286341e39048c6e7aa1eb71081a6b76...
[   2.683]       <<< RX chan1 1153B: e0d0c4944562cc7a747e141958f6c4d324b4049e3421fbd77c6787e9053d6529...
[   2.683]       <<< RX chan1 1153B: 03c89594a02493538d0db286e294e6581523372058717ba914a342c6bd8751f0...
[   2.683]       <<< RX chan1 1153B: 964227fbd38cab5e9b364d0cd10f34ba6ee0a3b4abcf4142caf2e4ff0c0f73f4...
[   2.683]       <<< RX chan1 1153B: 377fff924125f1399e2ee0150dd740be1f8c7de17789bc5fdac91248d582868f...
[   2.683]       <<< RX chan1 1153B: 35891ab50017ecbeaa8cf00c22f5726336aa704b2cd084dd6c1176ab8344fce0...
[   2.683]       <<< RX chan1 1153B: 478ad3d21fd21ad24e96a7201c08891c63f891fb52543fd65af33e756cc22fe0...
[   2.684]       <<< RX chan1 1153B: f7b2c368fcdd571965c3f7450d409bf31ddd87a8a291ac9d7a058de6916fe490...
[   2.684]       <<< RX chan1 1153B: 0abea1cb6bb797c3f0d82ecf0177482ea7bbb0e33597932e30ef5cfe98108ea5...
[   2.684]       <<< RX chan1 1153B: 14e98157c346edfdaacb91181b8e99670c9e3a933963c5859ed0096b514274f2...
[   2.684]       <<< RX chan1 1153B: 166e88e836e3461499f030ea9a80ecbdbd6ccc603d97774022a292b7a2daca04...
[   2.684]       <<< RX chan1 705B: 0f14a8f806ef8e6d8d3a1dec2934d5c0f8d7ecb6053f0e8ca1d992a5bee7e6e7...
[   2.684]       <<< RX chan1 1153B: 80006730831601246700001a67000028b52ffd601a66d13803506f1892e88bcd...
[   2.684]       <<< RX chan1 1153B: 0cc441c52fab4857f44c8c76a2477bfc97c50e6f523ba86b8c7f0f6c3c847c23...
[   2.684]       <<< RX chan1 1153B: ab11f219258372ebc305990868618e236de5f98735fe1eb1d7033d47a0bcc4b8...
[   2.684]       <<< RX chan1 1153B: f8d8502b84c0f1727af4a0ec23833d2b7f25de02ab07c6f3914518cf0d8eedfe...
[   2.684]       <<< RX chan1 1153B: 2bdbc1d72e498746de04cf04f0ade226c554824d98ee43e29f0d1218e4d0a055...
[   2.684]       <<< RX chan1 1153B: c4c4bed07890b41150803280afa2a152cc94b9a21b9819a4872eeb83b1f6988d...
[   2.684]       <<< RX chan1 1153B: 419444d2f2a819305a46d267d290e63639c591993a20625e775259b5628825f2...
[   2.684]       <<< RX chan1 1153B: 072ddfdeef43a77cd3ff46394e814e8a8655f15f145005165061ff6f95aafc46...
[   2.684]       <<< RX chan1 1153B: 4cb21846cd640401c32be625f491e095055a10abe81ec75c40fd401c0b8882b2...
[   2.684]       <<< RX chan1 1153B: 9c4b27883a748dbf0eb764e29d2393d23231ea723c760647a6aff5ee39b5e30b...
[   2.684]       <<< RX chan1 1153B: 16c03ef710a6b8cc1e1bac405f60df8d50ed13f122f92f568b7b0570c892b65e...
[   2.684]       <<< RX chan1 1153B: c50cc951efcbaf032b7af420972a44fe8e96e2ebca23c566dd49f18059ab9a95...
[   2.684]       <<< RX chan1 1153B: 8587954c90adf55cac8078a96548bcfd8bb2f649b3d1b3796b984669ecb2387e...
[   2.684]       <<< RX chan1 1153B: ed505d79df9338b1f580515a16a4a11897c457dcb4e6733b2067f18c95d902de...
[   2.684]       <<< RX chan1 1153B: 6d2bf26578e76f39d7fca51cc9daf7b8cd5a63ee35452e65d86403ed287c9495...
[   2.684]       <<< RX chan1 1153B: e2a2d942b965eceae1c7448d992a7fbd310f58a9e9f3fb47cb268f6fddbbc76b...
[   2.684]       <<< RX chan1 1154B: a53b2a0e183396e65de3469b38a3c0f10abf9db0b2f8c91b3f7c6d133adf8cdf...
[   2.684]       <<< RX chan1 1154B: 9c2ad4877f8c7f6ebe043469373a4ea6b2a2d13dc64c42fab7f9a891ee8d39fa...
[   2.684]       <<< RX chan1 1154B: da05debc8e51837721ad05ccd7f50ce69eaff706bdcf053a2d2f2cdca1349fdf...
[   2.684]       <<< RX chan1 1154B: d957e8b741dd207b19463b3fea06ad9ea88f24bacbdb3a23f28212347cb1e861...
[   2.684]       <<< RX chan1 1154B: 7a4ca1389cea6422d6161b969c277d5d06c702bfd812e290040a84996a16d63a...
[   2.684]       <<< RX chan1 1154B: b6bc376a9a523f3c6f056007ea4f058be7d5a5c45423df63fbb4dfc19f76af70...
[   2.684]       <<< RX chan1 1048B: 77c3d6188478b402140497029b64e2772f53da41d94198bb94b38993c9ba358f...
[   2.684]       <<< RX chan1 1154B: 8000520e83160102520000f851000028b52ffd60f850c18f026a3eeeb707fd4b...
[   2.684]       <<< RX chan1 1154B: 400b537e504eb3deb2ff14b5eef79d3e571cb542a80e8059a01d2f494dfb90a2...
[   2.684]       <<< RX chan1 1154B: b23a4e017780cdfddca44ca574c74da38d401d6bd4cfd8daa38b454991b1184c...
[   2.684]       <<< RX chan1 1154B: 0407994698f33cf385329944ae666200b9376b0d967541d7ba6c8f056d045df0...
[   2.684]       <<< RX chan1 1154B: 78e79b1271efb7017f58c233f69206f975dc5fed9e029f1cae316906c9ecb7fc...
[   2.684]       <<< RX chan1 1154B: fdc45dd62b485b208c6f6a34e9645a6ef5392970177442f8409d29906d84ceeb...
[   2.684]       <<< RX chan1 1154B: 0cebce2148ff8f1d25810210e51410d474e9cff994c98d03c26bc7a1917438cc...
[   2.684]       <<< RX chan1 1154B: 27849f2c14654cbedf34fb547bebd83c8386ab4f4e4d546e679eeb7dd3ae8615...
[   2.684]       <<< RX chan1 1154B: dfeb86373546eef57a544362346f2d08fa79e4ce2366d7eb2505c1be2131d9aa...
[   2.684]       <<< RX chan1 1154B: 5a116cdcfeddb6ba2d698318fac7a9281395b07484ed78f07af9dd835c4b493a...
[   2.684]       <<< RX chan1 1154B: 7cdab4ebdfc704a2d4202f3002571cd6517d0934e4407f2440bff218b602b816...
[   2.684]       <<< RX chan1 1154B: 3fa44801ce9323a875d8725517913504a6488e9255f9526979a007df2e8741c9...
[   2.684]       <<< RX chan1 1154B: ef4d567c35b4593061a4e38583b547f267452f81071db04c81d26a73c4d5d412...
[   2.684]       <<< RX chan1 1154B: 155af300fd1005ab888cc18f6e61b7f53df823dea4f4a488b0c90335ad5177bd...
[   2.684]       <<< RX chan1 1153B: 8e74c82ed55b2c74d22acd1806de45b4f991eb47a77813efbd3d8066fb9ccfe0...
[   2.684]       <<< RX chan1 1153B: 858ca391e1c251525e8df7fcc034d031b99f95ad84f544559120b9470fcbba62...
[   2.684]       <<< RX chan1 1153B: d31fd7055081a49b0ecdf40580f271d28bcede9592fdbbf65a55358c27f831a5...
[   2.684]       <<< RX chan1 1153B: 97bffb6074077dd8be9dfbe7a7492cc34e34d6da1af0f26263368c577e98f6f7...
[   2.684]       <<< RX chan1 242B: 0fc9e58309eaba13c832fa5f8c99d95b4a9fb8fbe0bd7ff860a4aa7df7f62304...
[   2.684]       <<< RX chan1 903B: 80004a65831601594a00004f4a000028b52ffd604f4979520277a56408840065...
[   2.684]       <<< RX chan1 1153B: 8a0a47e0fc229bd39beb6f28ef7a5296b862f70487e1467b4b03c37264e3e739...
[   2.684]       <<< RX chan1 1153B: f4a7fabbe0aa1a5409addc0ae0003229b59f3362ca42eab80e97c437d10395f4...
[   2.684]       <<< RX chan1 1153B: 016bc8533f695b7a5a54255a299d7d8e8f431c2d4a7c98a065882233f5b9fe8d...
[   2.684]       <<< RX chan1 1153B: 9ab7cfc2677b7c98465c2a23757dde35f121b6b4dac3249179cc2a5d5dcab88a...
[   2.684]       <<< RX chan1 1153B: 9e56ffd6af5d1e2dd61775775866a7ab849ecbcaa92bcb690f03483d37375292...
[   2.684]       <<< RX chan1 1153B: 740c06b253d2864ed9bc0ba67dd12bc5cf315377181a129565ff4cd673e3c875...
[   2.684]       <<< RX chan1 1153B: a1947011a625765619d6d8b76801fa5dfd612756c0a3d492a655665408f94584...
[   2.684]       <<< RX chan1 1153B: f91d28d35fd076fdaa467ce599b3e078d8d48161a34831a381c08f18956b2659...
[   2.684]       <<< RX chan1 1153B: 8e6d4d234ecb20a27c15eaf5a468d15d590f6f905959870952d606b8bf62101d...
[   2.684]       <<< RX chan1 1153B: 80c138ac7f3439c0c1709e1487b226fafbe1d6984ff6a3db858b272add3d0b17...
[   2.684]       <<< RX chan1 1153B: bcd0169d310de8abf108fe6485a9000339b307b3c1439bf04d2193811088fb53...
[   2.684]       <<< RX chan1 1153B: 1b93aec3fe93d84ec1f6d28bc86e75ff26c88230184bab037233740c76c2b704...
[   2.684]       <<< RX chan1 1153B: f7b85293dda057ebed8a2f4963cc1c84df9ed5234a8e34d4c9db2a18eac67fca...
[   2.684]       <<< RX chan1 1153B: f5c2f58ce062a178e9fc516b5b9bdd4ea8f661641409a0a66f9ed1797c5cba71...
[   2.684]       <<< RX chan1 1153B: a5a6013932a0ddb3e8c5937c3d5209baac7858c9f65b3595e82c17cc756216bd...
[   2.684]       <<< RX chan1 851B: ba947f6500bcf291587e084f659bf0f9c4546a0c7ce954b1c66c3557881cd0b5...
[   2.684]       <<< RX chan1 294B: 8000101e8316030d100000f222000028b52ffd60f2211d80000ae888344920dc...
[   2.684]       <<< RX chan1 1153B: c544c494e456e789bb80982d176858b7b214f14962f87d67ebff57b81a473cb6...
[   2.684]       <<< RX chan1 1153B: 36eca0cb7ae7fccd5ddf41217dbc5045bf389edc8b2bbb4952f57b5d51be4d76...
[   2.684]       <<< RX chan1 1153B: bd49b959afebc43562e30b2be14a184cc4d88da181844194a62d300a15b10a39...
[   2.684]       <<< RX chan1 377B: f4e5ee5a52d39a0ddec1560b0c8318491473f919736a39f80078a5105b12b1db...
[   2.684]       <<< RX chan1 255B: 800000fb831601ef000000e600000028b52ffd20e631070025cc6fa5d7475189...
[   2.684]       <<< RX chan1 1153B: 800083ae8316028c830000c88a010028b52ffda0c88a0100051c04eef845c214...
[   2.684]       <<< RX chan1 1153B: e07e4353d4428b2462801ab085024135942c0074b3591f1a1a74e12953a3e2b1...
[   2.684]       <<< RX chan1 1153B: d82328c47532c80b06b94e0679c1df7532c80b1e5d2783bca0ef3a19e4057bd7...
[   2.684]       <<< RX chan1 1153B: 5987656091420a1ad0d0dc4ed496c9135298216284992328ae935d267ea458a7...
[   2.684]       <<< RX chan1 1153B: b39b36e169a6860e74402784a02c503fec90e2eb45d4ce110ae72a430726c460...
[   2.684]       <<< RX chan1 1153B: 3af42eeccc9cbb71e153f45d8871e3c26f9ca3b14d9c4bf3af403e9bb93c9485...
[   2.684]       <<< RX chan1 1153B: c265e1eebe8226c3bd26068f26ebf0996635071528dcdd4f54e561936273c59d...
[   2.684]       <<< RX chan1 1153B: dc63f0dc3d3871afdf70cf03b8ee2db0dcb10e6ad46caeb5146f5c441301c58c...
[   2.684]       <<< RX chan1 1153B: e49d0ddd3e865274a77a88054db9652544d6759f792f6bbeae973549dcb1ab84...
[   2.684]       <<< RX chan1 1153B: 01fad9c9c10152571f9f1e9e9c9e1f1c1c9fa09f2075dd71669c1d1f1e1e1d9d...
[   2.684]       <<< RX chan1 1153B: c504b6c48588250a581730c426bc24a0784904e181f1a4c08a7854618543ac84...
[   2.684]       <<< RX chan1 1153B: 81ecaca659288beb73ce86d31df9a7fe5baa8d7ee39c6dfbc8e5a7b906eed4b7...
[   2.684]       <<< RX chan1 1153B: 3529be1127452b4b8a46f88a4bbd619253d811df50c9d1708a6f68e568f87434...
[   2.684]       <<< RX chan1 1153B: f35e738aee737dac4d1cba7f0623a7e8c63654e35e7cdeab2eeffe670fe3cff5...
[   2.684]       <<< RX chan1 1153B: e88d8d73344048e126ee6d401041342519ed2d4bc421505e5796883cab2956d8...
[   2.684]       <<< RX chan1 1153B: c7eb7eac85749806ba3fc51b17e1efc9a9fd0a4408ebd67791e28d8b6830f4e4...
[   2.684]       <<< RX chan1 1153B: 6fa8c4c90bcaef8b05adaa5997e6dd6bfc280a447f267a35ab44f84f4cb4f10e...
[   2.684]       <<< RX chan1 1153B: 7a615fb08847505e4a594a3c61faca52f2b515c66b885ed85316a210a730605f...
[quic] DATAGRAM 32B: 030200830510ec7f750100000000ec7f75010000000000000000010000000000
[   2.870]       <<< RX chan1 1154B: 0ff5b38f15bf15ae536f35df7ed390cd64e910d6d8fc7cfb1f8f7579ab5a7d33...
[   2.870]       <<< RX chan1 1154B: 6d979f614a9828e77a88e4189440a581f4a61cd51ff7efa9d8fda856b1e7ac48...
[   2.870]       <<< RX chan1 1154B: 38794490cb43a34bb4d5e99c701547cf95a82bb5a1e775dfda182a26352aa0fa...
[   2.870]       <<< RX chan1 1154B: 07941c2a20f75630b129110d6e038f154c7790c0bc8242c50b428a15ca759de4...
[   2.870]       <<< RX chan1 1154B: ce87fb432807943b9f63c60470e76f8f9bca5b4e8b58695a3ff84abaa477b868...
[   2.870]       <<< RX chan1 1154B: ead7d4828038ba66adf82675be59b49321bf5d35cc5619cf77d0387212f81fb3...
[   2.870]       <<< RX chan1 1154B: a3faa6707d6ca51206bf15b09b0323dfa6a1cc13670e1f2c7b8cd22c5e5a7e1d...
[   2.870]       <<< RX chan1 1154B: f3353eef5bbf1967093bc5e561d312dac2083ec323cf32a43c58acd451c86d76...
[   2.870]       <<< RX chan1 1154B: bf078e89a543aecce99ad1372028a8183e3fccffceddf5deb475f995665c2271...
[   2.870]       <<< RX chan1 1154B: 8e2277ea80f50d943508f9c5a166a524bc061d913e18af57ffe0d03474e6b82e...
[   2.870]       <<< RX chan1 1154B: 526e4e345cba8a835036e3b05479d5808bd88b6aa7808d9012c5235c24856751...
[   2.870]       <<< RX chan1 1154B: ea4ae2faebbd04ad327e7fa67d54114f2b1928ccc82b200b790f697403825c7c...
[   2.870]       <<< RX chan1 1154B: 57e6d410e94a19bf9f0388513065cca928871d4abe9f1426132945cbf65cc1ef...
[   2.870]       <<< RX chan1 1154B: c923a2cf79439bf01b1a01094bb32f4c96aada8c3a8a80dfd0a8a5a23db4e637...
[   2.870]       <<< RX chan1 1154B: da03bfa364d126f81df543e687dfd22adce2a905853f9f740abfa362d22afc8e...
[   2.870]       <<< RX chan1 1154B: 00a1e176acc6f3f54e682a912b56ed0b4d94db166a415df0cb04abaaac9bac45...
[   2.870]       <<< RX chan1 1154B: 0d47f8d14530b5e1083f5cb6c54c283c6fc8814eee25f86872fe3dae837112e0...
[   2.870]       <<< RX chan1 1154B: f75815ce2b7e8f0d724af27b0c908c4be1f798146a2ce0f7981f2792df637b9c...
[   2.870]       <<< RX chan1 1154B: 1a232a08600185dd082cbfc5a4709b74a3aa222ef12a491a015455c4253e8214...
[   2.870]       <<< RX chan1 1154B: 98f409bfa36fa279f81dfd137dc3ef6810513cfc8efe8906c1ef28105128f81d...
[   2.870]       <<< RX chan1 1154B: d26d4f3d9ca0f3028923884c105180a7018608a2076e695edc94f1a3ca90716b...
[   2.870]       <<< RX chan1 1154B: 7b22e5d30977c26612d941a04e28fce972c21e90270c4aa957aa125cf33ee1aa...
[   2.870]       <<< RX chan1 414B: 43cd39423b316ddc08ebf4c16aaf8475aae836454335ee3876b06f7416f0cac9...
[   2.870]       <<< RX chan1 4883B: 6ac8656d58ccc0f64cbf7700fe2d32011d5abbbddf8f9bd894095fa8d38cfb5e...
[   2.870]       <<< RX chan1 8192B: 5c13aec98949876b6222a00c8d24bfc796e0659d9a4e8909d794db292de520c8...
[   2.871]       <<< RX chan1 8192B: c16fcb85fd82df960beb05bf2d17b60b7edb3a960b7edb2cec16fcb659582df8...
[   2.871]       <<< RX chan1 8192B: 373839393639303133351f01196973496e457870657269656e63654e616d6545...
[   2.871]       <<< RX chan1 2216B: 0900184765726d616e4c6f63616c697a6174696f6e457870657274090006496e...
[   2.871]       <<< RX chan1 49B: 8000002d830d00000000000117efffff65000000b1f4ffff0d000000000001c6...
[   2.871]       <<< RX chan1 49B: 8000002d830d00000000000115efffff64000000b0f4ffff0d000000000001c4...
[   2.871]       <<< RX chan1 55B: 80000033830d00000000000113efffff63000000aff4ffff0d00000000030d00...
[   2.921]       <<< RX chan1 55B: 80000033830d00000000000112efffff62000000aef4ffff0d000000000001c1...
[   2.921]       <<< RX chan1 61B: 80000039830d00000000000110efffff60000000adf4ffff0d00000000010d00...
[   2.921]       <<< RX chan1 161B: 8000009d831b040000000426506828042e718831045b4cd37204ac89b5340d00...
[   2.971]   DUMMY -> send ping 77B
[   2.971]       <<< RX chan1 98B: 8000005e830704170111795b14000704170111795614010d0000000000010def...
[   2.971]       <<< RX chan1 55B: 80000033830d0000000000010befffff5d000000a9f4ffff0d000000000001bb...
[   2.971]       <<< RX chan1 55B: 80000033830d0000000000010aefffff5c000000a8f4ffff0d000000000001b9...
[   2.990]       <<< RX chan1 49B: 8000002d830d00000000000108efffff5b000000a7f4ffff0d000000000001b8...
[   3.040]       <<< RX chan1 49B: 8000002d830d00000000000106efffff5a000000a6f4ffff0d000000000001b6...
[   3.040]       <<< RX chan1 80B: 8000004c830d00000000000105efffff59000000a5f4ffff0d000000000001b4...
[   3.040]       <<< RX chan1 49B: 8000002d830d00000000000103efffff58000000a4f4ffff0d000000000001b3...
[   3.091]       <<< RX chan1 55B: 80000033830d00000000000101efffff57000000a3f4ffff0d00000000030d00...
[   3.091]       <<< RX chan1 49B: 8000002d830d00000000000100efffff56000000a2f4ffff0d000000000001b0...
[   3.091]       <<< RX chan1 55B: 80000033830d000000000001feeeffff55000000a0f4ffff0d00000000020d00...
[   3.141]       <<< RX chan1 146B: 8000008e831b0100000004ea64ca440d000000000001fceeffff530000009ff4...
[   3.141]       <<< RX chan1 60B: 800000388323c08e59000d000000000001fbeeffff520000009ef4ffff0d0000...
[   3.141]       <<< RX chan1 49B: 8000002d830d000000000001f9eeffff510000009df4ffff0d000000000001a9...
[   3.191]       <<< RX chan1 55B: 80000033830d000000000001f7eeffff500000009cf4ffff0d00000000030d00...
[   3.191]       <<< RX chan1 67B: 8000003f8307017fbb54005b140007017fbb54005614010d000000000001f6ee...
[   3.191]       <<< RX chan1 281B: 80000115831b02000000012ca65400012da65400030184a35400a12701017fa3...
[   3.242]       <<< RX chan1 49B: 8000002d830d000000000001f3eeffff4d00000099f4ffff0d000000000001a3...
[   3.242]       <<< RX chan1 80B: 8000004c830d000000000001f1eeffff4c00000098f4ffff0d000000000001a1...
[   3.242]       <<< RX chan1 55B: 80000033830d000000000001efeeffff4b00000097f4ffff0d000000000001a0...
[   3.292]       <<< RX chan1 55B: 80000033830d000000000001eeeeffff4a00000095f4ffff0d00000000020d00...
[   3.292]       <<< RX chan1 80B: 8000004c830d000000000001eceeffff4800000094f4ffff0d00000000010d00...
[   3.292]       <<< RX chan1 104B: 800000648307049fccbc4d5b140007049fccbc4d5614010d000000000001eaee...
[quic] DATAGRAM 32B: 030300830510e081750100000000e08175010000000000000000010000000000
[   3.343]       <<< RX chan1 55B: 80000033830d000000000001e9eeffff4600000092f4ffff0d00000000000199...
[   3.343]       <<< RX chan1 76B: 80000048830d000000000001e7eeffff4500000091f4ffff0d00000000000198...
[   3.343]       <<< RX chan1 61B: 80000039830d000000000001e5eeffff4400000090f4ffff0d00000000030d00...
[   3.366]       <<< RX chan1 55B: 80000033830d000000000001e4eeffff430000008ff4ffff0d00000000000195...
[   3.417]       <<< RX chan1 49B: 8000002d830d000000000001e2eeffff420000008ef4ffff0d00000000000193...
[   3.417]       <<< RX chan1 55B: 80000033830d000000000001e0eeffff410000008df4ffff0d00000000030d00...
[   3.417]       <<< RX chan1 55B: 80000033830d000000000001dfeeffff400000008cf4ffff0d00000000000190...
[   3.467]       <<< RX chan1 111B: 8000006b830d000000000001ddeeffff3e0000008af4ffff0d00000000010d00...
[   3.467]       <<< RX chan1 130B: 8000007e830d000000000001dbeeffff3d00000089f4ffff0d00000000030d00...
[   3.467]       <<< RX chan1 65B: 8000003d831b010000000453ad6b7f0d000000000001daeeffff3c00000088f4...
[   3.519]       <<< RX chan1 49B: 8000002d830d000000000001d8eeffff3b00000087f4ffff0d0000000000018a...
[   3.520]       <<< RX chan1 49B: 8000002d830d000000000001d7eeffff3a00000086f4ffff0d00000000000188...
[   3.520]       <<< RX chan1 1154B: 80003782830301ea7e5400a1270101dc7d54000201e3cd54002902ffff01eb7e...
[   3.521]       <<< RX chan1 1154B: 7f54000157dded89330a27e83e7c6030b430363597dd1dc3ce7f2640faa9e4d1...
[   3.521]       <<< RX chan1 1154B: 7f54000187b3fdb05cdded89b365fc09bf4d51243ca97e54000fc08500000080...
[   3.521]       <<< RX chan1 1154B: 06000000a0480130407461746515110000007461746554797065080000001154...
[   3.521]       <<< RX chan1 1154B: 258ae40db4f0f15d8869a9bbd8ec80f229629e711795ba428885f6cc8187a2fd...
[   3.521]       <<< RX chan1 1154B: 1c8b2f15c26c069642762252efdbfc0b0395e11cb3f1d6fb0e9384137fe7d3da...
[   3.521]       <<< RX chan1 1154B: a5cf60c8eb3bb1eb2e412dd4b3fa5df5981ae2aea1d0ce9fbd00390f25119d85...
[   3.521]       <<< RX chan1 1154B: 20c2e8cc088dc848d2b41973940b108970c2b772753301d65cc6fa1434637f70...
[   3.521]       <<< RX chan1 1154B: dbc0a77c568eb8cabdd7f01b4cf1743e62a9821c4be3f3426bfdea326f1f8b3e...
[   3.521]       <<< RX chan1 1154B: bdde6b64f59a7dec53fa56951e1f1f23ab553050dd54599996cbe5d69595c54f...
[   3.521]       <<< RX chan1 1154B: 55876c6af7c6af29e1628562836453d35abc1a0621593ae5b2a953929f66159b...
[   3.521]       <<< RX chan1 1154B: 8cae847ed787ff7f1d72c9981f23476694e32dd50a7e23842bb8138bfbc3b44e...
[   3.521]       <<< RX chan1 366B: 9db6dce9c03286e11c69b15fe0a0e7070bc0982f17328203e5c80e4186d53664...
[   3.521]       <<< RX chan1 11B: 800000078323208f590000
[   3.521]       <<< RX chan1 49B: 8000002d830d000000000001d3eeffff3800000084f4ffff0d00000000000185...
[   3.536]       <<< RX chan1 80B: 8000004c830d000000000001d2eeffff3700000083f4ffff0d00000000000183...
[   3.587]       <<< RX chan1 49B: 8000002d830d000000000001d0eeffff3600000082f4ffff0d00000000000182...
[   3.587]       <<< RX chan1 80B: 8000004c830d000000000001ceeeffff3400000081f4ffff0d00000000030d00...
[   3.587]       <<< RX chan1 80B: 8000004c830d000000000001cdeeffff330000007ff4ffff0d00000000010d00...
[   3.637]       <<< RX chan1 61B: 80000039830d000000000001cbeeffff320000007ef4ffff0d00000000020d00...
[   3.637]       <<< RX chan1 86B: 80000052831b0400000004d352282d04e35c1342048454f15c04e15e031f0d00...
[   3.637]       <<< RX chan1 67B: 8000003f83070425e3e3495b1400070425e3e3495614010d000000000001c8ee...
[   3.688]       <<< RX chan1 49B: 8000002d830d000000000001c6eeffff2f0000007bf4ffff0d00000000000178...
[   3.688]       <<< RX chan1 86B: 80000052831b0400000004ca257c1d04d694cb4b0411bd895004d9ed07060d00...
[   3.688]       <<< RX chan1 49B: 8000002d830d000000000001c3eeffff2d00000079f4ffff0d00000000000175...
[   3.738]       <<< RX chan1 55B: 80000033830d000000000001c1eeffff2b00000078f4ffff0d00000000010d00...
[   3.738]       <<< RX chan1 101B: 80000061831b02000000042012be350405858e140d000000000001c0eeffff2a...
[   3.738]       <<< RX chan1 55B: 80000033830d000000000001beeeffff2900000076f4ffff0d00000000000170...
[   3.789]       <<< RX chan1 55B: 80000033830d000000000001bceeffff2800000074f4ffff0d00000000020d00...
[   3.789]       <<< RX chan1 1154B: 80006334830d000000000001bbeeffff2700000073f4ffff0d00000000020d00...
[   3.789]       <<< RX chan1 1154B: 2769632853a94a00468c7dfee2e9c53e2bd68937bd40ddddffcad898bb2f96c5...
[   3.789]       <<< RX chan1 1154B: 0ced2caccc8c28968a919d998d8da1858d2188a1dd3648405d6b9f155d2aa9ac...
[   3.789]       <<< RX chan1 1154B: 4eae0ad2429e61c12b737575dfba8288996b98582ed67c68c19404a242aac2f2...
[   3.789]       <<< RX chan1 1154B: 31dbb9a7fc8495727696611684edf810e2ee2e371d49d8cec9d80d5cd0644032...
[   3.789]       <<< RX chan1 1154B: 44434e672c853e91a84545ce0a5f76c5b4ad0e42ff0109afa201d8ae9ae96a28...
[   3.789]       <<< RX chan1 1154B: f4ced613d0f7ddd02b80af68a1c7768608f4062cde101436e0e544e9e9c0214c...
[   3.789]       <<< RX chan1 1154B: 03110d3f4e64983d84fdd281860f1eca8ec6bd54a9a6030d1fb8fbd3dd97c880...
[   3.789]       <<< RX chan1 1154B: 6ffc12423a341418885d4dbc7a472a469f6628cd433ea6c0d3de133c7e6fe60b...
[   3.789]       <<< RX chan1 1154B: 4ad6fd00415aeca787aa3d3d944bd474af636bf4b29f46a0ff64c7d67b25ebbe...
[   3.789]       <<< RX chan1 1154B: 6df3a6962178c229a99d55f38637f79ff0296e67159f8a28e4f8368101beb393...
[   3.789]       <<< RX chan1 1154B: f752cf57b85ad8486024bcf752cf4bd84b76d22039efbdd4f36d57baeca5e988...
[   3.789]       <<< RX chan1 1154B: 306a2645eee83427c65e41996b2aefa20fac8c165ca1e5aa9b37cfa4c81d0d15...
[   3.789]       <<< RX chan1 1154B: 3fc0ca36b6ca129d63d00061c7134d1b1b06d32f980c1076d4face660335d902...
[   3.789]       <<< RX chan1 1154B: 66c3b8d5555dda6cea1b069de74715f77008f10b316191a3691ec600dddfcf58...
[   3.789]       <<< RX chan1 1154B: 47211285d2767a70c8adf38172371df0211b72fbaa24425111885d749540df0c...
[   3.789]       <<< RX chan1 1154B: 979cff1843c6c3ef10366b203438fc5b1bf96ed867797f10ef50d9f8dae57acd...
[   3.789]       <<< RX chan1 1154B: 0e3f3fca117b3ce61934ce5e9b347bebb5ed6519707d74ece4dd1ce7da09cf69...
[   3.789]       <<< RX chan1 1154B: d76efcc73d538b3cacff22fbab666faa3fcbe78091c06f4adbbd94c164acc177...
[   3.790]       <<< RX chan1 1154B: 0c7a12f1b7242cfd782559e8796462cf3722e455fd5d331db45bb81d4564179a...
[   3.790]       <<< RX chan1 1154B: 8989e6787ae4636d1c81fb3768f67d6730728bfeb2adacd7405e6044b99c1c9d...
[   3.790]       <<< RX chan1 1154B: 798e96ddf6907f6afa0bd3a2f0fb580150b06933dc5e7d821671c6d9b0f39ed7...
[   3.790]       <<< RX chan1 12B: 2fab93e2979eb14ead370400
[   3.790]       <<< RX chan1 11B: 800000078323608f590000
[   3.790]       <<< RX chan1 55B: 80000033830d000000000001b9eeffff2600000072f4ffff0d0000000000016c...
[quic] DATAGRAM 32B: 030400830510e483750100000000e48375010000000000000000010000000000
[   3.839]       <<< RX chan1 81B: 8000004d831b0100000004170111790d000000000000fe01020d00000000030d...
[   3.839]       <<< RX chan1 55B: 80000033830d000000000001b6eeffff2400000070f4ffff0d00000000000168...
[   3.839]       <<< RX chan1 88B: 80000054830d000000000001b4eeffff220000006ff4ffff0d00000000010d00...
[   3.889]       <<< RX chan1 55B: 80000033830d000000000001b2eeffff210000006ef4ffff0d00000000030d00...
[   3.889]       <<< RX chan1 49B: 8000002d830d000000000001b1eeffff200000006df4ffff0d00000000000164...
[   3.889]       <<< RX chan1 65B: 8000003d830d000000000000fe01020d00000000030d000000000001afeeffff...
[   3.940]       <<< RX chan1 55B: 80000033830d000000000001adeeffff1e0000006bf4ffff0d00000000030d00...
[   3.940]       <<< RX chan1 80B: 8000004c831b0400000004e4d69319043a62d602047f1dd26b04741a49670d00...
[   3.940]       <<< RX chan1 86B: 80000052830d000000000001aaeeffff1c00000068f4ffff0d00000000020d00...
[   3.990]   DUMMY -> send ping 77B
[   3.990]       <<< RX chan1 61B: 80000039830d000000000001a9eeffff1a00000067f4ffff0d00000000010d00...
[   3.991]       <<< RX chan1 71B: 80000043830d000000000000fe01020d00000000030d000000000001a7eeffff...
[   3.991]       <<< RX chan1 55B: 80000033830d000000000001a5eeffff1800000065f4ffff0d00000000000159...
[   4.041]       <<< RX chan1 67B: 8000003f83070414fbdc555b1400070414fbdc555614010d000000000001a4ee...
[   4.041]       <<< RX chan1 55B: 80000033830d000000000001a2eeffff1600000063f4ffff0d00000000000155...
[   4.041]       <<< RX chan1 55B: 80000033830d000000000001a0eeffff1500000062f4ffff0d00000000000154...
[   4.091]       <<< RX chan1 71B: 80000043830d000000000000fe01020d00000000030d0000000000019feeffff...
[   4.091]       <<< RX chan1 61B: 80000039830d0000000000019deeffff1200000060f4ffff0d00000000010d00...
[   4.091]       <<< RX chan1 130B: 8000007e830d0000000000019beeffff110000005ef4ffff0d00000000030d00...
[   4.142]       <<< RX chan1 55B: 80000033830d0000000000019aeeffff100000005df4ffff0d00000000020d00...
[   4.142]       <<< RX chan1 60B: 800000388323b08f59000d00000000000198eeffff0f0000005cf4ffff0d0000...
[   4.142]       <<< RX chan1 1154B: 800019ab831b02000000014ac05400014bc0540003019c825400a12701019b82...
[   4.142]       <<< RX chan1 1154B: 78725d75d0004be2bf6ed64449ffb307a5d3597263e8047fda1ef2f0074671f4...
[   4.142]       <<< RX chan1 1154B: e4432f82465595a77c3f1582b1cf275f1d0594d435fd86f8a72cecc850cde041...
[   4.142]       <<< RX chan1 1154B: 10f57db264f541559fe19bea7dae6074370fe4aa5f8c487f2a044f71fbd0f65d...
[   4.142]       <<< RX chan1 1154B: 088b8b71bfff31417148144799c0783183d3cccc58760408c6d122c1df5d97e9...
[   4.142]       <<< RX chan1 805B: 5fd481cd0618324f702a46e1a83c0e6559858a3b3fd1631f7efd5451d6d7a50e...
[   4.142]       <<< RX chan1 11B: 800000078323b88f590000
[   4.193]       <<< RX chan1 65B: 8000003d831b01000000049fccbc4d0d00000000000195eeffff0d0000005af4...
[   4.193]       <<< RX chan1 49B: 8000002d830d00000000000193eeffff0c00000059f4ffff0d00000000000147...
[   4.193]       <<< RX chan1 80B: 8000004c830d00000000000191eeffff0a00000058f4ffff0d00000000030d00...
[   4.243]       <<< RX chan1 79B: 8000004b830701b08254005b14000701b08254005614010d00000000000190ee...
[   4.244]       <<< RX chan1 73B: 80000045830701b08254005b14000701b08254005614010d0000000000018eee...
[   4.244]       <<< RX chan1 1154B: 80001634830701b28254005b14000701b28254005614010301f2c95400a12701...
[   4.244]       <<< RX chan1 1154B: d6726f8efd7ff8fabd66b2033c45dd18bc28520ee54b1d8fc0cd028ea20d99a7...
[   4.244]       <<< RX chan1 1154B: d10b7bc6f1815c5ac0c203e5314286f55e4a74bd90db7ec872163b4a4ec233c0...
[   4.244]       <<< RX chan1 1154B: 1c001f8ced99362cb78b16182422934be8863c5573911366cfae0c1e361e8bc1...
[   4.244]       <<< RX chan1 1072B: 7bc60100d7ad63ff0e481512175823a0ddac4e92c2101398c73674d397b42f4c...
[   4.244]       <<< RX chan1 11B: 800000078323d08f590000
[   4.294]       <<< RX chan1 184B: 800000b4830204563ceb2e5002ff000000c07f0000803f000000000518244174...
[   4.294]       <<< RX chan1 91B: 80000057830701b08254005b14000701b08254005614010701b28254005b1400...
[   4.294]       <<< RX chan1 109B: 80000069830701b08254005b14000701b08254005614010701b28254005b1400...
[   4.345]       <<< RX chan1 55B: 80000033830d00000000000186eeffff0200000050f4ffff0d00000000010d00...
[   4.345]       <<< RX chan1 80B: 8000004c831b0400000004479ff653046502d80304c1e7941c04e2741f500d00...
[   4.345]       <<< RX chan1 98B: 8000005e830701b28254005b14000701b28254005614010d00000000000183ee...
[quic] DATAGRAM 32B: 030500830510e885750100000000e88575010000000000000000010000000000
[   4.368]       <<< RX chan1 76B: 80000048830d00000000000181eeffffffffffff4df4ffff0d00000000000136...
[   4.368]       <<< RX chan1 55B: 80000033830d0000000000017feefffffeffffff4cf4ffff0d00000000030d00...
[   4.419]       <<< RX chan1 49B: 8000002d830d0000000000017eeefffffdffffff4bf4ffff0d00000000000133...
[   4.419]       <<< RX chan1 55B: 80000033830d0000000000017ceefffffbffffff4af4ffff0d00000000010d00...
[   4.419]       <<< RX chan1 86B: 80000052830d0000000000017aeefffffaffffff48f4ffff0d00000000030d00...
[   4.469]       <<< RX chan1 73B: 80000045830701b08254005b14000701b08254005614010d00000000000179ee...
[   4.469]       <<< RX chan1 55B: 80000033830d00000000000177eefffff8ffffff46f4ffff0d0000000000012c...
[   4.469]       <<< RX chan1 42B: 80000026830101537954000d0000000000012bf8ffff0906000073feffff0d00...
[   4.519]       <<< RX chan1 66B: 8000003e830701b08254005b14000701b08254005614010701b28254005b1400...
[   4.520]       <<< RX chan1 40B: 80000024831b010000000425e3e3490d00000000000128f8ffff0a06000073fe...
[   4.520]       <<< RX chan1 36B: 80000020830d00000000000126f8ffff0b06000072feffff0d00000000022314...
[   4.570]       <<< RX chan1 36B: 80000020830d00000000000124f8ffff0c06000072feffff0d00000000032318...
[   4.570]       <<< RX chan1 72B: 80000044830701b08254005b14000701b08254005614010701b28254005b1400...
[   4.570]       <<< RX chan1 30B: 8000001a830d00000000000121f8ffff0d06000072feffff232090590000
[   4.620]       <<< RX chan1 30B: 8000001a830d00000000000120f8ffff0e06000071feffff232490590000
[   4.620]       <<< RX chan1 36B: 80000020830d0000000000011ef8ffff0e06000071feffff0d00000000012328...
[   4.620]       <<< RX chan1 100B: 80000060831b020000000477d68b7004395c4a6d1b0400000004d7fa4a1a0446...
[   4.671]       <<< RX chan1 30B: 8000001a830d0000000000011bf8ffff1006000070feffff233090590000
[   4.671]       <<< RX chan1 61B: 80000039830d00000000000119f8ffff1006000070feffff0d00000000030d00...
[   4.671]       <<< RX chan1 30B: 8000001a830d00000000000118f8ffff1106000070feffff233890590000
[   4.721]       <<< RX chan1 36B: 80000020830d00000000000116f8ffff120600006ffeffff0d0000000002233c...
[   4.721]       <<< RX chan1 36B: 80000020830d00000000000115f8ffff120600006ffeffff0d00000000012340...
[   4.721]       <<< RX chan1 30B: 8000001a830d00000000000113f8ffff130600006ffeffff234490590000
[   4.746]       <<< RX chan1 61B: 80000039830d00000000000111f8ffff140600006efeffff0d00000000030d00...
[   4.796]       <<< RX chan1 36B: 80000020830d00000000000110f8ffff140600006efeffff0d0000000001234c...
[   4.796]       <<< RX chan1 36B: 80000020830d0000000000010ef8ffff150600006efeffff0d00000000032350...
[   4.796]       <<< RX chan1 36B: 80000020830d0000000000010df8ffff160600006dfeffff0d00000000022354...
[   4.846]       <<< RX chan1 36B: 80000020830d0000000000010bf8ffff160600006dfeffff0d00000000012358...
[   4.846]       <<< RX chan1 30B: 8000001a830d0000000000010af8ffff170600006dfeffff235c90590000
[   4.846]       <<< RX chan1 30B: 8000001a830d00000000000108f8ffff180600006dfeffff236090590000
[quic] DATAGRAM 32B: 030600830510ec87750100000000ec8775010000000000000000010000000000
[   4.897]       <<< RX chan1 61B: 80000039830d00000000000106f8ffff180600006cfeffff0d00000000030d00...
[   4.897]       <<< RX chan1 67B: 8000003f831b010000000414fbdc550d00000000000105f8ffff190600006cfe...
[   4.897]       <<< RX chan1 54B: 80000032830701b28254005a14000000000000000000000000000000000d0000...
[   4.947]       <<< RX chan1 146B: 8000008e831b0100000001acbb54001b1300000001adbb540001aebb540001af...
[   4.947]       <<< RX chan1 30B: 8000001a830d00000000000100f8ffff1b0600006bfeffff237490590000
[   4.947]       <<< RX chan1 36B: 80000020830d000000000001fef7ffff1c0600006bfeffff0d00000000032378...
[   4.997]   DUMMY -> send ping 77B
[   4.997]       <<< RX chan1 36B: 80000020830d000000000001fdf7ffff1c0600006afeffff0d0000000002237c...
[   4.997]       <<< RX chan1 36B: 80000020830d000000000001fbf7ffff1d0600006afeffff0d00000000032380...
[   4.997]       <<< RX chan1 30B: 8000001a830d000000000001faf7ffff1e0600006afeffff238490590000
[   5.048]       <<< RX chan1 36B: 80000020830d000000000001f8f7ffff1e06000069feffff0d00000000022388...
[   5.048]       <<< RX chan1 55B: 80000033831b0400000004ea82de6b04ec03255204d93bb9100445ba2c390d00...
[   5.048]       <<< RX chan1 30B: 8000001a830d000000000001f5f7ffff2006000069feffff239090590000
[   5.098]       <<< RX chan1 61B: 80000039830d000000000001f3f7ffff2006000068feffff0d00000000030d00...
[   5.098]       <<< RX chan1 30B: 8000001a830d000000000001f2f7ffff2106000068feffff239890590000
[   5.098]       <<< RX chan1 48B: 8000002c830701b08254005b14000701b08254005614010d000000000001f0f7...
[   5.149]       <<< RX chan1 30B: 8000001a830d000000000001eff7ffff2206000068feffff23a090590000
[   5.149]       <<< RX chan1 35B: 8000001f8323a09059000d000000000001edf7ffff2306000067feffff23a490...
[   5.149]       <<< RX chan1 36B: 80000020830d000000000001ecf7ffff2306000067feffff0d000000000123a8...
[   5.200]       <<< RX chan1 30B: 8000001a830d000000000001eaf7ffff2406000067feffff23ac90590000
[   5.200]       <<< RX chan1 61B: 80000039830d000000000001e8f7ffff2506000066feffff0d00000000030d00...
[   5.200]       <<< RX chan1 36B: 80000020830d000000000001e7f7ffff2506000066feffff0d000000000123b4...
[   5.250]       <<< RX chan1 30B: 8000001a830d000000000001e5f7ffff2606000066feffff23b890590000
[   5.250]       <<< RX chan1 36B: 80000020830d000000000001e4f7ffff2706000065feffff0d000000000223bc...
[   5.250]       <<< RX chan1 36B: 80000020830d000000000001e2f7ffff2706000065feffff0d000000000123c0...
[   5.301]       <<< RX chan1 36B: 80000020830d000000000001e0f7ffff2806000065feffff0d000000000323c4...
[   5.301]       <<< RX chan1 36B: 80000020830d000000000001dff7ffff2906000064feffff0d000000000223c8...
[   5.301]       <<< RX chan1 30B: 8000001a830d000000000001ddf7ffff2906000064feffff23cc90590000
[   5.350]       <<< RX chan1 30B: 8000001a830d000000000001dcf7ffff2a06000064feffff23d090590000
[   5.350]       <<< RX chan1 55B: 80000033831b0400000004b2895c75042e1b8a28043eaa6b590493dfb8080d00...
[   5.350]       <<< RX chan1 263B: 800001038307015f41000069122464323531643833632d316330382d34313763...
[quic] DATAGRAM 32B: 030700830510e089750100000000e08975010000000000000000010000000000
[   5.368]       <<< RX chan1 30B: 8000001a830d000000000001d7f7ffff2c06000063feffff23dc90590000
[   5.368]       <<< RX chan1 88B: 80000054830d000000000001d5f7ffff2c06000063feffff0d00000000030d00...
[   5.419]       <<< RX chan1 40B: 80000024831b010000000113cd54000d000000000001d4f7ffff2d06000062fe...
[   5.419]       <<< RX chan1 30B: 8000001a830d000000000001d2f7ffff2e06000062feffff23e890590000
[   5.419]       <<< RX chan1 36B: 80000020830d000000000001d1f7ffff2e06000062feffff0d000000000123ec...
[   5.469]       <<< RX chan1 36B: 80000020830d000000000001cff7ffff2f06000061feffff0d000000000223f0...
[   5.469]       <<< RX chan1 146B: 8000008e831b0100000001f6be54001b1300000001f7be540001f8be540001f9...
[   5.520]       <<< RX chan1 30B: 8000001a830d000000000001ccf7ffff3006000061feffff23f890590000
[   5.520]       <<< RX chan1 61B: 80000039830d000000000001caf7ffff3106000060feffff0d00000000030d00...
[   5.520]       <<< RX chan1 36B: 80000020830d000000000001c9f7ffff3106000060feffff0d00000000012300...
[   5.520]       <<< RX chan1 30B: 8000001a830d000000000001c7f7ffff3206000060feffff230491590000
[   5.570]       <<< RX chan1 36B: 80000020830d000000000001c6f7ffff330600005ffeffff0d00000000022308...
[   5.570]       <<< RX chan1 36B: 80000020830d000000000001c4f7ffff330600005ffeffff0d0000000001230c...
[   5.570]       <<< RX chan1 46B: 8000002a831b0100000001ffce54000d000000000001c2f7ffff340600005ffe...
[   5.620]       <<< RX chan1 30B: 8000001a830d000000000001c1f7ffff350600005ffeffff231491590000
[   5.620]       <<< RX chan1 30B: 8000001a830d000000000001bff7ffff350600005efeffff231891590000
[   5.620]       <<< RX chan1 30B: 8000001a830d000000000001bef7ffff360600005efeffff231c91590000
[   5.653]       <<< RX chan1 36B: 80000020830d000000000001bcf7ffff360600005efeffff0d00000000012320...
[   5.653]       <<< RX chan1 30B: 8000001a830d000000000001bbf7ffff370600005dfeffff232491590000
[   5.703]       <<< RX chan1 30B: 8000001a830d000000000001b9f7ffff380600005dfeffff232891590000
[   5.703]       <<< RX chan1 61B: 80000039830d000000000001b7f7ffff380600005dfeffff0d00000000030d00...
[   5.703]       <<< RX chan1 36B: 80000020830d000000000001b6f7ffff390600005cfeffff0d00000000022330...
[   5.753]       <<< RX chan1 55B: 80000033831b04000000047e9a0a0c04e259d91504e159e922042e09d04e0d00...
[   5.753]       <<< RX chan1 30B: 8000001a830d000000000001b3f7ffff3a0600005cfeffff233891590000
[   5.753]       <<< RX chan1 36B: 80000020830d000000000001b1f7ffff3b0600005bfeffff0d0000000002233c...
[   5.804]       <<< RX chan1 61B: 80000039830d000000000001aff7ffff3b0600005bfeffff0d00000000030d00...
[   5.804]       <<< RX chan1 30B: 8000001a830d000000000001aef7ffff3c0600005bfeffff234491590000
[   5.804]       <<< RX chan1 36B: 80000020830d000000000001acf7ffff3d0600005afeffff0d00000000022348...
[   5.854]       <<< RX chan1 45B: 80000029831b02000000045d01304804a8c439660d000000000001abf7ffff3d...
[   5.854]       <<< RX chan1 48B: 8000002c830701b28254005b14000701b28254005614010d000000000001a9f7...
[   5.854]       <<< RX chan1 36B: 80000020830d000000000001a8f7ffff3e0600005afeffff0d00000000012354...
[quic] DATAGRAM 32B: 030800830510e58b750100000000e58b75010000000000000000010000000000
[   5.904]       <<< RX chan1 30B: 8000001a830d000000000001a6f7ffff3f06000059feffff235891590000
[   5.904]       <<< RX chan1 63B: 8000003b830d000000000001a4f7ffff4006000059feffff0d00000000030510...
[   5.904]       <<< RX chan1 30B: 8000001a830d000000000001a3f7ffff4006000059feffff236091590000
[   5.954]   DUMMY -> send ping 77B
[   5.955]       <<< RX chan1 36B: 80000020830d000000000001a1f7ffff4106000058feffff0d00000000022364...
[   5.955]       <<< RX chan1 40B: 80000024831b01000000012fcf54000d000000000001a0f7ffff4206000058fe...
[   5.955]       <<< RX chan1 30B: 8000001a830d0000000000019ef7ffff4206000058feffff236c91590000
[   6.005]       <<< RX chan1 61B: 80000039830d0000000000019cf7ffff4306000057feffff0d00000000030d00...
[   6.005]       <<< RX chan1 36B: 80000020830d0000000000019bf7ffff4306000057feffff0d00000000012374...
[   6.005]       <<< RX chan1 65B: 8000003d831b0200000001e5cd540001e6cd54000301ea7e5400a1270101dd7e...
[   6.056]       <<< RX chan1 61B: 80000039831b04000000040183c638041f5df01e046fb6810104c9fa37310d00...
[   6.056]       <<< RX chan1 30B: 8000001a830d00000000000196f7ffff4506000056feffff238091590000
[   6.056]       <<< RX chan1 30B: 8000001a830d00000000000195f7ffff4606000056feffff238491590000
[   6.106]       <<< RX chan1 36B: 80000020830d00000000000193f7ffff4606000056feffff0d00000000012388...
[   6.106]       <<< RX chan1 36B: 80000020830d00000000000191f7ffff4706000055feffff0d0000000003238c...
[   6.106]       <<< RX chan1 30B: 8000001a830d00000000000190f7ffff4806000055feffff239091590000
[   6.157]       <<< RX chan1 50B: 8000002e8323909159001b02000000048b57e93f04993a170f0d000000000001...
[   6.157]       <<< RX chan1 30B: 8000001a830d0000000000018df7ffff4906000054feffff239891590000
[   6.157]       <<< RX chan1 36B: 80000020830d0000000000018bf7ffff4906000054feffff0d0000000001239c...
[   6.207]       <<< RX chan1 36B: 80000020830d00000000000189f7ffff4a06000054feffff0d000000000323a0...
[   6.207]       <<< RX chan1 61B: 80000039830d00000000000188f7ffff4a06000053feffff0d00000000010d00...
[   6.207]       <<< RX chan1 36B: 80000020830d00000000000186f7ffff4b06000053feffff0d000000000323a8...
[   6.258]       <<< RX chan1 30B: 8000001a830d00000000000185f7ffff4c06000053feffff23ac91590000
[   6.258]       <<< RX chan1 36B: 80000020830d00000000000183f7ffff4c06000052feffff0d000000000223b0...
[   6.258]       <<< RX chan1 30B: 8000001a830d00000000000182f7ffff4d06000052feffff23b491590000
[   6.308]       <<< RX chan1 46B: 8000002a831b01000000015acf54000d00000000000180f7ffff4d06000052fe...
[   6.308]       <<< RX chan1 61B: 80000039830d0000000000017ef7ffff4e06000051feffff0d00000000030d00...
[   6.308]       <<< RX chan1 30B: 8000001a830d0000000000017df7ffff4f06000051feffff23c091590000
[   6.359]       <<< RX chan1 54B: 80000032830701b28254005a14000000000000000000000000000000000d0000...
[   6.359]       <<< RX chan1 30B: 8000001a830d0000000000017af7ffff5006000051feffff23c891590000
[   6.359]       <<< RX chan1 36B: 80000020830d00000000000178f7ffff5006000050feffff0d000000000123cc...
[   6.370]       <<< RX chan1 78B: 8000004a830701b28254005a14000000000000000000000000000000000701b2...
[quic] DATAGRAM 32B: 030900830510e98d750100000000e98d75010000000000000000010000000000
[   6.421]       <<< RX chan1 30B: 8000001a830d00000000000175f7ffff5206000050feffff23d491590000
[   6.421]       <<< RX chan1 87B: 80000053830701b28254005a14000000000000000000000000000000000d0000...
[   6.421]       <<< RX chan1 30B: 8000001a830d00000000000172f7ffff530600004ffeffff23dc91590000
[   6.471]       <<< RX chan1 30B: 8000001a830d00000000000170f7ffff530600004ffeffff23e091590000
[   6.471]       <<< RX chan1 36B: 80000020830d0000000000016ff7ffff540600004efeffff0d000000000223e4...
[   6.471]       <<< RX chan1 36B: 80000020830d0000000000016df7ffff540600004efeffff0d000000000123e8...
[   6.521]       <<< RX chan1 36B: 80000020830d0000000000016bf7ffff550600004efeffff0d000000000323ec...
[   6.521]       <<< RX chan1 60B: 80000038830701b28254005a14000000000000000000000000000000000d0000...
[   6.521]       <<< RX chan1 170B: 800000a6831b1b000000047d80ad5604281bbd4c04791f7f460439238c4501c4...
[   6.559]       <<< RX chan1 30B: 8000001a830d00000000000167f7ffff570600004dfeffff23f891590000
[   6.559]       <<< RX chan1 61B: 80000039830d00000000000165f7ffff570600004cfeffff0d00000000010d00...
[   6.609]       <<< RX chan1 64B: 8000003c830701b28254005a14000000000000000000000000000000001b0100...
[   6.609]       <<< RX chan1 36B: 80000020830d00000000000162f7ffff580600004cfeffff0d00000000012304...
[   6.609]       <<< RX chan1 60B: 80000038830701b28254005a14000000000000000000000000000000000d0000...
[   6.659]       <<< RX chan1 30B: 8000001a830d0000000000015ff7ffff5a0600004bfeffff230c92590000
[   6.659]       <<< RX chan1 30B: 8000001a830d0000000000015df7ffff5a0600004bfeffff231092590000
[   6.659]       <<< RX chan1 30B: 8000001a830d0000000000015cf7ffff5b0600004bfeffff231492590000
[   6.710]       <<< RX chan1 61B: 80000039830d0000000000015af7ffff5b0600004afeffff0d00000000010d00...
[   6.710]       <<< RX chan1 36B: 80000020830d00000000000158f7ffff5c0600004afeffff0d0000000003231c...
[   6.710]       <<< RX chan1 36B: 80000020830d00000000000157f7ffff5c0600004afeffff0d00000000012320...
[   6.760]       <<< RX chan1 61B: 80000039830d00000000000155f7ffff5d06000049feffff0d00000000030d00...
[   6.760]       <<< RX chan1 30B: 8000001a830d00000000000154f7ffff5e06000049feffff232892590000
[   6.760]       <<< RX chan1 30B: 8000001a830d00000000000152f7ffff5e06000049feffff232c92590000
[   6.811]       <<< RX chan1 36B: 80000020830d00000000000151f7ffff5f06000048feffff0d00000000022330...
[   6.811]       <<< RX chan1 30B: 8000001a830d0000000000014ff7ffff5f06000048feffff233492590000
[   6.811]       <<< RX chan1 36B: 80000020830d0000000000014df7ffff6006000048feffff0d00000000032338...
[   6.861]       <<< RX chan1 61B: 80000039830d0000000000014cf7ffff6006000047feffff0d00000000010d00...
[   6.861]       <<< RX chan1 40B: 80000024831b0100000001c4cf54000d0000000000014af7ffff6106000047fe...
[   6.861]       <<< RX chan1 30B: 8000001a830d00000000000149f7ffff6206000047feffff234492590000
[   6.911]       <<< RX chan1 30B: 8000001a830d00000000000147f7ffff6206000047feffff234892590000
[   6.911]       <<< RX chan1 30B: 8000001a830d00000000000146f7ffff6306000046feffff234c92590000
[   6.911]       <<< RX chan1 30B: 8000001a830d00000000000144f7ffff6306000046feffff235092590000
[   6.962]   DUMMY -> send ping 77B
[   6.962]   DUMMY -> send sync 24B
[quic] DATAGRAM 32B: 030a00830510ee8f750100000000ee8f75010000000000000000010000000000
[   6.962]       <<< RX chan1 63B: 8000003b830d00000000000142f7ffff6406000046feffff0d00000000030510...
[   6.962]       <<< RX chan1 61B: 80000039830d00000000000141f7ffff6406000045feffff0d00000000010d00...
[   6.962]       <<< RX chan1 30B: 8000001a830d0000000000013ff7ffff6506000045feffff235c92590000
[   7.012]       <<< RX chan1 36B: 80000020830d0000000000013ef7ffff6506000045feffff0d00000000012360...
[   7.012]       <<< RX chan1 36B: 80000020830d0000000000013cf7ffff6606000044feffff0d00000000022364...
[   7.012]       <<< RX chan1 36B: 80000020830d0000000000013af7ffff6706000044feffff0d00000000032368...
[   7.063]       <<< RX chan1 30B: 8000001a830d00000000000139f7ffff6706000044feffff236c92590000
[   7.063]       <<< RX chan1 36B: 80000020830d00000000000137f7ffff6806000043feffff0d00000000022370...
[   7.063]       <<< RX chan1 30B: 8000001a830d00000000000136f7ffff6806000043feffff237492590000
[   7.113]       <<< RX chan1 30B: 8000001a830d00000000000134f7ffff6906000043feffff237892590000
[   7.113]       <<< RX chan1 40B: 80000024831b0100000001f5cf54000d00000000000133f7ffff6906000043fe...
[   7.113]       <<< RX chan1 30B: 8000001a830d00000000000131f7ffff6a06000042feffff238092590000
[   7.164]       <<< RX chan1 111B: 8000006b8323809259001b020000000473b4c04604746eb42d1b02000000046a...
[   7.164]       <<< RX chan1 30B: 8000001a830d0000000000012ef7ffff6b06000042feffff238892590000
[   7.164]       <<< RX chan1 36B: 80000020830d0000000000012cf7ffff6b06000041feffff0d0000000001238c...
[   7.214]       <<< RX chan1 30B: 8000001a830d0000000000012bf7ffff6c06000041feffff239092590000
[   7.214]       <<< RX chan1 30B: 8000001a830d00000000000129f7ffff6d06000041feffff239492590000
[   7.214]       <<< RX chan1 61B: 80000039830d00000000000127f7ffff6d06000040feffff0d00000000030d00...
[   7.264]       <<< RX chan1 30B: 8000001a830d00000000000126f7ffff6e06000040feffff239c92590000
[   7.265]       <<< RX chan1 36B: 80000020830d00000000000124f7ffff6e06000040feffff0d000000000323a0...
[   7.265]       <<< RX chan1 36B: 80000020830d00000000000123f7ffff6f0600003ffeffff0d000000000223a4...
[   7.315]       <<< RX chan1 30B: 8000001a830d00000000000121f7ffff6f0600003ffeffff23a892590000
[   7.315]       <<< RX chan1 30B: 8000001a830d00000000000120f7ffff700600003ffeffff23ac92590000
[   7.315]       <<< RX chan1 46B: 8000002a831b01000000011fd054000d0000000000011ef7ffff700600003efe...
[   7.365]       <<< RX chan1 36B: 80000020830d0000000000011cf7ffff710600003efeffff0d000000000323b4...
[   7.365]       <<< RX chan1 36B: 80000020830d0000000000011bf7ffff710600003efeffff0d000000000123b8...
[   7.365]       <<< RX chan1 30B: 8000001a830d00000000000119f7ffff720600003efeffff23bc92590000
[   7.369]       <<< RX chan1 36B: 80000020830d00000000000118f7ffff720600003dfeffff0d000000000123c0...
[   7.385]       <<< RX chan1 30B: 8000001a830d00000000000116f7ffff730600003dfeffff23c492590000
[quic] DATAGRAM 32B: 030b00830510e391750100000000e39175010000000000000000010000000000
[   7.435]       <<< RX chan1 123B: 80000077830204a2f399585a01ff0000000000dfe2d740051224417474726962...
[   7.435]       <<< RX chan1 301B: 80000129831b0200000004f47ae77b043d7fac2c1b020000000128cc54000129...
[   7.485]       <<< RX chan1 36B: 80000020830d00000000000111f7ffff750600003cfeffff0d000000000323d0...
[   7.486]       <<< RX chan1 30B: 8000001a830d00000000000110f7ffff750600003cfeffff23d492590000
[   7.486]       <<< RX chan1 36B: 80000020830d0000000000010ef7ffff760600003bfeffff0d000000000223d8...
[   7.536]       <<< RX chan1 30B: 8000001a830d0000000000010df7ffff760600003bfeffff23dc92590000
[   7.536]       <<< RX chan1 40B: 80000024831b010000000145d054000d0000000000010bf7ffff770600003bfe...
[   7.536]       <<< RX chan1 61B: 80000039830d00000000000109f7ffff770600003afeffff0d00000000030d00...
[   7.536]       <<< RX chan1 30B: 8000001a830d00000000000108f7ffff780600003afeffff23e892590000
[   7.586]       <<< RX chan1 30B: 8000001a830d00000000000106f7ffff780600003afeffff23ec92590000
[   7.586]       <<< RX chan1 36B: 80000020830d00000000000105f7ffff7906000039feffff0d000000000223f0...
[   7.586]       <<< RX chan1 30B: 8000001a830d00000000000103f7ffff7906000039feffff23f492590000
[   7.637]       <<< RX chan1 30B: 8000001a830d00000000000102f7ffff7a06000039feffff23f892590000
[   7.637]       <<< RX chan1 36B: 80000020830d00000000000100f7ffff7a06000039feffff0d000000000123fc...
[   7.637]       <<< RX chan1 36B: 80000020830d000000000001fef6ffff7b06000038feffff0d00000000032300...
[   7.687]       <<< RX chan1 36B: 80000020830d000000000001fdf6ffff7b06000038feffff0d00000000012304...
[   7.687]       <<< RX chan1 30B: 8000001a830d000000000001fbf6ffff7c06000038feffff230893590000
[   7.687]       <<< RX chan1 71B: 80000043831b010000000169d054000d000000000001faf6ffff7c06000037fe...
[   7.738]       <<< RX chan1 30B: 8000001a830d000000000001f8f6ffff7d06000037feffff231093590000
[   7.738]       <<< RX chan1 61B: 80000039830d000000000001f6f6ffff7d06000037feffff0d00000000030d00...
[   7.738]       <<< RX chan1 36B: 80000020830d000000000001f5f6ffff7e06000036feffff0d00000000022318...
[   7.788]       <<< RX chan1 36B: 80000020830d000000000001f3f6ffff7e06000036feffff0d0000000001231c...
[   7.788]       <<< RX chan1 30B: 8000001a830d000000000001f2f6ffff7f06000036feffff232093590000
[   7.788]       <<< RX chan1 61B: 80000039830d000000000001f0f6ffff7f06000035feffff0d00000000010d00...
[   7.838]       <<< RX chan1 30B: 8000001a830d000000000001eff6ffff8006000035feffff232893590000
[   7.838]       <<< RX chan1 36B: 80000020830d000000000001edf6ffff8006000035feffff0d0000000001232c...
[   7.838]       <<< RX chan1 36B: 80000020830d000000000001ebf6ffff8106000035feffff0d00000000032330...
[   7.889]       <<< RX chan1 40B: 80000024831b010000000193d054000d000000000001eaf6ffff8206000034fe...
[   7.889]       <<< RX chan1 30B: 8000001a830d000000000001e8f6ffff8206000034feffff233893590000
[   7.889]       <<< RX chan1 30B: 8000001a830d000000000001e7f6ffff8306000034feffff233c93590000
[quic] DATAGRAM 32B: 030c00830510e693750100000000e69375010000000000000000010000000000
[   7.939]       <<< RX chan1 30B: 8000001a830d000000000001e5f6ffff8306000033feffff234093590000
[   7.939]       <<< RX chan1 36B: 80000020830d000000000001e3f6ffff8406000033feffff0d00000000032344...
[   7.939]       <<< RX chan1 57B: 80000035830d000000000001e2f6ffff8406000033feffff0510e69375010000...
[   7.990]   DUMMY -> send ping 77B
[   7.990]       <<< RX chan1 61B: 80000039830d000000000001e0f6ffff8506000032feffff0d00000000030d00...
[   7.990]       <<< RX chan1 30B: 8000001a830d000000000001dff6ffff8506000032feffff235093590000
[   7.990]       <<< RX chan1 30B: 8000001a830d000000000001ddf6ffff8606000032feffff235493590000
[   8.041]       <<< RX chan1 46B: 8000002a831b0100000001afd054000d000000000001dcf6ffff8606000031fe...
[   8.041]       <<< RX chan1 30B: 8000001a830d000000000001daf6ffff8706000031feffff235c93590000
[   8.041]       <<< RX chan1 36B: 80000020830d000000000001d8f6ffff8706000031feffff0d00000000032360...
[   8.091]       <<< RX chan1 36B: 80000020830d000000000001d7f6ffff8806000030feffff0d00000000022364...
[   8.091]       <<< RX chan1 100B: 80000060830201fed05400cb00ff0000247449010000404104405217c30040e6...
[   8.091]       <<< RX chan1 30B: 8000001a830d000000000001d4f6ffff8906000030feffff236c93590000
[   8.132]       <<< RX chan1 30B: 8000001a830d000000000001d2f6ffff8906000030feffff237093590000
[   8.132]       <<< RX chan1 35B: 8000001f8323709359000d000000000001d1f6ffff8a0600002ffeffff237493...
[   8.182]       <<< RX chan1 40B: 80000024831b0100000001ccd054000d000000000001cff6ffff8a0600002ffe...
[   8.182]       <<< RX chan1 36B: 80000020830d000000000001cdf6ffff8b0600002ffeffff0d0000000003237c...
[   8.182]       <<< RX chan1 30B: 8000001a830d000000000001ccf6ffff8b0600002efeffff238093590000
[   8.233]       <<< RX chan1 36B: 80000020830d000000000001caf6ffff8b0600002efeffff0d00000000012384...
[   8.233]       <<< RX chan1 30B: 8000001a830d000000000001c9f6ffff8c0600002efeffff238893590000
[   8.233]       <<< RX chan1 61B: 80000039830d000000000001c7f6ffff8c0600002dfeffff0d00000000010d00...
[quic] error: read_pkt: ERR_DRAINING
[   8.251]       <<< RX chan1 36B: 80000020830d000000000001c5f6ffff8d0600002dfeffff0d00000000032390...
[   8.254]       <<< RX chan1 46B: 8000002a831b0100000001e6d054000d000000000001c4f6ffff8d0600002dfe...
[   8.270]       <<< RX chan1 36B: 80000020830d000000000001c2f6ffff8e0600002cfeffff0d00000000022398...
[   8.288]       <<< RX chan1 36B: 80000020830d000000000001c1f6ffff8e0600002cfeffff0d0000000001239c...
[   8.303]       <<< RX chan1 48B: 8000002c830701b28254005b14000701b28254005614010d000000000001bff6...
[   8.321]       <<< RX chan1 182B: 800000b2830d000000000000ff01fd0d000000000001bef6ffff8f0600002bfe...
[   8.335]       <<< RX chan1 30B: 8000001a830d000000000001bcf6ffff900600002bfeffff23a893590000
[   8.353]       <<< RX chan1 61B: 80000039830d000000000001baf6ffff900600002bfeffff0d00000000030d00...
[   8.370]       <<< RX chan1 40B: 80000024831b0100000001fcd054000d000000000001b9f6ffff910600002bfe...
[   8.386]       <<< RX chan1 36B: 80000020830d000000000001b7f6ffff910600002afeffff0d000000000123b4...
[   8.403]       <<< RX chan1 30B: 8000001a830d000000000001b6f6ffff920600002afeffff23b893590000
[   8.419]       <<< RX chan1 56B: 80000034830d0000000000000001fd0d000000000000ff01fe0d00000000030d...
[quic] DATAGRAM 32B: 030d00830510dc95750100000000dc9575010000000000000000010000000000
[   8.437]       <<< RX chan1 88B: 80000054830d000000000001b2f6ffff9306000029feffff0d00000000030d00...
[   8.453]       <<< RX chan1 30B: 8000001a830d000000000001b1f6ffff9306000029feffff23c493590000
[   8.469]       <<< RX chan1 36B: 80000020830d000000000001aff6ffff9406000029feffff0d000000000323c8...
[   8.486]       <<< RX chan1 36B: 80000020830d000000000001aef6ffff9406000028feffff0d000000000223cc...
[   8.502]       <<< RX chan1 30B: 8000001a830d000000000001acf6ffff9506000028feffff23d093590000
[   8.520]       <<< RX chan1 30B: 8000001a830d000000000001abf6ffff9506000028feffff23d493590000
[   8.537]       <<< RX chan1 157B: 80000099830d000000000001a9f6ffff9606000027feffff0d00000000020d00...
[   8.553]       <<< RX chan1 36B: 80000020830d000000000001a7f6ffff9606000027feffff0d000000000323dc...
[   8.569]       <<< RX chan1 30B: 8000001a830d000000000001a6f6ffff9706000027feffff23e093590000
[   8.586]       <<< RX chan1 30B: 8000001a830d000000000001a4f6ffff9706000027feffff23e493590000
[   8.602]       <<< RX chan1 56B: 80000034830d0000000000000102fe0d000000000001a3f6ffff9706000026fe...
[   8.618]       <<< RX chan1 296B: 80000124830204e4ef39662b00ff00405fe24200480940007b0a41020615526f...
[   8.635]       <<< RX chan1 77B: 80000049830d0000000000019ff6ffff9806000026feffff0d00000000030d00...
[   8.652]       <<< RX chan1 30B: 8000001a830d0000000000019ef6ffff9906000025feffff23f493590000
[   8.670]       <<< RX chan1 61B: 80000039830d0000000000019cf6ffff9906000025feffff0d00000000030d00...
[   8.685]       <<< RX chan1 30B: 8000001a830d0000000000019bf6ffff9a06000025feffff23fc93590000
[   8.701]       <<< RX chan1 36B: 80000020830d00000000000199f6ffff9a06000024feffff0d00000000022300...
[   8.719]       <<< RX chan1 30B: 8000001a830d00000000000198f6ffff9b06000024feffff230494590000
[   8.734]       <<< RX chan1 50B: 8000002e830d0000000000000202fe0d00000000000196f6ffff9b06000024fe...
[   8.752]       <<< RX chan1 61B: 80000039830d00000000000194f6ffff9c06000023feffff0d00000000030d00...
[   8.768]       <<< RX chan1 30B: 8000001a830d00000000000193f6ffff9c06000023feffff231094590000
[   8.786]       <<< RX chan1 30B: 8000001a830d00000000000191f6ffff9d06000023feffff231494590000
[   8.801]       <<< RX chan1 36B: 80000020830d00000000000190f6ffff9d06000022feffff0d00000000022318...
[   8.817]       <<< RX chan1 30B: 8000001a830d0000000000018ef6ffff9e06000022feffff231c94590000
[   8.834]       <<< RX chan1 40B: 80000024830d0000000000018df6ffff9e06000022feffff0d000000000000ff...
[   8.851]       <<< RX chan1 36B: 80000020830d0000000000018bf6ffff9e06000022feffff0d00000000012324...
[   8.868]       <<< RX chan1 36B: 80000020830d00000000000189f6ffff9f06000021feffff0d00000000032328...
[   8.885]       <<< RX chan1 36B: 80000020830d00000000000188f6ffff9f06000021feffff0d0000000001232c...
[   8.902]       <<< RX chan1 56B: 80000034830d0000000000000302fe0d0000000000000202ff0d00000000030d...
[   8.919]       <<< RX chan1 40B: 80000024830d00000000000185f6ffffa006000020feffff0d000000000000fe...
[   8.935]       <<< RX chan1 30B: 8000001a830d00000000000183f6ffffa106000020feffff233894590000
[quic] DATAGRAM 32B: 030e00830510e097750100000000e09775010000000000000000010000000000
[   8.951]       <<< RX chan1 326B: 80000142831b020000000159ce5400015ace54000301ae825400a12701019b82...
[   8.969]       <<< RX chan1 36B: 80000020830d00000000000180f6ffffa20600001ffeffff0d00000000022340...
[   8.986]       <<< RX chan1 74B: 80000046830204b4e34b6f5a01ff000000006044e3d740051224417474726962...
[   9.003]       <<< RX chan1 36B: 80000020830d0000000000017df6ffffa20600001ffeffff0d00000000012348...
[   9.017]       <<< RX chan1 36B: 80000020830d0000000000017bf6ffffa30600001efeffff0d0000000002234c...
[   9.034]       <<< RX chan1 36B: 80000020830d0000000000017af6ffffa30600001efeffff0d00000000012350...
[   9.051]       <<< RX chan1 66B: 8000003e830d0000000000000402ff0d0000000000000303ff0d00000000030d...
[   9.068]       <<< RX chan1 61B: 80000039830d00000000000176f6ffffa40600001dfeffff0d00000000030d00...
[   9.084]       <<< RX chan1 30B: 8000001a830d00000000000175f6ffffa50600001dfeffff235c94590000
[   9.100]       <<< RX chan1 30B: 8000001a830d00000000000173f6ffffa50600001dfeffff236094590000
[   9.117]       <<< RX chan1 35B: 8000001f8323609459000d00000000000172f6ffffa60600001dfeffff236494...
[   9.134]       <<< RX chan1 30B: 8000001a830d00000000000170f6ffffa60600001cfeffff236894590000
[   9.150]       <<< RX chan1 36B: 80000020830d0000000000016ef6ffffa70600001cfeffff0d0000000003236c...
[   9.168]       <<< RX chan1 40B: 80000024830d0000000000016df6ffffa70600001cfeffff0d000000000000fe...
[   9.185]       <<< RX chan1 61B: 80000039830d0000000000016bf6ffffa70600001bfeffff0d00000000030d00...
[   9.201]       <<< RX chan1 46B: 8000002a830d0000000000000502ff0d00000000010d0000000000016af6ffff...
[   9.218]       <<< RX chan1 30B: 8000001a830d00000000000168f6ffffa80600001bfeffff237c94590000
[   9.234]       <<< RX chan1 36B: 80000020830d00000000000167f6ffffa90600001afeffff0d00000000022380...
[   9.251]       <<< RX chan1 40B: 80000024830d00000000000165f6ffffa90600001afeffff0d000000000000fd...
[   9.268]       <<< RX chan1 36B: 80000020830d00000000000163f6ffffaa0600001afeffff0d00000000032388...
[   9.284]       <<< RX chan1 52B: 80000030830d00000000000162f6ffffaa06000019feffff0d00000000020d00...
[   9.301]       <<< RX chan1 36B: 80000020830d00000000000160f6ffffaa06000019feffff0d00000000012390...
[   9.319]       <<< RX chan1 75B: 80000047831b0200000004f6a33b75043446e60a1b0200000004085e7b40046d...
[   9.335]       <<< RX chan1 61B: 80000039830d0000000000015df6ffffab06000018feffff0d00000000010d00...
[   9.352]       <<< RX chan1 30B: 8000001a830d0000000000015cf6ffffac06000018feffff239c94590000
[   9.368]       <<< RX chan1 40B: 80000024830d0000000000000603ff0d0000000000015af6ffffac06000018fe...
[   9.383]       <<< RX chan1 36B: 80000020830d00000000000158f6ffffad06000018feffff0d000000000323a4...
[   9.402]       <<< RX chan1 40B: 80000024830d00000000000157f6ffffad06000017feffff0d000000000000fd...
[   9.418]       <<< RX chan1 36B: 80000020830d00000000000155f6ffffad06000017feffff0d000000000123ac...
[   9.434]       <<< RX chan1 30B: 8000001a830d00000000000154f6ffffae06000017feffff23b094590000
[   9.450]       <<< RX chan1 414B: 8000019a830d00000000000152f6ffffae06000016feffff0d00000000010d00...
[quic] DATAGRAM 32B: 030f00830510e399750100000000e39975010000000000000000010000000000
[   9.467]       <<< RX chan1 63B: 8000003b830d00000000000150f6ffffaf06000016feffff0d00000000030510...
[   9.484]       <<< RX chan1 30B: 8000001a830d0000000000014ff6ffffaf06000016feffff23bc94590000
[   9.500]       <<< RX chan1 36B: 80000020830d0000000000014df6ffffb006000015feffff0d000000000223c0...
[   9.519]       <<< RX chan1 30B: 8000001a830d0000000000014cf6ffffb006000015feffff23c494590000
[   9.535]       <<< RX chan1 46B: 8000002a830d0000000000014af6ffffb006000015feffff0d00000000010d00...
[   9.552]       <<< RX chan1 36B: 80000020830d00000000000149f6ffffb106000014feffff0d000000000223cc...
[   9.569]       <<< RX chan1 30B: 8000001a830d00000000000147f6ffffb106000014feffff23d094590000
[   9.584]       <<< RX chan1 36B: 80000020830d00000000000145f6ffffb206000014feffff0d000000000323d4...
[   9.603]       <<< RX chan1 1154B: 8000492f830301abbe5400a127010161bc540002012ed254002902ffff01acbe...
[   9.603]       <<< RX chan1 1154B: 66696e656d656e745363616c65110000803f4c9b5008ff0153be540001f57f40...
[   9.603]       <<< RX chan1 1154B: b2f3aabe30bd813e71bc5400630103000c00e831c3002c8040003023012f3400...
[   9.603]       <<< RX chan1 1154B: 5400011a1863233d7357a6beaf2af93d0206d00a02ff012b3ba00ca4bd141988...
[   9.603]       <<< RX chan1 1154B: 5c27883ef41fbd54000160bd79bd5400018e5c8fc2b461bd5400019695be5400...
[   9.603]       <<< RX chan1 1154B: 213d4211e4e380cd7b2b220eba9915ca971186a6b34d512a9a92a4b34d297ee4...
[   9.603]       <<< RX chan1 1154B: e779d6fade9a44044aee630ab4b1442bc56170a9ec254a425154259ba987e665...
[   9.603]       <<< RX chan1 1154B: bfd9517efad9b471602f878865b74f87e2353b6c6420e8c62642fb30cff35c96...
[   9.605]       <<< RX chan1 1154B: 2ef321920a96884dcb0e7c4aee1d0f22c8cbb96c692bcbb8ae71de2c8a3429da...
[   9.605]       <<< RX chan1 1154B: 167ed4cd40dc33b9b0dc6c976cd7486d21b08fdb2641971d8394f9b53689f54f...
[   9.605]       <<< RX chan1 1154B: 3054d52c5fa4645b8c92b952e635064ec8940af2991fb4dfd108e6bd289135b2...
[   9.605]       <<< RX chan1 1154B: b028eb537826780426964f0309ed5db1701c07a798a7a6eef0baaddd272c3eee...
[   9.605]       <<< RX chan1 1154B: 5f9381811ee3d921aaf3288671dc0316e59f36e503059e54aa0060c2edeaea4d...
[   9.605]       <<< RX chan1 1154B: 11d9b0f2418b4c49b9af6215f486325211b81e2ed0e04d6d78f02a3ccc836bbd...
[   9.605]       <<< RX chan1 1154B: dc91a277186e573e917d9aa4b122e6644500d4ec65f92dbdeef13578feb57750...
[   9.605]       <<< RX chan1 1154B: 64a842c928c730406410428e28868c36491b920a1084c2288e8581dc3b12e0a0...
[   9.607]       <<< RX chan1 275B: 8949ba3841bd5b1071d5430698071ed447bd1b623b42bb621eaa30be439370ff...
[   9.607]       <<< RX chan1 11B: 800000078323d894590000
[   9.620]       <<< RX chan1 138B: 800000868302049e9fae1e5002ff000000c07f0000803f000000000518244174...
[   9.634]       <<< RX chan1 30B: 8000001a830d00000000000141f6ffffb306000013feffff23e094590000
[   9.650]       <<< RX chan1 36B: 80000020830d0000000000013ff6ffffb306000013feffff0d000000000123e4...
[   9.667]       <<< RX chan1 36B: 80000020830d0000000000013df6ffffb406000012feffff0d000000000323e8...
[   9.684]       <<< RX chan1 40B: 80000024830d0000000000013cf6ffffb406000012feffff0d000000000000fc...
[   9.701]       <<< RX chan1 36B: 80000020830d0000000000013af6ffffb506000012feffff0d000000000323f0...
[   9.718]       <<< RX chan1 36B: 80000020830d00000000000139f6ffffb506000011feffff0d000000000223f4...
[   9.737]       <<< RX chan1 36B: 80000020830d00000000000137f6ffffb506000011feffff0d000000000123f8...
[   9.751]       <<< RX chan1 30B: 8000001a830d00000000000136f6ffffb606000011feffff23fc94590000
[   9.767]       <<< RX chan1 36B: 80000020830d00000000000134f6ffffb606000010feffff0d00000000022300...
[   9.784]       <<< RX chan1 46B: 8000002a830d00000000000132f6ffffb706000010feffff0d00000000030d00...
[   9.800]       <<< RX chan1 30B: 8000001a830d00000000000131f6ffffb706000010feffff230895590000
[   9.817]       <<< RX chan1 61B: 80000039830d0000000000012ff6ffffb70600000ffeffff0d00000000010d00...
[   9.834]       <<< RX chan1 40B: 80000024830d0000000000012ef6ffffb80600000ffeffff0d000000000000fc...
[   9.852]       <<< RX chan1 30B: 8000001a830d0000000000012cf6ffffb80600000ffeffff231495590000
[   9.867]       <<< RX chan1 36B: 80000020830d0000000000012af6ffffb90600000ffeffff0d00000000032318...
[   9.884]       <<< RX chan1 292B: 80000120830204e049d37cde00ff032f0200000005000000436f6c6f720e9700...
[   9.902]       <<< RX chan1 61B: 80000039830d00000000000127f6ffffb90600000efeffff0d00000000030d00...
[   9.918]       <<< RX chan1 30B: 8000001a830d00000000000126f6ffffba0600000efeffff232495590000
[   9.935]       <<< RX chan1 36B: 80000020830d00000000000124f6ffffba0600000dfeffff0d00000000012328...
[   9.950]       <<< RX chan1 40B: 80000024830d00000000000123f6ffffbb0600000dfeffff0d000000000000fb...
[quic] DATAGRAM 32B: 031000830510d79b750100000000d89b75010000000000000000010000000000
[   9.968]       <<< RX chan1 67B: 8000003f831b01000000048205e85d0d00000000000121f6ffffbb0600000dfe...
[   9.985]       <<< RX chan1 127B: 8000007b830d0000000000011ff6ffffbb0600000cfeffff0d00000000030d00...
[  10.000]       <<< RX chan1 30B: 8000001a830d0000000000011ef6ffffbc0600000cfeffff233895590000
[  10.020]       <<< RX chan1 30B: 8000001a830d0000000000011cf6ffffbc0600000cfeffff233c95590000
[  10.036]       <<< RX chan1 58B: 80000036830d0000000000011bf6ffffbd0600000bfeffff0d00000000020d00...
[  10.052]       <<< RX chan1 30B: 8000001a830d00000000000119f6ffffbd0600000bfeffff234495590000
[  10.070]       <<< RX chan1 98B: 8000005e830204cfe585615a01ff00000000a089e3d740051224417474726962...
[  10.085]       <<< RX chan1 36B: 80000020830d00000000000116f6ffffbe0600000afeffff0d0000000002234c...
[  10.102]       <<< RX chan1 36B: 80000020830d00000000000114f6ffffbe0600000afeffff0d00000000032350...
[  10.118]       <<< RX chan1 35B: 8000001f8323509559000d00000000000113f6ffffbf0600000afeffff235495...
[  10.134]       <<< RX chan1 30B: 8000001a830d00000000000111f6ffffbf0600000afeffff235895590000
[  10.153]       <<< RX chan1 36B: 80000020830d00000000000110f6ffffbf06000009feffff0d0000000001235c...
[  10.168]       <<< RX chan1 40B: 80000024830d0000000000010ef6ffffc006000009feffff0d000000000000fb...
[  10.186]       <<< RX chan1 36B: 80000020830d0000000000010cf6ffffc006000009feffff0d00000000032364...
[  10.202]       <<< RX chan1 36B: 80000020830d0000000000010bf6ffffc106000008feffff0d00000000022368...
[  10.218]       <<< RX chan1 30B: 8000001a830d00000000000109f6ffffc106000008feffff236c95590000
[  10.235]       <<< RX chan1 36B: 80000020830d00000000000108f6ffffc106000008feffff0d00000000012370...
[  10.252]       <<< RX chan1 52B: 80000030830d00000000000106f6ffffc206000007feffff0d00000000020d00...
[  10.269]       <<< RX chan1 30B: 8000001a830d00000000000105f6ffffc206000007feffff237895590000
[  10.287]       <<< RX chan1 40B: 80000024830d00000000000103f6ffffc306000007feffff0d000000000000fa...
[  10.302]       <<< RX chan1 61B: 80000039830d00000000000101f6ffffc306000006feffff0d00000000030d00...
[  10.319]       <<< RX chan1 36B: 80000020830d00000000000100f6ffffc306000006feffff0d00000000012384...
[  10.335]       <<< RX chan1 30B: 8000001a830d000000000001fef5ffffc406000006feffff238895590000
[  10.352]       <<< RX chan1 46B: 8000002a830d000000000001fdf5ffffc406000006feffff0d000000000000fa...
[  10.368]       <<< RX chan1 36B: 80000020830d000000000001fbf5ffffc406000005feffff0d00000000012390...
[  10.384]       <<< RX chan1 36B: 80000020830d000000000001f9f5ffffc506000005feffff0d00000000032394...
[  10.402]       <<< RX chan1 30B: 8000001a830d000000000001f8f5ffffc506000005feffff239895590000
[  10.418]       <<< RX chan1 36B: 80000020830d000000000001f6f5ffffc606000004feffff0d0000000003239c...
[  10.435]       <<< RX chan1 30B: 8000001a830d000000000001f5f5ffffc606000004feffff23a095590000
[  10.452]       <<< RX chan1 46B: 8000002a830d000000000001f3f5ffffc606000004feffff0d00000000010d00...
[quic] DATAGRAM 32B: 031100830510cc9d750100000000cc9d75010000000000000000010000000000
[  10.469]       <<< RX chan1 63B: 8000003b830d000000000001f2f5ffffc706000003feffff0d00000000020510...
[  10.485]       <<< RX chan1 30B: 8000001a830d000000000001f0f5ffffc706000003feffff23ac95590000
[  10.500]       <<< RX chan1 91B: 80000057831b05000000041599ad7004f94acd7a0426a127170421d3fa2e0451...
[  10.518]       <<< RX chan1 36B: 80000020830d000000000001edf5ffffc806000002feffff0d000000000223b4...
[  10.534]       <<< RX chan1 30B: 8000001a830d000000000001ebf5ffffc806000002feffff23b895590000
[  10.553]       <<< RX chan1 48B: 8000002c830704652cf9385b14000704652cf9385614010d000000000001eaf5...
[  10.569]       <<< RX chan1 36B: 80000020830d000000000001e8f5ffffc906000001feffff0d000000000223c0...
[  10.585]       <<< RX chan1 40B: 80000024830d000000000001e7f5ffffc906000001feffff0d000000000000fa...
[  10.601]       <<< RX chan1 30B: 8000001a830d000000000001e5f5ffffca06000001feffff23c895590000
[  10.620]       <<< RX chan1 56B: 80000034830d000000000001e3f5ffffca06000001feffff0d00000000030d00...
[  10.633]       <<< RX chan1 36B: 80000020830d000000000001e2f5ffffca06000000feffff0d000000000123d0...
[  10.650]       <<< RX chan1 30B: 8000001a830d000000000001e0f5ffffcb06000000feffff23d495590000
[  10.667]       <<< RX chan1 30B: 8000001a830d000000000001dff5ffffcb06000000feffff23d895590000
[  10.685]       <<< RX chan1 54B: 800000328307040e0ca7215b140007040e0ca7215614010d000000000001ddf5...
[  10.701]       <<< RX chan1 36B: 80000020830d000000000001dbf5ffffcc060000fffdffff0d000000000323e0...
[  10.717]       <<< RX chan1 30B: 8000001a830d000000000001daf5ffffcc060000fffdffff23e495590000
[  10.735]       <<< RX chan1 36B: 80000020830d000000000001d8f5ffffcd060000fefdffff0d000000000223e8...
[  10.752]       <<< RX chan1 30B: 8000001a830d000000000001d7f5ffffcd060000fefdffff23ec95590000
[  10.768]       <<< RX chan1 30B: 8000001a830d000000000001d5f5ffffcd060000fefdffff23f095590000
[  10.785]       <<< RX chan1 46B: 8000002a830d000000000001d4f5ffffce060000fdfdffff0d00000000020d00...
[  10.801]       <<< RX chan1 30B: 8000001a830d000000000001d2f5ffffce060000fdfdffff23f895590000
[  10.819]       <<< RX chan1 61B: 80000039830d000000000001d0f5ffffce060000fdfdffff0d00000000030d00...
[  10.836]       <<< RX chan1 46B: 8000002a830d000000000001cff5ffffcf060000fcfdffff0d00000000020d00...
[  10.851]       <<< RX chan1 30B: 8000001a830d000000000001cdf5ffffcf060000fcfdffff230496590000
[  10.868]       <<< RX chan1 36B: 80000020830d000000000001ccf5ffffcf060000fcfdffff0d00000000012308...
[  10.884]       <<< RX chan1 30B: 8000001a830d000000000001caf5ffffd0060000fcfdffff230c96590000
[  10.902]       <<< RX chan1 42B: 80000026830104b03093520d000000000001c8f5ffffd0060000fbfdffff0d00...
[  10.919]       <<< RX chan1 36B: 80000020830d000000000001c7f5ffffd0060000fbfdffff0d00000000012314...
[  10.935]       <<< RX chan1 36B: 80000020830d000000000001c5f5ffffd1060000fbfdffff0d00000000032318...
[  10.952]       <<< RX chan1 52B: 80000030830d0000000000000fff030d00000000030d000000000001c4f5ffff...
[quic] DATAGRAM 32B: 031200830510c09f750100000000c09f75010000000000000000010000000000
[  10.969]       <<< RX chan1 67B: 8000003f830d000000000001c2f5ffffd2060000fafdffff0d000000000000f8...
[  10.986]       <<< RX chan1 30B: 8000001a830d000000000001c1f5ffffd2060000fafdffff232496590000
[  11.001]       <<< RX chan1 42B: 80000026830101fed054000d000000000001bff5ffffd2060000f9fdffff0d00...
[  11.018]       <<< RX chan1 36B: 80000020830d000000000001bdf5ffffd3060000f9fdffff0d0000000003232c...
[  11.035]       <<< RX chan1 296B: 80000124830204e32141592b00ff00a081b44200c8b840809d6b42020615526f...
[  11.053]       <<< RX chan1 36B: 80000020830d000000000001baf5ffffd3060000f8fdffff0d00000000022334...
[  11.068]       <<< RX chan1 30B: 8000001a830d000000000001b9f5ffffd4060000f8fdffff233896590000
[  11.084]       <<< RX chan1 30B: 8000001a830d000000000001b7f5ffffd4060000f8fdffff233c96590000
[  11.102]       <<< RX chan1 181B: 800000b1831b0100000004b76e667b1b010000000137ca54001b130000000138...
[  11.119]       <<< RX chan1 45B: 800000298323409659000d00000000000011ff030d000000000001b4f5ffffd5...
[  11.136]       <<< RX chan1 36B: 80000020830d000000000001b2f5ffffd5060000f7fdffff0d00000000032348...
[  11.153]       <<< RX chan1 36B: 80000020830d000000000001b1f5ffffd5060000f7fdffff0d0000000001234c...
[  11.169]       <<< RX chan1 40B: 80000024830d00000000000011fe030d000000000001aff5ffffd6060000f6fd...
[  11.185]       <<< RX chan1 30B: 8000001a830d000000000001aef5ffffd6060000f6fdffff235496590000
[  11.202]       <<< RX chan1 62B: 8000003a830d00000000000011fe040d00000000010d000000000001acf5ffff...
[  11.218]       <<< RX chan1 61B: 80000039830d000000000001aaf5ffffd7060000f5fdffff0d00000000030d00...
[  11.236]       <<< RX chan1 48B: 8000002c830704c7271d2a5b14000704c7271d2a5614010d000000000001a9f5...
[  11.252]       <<< RX chan1 36B: 80000020830d000000000001a7f5ffffd7060000f5fdffff0d00000000012364...
[  11.269]       <<< RX chan1 52B: 80000030830d00000000000012fe030d00000000020d000000000001a6f5ffff...
[  11.286]       <<< RX chan1 30B: 8000001a830d000000000001a4f5ffffd8060000f4fdffff236c96590000
[  11.302]       <<< RX chan1 46B: 8000002a830d000000000001a3f5ffffd8060000f4fdffff0d00000000010d00...
[  11.318]       <<< RX chan1 36B: 80000020830d000000000001a1f5ffffd9060000f3fdffff0d00000000022374...
[  11.336]       <<< RX chan1 36B: 80000020830d0000000000019ff5ffffd9060000f3fdffff0d00000000032378...
[  11.352]       <<< RX chan1 46B: 8000002a830d00000000000012fd040d0000000000019ef5ffffd9060000f3fd...
[  11.368]       <<< RX chan1 30B: 8000001a830d0000000000019cf5ffffda060000f3fdffff238096590000
[  11.385]       <<< RX chan1 42B: 80000026830104ce1a4f7f01016dd154000d0000000000019bf5ffffda060000...
[  11.401]       <<< RX chan1 36B: 80000020830d00000000000199f5ffffda060000f2fdffff0d00000000012388...
[  11.420]       <<< RX chan1 36B: 80000020830d00000000000197f5ffffdb060000f2fdffff0d0000000003238c...
[  11.435]       <<< RX chan1 40B: 80000024830d00000000000013fd040d00000000000196f5ffffdb060000f1fd...
[  11.452]       <<< RX chan1 36B: 80000020830d00000000000194f5ffffdb060000f1fdffff0d00000000032394...
[quic] DATAGRAM 32B: 031300830510b4a1750100000000b4a175010000000000000000010000000000
[  11.469]       <<< RX chan1 57B: 80000035830d00000000000193f5ffffdc060000f1fdffff0510b4a175010000...
[  11.488]       <<< RX chan1 54B: 8000003283070416dad9215b1400070416dad9215614010d00000000000191f5...
[  11.503]       <<< RX chan1 30B: 8000001a830d00000000000190f5ffffdc060000f0fdffff23a096590000
[  11.519]       <<< RX chan1 40B: 80000024830d00000000000013fc040d0000000000018ef5ffffdd060000f0fd...
[  11.535]       <<< RX chan1 61B: 80000039830d0000000000018cf5ffffdd060000effdffff0d00000000030d00...
[  11.552]       <<< RX chan1 40B: 80000024831b01000000040e0ca7210d0000000000018bf5ffffdd060000effd...
[  11.567]       <<< RX chan1 30B: 8000001a830d00000000000189f5ffffde060000effdffff23b096590000
[  11.585]       <<< RX chan1 46B: 8000002a830d00000000000014fc040d00000000000188f5ffffde060000eefd...
[  11.602]       <<< RX chan1 30B: 8000001a830d00000000000186f5ffffde060000eefdffff23b896590000
[  11.618]       <<< RX chan1 61B: 80000039830d00000000000184f5ffffde060000eefdffff0d00000000030d00...
[  11.635]       <<< RX chan1 30B: 8000001a830d00000000000183f5ffffdf060000eefdffff23c096590000
[  11.674]       <<< RX chan1 36B: 80000020830d00000000000181f5ffffdf060000edfdffff0d000000000323c4...
[  11.674]       <<< RX chan1 56B: 80000034830d00000000000014fc050d00000000000180f5ffffdf060000edfd...
[  11.687]       <<< RX chan1 46B: 8000002a830d00000000000014fb040d00000000020d0000000000017ef5ffff...
[  11.705]       <<< RX chan1 48B: 8000002c830704ef97f54f5b14000704ef97f54f5614010d0000000000017df5...
[  11.722]       <<< RX chan1 36B: 80000020830d0000000000017bf5ffffe0060000ecfdffff0d000000000123d4...
[  11.735]       <<< RX chan1 36B: 80000020830d00000000000179f5ffffe1060000ecfdffff0d000000000323d8...
[  11.752]       <<< RX chan1 52B: 80000030830d00000000000015fb040d00000000020d00000000000178f5ffff...
[  11.769]       <<< RX chan1 30B: 8000001a830d00000000000176f5ffffe1060000ebfdffff23e096590000
[  11.786]       <<< RX chan1 30B: 8000001a830d00000000000175f5ffffe2060000ebfdffff23e496590000
[  11.802]       <<< RX chan1 36B: 80000020830d00000000000173f5ffffe2060000eafdffff0d000000000223e8...
[  11.820]       <<< RX chan1 30B: 8000001a830d00000000000172f5ffffe2060000eafdffff23ec96590000
[  11.836]       <<< RX chan1 46B: 8000002a830d00000000000015fa050d00000000000170f5ffffe2060000eafd...
[  11.851]       <<< RX chan1 61B: 80000039830d0000000000016ef5ffffe3060000e9fdffff0d00000000030d00...
[  11.867]       <<< RX chan1 30B: 8000001a830d0000000000016df5ffffe3060000e9fdffff23f896590000
[  11.885]       <<< RX chan1 378B: 80000176830d00000000000001fe000d0000000000016bf5ffffe3060000e9fd...
[  11.902]       <<< RX chan1 30B: 8000001a830d0000000000016af5ffffe4060000e9fdffff230097590000
[  11.919]       <<< RX chan1 40B: 80000024830d00000000000016fa050d00000000000168f5ffffe4060000e8fd...
[  11.936]       <<< RX chan1 61B: 80000039830d00000000000166f5ffffe4060000e8fdffff0d00000000030d00...
[  11.951]       <<< RX chan1 48B: 8000002c830704b838de225b14000704b838de225614010d00000000000165f5...
[quic] DATAGRAM 32B: 031400830510a8a3750100000000a8a375010000000000000000010000000000
[  11.968]       <<< RX chan1 73B: 80000045830d00000000000016f9050d00000000000163f5ffffe5060000e7fd...
[  11.985]       <<< RX chan1 65B: 8000003d831b040000000430aa107004f40d8a0604ded90d4004ec6d47570d00...
[  12.001]       <<< RX chan1 36B: 80000020830d00000000000160f5ffffe5060000e7fdffff0d00000000012318...
[  12.017]       <<< RX chan1 36B: 80000020830d0000000000015ff5ffffe6060000e6fdffff0d0000000002231c...
[  12.034]       <<< RX chan1 30B: 8000001a830d0000000000015df5ffffe6060000e6fdffff232097590000
[  12.052]       <<< RX chan1 71B: 80000043831b0100000004cb8bbc0d0d0000000000015bf5ffffe6060000e6fd...
[  12.068]       <<< RX chan1 46B: 8000002a830d00000000000017f9050d0000000000015af5ffffe7060000e5fd...
[  12.085]       <<< RX chan1 30B: 8000001a830d00000000000158f5ffffe7060000e5fdffff232c97590000
[  12.102]       <<< RX chan1 50B: 8000002e831b0100000004c7271d2a0d00000000000017f8050d000000000001...
[  12.118]       <<< RX chan1 35B: 8000001f8323309759000d00000000000155f5ffffe8060000e5fdffff233497...
[  12.134]       <<< RX chan1 46B: 8000002a830d00000000000017f8060d00000000000153f5ffffe8060000e4fd...
[  12.151]       <<< RX chan1 40B: 80000024831b0100000004c3ae4d5e0d00000000000152f5ffffe8060000e4fd...
[  12.169]       <<< RX chan1 61B: 80000039830d00000000000150f5ffffe8060000e4fdffff0d00000000030d00...
[  12.186]       <<< RX chan1 71B: 8000004383020153d454006900ff00000000008096184b000000000200000000...
[  12.201]       <<< RX chan1 40B: 80000024830d00000000000001fd000d0000000000014df5ffffe9060000e3fd...
[  12.218]       <<< RX chan1 36B: 80000020830101baaa53000d0000000000014cf5ffffe9060000e3fdffff234c...
[  12.235]       <<< RX chan1 36B: 80000020830d0000000000014af5ffffea060000e2fdffff0d00000000022350...
[  12.251]       <<< RX chan1 36B: 80000020830d00000000000148f5ffffea060000e2fdffff0d00000000032354...
[  12.270]       <<< RX chan1 40B: 80000024831b0100000004a7e801040d00000000000147f5ffffea060000e2fd...
[  12.286]       <<< RX chan1 61B: 80000039830d00000000000145f5ffffea060000e1fdffff0d00000000010d00...
[  12.302]       <<< RX chan1 30B: 8000001a830d00000000000144f5ffffeb060000e1fdffff236097590000
[  12.319]       <<< RX chan1 58B: 8000003683070425c01e4c5b1400070425c01e4c5614010d00000000000142f5...
[  12.335]       <<< RX chan1 36B: 80000020830d00000000000141f5ffffeb060000e0fdffff0d00000000022368...
[  12.351]       <<< RX chan1 40B: 80000024831b010000000416dad9210d0000000000013ff5ffffec060000e0fd...
[  12.368]       <<< RX chan1 36B: 80000020830d0000000000013df5ffffec060000e0fdffff0d00000000032370...
[  12.385]       <<< RX chan1 30B: 8000001a830d0000000000013cf5ffffec060000e0fdffff237497590000
[  12.402]       <<< RX chan1 36B: 80000020830d0000000000013af5ffffec060000dffdffff0d00000000012378...
[  12.418]       <<< RX chan1 30B: 8000001a830d00000000000139f5ffffed060000dffdffff237c97590000
[  12.434]       <<< RX chan1 56B: 80000034831b010000000153d454000d000000000000fd01fe0d00000000020d...
[  12.451]       <<< RX chan1 46B: 8000002a830d00000000000001fc000d00000000000135f5ffffed060000defd...
[  12.468]       <<< RX chan1 46B: 8000002a831b0100000004dbf5e4670d00000000000134f5ffffed060000defd...
[quic] DATAGRAM 32B: 031500830510aca5750100000000aca575010000000000000000010000000000
[  12.484]       <<< RX chan1 57B: 80000035830d00000000000132f5ffffee060000defdffff0510aca575010000...
[  12.503]       <<< RX chan1 36B: 80000020830d00000000000131f5ffffee060000ddfdffff0d00000000022390...
[  12.519]       <<< RX chan1 30B: 8000001a830d0000000000012ff5ffffee060000ddfdffff239497590000
[  12.535]       <<< RX chan1 73B: 80000045830704a201de585b14000704a201de585614011b040000000415a2db...
[  12.553]       <<< RX chan1 36B: 80000020830d0000000000012cf5ffffef060000dcfdffff0d0000000002239c...
[  12.568]       <<< RX chan1 46B: 8000002a831b0100000004ef97f54f0d0000000000012af5ffffef060000dcfd...
[  12.585]       <<< RX chan1 36B: 80000020830d00000000000129f5ffffef060000dcfdffff0d000000000123a4...
[  12.602]       <<< RX chan1 46B: 8000002a831b010000000471df43070d00000000000127f5fffff0060000dbfd...
[  12.621]       <<< RX chan1 277B: 80000111831b0200000001afd1540001b0d154000301ab825400a12701019b82...
[  12.636]       <<< RX chan1 30B: 8000001a830d00000000000124f5fffff0060000dbfdffff23b097590000
[  12.651]       <<< RX chan1 61B: 80000039830d00000000000122f5fffff0060000dbfdffff0d00000000030d00...
[  12.668]       <<< RX chan1 66B: 8000003e830d00000000000001fb000d00000000000121f5fffff1060000dafd...
[  12.685]       <<< RX chan1 46B: 8000002a831b01000000048a39d70b0d0000000000011ff5fffff1060000dafd...
[  12.701]       <<< RX chan1 30B: 8000001a830d0000000000011ef5fffff1060000dafdffff23c097590000
[  12.718]       <<< RX chan1 61B: 80000039830d0000000000011cf5fffff1060000d9fdffff0d00000000010d00...
[  12.737]       <<< RX chan1 30B: 8000001a830d0000000000011bf5fffff2060000d9fdffff23c897590000
[  12.753]       <<< RX chan1 30B: 8000001a830d00000000000119f5fffff2060000d9fdffff23cc97590000
[  12.769]       <<< RX chan1 61B: 80000039830d00000000000117f5fffff2060000d8fdffff0d00000000030d00...
[  12.785]       <<< RX chan1 36B: 80000020830d00000000000116f5fffff2060000d8fdffff0d000000000123d4...
[  12.802]       <<< RX chan1 55B: 80000033831b040000000457753d7e047ce8694f04f0f3270e043828e40d0d00...
[  12.819]       <<< RX chan1 46B: 8000002a831b0100000004b838de220d00000000000113f5fffff3060000d7fd...
[  12.834]       <<< RX chan1 30B: 8000001a830d00000000000111f5fffff3060000d7fdffff23e097590000
[  12.854]       <<< RX chan1 87B: 80000053831b0100000004513cd85f0d0000000000010ff5fffff3060000d7fd...
[  12.868]       <<< RX chan1 40B: 80000024830d00000000000001fa000d0000000000010ef5fffff4060000d7fd...
[  12.885]       <<< RX chan1 36B: 80000020830d0000000000010cf5fffff4060000d6fdffff0d000000000323ec...
[  12.903]       <<< RX chan1 40B: 80000024831b01000000016dd254000d0000000000010bf5fffff4060000d6fd...
[  12.919]       <<< RX chan1 36B: 80000020830d00000000000109f5fffff4060000d6fdffff0d000000000123f4...
[  12.935]       <<< RX chan1 30B: 8000001a830d00000000000108f5fffff5060000d5fdffff23f897590000
[  12.952]       <<< RX chan1 40B: 80000024831b0100000004a0a5f72d0d00000000000106f5fffff5060000d5fd...
[  12.970]       <<< RX chan1 36B: 80000020830d00000000000104f5fffff5060000d5fdffff0d00000000032300...
[  12.984]       <<< RX chan1 61B: 80000039830d00000000000103f5fffff5060000d4fdffff0d00000000010d00...
[quic] DATAGRAM 32B: 031600830510b1a7750100000000b1a775010000000000000000010000000000
[  13.001]       <<< RX chan1 57B: 80000035830d00000000000101f5fffff6060000d4fdffff0510b1a775010000...
[  13.019]       <<< RX chan1 91B: 80000057831b01000000048b2e8f111b0400000004114e1637046d9a39060499...
[  13.035]       <<< RX chan1 46B: 8000002a830d00000000000001f9000d000000000001fef4fffff6060000d3fd...
[  13.052]       <<< RX chan1 54B: 800000328307043f40957a5b140007043f40957a5614010d000000000001fdf4...
[  13.068]       <<< RX chan1 30B: 8000001a830d000000000001fbf4fffff7060000d3fdffff231898590000
[  13.086]       <<< RX chan1 61B: 80000039830d000000000001f9f4fffff7060000d2fdffff0d00000000030d00...
[  13.102]       <<< RX chan1 30B: 8000001a830d000000000001f8f4fffff7060000d2fdffff232098590000
[  13.119]       <<< RX chan1 41B: 800000258323209859000d000000000001f6f4fffff7060000d2fdffff0d0000...
[  13.136]       <<< RX chan1 40B: 80000024830d00000000000001f9ff0d000000000001f5f4fffff8060000d2fd...
[  13.152]       <<< RX chan1 40B: 80000024831b0100000004339f66620d000000000001f3f4fffff8060000d1fd...
[  13.169]       <<< RX chan1 36B: 80000020830d000000000001f1f4fffff8060000d1fdffff0d00000000032330...
[  13.185]       <<< RX chan1 72B: 80000044831b01000000049a2c56561b010000000425c01e4c0d000000000000...
[  13.202]       <<< RX chan1 30B: 8000001a830d000000000001eef4fffff9060000d0fdffff233898590000
[  13.218]       <<< RX chan1 30B: 8000001a830d000000000001edf4fffff9060000d0fdffff233c98590000
[  13.235]       <<< RX chan1 30B: 8000001a830d000000000001ebf4fffff9060000d0fdffff234098590000
[  13.252]       <<< RX chan1 36B: 80000020830d000000000001eaf4fffff9060000cffdffff0d00000000022344...
[  13.269]       <<< RX chan1 61B: 80000039831b04000000043c3d0e7f045b34fc1204d761566904af51a74f0d00...
[  13.285]       <<< RX chan1 36B: 80000020830d000000000001e6f4fffffa060000cffdffff0d0000000003234c...
[  13.303]       <<< RX chan1 64B: 8000003c8307048483cf585b140007048483cf585614010d000000000001e5f4...
[  13.319]       <<< RX chan1 36B: 8000002083010499d7b62a0d000000000001e3f4fffffa060000cefdffff2354...
[  13.336]       <<< RX chan1 36B: 80000020830d000000000001e2f4fffffa060000cefdffff0d00000000012358...
[  13.353]       <<< RX chan1 36B: 80000020830d000000000001e0f4fffffb060000cdfdffff0d0000000002235c...
[  13.368]       <<< RX chan1 56B: 80000034831b01000000041bc586470d000000000001def4fffffb060000cdfd...
[  13.386]       <<< RX chan1 30B: 8000001a830d000000000001ddf4fffffb060000cdfdffff236498590000
[  13.402]       <<< RX chan1 96B: 8000005c831b0100000004a201de581b0400000001cbce540001ccce540001cd...
[  13.419]       <<< RX chan1 30B: 8000001a830d000000000001daf4fffffc060000ccfdffff236c98590000
[  13.435]       <<< RX chan1 30B: 8000001a830d000000000001d8f4fffffc060000ccfdffff237098590000
[  13.452]       <<< RX chan1 30B: 8000001a830d000000000001d7f4fffffc060000ccfdffff237498590000
[  13.469]       <<< RX chan1 36B: 80000020830d000000000001d5f4fffffc060000cbfdffff0d00000000022378...
[  13.486]       <<< RX chan1 61B: 80000039830d000000000001d3f4fffffc060000cbfdffff0d00000000030d00...
[quic] DATAGRAM 32B: 031700830510a5a9750100000000a5a975010000000000000000010000000000
[  13.503]       <<< RX chan1 57B: 80000035830d000000000001d2f4fffffd060000cbfdffff0510a5a975010000...
[  13.520]       <<< RX chan1 36B: 80000020830d000000000001d0f4fffffd060000cafdffff0d00000000022384...
[  13.536]       <<< RX chan1 40B: 80000024830d000000000001cff4fffffd060000cafdffff0d000000000000f1...
[  13.552]       <<< RX chan1 30B: 8000001a830d000000000001cdf4fffffd060000cafdffff238c98590000
[  13.570]       <<< RX chan1 54B: 80000032830704c8d05a775b14000704c8d05a775614010d000000000001ccf4...
[  13.585]       <<< RX chan1 30B: 8000001a830d000000000001caf4fffffe060000c9fdffff239498590000
[  13.602]       <<< RX chan1 36B: 80000020830d000000000001c8f4fffffe060000c9fdffff0d00000000032398...
[  13.620]       <<< RX chan1 61B: 80000039831b040000000453e1117404102c8e6604a63dec60046fd12a2f0d00...
[  13.637]       <<< RX chan1 36B: 80000020830d000000000001c5f4fffffe060000c8fdffff0d000000000123a0...
[  13.652]       <<< RX chan1 55B: 80000033831b04000000048e50ae2c0457926f18040c88a64e048af2e8460d00...
[  13.669]       <<< RX chan1 30B: 8000001a830d000000000001c2f4ffffff060000c8fdffff23a898590000
[  13.686]       <<< RX chan1 36B: 80000020830d000000000001c0f4ffffff060000c7fdffff0d000000000323ac...
[  13.703]       <<< RX chan1 40B: 80000024830d000000000001bff4ffffff060000c7fdffff0d000000000000f0...
[  13.720]       <<< RX chan1 36B: 80000020830d000000000001bdf4ffffff060000c7fdffff0d000000000123b4...
[  13.735]       <<< RX chan1 52B: 80000030830d000000000001bcf4ffff00070000c6fdffff0d00000000020d00...
[  13.753]       <<< RX chan1 30B: 8000001a830d000000000001baf4ffff00070000c6fdffff23bc98590000
[  13.769]       <<< RX chan1 30B: 8000001a830d000000000001b9f4ffff00070000c6fdffff23c098590000
[  13.785]       <<< RX chan1 36B: 80000020830d000000000001b7f4ffff00070000c5fdffff0d000000000223c4...
[  13.802]       <<< RX chan1 91B: 80000057830704cd33253e5b14000704cd33253e56140101041264b356010160...
[  13.819]       <<< RX chan1 30B: 8000001a830d000000000001b4f4ffff01070000c5fdffff23cc98590000
[  13.834]       <<< RX chan1 36B: 80000020830d000000000001b2f4ffff01070000c4fdffff0d000000000223d0...
[  13.851]       <<< RX chan1 30B: 8000001a830d000000000001b1f4ffff01070000c4fdffff23d498590000
[  13.869]       <<< RX chan1 30B: 8000001a830d000000000001aff4ffff01070000c4fdffff23d898590000
[  13.886]       <<< RX chan1 61B: 80000039830d000000000001adf4ffff01070000c4fdffff0d00000000030d00...
[  13.902]       <<< RX chan1 40B: 80000024830d000000000001acf4ffff02070000c3fdffff0d000000000000f0...
[  13.918]       <<< RX chan1 46B: 8000002a831b01000000043f40957a0d000000000001aaf4ffff02070000c3fd...
[  13.935]       <<< RX chan1 48B: 8000002c8307049c3f33775b140007049c3f33775614010d000000000001a9f4...
[  13.952]       <<< RX chan1 30B: 8000001a830d000000000001a7f4ffff02070000c2fdffff23ec98590000
[  13.970]       <<< RX chan1 36B: 80000020830d000000000001a6f4ffff02070000c2fdffff0d000000000123f0...
[  13.986]       <<< RX chan1 30B: 8000001a830d000000000001a4f4ffff03070000c2fdffff23f498590000
[  14.002]       <<< RX chan1 77B: 80000049830d000000000001a2f4ffff03070000c1fdffff0d00000000030d00...
[quic] DATAGRAM 32B: 031800830510aaab750100000000aaab75010000000000000000010000000000
[  14.019]       <<< RX chan1 82B: 8000004e831b0400000004dacbf32f0483f15f1504fdf06f000436fab5080d00...
[  14.036]       <<< RX chan1 287B: 8000011b831b020000000179d05400017ad05400030173bb5400a127010168bb...
[  14.053]       <<< RX chan1 61B: 80000039830d0000000000019ef4ffff03070000c0fdffff0d00000000010d00...
[  14.071]       <<< RX chan1 46B: 8000002a830d0000000000019cf4ffff04070000c0fdffff0d000000000000ef...
[  14.085]       <<< RX chan1 36B: 80000020830d0000000000019af4ffff04070000c0fdffff0d0000000003230c...
[  14.102]       <<< RX chan1 36B: 80000020830d00000000000199f4ffff04070000bffdffff0d00000000022310...
[  14.119]       <<< RX chan1 77B: 8000004983231099590007017dbb54005b140007017dbb540056140107017dbb...
[  14.135]       <<< RX chan1 54B: 800000328307041a090c615b140007041a090c615614010d00000000000196f4...
[  14.152]       <<< RX chan1 48B: 8000002c8307017dbb54005b140007017dbb54005614010d00000000000194f4...
[  14.169]       <<< RX chan1 40B: 80000024831b01000000048483cf580d00000000000193f4ffff05070000befd...
[  14.187]       <<< RX chan1 91B: 800000578307017dbb54005b140007017dbb540056140107017dbb54005b1400...
[  14.201]       <<< RX chan1 46B: 8000002a830d0000000000018ff4ffff05070000befdffff0d00000000030d00...
[  14.218]       <<< RX chan1 30B: 8000001a830d0000000000018ef4ffff05070000bdfdffff232c99590000
[  14.235]       <<< RX chan1 36B: 80000020830d0000000000018cf4ffff05070000bdfdffff0d00000000012330...
[  14.252]       <<< RX chan1 30B: 8000001a830d0000000000018bf4ffff06070000bdfdffff233499590000
[  14.269]       <<< RX chan1 36B: 80000020830d00000000000189f4ffff06070000bcfdffff0d00000000022338...
[  14.285]       <<< RX chan1 30B: 8000001a830d00000000000188f4ffff06070000bcfdffff233c99590000
[  14.303]       <<< RX chan1 48B: 8000002c8307017dbb54005b140007017dbb54005614010d00000000000186f4...
[  14.319]       <<< RX chan1 111B: 8000006b830d00000000000184f4ffff06070000bbfdffff0d00000000030d00...
[  14.337]       <<< RX chan1 30B: 8000001a830d00000000000183f4ffff07070000bbfdffff234899590000
[  14.351]       <<< RX chan1 58B: 800000368307017dbb54005b140007017dbb54005614010d00000000000181f4...
[  14.369]       <<< RX chan1 70B: 8000004283070443994f465b1400070443994f465614010d00000000000180f4...
[  14.385]       <<< RX chan1 48B: 8000002c8307017dbb54005b140007017dbb54005614010d0000000000017ef4...
[  14.402]       <<< RX chan1 36B: 80000020830d0000000000017cf4ffff07070000bafdffff0d00000000032358...
[  14.421]       <<< RX chan1 36B: 80000020830d0000000000017bf4ffff07070000bafdffff0d0000000001235c...
[  14.435]       <<< RX chan1 58B: 800000368307017dbb54005b140007017dbb54005614011b0100000004c8d05a...
[  14.452]       <<< RX chan1 55B: 80000033831b0400000004f9f45a4404109a801104d14d215d04dc93c7360d00...
[  14.469]       <<< RX chan1 30B: 8000001a830d00000000000176f4ffff08070000b9fdffff236899590000
[  14.486]       <<< RX chan1 76B: 80000048830704b79a5f565b14000704b79a5f565614010d00000000000175f4...
[  14.501]       <<< RX chan1 30B: 8000001a830d00000000000173f4ffff08070000b8fdffff237099590000
[quic] DATAGRAM 32B: 0319008305109ead7501000000009ead75010000000000000000010000000000
[  14.519]       <<< RX chan1 88B: 80000054830d00000000000171f4ffff08070000b8fdffff0d00000000030d00...
[  14.536]       <<< RX chan1 36B: 80000020830d00000000000170f4ffff09070000b7fdffff0d00000000022378...
[  14.551]       <<< RX chan1 30B: 8000001a830d0000000000016ef4ffff09070000b7fdffff237c99590000
[  14.568]       <<< RX chan1 30B: 8000001a830d0000000000016df4ffff09070000b7fdffff238099590000
[  14.586]       <<< RX chan1 54B: 800000328307048d6461615b140007048d6461615614010d0000000000016bf4...
[  14.602]       <<< RX chan1 52B: 80000030830d00000000000169f4ffff09070000b6fdffff0d00000000030d00...
[  14.619]       <<< RX chan1 36B: 80000020830d00000000000168f4ffff09070000b6fdffff0d0000000001238c...
[  14.635]       <<< RX chan1 36B: 80000020830d00000000000166f4ffff0a070000b6fdffff0d00000000032390...
[  14.653]       <<< RX chan1 30B: 8000001a830d00000000000165f4ffff0a070000b5fdffff239499590000
[  14.669]       <<< RX chan1 40B: 80000024831b0100000004cd33253e0d00000000000163f4ffff0a070000b5fd...
[  14.686]       <<< RX chan1 30B: 8000001a830d00000000000162f4ffff0a070000b5fdffff239c99590000
[  14.703]       <<< RX chan1 235B: 800000e78302018bd654006900ff00000000008096184b000000000200000000...
[  14.719]       <<< RX chan1 113B: 8000006d830d0000000000015ef4ffff0a070000b4fdffff0d00000000030d00...
[  14.735]       <<< RX chan1 30B: 8000001a830d0000000000015df4ffff0b070000b4fdffff23a899590000
[  14.752]       <<< RX chan1 36B: 80000020830d0000000000015bf4ffff0b070000b3fdffff0d000000000223ac...
[  14.769]       <<< RX chan1 30B: 8000001a830d0000000000015af4ffff0b070000b3fdffff23b099590000
[  14.785]       <<< RX chan1 30B: 8000001a830d00000000000158f4ffff0b070000b3fdffff23b499590000
[  14.802]       <<< RX chan1 46B: 8000002a831b01000000049c3f33770d00000000000157f4ffff0b070000b2fd...
[  14.819]       <<< RX chan1 48B: 8000002c830704013c050b5b14000704013c050b5614010d00000000000155f4...
[  14.836]       <<< RX chan1 86B: 80000052831b0400000004b1c17d4404f83f701e0493dd28060453eeaa140d00...
[  14.851]       <<< RX chan1 52B: 80000030830d00000000000152f4ffff0c070000b1fdffff0d00000000020d00...
[  14.868]       <<< RX chan1 30B: 8000001a830d00000000000150f4ffff0c070000b1fdffff23c899590000
[  14.886]       <<< RX chan1 30B: 8000001a830d0000000000014ff4ffff0c070000b1fdffff23cc99590000
[  14.902]       <<< RX chan1 30B: 8000001a830d0000000000014df4ffff0c070000b1fdffff23d099590000
[  14.918]       <<< RX chan1 36B: 80000020830d0000000000014bf4ffff0c070000b0fdffff0d000000000323d4...
[  14.935]       <<< RX chan1 54B: 8000003283070414c072535b1400070414c072535614010d0000000000014af4...
[  14.952]       <<< RX chan1 102B: 80000062831b01000000018bd654001b01000000018cd654001b01000000018d...
[  14.969]       <<< RX chan1 46B: 8000002a830d000000000000fd01fe0d00000000020d00000000000147f4ffff...
[  14.984]       <<< RX chan1 30B: 8000001a830d00000000000145f4ffff0d070000affdffff23e499590000
[  15.002]       <<< RX chan1 40B: 80000024831b01000000041a090c610d00000000000144f4ffff0d070000affd...
[  15.018]       <<< RX chan1 36B: 80000020830d00000000000142f4ffff0d070000aefdffff0d000000000223ec...
[quic] DATAGRAM 32B: 031a00830510a2af750100000000a2af75010000000000000000010000000000
[  15.035]       <<< RX chan1 63B: 8000003b830d00000000000140f4ffff0d070000aefdffff0d00000000030510...
[  15.054]       <<< RX chan1 113B: 8000006d831b040000000473a8e87f04eeecbe330460d0d33c0437cf211b0d00...
[  15.068]       <<< RX chan1 61B: 80000039830d0000000000013df4ffff0d070000adfdffff0d00000000010d00...
[  15.085]       <<< RX chan1 30B: 8000001a830d0000000000013cf4ffff0e070000adfdffff23fc99590000
[  15.103]       <<< RX chan1 30B: 8000001a830d0000000000013af4ffff0e070000adfdffff23009a590000
[  15.119]       <<< RX chan1 91B: 800000578323009a59001b0400000004af42241704709a93560468c9010c0474...
[  15.134]       <<< RX chan1 30B: 8000001a830d00000000000137f4ffff0e070000acfdffff23089a590000
[  15.152]       <<< RX chan1 54B: 80000032830704423b4b575b14000704423b4b575614010d00000000000135f4...
[  15.168]       <<< RX chan1 46B: 8000002a830d00000000000134f4ffff0e070000acfdffff0d000000000000ec...
[  15.184]       <<< RX chan1 46B: 8000002a830d000000000000fe01ff0d00000000000132f4ffff0e070000abfd...
[  15.201]       <<< RX chan1 30B: 8000001a830d00000000000131f4ffff0f070000abfdffff23189a590000
[  15.219]       <<< RX chan1 30B: 8000001a830d0000000000012ff4ffff0f070000abfdffff231c9a590000
[  15.235]       <<< RX chan1 71B: 80000043831b010000000443994f460d0000000000012df4ffff0f070000aafd...
[  15.252]       <<< RX chan1 30B: 8000001a830d0000000000012cf4ffff0f070000aafdffff23249a590000
[  15.268]       <<< RX chan1 46B: 8000002a830d0000000000012af4ffff0f070000aafdffff0d000000000000ec...
[  15.284]       <<< RX chan1 36B: 80000020830d00000000000129f4ffff0f070000a9fdffff0d0000000002232c...
[  15.302]       <<< RX chan1 61B: 80000039831b0400000004dff56d790479182c7404cfd9185404326b2e2d0d00...
[  15.317]       <<< RX chan1 61B: 80000039830d00000000000125f4ffff0f070000a9fdffff0d00000000030d00...
[  15.335]       <<< RX chan1 36B: 80000020830d00000000000124f4ffff10070000a8fdffff0d00000000022338...
[  15.352]       <<< RX chan1 62B: 8000003a831b0100000004b79a5f560d00000000000122f4ffff10070000a8fd...
[  15.368]       <<< RX chan1 64B: 8000003c830704e8b658415b14000704e8b658415614010d000000000000fd02...
[  15.385]       <<< RX chan1 36B: 80000020830d0000000000011ff4ffff10070000a7fdffff0d00000000022344...
[  15.401]       <<< RX chan1 30B: 8000001a830d0000000000011ef4ffff10070000a7fdffff23489a590000
[  15.418]       <<< RX chan1 46B: 8000002a830d0000000000011cf4ffff10070000a7fdffff0d000000000000eb...
[  15.434]       <<< RX chan1 61B: 80000039830d0000000000011af4ffff10070000a7fdffff0d00000000030d00...
[  15.453]       <<< RX chan1 78B: 8000004a831b01000000048d6461610d00000000000119f4ffff10070000a6fd...
[  15.467]       <<< RX chan1 30B: 8000001a830d00000000000117f4ffff11070000a6fdffff23589a590000
[  15.484]       <<< RX chan1 30B: 8000001a830d00000000000116f4ffff11070000a6fdffff235c9a590000
[  15.502]       <<< RX chan1 61B: 80000039831b04000000040b15c83d0423766114042f362d2604c5084a5f0d00...
[  15.518]       <<< RX chan1 48B: 8000002c8307017fbb54005b140007017fbb54005614010d00000000000113f4...
[  15.535]       <<< RX chan1 30B: 8000001a830d00000000000111f4ffff11070000a5fdffff23689a590000
[quic] DATAGRAM 32B: 031b00830510a6b1750100000000a6b175010000000000000000010000000000
[  15.551]       <<< RX chan1 122B: 800000768307017fbb54005b140007017fbb54005614010d0000000000010ff4...
[  15.569]       <<< RX chan1 30B: 8000001a830d0000000000010ef4ffff11070000a4fdffff23709a590000
[  15.585]       <<< RX chan1 36B: 80000020830d0000000000010cf4ffff11070000a4fdffff0d00000000012374...
[  15.602]       <<< RX chan1 61B: 80000039830d0000000000010bf4ffff11070000a3fdffff0d00000000010d00...
[  15.619]       <<< RX chan1 332B: 800001488307017fbb54005b140007017fbb540056140102049621c3552b00ff...
[  15.637]       <<< RX chan1 52B: 80000030830d00000000000107f4ffff12070000a3fdffff0d00000000030d00...
[  15.652]       <<< RX chan1 30B: 8000001a830d00000000000106f4ffff12070000a3fdffff23849a590000
[  15.668]       <<< RX chan1 30B: 8000001a830d00000000000104f4ffff12070000a2fdffff23889a590000
[  15.685]       <<< RX chan1 40B: 80000024831b0100000004013c050b0d00000000000103f4ffff12070000a2fd...
[  15.701]       <<< RX chan1 30B: 8000001a830d00000000000101f4ffff12070000a2fdffff23909a590000
[  15.718]       <<< RX chan1 46B: 8000002a830d00000000000100f4ffff12070000a1fdffff0d000000000000eb...
[  15.735]       <<< RX chan1 68B: 80000040830d000000000001fef3ffff12070000a1fdffff0d00000000010d00...
[  15.752]       <<< RX chan1 61B: 80000039830d000000000001fcf3ffff12070000a1fdffff0d00000000030d00...
[  15.767]       <<< RX chan1 36B: 80000020830d000000000001fbf3ffff13070000a0fdffff0d000000000223a0...
[  15.786]       <<< RX chan1 90B: 800000568307017fbb54005b140007017fbb540056140107017fbb54005a1400...
[  15.802]       <<< RX chan1 319B: 8000013b831b010000000414c072531b0200000001bad4540001bbd454000301...
[  15.819]       <<< RX chan1 36B: 80000020830d000000000001f6f3ffff130700009ffdffff0d000000000223ac...
[  15.835]       <<< RX chan1 54B: 800000328307017fbb54005b140007017fbb54005614010d000000000001f4f3...
[  15.851]       <<< RX chan1 55B: 80000033831b040000000465e829540404fa7c790443684d3204c0054b480d00...
[  15.868]       <<< RX chan1 97B: 8000005d830701b08254005b14000701b08254005614010701b08254005b1400...
[  15.885]       <<< RX chan1 30B: 8000001a830d000000000001f0f3ffff130700009efdffff23bc9a590000
[  15.902]       <<< RX chan1 52B: 80000030830d000000000001eef3ffff130700009efdffff0d00000000010d00...
[  15.918]       <<< RX chan1 36B: 80000020830d000000000001edf3ffff130700009efdffff0d000000000123c4...
[  15.935]       <<< RX chan1 78B: 8000004a830701b08254005b14000701b08254005614011b0500000004239035...
[  15.952]       <<< RX chan1 54B: 80000032830701b08254005b14000701b08254005614010d000000000001e9f3...
[  15.969]       <<< RX chan1 46B: 8000002a830d000000000001e8f3ffff140700009dfdffff0d000000000000ea...
[  15.984]       <<< RX chan1 30B: 8000001a830d000000000001e6f3ffff140700009cfdffff23d49a590000
[  16.001]       <<< RX chan1 30B: 8000001a830d000000000001e5f3ffff140700009cfdffff23d89a590000
[  16.020]       <<< RX chan1 54B: 80000032830701b08254005a14000000000000000000000000000000000d0000...
[  16.035]       <<< RX chan1 61B: 80000039831b0400000004c70c975a04da486502047ad2821704c36ba4370d00...
[quic] DATAGRAM 32B: 031c008305109ab37501000000009bb375010000000000000000010000000000
[  16.051]       <<< RX chan1 73B: 80000045830d000000000001e0f3ffff140700009bfdffff0d000000000000ea...
[  16.068]       <<< RX chan1 36B: 80000020830d000000000001def3ffff140700009bfdffff0d000000000323e8...
[  16.085]       <<< RX chan1 102B: 80000062831b0400000004de758703045cc848190447569f4d04f5015c010d00...
[  16.100]       <<< RX chan1 36B: 80000020830d000000000001dbf3ffff140700009afdffff0d000000000123f0...
[  16.127]       <<< RX chan1 60B: 800000388323f09a59001b0400000004f9a825100428ac91590417117c7e0417...
[  16.136]       <<< RX chan1 78B: 8000004a830701b08254005b14000701b08254005614010704c982336e5b1400...
[  16.151]       <<< RX chan1 36B: 80000020830d000000000001d6f3ffff1507000099fdffff0d000000000323fc...
[  16.169]       <<< RX chan1 30B: 8000001a830d000000000001d5f3ffff1507000099fdffff23009b590000
[  16.184]       <<< RX chan1 30B: 8000001a830d000000000001d3f3ffff1507000099fdffff23049b590000
[  16.201]       <<< RX chan1 72B: 800000448307017fbb54005a14000000000000000000000000000000000701b0...
[  16.218]       <<< RX chan1 48B: 8000002c830701b08254005b14000701b08254005614010d000000000001d0f3...
[  16.235]       <<< RX chan1 40B: 80000024831b0100000004e8b658410d000000000001cff3ffff1507000098fd...
[  16.251]       <<< RX chan1 36B: 80000020830d000000000001cdf3ffff1507000097fdffff0d00000000022314...
[  16.268]       <<< RX chan1 84B: 800000508307017fbb54005a140000000000000000000000000000000007017f...
[  16.284]       <<< RX chan1 54B: 80000032830701b28254005b14000701b28254005614010d000000000001caf3...
[  16.301]       <<< RX chan1 61B: 80000039830d000000000001c8f3ffff1507000096fdffff0d00000000010d00...
[  16.317]       <<< RX chan1 54B: 80000032830701b28254005b14000701b28254005614010d000000000001c7f3...
[  16.336]       <<< RX chan1 325B: 80000141830204540c727e5002ff000000c07f0000803f00000000051e244174...
[  16.352]       <<< RX chan1 61B: 80000039830d000000000001c3f3ffff1607000095fdffff0d00000000030d00...
[  16.368]       <<< RX chan1 48B: 8000002c830701b28254005b14000701b28254005614010d000000000001c2f3...
[  16.385]       <<< RX chan1 36B: 80000020830d000000000001c0f3ffff1607000095fdffff0d00000000032334...
[  16.401]       <<< RX chan1 30B: 8000001a830d000000000001bff3ffff1607000095fdffff23389b590000
[  16.418]       <<< RX chan1 30B: 8000001a830d000000000001bdf3ffff1607000094fdffff233c9b590000
[  16.435]       <<< RX chan1 66B: 8000003e8307017ebb54005b140007017ebb54005614010704e63aaf5a5b1400...
[  16.450]       <<< RX chan1 394B: 80000186830701b18254005b14000701b18254005614010d000000000001baf3...
[  16.469]       <<< RX chan1 60B: 800000388307017fbb54005a14000000000000000000000000000000000d0000...
[  16.484]       <<< RX chan1 72B: 800000448307017fbb54005a140000000000000000000000000000000007017e...
[  16.501]       <<< RX chan1 82B: 8000004e8307017fbb54005a14000000000000000000000000000000000701b2...
[  16.518]       <<< RX chan1 121B: 800000758307017fbb54005a14000000000000000000000000000000000701b1...
[  16.534]       <<< RX chan1 36B: 80000020830d000000000001b2f3ffff1607000092fdffff0d00000000012358...
[quic] DATAGRAM 32B: 031d008305108eb57501000000008fb575010000000000000000010000000000
[  16.551]       <<< RX chan1 106B: 80000066830701b28254005b14000701b28254005614010d000000000001b0f3...
[  16.569]       <<< RX chan1 36B: 80000020830d000000000001aff3ffff1707000091fdffff0d00000000022360...
[  16.585]       <<< RX chan1 61B: 80000039831b0400000004e69da4310432e7eb6b04a756f969041f0a221f0d00...
[  16.602]       <<< RX chan1 72B: 800000448307017fbb54005a14000000000000000000000000000000000701b2...
[  16.619]       <<< RX chan1 36B: 80000020830d000000000001aaf3ffff1707000090fdffff0d0000000002236c...
[  16.635]       <<< RX chan1 73B: 800000458307041b74373e5b140007041b74373e5614011b0400000004a86cdd...
[  16.652]       <<< RX chan1 40B: 80000024831b01000000048e82863a0d000000000001a7f3ffff1707000090fd...
[  16.668]       <<< RX chan1 36B: 80000020830d000000000001a5f3ffff1707000090fdffff0d00000000032378...
[  16.685]       <<< RX chan1 66B: 8000003e830701b18254005b14000701b182540056140107017ebb54005b1400...
[  16.702]       <<< RX chan1 30B: 8000001a830d000000000001a2f3ffff170700008ffdffff23809b590000
[  16.719]       <<< RX chan1 48B: 8000002c830701b18254005b14000701b18254005614010d000000000001a1f3...
[  16.735]       <<< RX chan1 30B: 8000001a830d0000000000019ff3ffff170700008efdffff23889b590000
[  16.752]       <<< RX chan1 48B: 8000002c8307017ebb54005b140007017ebb54005614010d0000000000019ef3...
[  16.767]       <<< RX chan1 40B: 80000024830d0000000000019cf3ffff170700008efdffff0d00000000000001...
[  16.784]       <<< RX chan1 61B: 80000039830d0000000000019af3ffff170700008dfdffff0d00000000030d00...
[  16.803]       <<< RX chan1 30B: 8000001a830d00000000000199f3ffff170700008dfdffff23989b590000
[  16.820]       <<< RX chan1 36B: 80000020830d00000000000197f3ffff170700008dfdffff0d0000000001239c...
[  16.835]       <<< RX chan1 61B: 80000039830d00000000000196f3ffff170700008cfdffff0d00000000010d00...
[  16.851]       <<< RX chan1 36B: 80000020830d00000000000194f3ffff170700008cfdffff0d000000000123a4...
[  16.869]       <<< RX chan1 79B: 8000004b8307043df23c625b140007043df23c625614010d00000000000192f3...
[  16.886]       <<< RX chan1 36B: 80000020830d00000000000191f3ffff180700008bfdffff0d000000000223ac...
[  16.902]       <<< RX chan1 30B: 8000001a830d0000000000018ff3ffff180700008bfdffff23b09b590000
[  16.919]       <<< RX chan1 79B: 8000004b830701b18254005a14000000000000000000000000000000001b0400...
[  16.936]       <<< RX chan1 30B: 8000001a830d0000000000018cf3ffff180700008bfdffff23b89b590000
[  16.952]       <<< RX chan1 30B: 8000001a830d0000000000018bf3ffff180700008afdffff23bc9b590000
[  16.969]       <<< RX chan1 30B: 8000001a830d00000000000189f3ffff180700008afdffff23c09b590000
[  16.984]       <<< RX chan1 36B: 80000020830d00000000000187f3ffff180700008afdffff0d000000000323c4...
[  17.001]       <<< RX chan1 46B: 8000002a831b0100000004c982336e0d00000000000186f3ffff1807000089fd...
[  17.018]       <<< RX chan1 30B: 8000001a830d00000000000184f3ffff1807000089fdffff23cc9b590000
[  17.035]       <<< RX chan1 40B: 80000024830d00000000000183f3ffff1807000089fdffff0d00000000000001...
[  17.051]       <<< RX chan1 36B: 80000020830d00000000000181f3ffff1807000088fdffff0d000000000223d4...
[quic] DATAGRAM 32B: 031e0083051093b775010000000093b775010000000000000000010000000000
[  17.068]       <<< RX chan1 63B: 8000003b830d0000000000017ff3ffff1807000088fdffff0d00000000030510...
[  17.085]       <<< RX chan1 30B: 8000001a830d0000000000017ef3ffff1807000088fdffff23dc9b590000
[  17.102]       <<< RX chan1 61B: 80000039830d0000000000017cf3ffff1807000087fdffff0d00000000030d00...
[  17.118]       <<< RX chan1 53B: 800000318323e09b59000704167ac55b5b14000704167ac55b5614010d000000...
[  17.136]       <<< RX chan1 30B: 8000001a830d00000000000179f3ffff1807000087fdffff23e89b590000
[  17.152]       <<< RX chan1 30B: 8000001a830d00000000000178f3ffff1807000087fdffff23ec9b590000
[  17.167]       <<< RX chan1 30B: 8000001a830d00000000000176f3ffff1807000086fdffff23f09b590000
[  17.184]       <<< RX chan1 36B: 80000020830d00000000000174f3ffff1807000086fdffff0d000000000323f4...
[  17.201]       <<< RX chan1 30B: 8000001a830d00000000000173f3ffff1807000086fdffff23f89b590000
[  17.218]       <<< RX chan1 30B: 8000001a830d00000000000171f3ffff1807000085fdffff23fc9b590000
[  17.235]       <<< RX chan1 46B: 8000002a830d00000000000170f3ffff1807000085fdffff0d00000000010d00...
[  17.252]       <<< RX chan1 36B: 80000020830d0000000000016ef3ffff1807000085fdffff0d00000000012304...
[  17.268]       <<< RX chan1 86B: 80000052831b040000000476b81635048dfa4f510463116f000491daea730d00...
[  17.284]       <<< RX chan1 36B: 80000020830d0000000000016bf3ffff1807000084fdffff0d0000000001230c...
[  17.302]       <<< RX chan1 71B: 80000043831b0100000004e63aaf5a0d00000000000169f3ffff1807000084fd...
[  17.317]       <<< RX chan1 61B: 80000039830d00000000000168f3ffff1807000083fdffff0d00000000010d00...
[  17.334]       <<< RX chan1 36B: 80000020830d00000000000166f3ffff1807000083fdffff0d00000000012318...
[  17.351]       <<< RX chan1 36B: 80000020830d00000000000165f3ffff1807000083fdffff0d0000000001231c...
[  17.369]       <<< RX chan1 36B: 80000020830d00000000000163f3ffff1907000082fdffff0d00000000022320...
[  17.385]       <<< RX chan1 36B: 80000020830d00000000000161f3ffff1907000082fdffff0d00000000032324...
[  17.401]       <<< RX chan1 30B: 8000001a830d00000000000160f3ffff1907000082fdffff23289c590000
[  17.418]       <<< RX chan1 30B: 8000001a830d0000000000015ef3ffff1907000082fdffff232c9c590000
[  17.434]       <<< RX chan1 40B: 80000024830d0000000000015df3ffff1907000081fdffff0d00000000000001...
[  17.452]       <<< RX chan1 30B: 8000001a830d0000000000015bf3ffff1907000081fdffff23349c590000
[  17.467]       <<< RX chan1 30B: 8000001a830d0000000000015af3ffff1907000081fdffff23389c590000
[  17.486]       <<< RX chan1 30B: 8000001a830d00000000000158f3ffff1907000080fdffff233c9c590000
[  17.501]       <<< RX chan1 46B: 8000002a831b01000000041b74373e0d00000000000156f3ffff1907000080fd...
[  17.518]       <<< RX chan1 66B: 8000003e830701b28254005b14000701b282540056140107017fbb54005b1400...
[  17.534]       <<< RX chan1 36B: 80000020830d00000000000153f3ffff190700007ffdffff0d00000000022348...
[  17.551]       <<< RX chan1 30B: 8000001a830d00000000000152f3ffff190700007ffdffff234c9c590000
[  17.569]       <<< RX chan1 48B: 8000002c8307017fbb54005b140007017fbb54005614010d00000000000150f3...
[quic] DATAGRAM 32B: 031f0083051098b975010000000098b975010000000000000000010000000000
[  17.586]       <<< RX chan1 113B: 8000006d831b040000000487ebf87c045339334a04b2aa557704feaa66750d00...
[  17.602]       <<< RX chan1 58B: 80000036830701b28254005b14000701b28254005614010d0000000000014df3...
[  17.618]       <<< RX chan1 36B: 80000020830d0000000000014bf3ffff190700007efdffff0d0000000003235c...
[  17.634]       <<< RX chan1 36B: 80000020830d0000000000014af3ffff190700007dfdffff0d00000000022360...
[  17.651]       <<< RX chan1 96B: 8000005c8307017fbb54005b140007017fbb54005614010701b28254005a1400...
[  17.667]       <<< RX chan1 30B: 8000001a830d00000000000147f3ffff190700007dfdffff23689c590000
[  17.684]       <<< RX chan1 30B: 8000001a830d00000000000145f3ffff190700007dfdffff236c9c590000
[  17.702]       <<< RX chan1 60B: 80000038830701b18254005a14000000000000000000000000000000000d0000...
[  17.719]       <<< RX chan1 30B: 8000001a830d00000000000142f3ffff190700007cfdffff23749c590000
[  17.735]       <<< RX chan1 64B: 8000003c830701b18254005a14000000000000000000000000000000001b0100...
[  17.751]       <<< RX chan1 46B: 8000002a830d0000000000013ff3ffff190700007bfdffff0d00000000020d00...
[  17.768]       <<< RX chan1 79B: 8000004b8307017fbb54005a14000000000000000000000000000000001b0400...
[  17.784]       <<< RX chan1 78B: 8000004a830701b28254005b14000701b28254005614010701b18254005a1400...
[  17.800]       <<< RX chan1 36B: 80000020830d0000000000013af3ffff190700007afdffff0d00000000022388...
[  17.820]       <<< RX chan1 72B: 800000448307017fbb54005b140007017fbb54005614010701b28254005b1400...
[  17.835]       <<< RX chan1 72B: 800000448307017fbb54005a14000000000000000000000000000000000704db...
[  17.851]       <<< RX chan1 36B: 80000020830d00000000000135f3ffff1907000079fdffff0d00000000022394...
[  17.868]       <<< RX chan1 72B: 800000448307017fbb54005b140007017fbb540056140107017fbb54005a1400...
[  17.884]       <<< RX chan1 36B: 80000020830104a04de10e0d00000000000132f3ffff1907000079fdffff239c...
[  17.901]       <<< RX chan1 61B: 80000039830d00000000000130f3ffff1907000078fdffff0d00000000030d00...
[  17.918]       <<< RX chan1 66B: 8000003e830701b18254005b14000701b182540056140107017ebb54005b1400...
[  17.935]       <<< RX chan1 30B: 8000001a830d0000000000012df3ffff1907000078fdffff23a89c590000
[  17.950]       <<< RX chan1 30B: 8000001a830d0000000000012cf3ffff1907000078fdffff23ac9c590000
[  17.967]       <<< RX chan1 54B: 80000032830701b18254005a14000000000000000000000000000000000d0000...
[  17.984]       <<< RX chan1 40B: 80000024831b0100000004167ac55b0d00000000000129f3ffff1907000077fd...
[  18.001]       <<< RX chan1 66B: 8000003e8307017fbb54005b140007017fbb54005614010701b28254005b1400...
[  18.019]       <<< RX chan1 360B: 800001648307017fbb54005a14000000000000000000000000000000000701b1...
[  18.037]       <<< RX chan1 30B: 8000001a830d00000000000124f3ffff1907000076fdffff23c09c590000
[  18.051]       <<< RX chan1 30B: 8000001a830d00000000000122f3ffff1907000076fdffff23c49c590000
[  18.069]       <<< RX chan1 36B: 80000020830d00000000000121f3ffff1907000075fdffff0d000000000223c8...
[  18.085]       <<< RX chan1 30B: 8000001a830d0000000000011ff3ffff1907000075fdffff23cc9c590000
[quic] DATAGRAM 32B: 0320008305109dbb7501000000009dbb75010000000000000000010000000000
[  18.102]       <<< RX chan1 88B: 80000054831b0400000004e65fc82b040e6fcb3e04adab524b0474e76e690d00...
[  18.118]       <<< RX chan1 41B: 800000258323d09c59000d0000000000011cf3ffff1907000074fdffff0d0000...
[  18.135]       <<< RX chan1 48B: 8000002c830701b18254005b14000701b18254005614010d0000000000011af3...
[  18.152]       <<< RX chan1 30B: 8000001a830d00000000000119f3ffff1907000074fdffff23dc9c590000
[  18.167]       <<< RX chan1 30B: 8000001a830d00000000000117f3ffff1907000074fdffff23e09c590000
[  18.185]       <<< RX chan1 30B: 8000001a830d00000000000116f3ffff1907000073fdffff23e49c590000
[  18.202]       <<< RX chan1 30B: 8000001a830d00000000000114f3ffff1907000073fdffff23e89c590000
[  18.219]       <<< RX chan1 79B: 8000004b8307043cd59a575b140007043cd59a575614010d00000000000112f3...
[  18.235]       <<< RX chan1 61B: 80000039831b0400000004db9cc57204f0d1f56f04f713563904af641e1a0d00...
[  18.251]       <<< RX chan1 36B: 80000020830d0000000000010ff3ffff1807000072fdffff0d000000000123f4...
[  18.270]       <<< RX chan1 36B: 80000020830d0000000000010ef3ffff1807000072fdffff0d000000000123f8...
[  18.286]       <<< RX chan1 85B: 800000518307017fbb54005a14000000000000000000000000000000000d0000...
[  18.301]       <<< RX chan1 61B: 80000039830d0000000000010af3ffff1807000071fdffff0d00000000030d00...
[  18.317]       <<< RX chan1 36B: 80000020830d00000000000109f3ffff1807000071fdffff0d00000000012304...
[  18.335]       <<< RX chan1 111B: 8000006b830d00000000000107f3ffff1807000070fdffff0d00000000030d00...
[  18.351]       <<< RX chan1 30B: 8000001a830d00000000000106f3ffff1807000070fdffff230c9d590000
[  18.370]       <<< RX chan1 50B: 8000002e831b010000000183d954001b010000000184d954000d000000000001...
[  18.384]       <<< RX chan1 48B: 8000002c83010464342c17010162d754000d00000000000103f3ffff18070000...
[  18.401]       <<< RX chan1 30B: 8000001a830d00000000000101f3ffff180700006ffdffff23189d590000
[  18.419]       <<< RX chan1 1154B: 800013ab830d000000000001fff2ffff180700006ffdffff0d00000000030d00...
[  18.419]       <<< RX chan1 1154B: 86fe8e5f3d7dd305ffbf235af479c7a653641b1d99fe8e3780264db140364252...
[  18.419]       <<< RX chan1 1154B: 98497fc73b3dad22f55ff75f9b2822ff0fe51644984a3746da0cec55203cd05d...
[  18.419]       <<< RX chan1 1154B: 5f31d802d9a3d6110d69556b7de33b06e36696264a18fd1d53b554d0ac789770...
[  18.419]       <<< RX chan1 423B: aaec0f5acc65b4c20d803a8ac54454fb778295cd2c2148d48ed6f08dc74f97d2...
[  18.419]       <<< RX chan1 11B: 8000000783231c9d590000
[  18.435]       <<< RX chan1 48B: 8000002c83070458c6235b5b1400070458c6235b5614010d000000000001fef2...
[  18.450]       <<< RX chan1 30B: 8000001a830d000000000001fcf2ffff180700006efdffff23249d590000
[  18.467]       <<< RX chan1 30B: 8000001a830d000000000001fbf2ffff180700006efdffff23289d590000
[  18.484]       <<< RX chan1 30B: 8000001a830d000000000001f9f2ffff180700006efdffff232c9d590000
[  18.501]       <<< RX chan1 30B: 8000001a830d000000000001f8f2ffff180700006dfdffff23309d590000
[  18.517]       <<< RX chan1 78B: 8000004a830701b18254005a140000000000000000000000000000000007017f...
[  18.536]       <<< RX chan1 36B: 80000020830d000000000001f4f2ffff180700006dfdffff0d00000000032338...
[  18.551]       <<< RX chan1 36B: 80000020830d000000000001f3f2ffff180700006cfdffff0d0000000002233c...
[  18.569]       <<< RX chan1 78B: 8000004a830701b18254005a140000000000000000000000000000000007017f...
[  18.586]       <<< RX chan1 30B: 8000001a830d000000000001f0f2ffff180700006cfdffff23449d590000
[  18.600]       <<< RX chan1 36B: 80000020830d000000000001eef2ffff180700006bfdffff0d00000000022348...
[quic] DATAGRAM 32B: 032100830510a1bd750100000000a1bd75010000000000000000010000000000
[  18.619]       <<< RX chan1 78B: 8000004a831b0200000004e4ef3966043a5a90660d000000000001ecf2ffff18...
[  18.635]       <<< RX chan1 48B: 8000002c830704211b4e3b5b14000704211b4e3b5614010d000000000001ebf2...
[  18.651]       <<< RX chan1 36B: 80000020830d000000000001e9f2ffff180700006afdffff0d00000000022354...
[  18.667]       <<< RX chan1 30B: 8000001a830d000000000001e8f2ffff180700006afdffff23589d590000
[  18.684]       <<< RX chan1 30B: 8000001a830d000000000001e6f2ffff180700006afdffff235c9d590000
[  18.702]       <<< RX chan1 46B: 8000002a831b0100000004db87255c0d000000000001e5f2ffff170700006afd...
[  18.718]       <<< RX chan1 36B: 80000020830d000000000001e3f2ffff1707000069fdffff0d00000000012364...
[  18.735]       <<< RX chan1 61B: 80000039830d000000000001e1f2ffff1707000069fdffff0d00000000030d00...
[  18.750]       <<< RX chan1 36B: 80000020830d000000000001e0f2ffff1707000069fdffff0d0000000001236c...
[  18.767]       <<< RX chan1 36B: 80000020830d000000000001def2ffff1707000068fdffff0d00000000022370...
[  18.784]       <<< RX chan1 30B: 8000001a830d000000000001ddf2ffff1707000068fdffff23749d590000
[  18.800]       <<< RX chan1 30B: 8000001a830d000000000001dbf2ffff1707000068fdffff23789d590000
[  18.818]       <<< RX chan1 79B: 8000004b830701b28254005b14000701b28254005614010d000000000001d9f2...
[  18.834]       <<< RX chan1 40B: 80000024830d000000000001d8f2ffff1707000067fdffff0d000000000000fd...
[  18.851]       <<< RX chan1 54B: 800000328307046482a0095b140007046482a0095614010d000000000001d6f2...
[  18.868]       <<< RX chan1 54B: 80000032830701b28254005b14000701b28254005614010d000000000001d5f2...
[  18.884]       <<< RX chan1 48B: 8000002c830701b28254005b14000701b28254005614010d000000000001d3f2...
[  18.901]       <<< RX chan1 48B: 8000002c830701b28254005b14000701b28254005614010d000000000001d2f2...
[  18.919]       <<< RX chan1 30B: 8000001a830d000000000001d0f2ffff1707000066fdffff23949d590000
[  18.935]       <<< RX chan1 36B: 80000020830d000000000001cef2ffff1707000065fdffff0d00000000032398...
[  18.953]       <<< RX chan1 30B: 8000001a830d000000000001cdf2ffff1707000065fdffff239c9d590000
[  18.967]       <<< RX chan1 30B: 8000001a830d000000000001cbf2ffff1707000065fdffff23a09d590000
[  18.985]       <<< RX chan1 30B: 8000001a830d000000000001caf2ffff1707000064fdffff23a49d590000
[  19.001]       <<< RX chan1 30B: 8000001a830d000000000001c8f2ffff1707000064fdffff23a89d590000
[  19.017]       <<< RX chan1 85B: 80000051830701b28254005a14000000000000000000000000000000000d0000...
[  19.035]       <<< RX chan1 61B: 80000039830d000000000001c5f2ffff1607000063fdffff0d00000000010d00...
[  19.051]       <<< RX chan1 85B: 80000051830701b28254005a14000000000000000000000000000000000d0000...
[  19.069]       <<< RX chan1 72B: 80000044830701b28254005b14000701b28254005614010701b28254005a1400...
[  19.085]       <<< RX chan1 70B: 80000042830701b28254005a14000000000000000000000000000000001b0100...
[  19.101]       <<< RX chan1 48B: 8000002c830704f1b840565b14000704f1b840565614010d000000000001bff2...
[quic] DATAGRAM 32B: 03220083051095bf75010000000095bf75010000000000000000010000000000
[  19.118]       <<< RX chan1 80B: 8000004c8323c09d59000701b28254005b14000701b28254005614010d000000...
[  19.136]       <<< RX chan1 86B: 80000052831b0400000004e9a46c7e04a53450200465ddfc3e04e6edfb260d00...
[  19.150]       <<< RX chan1 30B: 8000001a830d000000000001baf2ffff1607000061fdffff23cc9d590000
[  19.169]       <<< RX chan1 30B: 8000001a830d000000000001b8f2ffff1607000061fdffff23d09d590000
[  19.186]       <<< RX chan1 125B: 800000798302042b29de1c5a01ff0000000020d1e5d740051324417474726962...
[  19.202]       <<< RX chan1 30B: 8000001a830d000000000001b5f2ffff1607000060fdffff23d89d590000
[  19.218]       <<< RX chan1 48B: 8000002c830701b28254005b14000701b28254005614010d000000000001b4f2...
[  19.235]       <<< RX chan1 78B: 8000004a830701b18254005a14000000000000000000000000000000000701b1...
[  19.254]       <<< RX chan1 61B: 80000039830d000000000001b0f2ffff150700005ffdffff0d00000000030d00...
[  19.269]       <<< RX chan1 84B: 80000050830701b18254005a14000000000000000000000000000000000701b1...
[  19.285]       <<< RX chan1 60B: 80000038830701b28254005a14000000000000000000000000000000000d0000...
[  19.300]       <<< RX chan1 46B: 8000002a831b010000000458c6235b0d000000000001acf2ffff150700005efd...
[  19.319]       <<< RX chan1 54B: 80000032830701b28254005a14000000000000000000000000000000000d0000...
[  19.335]       <<< RX chan1 36B: 80000020830d000000000001a8f2ffff150700005efdffff0d000000000323f8...
[  19.351]       <<< RX chan1 60B: 80000038830701b28254005a14000000000000000000000000000000000d0000...
[  19.369]       <<< RX chan1 30B: 8000001a830d000000000001a5f2ffff150700005dfdffff23009e590000
[  19.384]       <<< RX chan1 30B: 8000001a830d000000000001a4f2ffff150700005dfdffff23049e590000
[  19.401]       <<< RX chan1 36B: 80000020830d000000000001a2f2ffff150700005cfdffff0d00000000022308...
[  19.418]       <<< RX chan1 30B: 8000001a830d000000000001a1f2ffff150700005cfdffff230c9e590000
[  19.433]       <<< RX chan1 30B: 8000001a830d0000000000019ff2ffff150700005cfdffff23109e590000
[  19.450]       <<< RX chan1 84B: 80000050830701b18254005a14000000000000000000000000000000000701b1...
[  19.467]       <<< RX chan1 66B: 8000003e831b0500000004cccc677f044e58361f04654f1c09046482a0090477...
[  19.485]       <<< RX chan1 36B: 80000020830d0000000000019af2ffff140700005bfdffff0d0000000001231c...
[  19.501]       <<< RX chan1 40B: 80000024831b0100000004211b4e3b0d00000000000199f2ffff140700005bfd...
[  19.518]       <<< RX chan1 61B: 80000039831b0400000004d2e67b490445681307045f34904d04345fdd650d00...
[  19.534]       <<< RX chan1 54B: 80000032830701b18254005b14000701b18254005614010d00000000000195f2...
[  19.552]       <<< RX chan1 54B: 80000032830701b18254005a14000000000000000000000000000000000d0000...
[  19.568]       <<< RX chan1 61B: 80000039830d00000000000192f2ffff1407000059fdffff0d00000000030d00...
[  19.586]       <<< RX chan1 30B: 8000001a830d00000000000191f2ffff1407000059fdffff23349e590000
[  19.602]       <<< RX chan1 30B: 8000001a830d0000000000018ff2ffff1407000059fdffff23389e590000
[  19.618]       <<< RX chan1 36B: 80000020830d0000000000018ef2ffff1407000058fdffff0d0000000002233c...
[quic] DATAGRAM 32B: 03230083051099c175010000000099c175010000000000000000010000000000
[  19.634]       <<< RX chan1 57B: 80000035830d0000000000018cf2ffff1407000058fdffff051099c175010000...
[  19.650]       <<< RX chan1 61B: 80000039830d0000000000018af2ffff1307000058fdffff0d00000000030d00...
[  19.667]       <<< RX chan1 36B: 80000020830d00000000000189f2ffff1307000058fdffff0d00000000012348...
[  19.684]       <<< RX chan1 30B: 8000001a830d00000000000187f2ffff1307000057fdffff234c9e590000
[  19.702]       <<< RX chan1 30B: 8000001a830d00000000000186f2ffff1307000057fdffff23509e590000
[  19.718]       <<< RX chan1 30B: 8000001a830d00000000000184f2ffff1307000057fdffff23549e590000
[  19.734]       <<< RX chan1 55B: 80000033831b0400000004b65d8634049eeef70804499b223304f77108570d00...
[  19.751]       <<< RX chan1 30B: 8000001a830d00000000000181f2ffff1307000056fdffff235c9e590000
[  19.768]       <<< RX chan1 36B: 80000020830d0000000000017ff2ffff1307000056fdffff0d00000000032360...
[  19.785]       <<< RX chan1 36B: 80000020830d0000000000017ef2ffff1307000055fdffff0d00000000022364...
[  19.804]       <<< RX chan1 55B: 80000033831b040000000409cb285104878c256c04a9d106450410863e340d00...
[  19.818]       <<< RX chan1 36B: 80000020830d0000000000017bf2ffff1207000055fdffff0d0000000001236c...
[  19.835]       <<< RX chan1 61B: 80000039830d00000000000179f2ffff1207000054fdffff0d00000000010d00...
[  19.852]       <<< RX chan1 36B: 80000020830d00000000000177f2ffff1207000054fdffff0d00000000032374...
[  19.868]       <<< RX chan1 30B: 8000001a830d00000000000176f2ffff1207000054fdffff23789e590000
[  19.884]       <<< RX chan1 36B: 80000020830d00000000000174f2ffff1207000053fdffff0d0000000002237c...
[  19.901]       <<< RX chan1 70B: 80000042831b0100000001c7da54001b0500000004df7e88050460c031040449...
[  19.919]       <<< RX chan1 30B: 8000001a830d00000000000171f2ffff1207000053fdffff23849e590000
[  19.935]       <<< RX chan1 30B: 8000001a830d00000000000170f2ffff1207000053fdffff23889e590000
[  19.952]       <<< RX chan1 30B: 8000001a830d0000000000016ef2ffff1207000052fdffff238c9e590000
[  19.971]       <<< RX chan1 61B: 80000039830d0000000000016cf2ffff1107000052fdffff0d00000000030d00...
[  19.990]       <<< RX chan1 36B: 80000020830d0000000000016bf2ffff1107000052fdffff0d00000000012394...
[  20.016]       <<< RX chan1 30B: 8000001a830d00000000000168f2ffff1107000051fdffff239c9e590000
[  20.018]       <<< RX chan1 11B: 8000000783239c9e590000
[  20.037]       <<< RX chan1 30B: 8000001a830d00000000000166f2ffff1107000051fdffff23a09e590000
[  20.053]       <<< RX chan1 61B: 80000039830d00000000000164f2ffff1107000050fdffff0d00000000030d00...
[  20.069]       <<< RX chan1 30B: 8000001a830d00000000000163f2ffff1107000050fdffff23a89e590000
[  20.085]       <<< RX chan1 36B: 80000020830d00000000000161f2ffff1107000050fdffff0d000000000323ac...
[  20.103]       <<< RX chan1 36B: 80000020830d00000000000160f2ffff110700004ffdffff0d000000000223b0...
[  20.119]       <<< RX chan1 41B: 800000258323b09e59000d0000000000015ef2ffff100700004ffdffff0d0000...
[quic] DATAGRAM 32B: 0324008305108ec37501000000008ec375010000000000000000010000000000
[  20.136]       <<< RX chan1 63B: 8000003b830d0000000000015df2ffff100700004ffdffff0d00000000010510...
[  20.153]       <<< RX chan1 36B: 80000020830d0000000000015bf2ffff100700004efdffff0d000000000223bc...
[  20.169]       <<< RX chan1 36B: 80000020830d00000000000159f2ffff100700004efdffff0d000000000323c0...
[  20.185]       <<< RX chan1 30B: 8000001a830d00000000000158f2ffff100700004efdffff23c49e590000
[  20.201]       <<< RX chan1 30B: 8000001a830d00000000000156f2ffff100700004efdffff23c89e590000
[  20.219]       <<< RX chan1 30B: 8000001a830d00000000000155f2ffff100700004dfdffff23cc9e590000
[  20.236]       <<< RX chan1 30B: 8000001a830d00000000000153f2ffff100700004dfdffff23d09e590000
[  20.254]       <<< RX chan1 36B: 80000020830d00000000000152f2ffff0f0700004dfdffff0d000000000123d4...
[  20.269]       <<< RX chan1 46B: 8000002a831b010000000115db54000d00000000000150f2ffff0f0700004cfd...
[  20.286]       <<< RX chan1 36B: 80000020830d0000000000014ef2ffff0f0700004cfdffff0d000000000323dc...
[  20.303]       <<< RX chan1 30B: 8000001a830d0000000000014df2ffff0f0700004cfdffff23e09e590000
[  20.319]       <<< RX chan1 36B: 80000020830d0000000000014bf2ffff0f0700004bfdffff0d000000000223e4...
[  20.336]       <<< RX chan1 30B: 8000001a830d0000000000014af2ffff0f0700004bfdffff23e89e590000
[  20.352]       <<< RX chan1 30B: 8000001a830d00000000000148f2ffff0f0700004bfdffff23ec9e590000
[  20.370]       <<< RX chan1 61B: 80000039830d00000000000146f2ffff0f0700004afdffff0d00000000030d00...
[  20.387]       <<< RX chan1 36B: 80000020830d00000000000145f2ffff0e0700004afdffff0d000000000123f4...
[  20.403]       <<< RX chan1 30B: 8000001a830d00000000000143f2ffff0e0700004afdffff23f89e590000
[  20.419]       <<< RX chan1 36B: 80000020830d00000000000142f2ffff0e07000049fdffff0d000000000223fc...
[  20.437]       <<< RX chan1 30B: 8000001a830d00000000000140f2ffff0e07000049fdffff23009f590000
[  20.453]       <<< RX chan1 30B: 8000001a830d0000000000013ff2ffff0e07000049fdffff23049f590000
[  20.471]       <<< RX chan1 259B: 800000ff831b020000000130d254000131d254000301abbe5400a1270101aabe...
[  20.488]       <<< RX chan1 54B: 800000328307045a50e5475b140007045a50e5475614010d0000000000013bf2...
[  20.503]       <<< RX chan1 36B: 80000020830d0000000000013af2ffff0d07000048fdffff0d00000000012310...
[  20.519]       <<< RX chan1 36B: 80000020830d00000000000138f2ffff0d07000048fdffff0d00000000012314...
[  20.534]       <<< RX chan1 36B: 80000020830d00000000000137f2ffff0d07000047fdffff0d00000000022318...
[  20.552]       <<< RX chan1 30B: 8000001a830d00000000000135f2ffff0d07000047fdffff231c9f590000
[  20.568]       <<< RX chan1 36B: 80000020830d00000000000133f2ffff0d07000047fdffff0d00000000032320...
[  20.586]       <<< RX chan1 36B: 80000020830d00000000000132f2ffff0d07000046fdffff0d00000000022324...
[  20.601]       <<< RX chan1 46B: 8000002a831b010000000155db54000d00000000000130f2ffff0d07000046fd...
[  20.618]       <<< RX chan1 36B: 80000020830d0000000000012ff2ffff0c07000046fdffff0d0000000001232c...
[quic] DATAGRAM 32B: 03250083051082c575010000000082c575010000000000000000010000000000
[  20.636]       <<< RX chan1 88B: 80000054830d0000000000012df2ffff0c07000045fdffff0d00000000010d00...
[  20.653]       <<< RX chan1 30B: 8000001a830d0000000000012cf2ffff0c07000045fdffff23349f590000
[  20.670]       <<< RX chan1 30B: 8000001a830d0000000000012af2ffff0c07000045fdffff23389f590000
[  20.686]       <<< RX chan1 36B: 80000020830d00000000000128f2ffff0c07000045fdffff0d0000000003233c...
[  20.710]       <<< RX chan1 30B: 8000001a830d00000000000125f2ffff0c07000044fdffff23449f590000
[  20.719]       <<< RX chan1 11B: 800000078323449f590000
[  20.737]       <<< RX chan1 36B: 80000020830d00000000000124f2ffff0b07000044fdffff0d00000000012348...
[  20.752]       <<< RX chan1 30B: 8000001a830d00000000000122f2ffff0b07000043fdffff234c9f590000
[  20.769]       <<< RX chan1 36B: 80000020830d00000000000120f2ffff0b07000043fdffff0d00000000032350...
[  20.785]       <<< RX chan1 30B: 8000001a830d0000000000011ff2ffff0b07000043fdffff23549f590000
[  20.804]       <<< RX chan1 61B: 80000039830d0000000000011df2ffff0b07000042fdffff0d00000000030d00...
[  20.826]       <<< RX chan1 30B: 8000001a830d0000000000011af2ffff0b07000042fdffff23609f590000
[  20.839]       <<< RX chan1 61B: 80000039830d00000000000119f2ffff0a07000041fdffff0d00000000010d00...
[  20.852]       <<< RX chan1 11B: 800000078323649f590000
[  20.871]       <<< RX chan1 30B: 8000001a830d00000000000117f2ffff0a07000041fdffff23689f590000
[  20.887]       <<< RX chan1 36B: 80000020830d00000000000115f2ffff0a07000041fdffff0d0000000003236c...
[  20.910]       <<< RX chan1 40B: 80000024831b010000000198db54000d00000000000112f2ffff0a07000040fd...
[  20.917]       <<< RX chan1 11B: 800000078323749f590000
[  20.937]       <<< RX chan1 30B: 8000001a830d00000000000111f2ffff0a07000040fdffff23789f590000
[  20.952]       <<< RX chan1 36B: 80000020830d0000000000010ff2ffff0907000040fdffff0d0000000001237c...
[  20.968]       <<< RX chan1 30B: 8000001a830d0000000000010ef2ffff090700003ffdffff23809f590000
[  20.986]       <<< RX chan1 30B: 8000001a830d0000000000010cf2ffff090700003ffdffff23849f590000
[  21.003]       <<< RX chan1 36B: 80000020830d0000000000010af2ffff090700003ffdffff0d00000000032388...
[  21.019]       <<< RX chan1 30B: 8000001a830d00000000000109f2ffff090700003efdffff238c9f590000
[  21.036]       <<< RX chan1 30B: 8000001a830d00000000000107f2ffff090700003efdffff23909f590000
[  21.059]       <<< RX chan1 36B: 80000020830d00000000000104f2ffff080700003dfdffff0d00000000022398...
[  21.067]       <<< RX chan1 11B: 800000078323989f590000
[  21.087]       <<< RX chan1 36B: 80000020830d00000000000102f2ffff080700003dfdffff0d0000000003239c...
[  21.105]       <<< RX chan1 30B: 8000001a830d00000000000101f2ffff080700003dfdffff23a09f590000
[  21.122]       <<< RX chan1 56B: 800000348323a09f59001b0200000004e3214159044d215b550d000000000001...
[quic] DATAGRAM 32B: 03260083051077c775010000000077c775010000000000000000010000000000
[  21.137]       <<< RX chan1 57B: 80000035830d000000000001fef1ffff080700003cfdffff051077c775010000...
[  21.154]       <<< RX chan1 36B: 80000020830d000000000001fcf1ffff070700003cfdffff0d000000000123ac...
[  21.170]       <<< RX chan1 46B: 8000002a831b0100000001d2db54000d000000000001fbf1ffff070700003bfd...
[  21.185]       <<< RX chan1 30B: 8000001a830d000000000001f9f1ffff070700003bfdffff23b49f590000
[  21.203]       <<< RX chan1 36B: 80000020830d000000000001f7f1ffff070700003bfdffff0d000000000323b8...
[  21.219]       <<< RX chan1 30B: 8000001a830d000000000001f6f1ffff070700003bfdffff23bc9f590000
[  21.237]       <<< RX chan1 30B: 8000001a830d000000000001f4f1ffff070700003afdffff23c09f590000
[  21.252]       <<< RX chan1 36B: 80000020830d000000000001f3f1ffff060700003afdffff0d000000000123c4...
[  21.269]       <<< RX chan1 30B: 8000001a830d000000000001f1f1ffff060700003afdffff23c89f590000
[  21.286]       <<< RX chan1 61B: 80000039830d000000000001eff1ffff0607000039fdffff0d00000000030d00...
[  21.303]       <<< RX chan1 30B: 8000001a830d000000000001eef1ffff0607000039fdffff23d09f590000
[  21.319]       <<< RX chan1 36B: 80000020830d000000000001ecf1ffff0607000039fdffff0d000000000323d4...
[  21.335]       <<< RX chan1 61B: 80000039830d000000000001ebf1ffff0507000038fdffff0d00000000010d00...
[  21.352]       <<< RX chan1 30B: 8000001a830d000000000001e9f1ffff0507000038fdffff23dc9f590000
[  21.368]       <<< RX chan1 30B: 8000001a830d000000000001e8f1ffff0507000038fdffff23e09f590000
[  21.388]       <<< RX chan1 36B: 80000020830d000000000001e6f1ffff0507000037fdffff0d000000000223e4...
[  21.403]       <<< RX chan1 80B: 8000004c830204666dbb635a01ff00000000005fe6d740051224417474726962...
[  21.420]       <<< RX chan1 40B: 80000024831b010000000103dc54000d000000000001e3f1ffff0507000037fd...
[  21.436]       <<< RX chan1 36B: 80000020830d000000000001e1f1ffff0407000037fdffff0d000000000123f0...
[  21.452]       <<< RX chan1 30B: 8000001a830d000000000001e0f1ffff0407000036fdffff23f49f590000
[  21.468]       <<< RX chan1 30B: 8000001a830d000000000001def1ffff0407000036fdffff23f89f590000
[  21.486]       <<< RX chan1 30B: 8000001a830d000000000001ddf1ffff0407000036fdffff23fc9f590000
[  21.503]       <<< RX chan1 30B: 8000001a830d000000000001dbf1ffff0407000035fdffff2300a0590000
[  21.521]       <<< RX chan1 61B: 80000039830d000000000001d9f1ffff0307000035fdffff0d00000000030d00...
[  21.536]       <<< RX chan1 30B: 8000001a830d000000000001d8f1ffff0307000035fdffff2308a0590000
[  21.553]       <<< RX chan1 36B: 80000020830d000000000001d6f1ffff0307000034fdffff0d0000000002230c...
[  21.569]       <<< RX chan1 30B: 8000001a830d000000000001d5f1ffff0307000034fdffff2310a0590000
[  21.585]       <<< RX chan1 30B: 8000001a830d000000000001d3f1ffff0307000034fdffff2314a0590000
[  21.602]       <<< RX chan1 111B: 8000006b830d000000000001d1f1ffff0207000033fdffff0d00000000030d00...
[  21.620]       <<< RX chan1 30B: 8000001a830d000000000001d0f1ffff0207000033fdffff231ca0590000
[  21.636]       <<< RX chan1 40B: 80000024831b01000000012edc54000d000000000001cef1ffff0207000033fd...
[quic] DATAGRAM 32B: 0327008305107bc97501000000007bc975010000000000000000010000000000
[  21.653]       <<< RX chan1 63B: 8000003b830d000000000001cdf1ffff0207000032fdffff0d00000000020510...
[  21.669]       <<< RX chan1 30B: 8000001a830d000000000001cbf1ffff0207000032fdffff2328a0590000
[  21.686]       <<< RX chan1 36B: 80000020830d000000000001caf1ffff0107000032fdffff0d0000000001232c...
[  21.703]       <<< RX chan1 30B: 8000001a830d000000000001c8f1ffff0107000032fdffff2330a0590000
[  21.722]       <<< RX chan1 36B: 80000020830d000000000001c6f1ffff0107000031fdffff0d00000000032334...
[  21.739]       <<< RX chan1 30B: 8000001a830d000000000001c5f1ffff0107000031fdffff2338a0590000
[  21.754]       <<< RX chan1 30B: 8000001a830d000000000001c3f1ffff0107000031fdffff233ca0590000
[  21.768]       <<< RX chan1 36B: 80000020830d000000000001c2f1ffff0007000030fdffff0d00000000012340...
[  21.786]       <<< RX chan1 30B: 8000001a830d000000000001c0f1ffff0007000030fdffff2344a0590000
[  21.802]       <<< RX chan1 302B: 8000012a8302044bb382402b00ff00c0df9a4200b42b40e064a242020615526f...
[  21.819]       <<< RX chan1 36B: 80000020830d000000000001bdf1ffff000700002ffdffff0d0000000002234c...
[  21.837]       <<< RX chan1 46B: 8000002a831b010000000157dc54000d000000000001bbf1ffff000700002ffd...
[  21.853]       <<< RX chan1 36B: 80000020830d000000000001baf1ffffff0600002ffdffff0d00000000012354...
[  21.870]       <<< RX chan1 36B: 80000020830d000000000001b8f1ffffff0600002efdffff0d00000000022358...
[  21.887]       <<< RX chan1 30B: 8000001a830d000000000001b7f1ffffff0600002efdffff235ca0590000
[  21.902]       <<< RX chan1 30B: 8000001a830d000000000001b5f1ffffff0600002efdffff2360a0590000
[  21.922]       <<< RX chan1 61B: 80000039830d000000000001b3f1ffffff0600002dfdffff0d00000000030d00...
[  21.937]       <<< RX chan1 36B: 80000020830d000000000001b2f1fffffe0600002dfdffff0d00000000012368...
[  21.955]       <<< RX chan1 30B: 8000001a830d000000000001b0f1fffffe0600002dfdffff236ca0590000
[  21.969]       <<< RX chan1 30B: 8000001a830d000000000001aff1fffffe0600002dfdffff2370a0590000
[  21.985]       <<< RX chan1 30B: 8000001a830d000000000001adf1fffffe0600002cfdffff2374a0590000
[  22.003]       <<< RX chan1 36B: 80000020830d000000000001abf1fffffe0600002cfdffff0d00000000032378...
[  22.020]       <<< RX chan1 46B: 8000002a831b01000000017fdc54000d000000000001aaf1fffffd0600002cfd...
[  22.036]       <<< RX chan1 61B: 80000039830d000000000001a8f1fffffd0600002bfdffff0d00000000030d00...
[  22.052]       <<< RX chan1 30B: 8000001a830d000000000001a7f1fffffd0600002bfdffff2384a0590000
[  22.070]       <<< RX chan1 30B: 8000001a830d000000000001a5f1fffffd0600002bfdffff2388a0590000
[  22.087]       <<< RX chan1 61B: 80000039830d000000000001a4f1fffffc0600002afdffff0d00000000010d00...
[  22.102]       <<< RX chan1 30B: 8000001a830d000000000001a2f1fffffc0600002afdffff2390a0590000
[  22.120]       <<< RX chan1 41B: 80000025832390a059000d000000000001a0f1fffffc0600002afdffff0d0000...
[  22.136]       <<< RX chan1 36B: 80000020830d0000000000019ff1fffffc06000029fdffff0d00000000022398...
[  22.153]       <<< RX chan1 30B: 8000001a830d0000000000019df1fffffc06000029fdffff239ca0590000
[quic] DATAGRAM 32B: 0328008305107fcb7501000000007fcb75010000000000000000010000000000
[  22.169]       <<< RX chan1 63B: 8000003b830d0000000000019cf1fffffb06000029fdffff0d00000000010510...
[  22.185]       <<< RX chan1 46B: 8000002a831b0100000001a4dc54000d0000000000019af1fffffb06000028fd...
[  22.201]       <<< RX chan1 30B: 8000001a830d00000000000199f1fffffb06000028fdffff23a8a0590000
[  22.218]       <<< RX chan1 30B: 8000001a830d00000000000197f1fffffb06000028fdffff23aca0590000
[  22.234]       <<< RX chan1 71B: 80000043831b010000000445f768210d00000000000195f1fffffa06000028fd...
[  22.252]       <<< RX chan1 30B: 8000001a830d00000000000194f1fffffa06000027fdffff23b4a0590000
[  22.270]       <<< RX chan1 48B: 8000002c830701b28254005b14000701b28254005614010d00000000000192f1...
[  22.287]       <<< RX chan1 30B: 8000001a830d00000000000191f1fffffa06000027fdffff23bca0590000
[  22.302]       <<< RX chan1 36B: 80000020830d0000000000018ff1fffffa06000026fdffff0d000000000223c0...
[  22.319]       <<< RX chan1 36B: 80000020830d0000000000018df1fffff906000026fdffff0d000000000323c4...
[  22.336]       <<< RX chan1 58B: 80000036830701b28254005b14000701b28254005614011b0100000001c1dc54...
[  22.356]       <<< RX chan1 54B: 80000032830701b28254005b14000701b28254005614010d0000000000018af1...
[  22.370]       <<< RX chan1 30B: 8000001a830d00000000000189f1fffff906000025fdffff23d0a0590000
[  22.385]       <<< RX chan1 54B: 80000032830701b28254005b14000701b28254005614010d00000000000187f1...
[  22.403]       <<< RX chan1 124B: 80000078830701b28254005b14000701b282540056140102010bdd5400cb00ff...
[  22.422]       <<< RX chan1 30B: 8000001a830d00000000000184f1fffff806000024fdffff23dca0590000
[  22.437]       <<< RX chan1 36B: 80000020830d00000000000182f1fffff806000024fdffff0d000000000323e0...
[  22.454]       <<< RX chan1 36B: 80000020830d00000000000181f1fffff706000024fdffff0d000000000123e4...
[  22.471]       <<< RX chan1 40B: 80000024831b0100000001dbdc54000d0000000000017ff1fffff706000023fd...
[  22.486]       <<< RX chan1 30B: 8000001a830d0000000000017ef1fffff706000023fdffff23eca0590000
[  22.504]       <<< RX chan1 30B: 8000001a830d0000000000017cf1fffff706000023fdffff23f0a0590000
[  22.521]       <<< RX chan1 61B: 80000039830d0000000000017af1fffff606000022fdffff0d00000000030d00...
[  22.536]       <<< RX chan1 474B: 800001d6830d00000000000001fe010d00000000000179f1fffff606000022fd...
[  22.553]       <<< RX chan1 54B: 80000032830701b28254005b14000701b28254005614010d00000000000177f1...
[  22.570]       <<< RX chan1 54B: 80000032830701b28254005b14000701b28254005614010d00000000000176f1...
[  22.585]       <<< RX chan1 56B: 80000034831b0100000001f2dc54001b010000000448c4c9000d000000000001...
[  22.602]       <<< RX chan1 167B: 800000a3830d000000000000fe01000d00000000020d00000000000173f1ffff...
[  22.621]       <<< RX chan1 36B: 80000020830d00000000000171f1fffff506000020fdffff0d0000000002230c...
[  22.637]       <<< RX chan1 46B: 8000002a830d0000000000016ff1fffff506000020fdffff0d00000000030d00...
[  22.653]       <<< RX chan1 36B: 80000020830d0000000000016ef1fffff406000020fdffff0d00000000012314...
[quic] DATAGRAM 32B: 03290083051074cd75010000000074cd75010000000000000000010000000000
[  22.669]       <<< RX chan1 63B: 8000003b830d0000000000016cf1fffff40600001ffdffff0d00000000020510...
[  22.686]       <<< RX chan1 30B: 8000001a830d0000000000016bf1fffff40600001ffdffff231ca1590000
[  22.703]       <<< RX chan1 50B: 8000002e831b010000000109dd54000d00000000000169f1fffff40600001ffd...
[  22.720]       <<< RX chan1 36B: 80000020830d00000000000168f1fffff30600001ffdffff0d00000000012324...
[  22.738]       <<< RX chan1 182B: 800000b2830701b28254005a14000000000000000000000000000000000d0000...
[  22.753]       <<< RX chan1 46B: 8000002a830d00000000000164f1fffff30600001efdffff0d00000000030d00...
[  22.770]       <<< RX chan1 40B: 80000024830d00000000000163f1fffff30600001efdffff0d00000000000005...
[  22.787]       <<< RX chan1 36B: 80000020830d00000000000161f1fffff20600001dfdffff0d00000000012334...
[  22.802]       <<< RX chan1 30B: 8000001a830d00000000000160f1fffff20600001dfdffff2338a1590000
[  22.819]       <<< RX chan1 40B: 80000024830d0000000000015ef1fffff20600001dfdffff0d00000000000006...
[  22.837]       <<< RX chan1 71B: 80000043830d000000000000fd01010d0000000000015cf1fffff20600001cfd...
[  22.854]       <<< RX chan1 46B: 8000002a830d0000000000015bf1fffff10600001cfdffff0d00000000010d00...
[  22.870]       <<< RX chan1 74B: 80000046830701b28254005a14000000000000000000000000000000000d0000...
[  22.886]       <<< RX chan1 36B: 80000020830d00000000000158f1fffff10600001bfdffff0d0000000002234c...
[  22.902]       <<< RX chan1 64B: 8000003c830701b28254005a14000000000000000000000000000000000d0000...
[  22.920]       <<< RX chan1 46B: 8000002a830d00000000000155f1fffff00600001bfdffff0d00000000010d00...
[  22.937]       <<< RX chan1 46B: 8000002a830d00000000000153f1fffff00600001afdffff0d00000000020d00...
[  22.952]       <<< RX chan1 52B: 80000030830d00000000000151f1fffff00600001afdffff0d00000000030d00...
[  22.970]       <<< RX chan1 58B: 80000036830701b18254005b14000701b18254005614010d000000000000fd02...
[  22.986]       <<< RX chan1 46B: 8000002a830d0000000000014ef1ffffef0600001afdffff0d00000000010d00...
[  23.003]       <<< RX chan1 30B: 8000001a830d0000000000014df1ffffef06000019fdffff2368a1590000
[  23.020]       <<< RX chan1 30B: 8000001a830d0000000000014bf1ffffef06000019fdffff236ca1590000
[  23.036]       <<< RX chan1 46B: 8000002a830d00000000000149f1ffffef06000019fdffff0d00000000030d00...
[  23.053]       <<< RX chan1 64B: 8000003c830701b18254005b14000701b18254005614010d00000000000148f1...
[  23.071]       <<< RX chan1 64B: 8000003c830701b18254005b14000701b18254005614010d000000000000fd01...
[  23.087]       <<< RX chan1 40B: 80000024830d00000000000145f1ffffee06000018fdffff0d0000000000000b...
[  23.104]       <<< RX chan1 182B: 800000b2830d00000000000143f1ffffed06000017fdffff0d00000000010d00...
[  23.120]       <<< RX chan1 53B: 80000031832380a159000701b18254005b14000701b18254005614010d000000...
[  23.136]       <<< RX chan1 40B: 80000024830d00000000000001fc010d00000000000140f1ffffed06000017fd...
[  23.153]       <<< RX chan1 71B: 80000043830d0000000000013ef1ffffed06000016fdffff0d00000000030d00...
[  23.169]       <<< RX chan1 36B: 80000020830d0000000000013df1ffffec06000016fdffff0d00000000012390...
[quic] DATAGRAM 32B: 032a0083051078cf75010000000078cf75010000000000000000010000000000
[  23.186]       <<< RX chan1 57B: 80000035830d0000000000013bf1ffffec06000016fdffff051078cf75010000...
[  23.203]       <<< RX chan1 56B: 80000034830d0000000000013af1ffffec06000016fdffff0d0000000000000d...
[  23.220]       <<< RX chan1 30B: 8000001a830d00000000000138f1ffffec06000015fdffff239ca1590000
[  23.237]       <<< RX chan1 46B: 8000002a830d00000000000136f1ffffeb06000015fdffff0d00000000030d00...
[  23.253]       <<< RX chan1 66B: 8000003e830701b18254005b14000701b18254005614010701b18254005b1400...
[  23.269]       <<< RX chan1 46B: 8000002a830d00000000000133f1ffffeb06000014fdffff0d00000000030d00...
[  23.286]       <<< RX chan1 36B: 80000020830d00000000000132f1ffffea06000014fdffff0d000000000123ac...
[  23.305]       <<< RX chan1 40B: 80000024830d000000000000fd01030d00000000000130f1ffffea06000014fd...
[  23.321]       <<< RX chan1 46B: 8000002a830d0000000000012ff1ffffea06000013fdffff0d00000000020d00...
[  23.336]       <<< RX chan1 40B: 80000024830d0000000000012df1ffffea06000013fdffff0d0000000000000f...
[  23.353]       <<< RX chan1 46B: 8000002a830d00000000000001fb010d0000000000012bf1ffffe906000013fd...
[  23.370]       <<< RX chan1 46B: 8000002a830d0000000000012af1ffffe906000012fdffff0d00000000020d00...
[  23.386]       <<< RX chan1 40B: 80000024830d000000000000fc02010d00000000000128f1ffffe906000012fd...
[  23.402]       <<< RX chan1 36B: 80000020830d00000000000127f1ffffe806000012fdffff0d000000000123c8...
[  23.421]       <<< RX chan1 36B: 80000020830d00000000000125f1ffffe806000011fdffff0d000000000223cc...
[  23.435]       <<< RX chan1 40B: 80000024830d00000000000124f1ffffe806000011fdffff0d00000000000011...
[  23.454]       <<< RX chan1 30B: 8000001a830d00000000000122f1ffffe806000011fdffff23d4a1590000
[  23.470]       <<< RX chan1 36B: 80000020830d00000000000120f1ffffe706000011fdffff0d000000000323d8...
[  23.486]       <<< RX chan1 40B: 80000024830d0000000000011ff1ffffe706000010fdffff0d00000000000012...
[  23.503]       <<< RX chan1 40B: 80000024831b01000000049370514f0d0000000000011df1ffffe706000010fd...
[  23.519]       <<< RX chan1 58B: 80000036830d0000000000011cf1ffffe606000010fdffff0d00000000010d00...
[  23.540]       <<< RX chan1 323B: 8000013f831b02000000016cd95400016dd95400030175bb5400a127010168bb...
[  23.554]       <<< RX chan1 46B: 8000002a831b0100000001bbdd54000d00000000000118f1ffffe60600000ffd...
[  23.570]       <<< RX chan1 1154B: 8000bd35830d000000000000fd01fe0d00000000020d000000000000fc02020d...
[  23.570]       <<< RX chan1 1154B: e4915cf27c2023707e651f6a9fb1d67e0cd7a3f8e7316a9bc608cd7fc591d836...
[  23.570]       <<< RX chan1 1154B: 8304b72fa626279d9d181893971393959797debb8b4befbd858585bc42564941...
[  23.570]       <<< RX chan1 1154B: 5d39cd6afb93d0fbcb6f241d49140192dff8d5e8bd77ef01e92cc719d2c93603...
[  23.571]       <<< RX chan1 1154B: 5bf3ec8c7c5296257737fcb3ef8069781de49e38250a4c1de4eed62c27fe1bc9...
[  23.571]       <<< RX chan1 1154B: a4985ed268cbda0348106943dea5b675163bc3d8288ac0863d56af6d44adcb61...
[  23.571]       <<< RX chan1 1154B: 565fa1690c66b938f096e54aab55b6d2742277379c86cff058c37e11c18b45a9...
[  23.571]       <<< RX chan1 1154B: 2b27ed48595bd2c290762f19a5ad44f5378c7db63914166453c2e5c7a822f544...
[  23.572]       <<< RX chan1 1154B: 608d34c7b95bfd45c047713c5bcc1c07c1d01fdc51174fd02995e3e0a6f887b2...
[  23.572]       <<< RX chan1 1154B: 54c4b2a24244943234347416aaaa323313130b0a3af13129f7f4e8a069626258...
[  23.572]       <<< RX chan1 1154B: 7a0e5ab1b959c5f49b92f8f5192ca87317a0037fd5c0018f141998c7e8e0f16b...
[  23.572]       <<< RX chan1 1154B: 1dfc7940ec8f3c3ec9d164991ee580d499071b3591f3471e9f7c5211ddebd91e...
[  23.573]       <<< RX chan1 1154B: 3a3940681f1b1b1b1d9b9bf40c1a2d1373d3c25213a30283e333b4d3736336c3...
[  23.573]       <<< RX chan1 1154B: 885e60e35456797482b01c67a887c75a41c2cfec50cd6ff214fddbed023b704f...
[  23.573]       <<< RX chan1 1154B: 28a73f4ecaff268625fedde0a5ddc910e43778c6febd60cd0ecc3099e38869fa...
[  23.573]       <<< RX chan1 1154B: 50f31b1940fcbb006a3ccc2e449ea38383cf4b40222e4084698e1e62f447a02d...
[  23.574]       <<< RX chan1 1154B: b0aba93b4242c2eb4388940e0ecc86fcdd3105c4c6953d30e8a9d62480b1c3a4...
[  23.574]       <<< RX chan1 1154B: 6a8021a8389d61212b77057686051b84d42255448fd388c8682b6676a71da537...
[  23.574]       <<< RX chan1 1154B: 4894130cb01a49e45dc4b28f4636d648205b5b120732d6649d1e0a892ae87082...
[  23.575]       <<< RX chan1 1154B: a785ad4c53851a5d638c0bca5770a75c724ba8765cde8f77c6179f1061af510d...
[  23.575]       <<< RX chan1 1154B: 27604fdc592b149000280968515987494e98b844cb5d445092e135433607d21f...
[  23.575]       <<< RX chan1 1154B: 8c2d1393447a20c9f241a592361542c70bce103213f2622898a518b5f0230803...
[  23.575]       <<< RX chan1 1154B: 043234b9bee4f9f0ff47ce1f48010c8459cf6976cbbe208a187fc761506ebe4d...
[  23.576]       <<< RX chan1 1154B: 678afd4b6251ff5b97f87f020b7fe110401f93c5e4f7cc61e00b0f3ffdcf27a4...
[  23.576]       <<< RX chan1 1154B: fae750e5e323e3fae2a49e683e32aecf07fd0dc76d689cf08dbec41f7d14cc62...
[  23.577]       <<< RX chan1 1154B: d8fe6c9f3015646dff6c2cb66f41f5910ab2b6ff51a80fdf82eaa3c7a292fc6c...
[  23.577]       <<< RX chan1 1154B: 12570604bc5fd2cf0a64d42157367ce8cc8a6df0822e115311c173c56f1d5b55...
[  23.577]       <<< RX chan1 1154B: 0fde0e812b15964d6a093e9040929ed48d313e9050e900001a0d21611e10c9e8...
[  23.578]       <<< RX chan1 1154B: a73a46c3876340969f790490f6183000b9f2816d95cc92e3636325f12380c7c7...
[  23.578]       <<< RX chan1 1154B: 4162d8b14f8010d45ca3303db207122a91a343659e22c2b4560889b321fa620a...
[  23.578]       <<< RX chan1 1154B: 14a8f0207a2461e77464079ce4cf03b82057541808b46e1eb140986f7640892b...
[  23.578]       <<< RX chan1 1154B: 38000cb7dab26c92492f4f20533a60804dc8d55ea8cd20e8fcf5b5db75b08942...
[  23.579]       <<< RX chan1 1154B: 0c723808db42b5710ac45391016e7c620d087dca9d9e7d362e8448e02245dbd6...
[  23.579]       <<< RX chan1 1154B: 5b9d1eebcddf3f08be6025fea34fe6a14b63a1c324840386e7b2c5f51cfcc368...
[  23.579]       <<< RX chan1 1154B: 5766fc26f72bd2937fe3e7d0842f07d7ee649f704142769966539a07f5c53fc2...
[  23.579]       <<< RX chan1 1154B: 79227cf17e773982079547f4be78213ed4af8447f5a47cd0beeb2f84dd467c76...
[  23.580]       <<< RX chan1 1154B: 87a0155c1d86dcdeef3743a7103dfef56320f30211fa3f3d899fe98667e69bcd...
[  23.580]       <<< RX chan1 1154B: b7537775bbb0a73f4abcd969f3522172763d18db7a43fd0b66e5d4cf4467d6f1...
[  23.580]       <<< RX chan1 1154B: fac60d4aaebf79bbfe3ae8e38bf75d5fc85e00161e1407cbad7961b5c6b12ff3...
[  23.580]       <<< RX chan1 1154B: 32de21b0005867dc1d67ba3f3f6ac75ae6d1e46a88bc8e4ad8e3d7edddcfddc3...
[  23.581]       <<< RX chan1 1154B: 7b3e0b2096e163ecb64367fcbe70e8f3facbbbcb8e6c509ef9f0ad3f8b3fd78f...
[  23.581]       <<< RX chan1 1127B: 474279a3c17f4c732f9e9c87dafcd473d6ab917b195d2a57e7d7939d353d0437...
[  23.581]       <<< RX chan1 11B: 800000078323f0a1590000
[  23.585]       <<< RX chan1 36B: 80000020830d00000000000115f1ffffe50600000efdffff0d000000000223f4...
[  23.602]       <<< RX chan1 40B: 80000024830d00000000000114f1ffffe50600000efdffff0d00000000000014...
[  23.619]       <<< RX chan1 40B: 80000024830d00000000000112f1ffffe50600000efdffff0d00000000000014...
[  23.636]       <<< RX chan1 61B: 80000039830d00000000000111f1ffffe40600000dfdffff0d00000000010d00...
[  23.654]       <<< RX chan1 50B: 8000002e830d0000000000010ff1ffffe40600000dfdffff0d000000000000fb...
[  23.669]       <<< RX chan1 36B: 80000020830d0000000000010df1ffffe40600000dfdffff0d00000000032308...
[quic] DATAGRAM 32B: 032b008305106cd17501000000006cd175010000000000000000010000000000
[  23.686]       <<< RX chan1 88B: 80000054830d0000000000010cf1ffffe30600000cfdffff0d00000000010d00...
[  23.702]       <<< RX chan1 50B: 8000002e830d00000000000001f9010d000000000000fd01040d000000000001...
[  23.720]       <<< RX chan1 46B: 8000002a830d00000000000109f1ffffe30600000cfdffff0d00000000000016...
[  23.737]       <<< RX chan1 30B: 8000001a830d00000000000107f1ffffe30600000cfdffff2318a2590000
[  23.753]       <<< RX chan1 36B: 80000020830d00000000000105f1ffffe20600000bfdffff0d0000000003231c...
[  23.770]       <<< RX chan1 40B: 80000024830d00000000000104f1ffffe20600000bfdffff0d00000000000017...
[  23.786]       <<< RX chan1 36B: 80000020830d00000000000102f1ffffe20600000bfdffff0d00000000032324...
[  23.802]       <<< RX chan1 71B: 80000043830d00000000000101f1ffffe10600000afdffff0d00000000010d00...
[  23.818]       <<< RX chan1 40B: 80000024830d000000000001fff0ffffe10600000afdffff0d00000000000018...
[  23.835]       <<< RX chan1 30B: 8000001a830d000000000001fef0ffffe10600000afdffff2330a2590000
[  23.852]       <<< RX chan1 61B: 80000039830d000000000001fcf0ffffe006000009fdffff0d00000000010d00...
[  23.869]       <<< RX chan1 66B: 8000003e830d00000000000001f8010d000000000000fc01040d000000000001...
[  23.885]       <<< RX chan1 76B: 80000048830d000000000000fb02020d00000000000001f8020d000000000001...
[  23.903]       <<< RX chan1 71B: 80000043830d000000000001f7f0ffffdf06000008fdffff0d00000000010d00...
[  23.920]       <<< RX chan1 40B: 80000024830d000000000000fc00040d000000000001f6f0ffffdf06000008fd...
[  23.937]       <<< RX chan1 324B: 8000014083020440f4cd192b00ff0060b53e4200bb664120055142020615526f...
[  23.952]       <<< RX chan1 30B: 8000001a830d000000000001f3f0ffffdf06000008fdffff234ca2590000
[  23.969]       <<< RX chan1 46B: 8000002a830d000000000000fd02fe0d00000000020d000000000001f1f0ffff...
[  23.987]       <<< RX chan1 42B: 80000026830104f245b0140d000000000001eff0ffffde06000007fdffff0d00...
[  24.003]       <<< RX chan1 46B: 8000002a830d000000000001eef0ffffde06000007fdffff0d0000000000001b...
[  24.019]       <<< RX chan1 30B: 8000001a830d000000000001ecf0ffffdd06000006fdffff235ca2590000
[  24.036]       <<< RX chan1 30B: 8000001a830d000000000001ebf0ffffdd06000006fdffff2360a2590000
[  24.053]       <<< RX chan1 40B: 80000024830d000000000001e9f0ffffdd06000006fdffff0d0000000000001c...
[  24.070]       <<< RX chan1 61B: 80000039830d000000000001e7f0ffffdc06000005fdffff0d00000000030d00...
[  24.089]       <<< RX chan1 287B: 8000011b831b020000000179db5400017adb54000301b5be5400a1270101aabe...
[  24.105]       <<< RX chan1 1154B: 80001551831b020000000166d754000167d75400030167945400a12701015f94...
[  24.105]       <<< RX chan1 1154B: b05433b36954d4941919161bc6dcbeae963c2e751c95d5ff7f8ffb5093858360...
[  24.105]       <<< RX chan1 1154B: b889d0250926a327499643a90b12c311a10628854c92c142fb269302d90ae0ab...
[  24.105]       <<< RX chan1 1154B: bb62595cfb025e57b1aa26df138e07ddbbffffcdc5e7c084bdef5b260efbfb46...
[  24.106]       <<< RX chan1 845B: 4c61130eccabf025a6611fe5bf6d16f1e6b4b3c57e319f832eb805cacc0b3035...
[  24.106]       <<< RX chan1 11B: 80000007832370a2590000
[  24.120]       <<< RX chan1 86B: 80000052832370a259000d000000000000fc00050d000000000001e3f0ffffdb...
[  24.136]       <<< RX chan1 30B: 8000001a830d000000000001e1f0ffffdb06000004fdffff2378a2590000
[  24.153]       <<< RX chan1 76B: 80000048830701bfbe54005b14000701bfbe54005614010701749454005b1400...
[  24.169]       <<< RX chan1 113B: 8000006d830701bfbe54005b14000701bfbe54005614010701749454005b1400...
[  24.186]       <<< RX chan1 52B: 80000030830d000000000001dcf0ffffda06000003fdffff0d00000000030d00...
[quic] DATAGRAM 32B: 032c0083051071d375010000000071d375010000000000000000010000000000
[  24.204]       <<< RX chan1 93B: 80000059830701bfbe54005b14000701bfbe54005614010701749454005b1400...
[  24.220]       <<< RX chan1 62B: 8000003a830d000000000001d9f0ffffd906000003fdffff0d00000000010d00...
[  24.237]       <<< RX chan1 30B: 8000001a830d000000000001d8f0ffffd906000002fdffff2390a2590000
[  24.253]       <<< RX chan1 112B: 8000006c830701bfbe54005b14000701bfbe54005614010701749454005b1400...
[  24.270]       <<< RX chan1 61B: 80000039830d000000000001d4f0ffffd806000002fdffff0d00000000030d00...
[  24.286]       <<< RX chan1 62B: 8000003a830d000000000001d3f0ffffd806000001fdffff0d00000000000020...
[  24.302]       <<< RX chan1 64B: 8000003c830701b28254005b14000701b28254005614010d000000000000fb01...
[  24.320]       <<< RX chan1 46B: 8000002a831b010000000486513f130d000000000001d0f0ffffd706000001fd...
[  24.336]       <<< RX chan1 62B: 8000003a830d000000000000fcff050d000000000001cef0ffffd706000000fd...
[  24.353]       <<< RX chan1 30B: 8000001a830d000000000001cdf0ffffd706000000fdffff23aca2590000
[  24.370]       <<< RX chan1 36B: 80000020830d000000000001cbf0ffffd606000000fdffff0d000000000123b0...
[  24.386]       <<< RX chan1 103B: 80000063830d000000000000fa01020d000000000001c9f0ffffd6060000fffc...
[  24.404]       <<< RX chan1 1154B: 80004f60830301aeaa5400a127010178a854000201aede54002902ffff01afaa...
[  24.404]       <<< RX chan1 1154B: dcadf16e523a6704771ce999490a5c90243cf2bc2e73639d074145f6d00c5476...
[  24.404]       <<< RX chan1 1154B: 1191c584f1a1c1931e245e2c8b6dc6dc1770621958b4dd645f8c0f488a146d04...
[  24.405]       <<< RX chan1 1154B: 137deeeee4ee4e48dbb618871c93258c9dec2bf4b84277393fee6b71a1fbd5dd...
[  24.405]       <<< RX chan1 1154B: 304a573eb77ca1aff289245268ca43838fc9a7efbf1088a3d1a039df4c10beb7...
[  24.405]       <<< RX chan1 1154B: 64546ca3b3e77a536ec92b3e96b9cbd61a7b82e7fb803bcc5cd0d4c5af85ec0f...
[  24.405]       <<< RX chan1 1154B: 7bbcdad84a001cf389246037d957b8d46753f35ac0dc09125374541f9ca8b1ad...
[  24.406]       <<< RX chan1 1154B: 24d0eda7dca1fd9aa8f2879206eda631725a96e7530626ba08f2ddb0450171e0...
[  24.412]       <<< RX chan1 1154B: fafa1e4cbe972e195fa9cdebb5634976d44ae577cc00e0b5634936d48885c73a...
[  24.412]       <<< RX chan1 1154B: 5145f4740a3198590e5fd8ec2a97ba42bea31c29b5a11fccec1e8ba65d6d7347...
[  24.412]       <<< RX chan1 1154B: 01019a8f1c4670daade476245d0de34d912c1927fd8a325568157b4bf485acb7...
[  24.412]       <<< RX chan1 1154B: 47c7b1024243f5fdc5541471f4a5d455e7580a20a6a288a3af2ca57821a5e36c...
[  24.412]       <<< RX chan1 1154B: 5843f717ab80d8d7d857812dadaf0261585d5e5656535553515603a452aa2929...
[  24.412]       <<< RX chan1 1154B: a8e31bad10ebb31b7f1a59996435d4a6e89b41d98f85d914653ef4f654d27c12...
[  24.412]       <<< RX chan1 1154B: 17575fe4d3f2567e3f9fdbce7fb70fdbf16f427fa7ef3fd63f713c9a37d4c60d...
[  24.412]       <<< RX chan1 1154B: 407dcddf2e7f425ed119f0896398ada5c3f8177e3c9b79fe617d03bc3e9fe006...
[  24.412]       <<< RX chan1 1154B: 841ae8a621920a22eef082f44fe280ef3fb32fbe28f76cd718a71edbe338f1c7...
[  24.412]       <<< RX chan1 706B: cb7bbd114f640153ce6ea4415ae28f426ada32436a9fbf72bcabdfa50fdaec8b...
[  24.412]       <<< RX chan1 11B: 800000078323b8a2590000
[  24.421]       <<< RX chan1 46B: 8000002a831b0100000004927ff1430d000000000001c6f0ffffd5060000fffc...
[  24.435]       <<< RX chan1 72B: 80000044830701bfbe54005b14000701bfbe54005614010701749454005b1400...
[  24.452]       <<< RX chan1 46B: 8000002a830d000000000001c3f0ffffd5060000fefcffff0d00000000000023...
[  24.470]       <<< RX chan1 77B: 80000049830d000000000001c1f0ffffd4060000fefcffff0d00000000030d00...
[  24.486]       <<< RX chan1 58B: 80000036830701b0aa54005b14000701b0aa54005614010d000000000001c0f0...
[  24.503]       <<< RX chan1 70B: 80000042830701b0aa54005b14000701b0aa54005614010d000000000001bef0...
[  24.519]       <<< RX chan1 46B: 8000002a830d000000000000fcff060d000000000001bdf0ffffd3060000fdfc...
[  24.537]       <<< RX chan1 30B: 8000001a830d000000000001bbf0ffffd3060000fdfcffff23d8a2590000
[  24.553]       <<< RX chan1 66B: 8000003e830701b0aa54005b14000701b0aa54005614010701b28254005b1400...
[  24.571]       <<< RX chan1 78B: 8000004a831b0100000004c99dd20601049253c120010194dc54000d00000000...
[  24.588]       <<< RX chan1 46B: 8000002a830d000000000000fa01030d000000000001b6f0ffffd2060000fcfc...
[  24.603]       <<< RX chan1 36B: 80000020830d000000000001b5f0ffffd2060000fbfcffff0d000000000223e8...
[  24.620]       <<< RX chan1 60B: 80000038830d000000000000fcfe060d000000000001b3f0ffffd1060000fbfc...
[  24.636]       <<< RX chan1 30B: 8000001a830d000000000001b2f0ffffd1060000fbfcffff23f0a2590000
[  24.653]       <<< RX chan1 36B: 80000020830d000000000001b0f0ffffd1060000fafcffff0d000000000223f4...
[  24.671]       <<< RX chan1 62B: 8000003a830d000000000000fbfe060d000000000001aff0ffffd0060000fafc...
[  24.686]       <<< RX chan1 46B: 8000002a830d000000000000fa00020d00000000020d000000000001adf0ffff...
[  24.703]       <<< RX chan1 121B: 80000075830d000000000001abf0ffffcf060000f9fcffff0d00000000030d00...
[quic] DATAGRAM 32B: 032d0083051076d575010000000076d575010000000000000000010000000000
[  24.720]       <<< RX chan1 160B: 8000009c830204dd30fc385a01ff000000004033e7d740051c24417474726962...
[  24.736]       <<< RX chan1 58B: 80000036830701b0aa54005b14000701b0aa54005614010d000000000001a8f0...
[  24.752]       <<< RX chan1 46B: 8000002a830d000000000001a7f0ffffce060000f9fcffff0d00000000010d00...
[  24.771]       <<< RX chan1 48B: 8000002c830701b2aa54005b14000701b2aa54005614010d000000000001a5f0...
[  24.785]       <<< RX chan1 92B: 80000058830701b2aa54005b14000701b2aa54005614010701b2aa54005b1400...
[  24.801]       <<< RX chan1 60B: 80000038830701b2aa54005a14000000000000000000000000000000000d0000...
[  24.821]       <<< RX chan1 379B: 80000177830d000000000001a0f0ffffcd060000f7fcffff0d00000000020d00...
[  24.836]       <<< RX chan1 30B: 8000001a830d0000000000019ff0ffffcd060000f7fcffff2320a3590000
[  24.853]       <<< RX chan1 56B: 80000034830d000000000000fbfd060d0000000000019df0ffffcc060000f7fc...
[  24.870]       <<< RX chan1 60B: 80000038830701b28254005a14000000000000000000000000000000000d0000...
[  24.887]       <<< RX chan1 325B: 8000014183020478e089195002ff000000c07f0000803f00000000051e244174...
[  24.902]       <<< RX chan1 80B: 8000004c830701b28254005a14000000000000000000000000000000000d0000...
[  24.920]       <<< RX chan1 94B: 8000005a830701b28254005a14000000000000000000000000000000000701b2...
[  24.935]       <<< RX chan1 46B: 8000002a830d000000000000f900030d00000000000195f0ffffca060000f5fc...
[  24.954]       <<< RX chan1 70B: 80000042830701b1aa54005b14000701b1aa54005614010d00000000000194f0...
[  24.970]       <<< RX chan1 58B: 80000036830701b1aa54005b14000701b1aa54005614010d00000000000192f0...
[  24.988]       <<< RX chan1 101B: 80000061830701b0aa54005a14000000000000000000000000000000000d0000...
[  25.003]       <<< RX chan1 30B: 8000001a830d0000000000018ff0ffffc9060000f4fcffff2348a3590000
[  25.019]       <<< RX chan1 56B: 80000034830d0000000000018df0ffffc9060000f4fcffff0d00000000030d00...
[  25.035]       <<< RX chan1 30B: 8000001a830d0000000000018cf0ffffc8060000f3fcffff2350a3590000
[  25.053]       <<< RX chan1 50B: 8000002e830d000000000000fbfc070d0000000000018af0ffffc8060000f3fc...
[  25.070]       <<< RX chan1 92B: 80000058830701b2aa54005b14000701b2aa54005614010701b2aa54005b1400...
[  25.085]       <<< RX chan1 36B: 80000020830d00000000000187f0ffffc7060000f2fcffff0d0000000002235c...
[  25.104]       <<< RX chan1 54B: 80000032830701b2aa54005b14000701b2aa54005614010d00000000000185f0...
[  25.119]       <<< RX chan1 113B: 8000006d832360a359000701b28254005a140000000000000000000000000000...
[  25.136]       <<< RX chan1 52B: 80000030830d00000000000182f0ffffc6060000f1fcffff0d00000000020d00...
[  25.152]       <<< RX chan1 30B: 8000001a830d00000000000181f0ffffc6060000f1fcffff236ca3590000
[  25.169]       <<< RX chan1 40B: 80000024831b0100000004fb4e88370d0000000000017ff0ffffc5060000f1fc...
[  25.185]       <<< RX chan1 70B: 80000042830701b28254005a14000000000000000000000000000000000d0000...
[  25.201]       <<< RX chan1 46B: 8000002a830d000000000000f9fe030d0000000000017cf0ffffc4060000f0fc...
[  25.221]       <<< RX chan1 36B: 80000020830d0000000000017af0ffffc4060000f0fcffff0d0000000003237c...
[quic] DATAGRAM 32B: 032e008305107ad77501000000007ad775010000000000000000010000000000
[  25.235]       <<< RX chan1 141B: 80000089830701b1aa54005b14000701b1aa54005614010701b2aa54005a1400...
[  25.252]       <<< RX chan1 36B: 80000020830d00000000000177f0ffffc3060000effcffff0d00000000012384...
[  25.269]       <<< RX chan1 30B: 8000001a830d00000000000176f0ffffc3060000effcffff2388a3590000
[  25.285]       <<< RX chan1 60B: 8000003883020132df54005b0100013a845200ff050763726561746f72ff0168...
[  25.302]       <<< RX chan1 56B: 80000034831b01000000047baf844c0d00000000000172f0ffffc2060000eefc...
[  25.319]       <<< RX chan1 40B: 80000024830d000000000000fbfb080d00000000000171f0ffffc2060000eefc...
[  25.337]       <<< RX chan1 122B: 8000007683020139df54005b0100013a845200ff050763726561746f72ff0168...
[  25.353]       <<< RX chan1 70B: 80000042830701b28254005a14000000000000000000000000000000000d0000...
[  25.369]       <<< RX chan1 70B: 8000004283020140df54005b0100013a845200ff050763726561746f72ff0168...
[  25.385]       <<< RX chan1 40B: 80000024830d0000000000016bf0ffffc0060000edfcffff0d000000000000f8...
[  25.403]       <<< RX chan1 144B: 8000008c830701b28254005a14000000000000000000000000000000000701b2...
[  25.420]       <<< RX chan1 198B: 800000c2830701b28254005a1400000000000000000000000000000000020461...
[  25.435]       <<< RX chan1 40B: 80000024830d000000000000f8fd030d00000000000166f0ffffbf060000ecfc...
[  25.453]       <<< RX chan1 36B: 80000020830d00000000000164f0ffffbf060000ebfcffff0d000000000223b4...
[  25.469]       <<< RX chan1 72B: 80000044830d000000000000fafa080d00000000000163f0ffffbe060000ebfc...
[  25.486]       <<< RX chan1 48B: 8000002c830701c1be54005b14000701c1be54005614010d00000000000161f0...
[  25.503]       <<< RX chan1 60B: 80000038830701c1be54005b14000701c1be5400561401010143cd53000d0000...
[  25.519]       <<< RX chan1 52B: 80000030830d0000000000015ef0ffffbd060000eafcffff0d00000000000035...
[  25.535]       <<< RX chan1 36B: 80000020830d0000000000015cf0ffffbd060000eafcffff0d000000000323c8...
[  25.557]       <<< RX chan1 410B: 80000196830701c1be54005b14000701c1be54005614010701c1be54005b1400...
[  25.575]       <<< RX chan1 186B: 800000b6830701c1be54005b14000701c1be5400561401010171ce540002016c...
[  25.588]       <<< RX chan1 66B: 8000003e830d000000000000f8fc030d00000000020d00000000000158f0ffff...
[  25.606]       <<< RX chan1 92B: 80000058830204f0cd807c5a01ff00000000e06be7d740051224417474726962...
[  25.622]       <<< RX chan1 86B: 80000052831b02000000049621c35504f17708270d00000000000154f0ffffbb...
[  25.638]       <<< RX chan1 70B: 80000042830701b28254005a14000000000000000000000000000000000d0000...
[  25.654]       <<< RX chan1 54B: 80000032830701b28254005a14000000000000000000000000000000000d0000...
[  25.673]       <<< RX chan1 36B: 80000020830d00000000000150f0ffffba060000e7fcffff0d000000000223e8...
[  25.687]       <<< RX chan1 40B: 80000024830d0000000000014ef0ffffb9060000e7fcffff0d00000000000039...
[  25.706]       <<< RX chan1 116B: 8000007083020187df54005b0100013a845200ff050763726561746f72ff0168...
[  25.722]       <<< RX chan1 74B: 80000046830701c1be54005b14000701c1be54005614010d000000000000faf8...
[quic] DATAGRAM 32B: 032f0083051070d975010000000070d975010000000000000000010000000000
[  25.738]       <<< RX chan1 63B: 8000003b830d00000000000149f0ffffb8060000e6fcffff0d00000000030510...
[  25.755]       <<< RX chan1 84B: 80000050830701c1be54005b14000701c1be54005614011b0100000004f1f0aa...
[  25.770]       <<< RX chan1 64B: 8000003c830701c1be54005a14000000000000000000000000000000000d0000...
[  25.788]       <<< RX chan1 54B: 80000032830701c1be54005a14000000000000000000000000000000000d0000...
[  25.805]       <<< RX chan1 52B: 80000030830d00000000000143f0ffffb6060000e5fcffff0d0000000000003a...
[  25.822]       <<< RX chan1 247B: 800000f3830101fcce530002019adf54006900ff00000000008096184b000000...
[  25.837]       <<< RX chan1 61B: 80000039830d00000000000140f0ffffb5060000e4fcffff0d00000000010d00...
[  25.854]       <<< RX chan1 54B: 80000032830701c1be54005a14000000000000000000000000000000000d0000...
[  25.871]       <<< RX chan1 64B: 8000003c830701c1be54005a14000000000000000000000000000000000d0000...
[  25.889]       <<< RX chan1 36B: 80000020830d0000000000013bf0ffffb4060000e3fcffff0d0000000002231c...
[  25.904]       <<< RX chan1 181B: 800000b1830d000000000000f8fa040d0000000000013af0ffffb4060000e3fc...
[  25.922]       <<< RX chan1 64B: 8000003c830701c1be54005b14000701c1be54005614010d00000000000138f0...
[  25.937]       <<< RX chan1 71B: 80000043830d00000000000136f0ffffb3060000e2fcffff0d00000000030d00...
[  25.953]       <<< RX chan1 50B: 8000002e830d000000000000f7fa040d00000000000135f0ffffb3060000e2fc...
[  25.970]       <<< RX chan1 46B: 8000002a830d00000000000133f0ffffb2060000e2fcffff0d0000000000003e...
[  25.987]       <<< RX chan1 40B: 80000024830d00000000000132f0ffffb2060000e2fcffff0d0000000000003e...
[  26.005]       <<< RX chan1 56B: 80000034831b0100000004565a4e310d00000000000130f0ffffb1060000e1fc...
[  26.022]       <<< RX chan1 36B: 80000020830d0000000000012ef0ffffb1060000e1fcffff0d0000000003233c...
[  26.038]       <<< RX chan1 104B: 80000064830701c1be54005a14000000000000000000000000000000000701c1...
[  26.054]       <<< RX chan1 40B: 80000024830d0000000000012bf0ffffb0060000e0fcffff0d00000000000000...
[  26.068]       <<< RX chan1 30B: 8000001a830d0000000000012af0ffffb0060000e0fcffff2348a4590000
[  26.087]       <<< RX chan1 196B: 800000c0830701c1be54005a14000000000000000000000000000000001b0100...
[  26.102]       <<< RX chan1 36B: 80000020830d00000000000127f0ffffaf060000dffcffff0d00000000022350...
[  26.121]       <<< RX chan1 41B: 80000025832350a459000d00000000000125f0ffffae060000dffcffff0d0000...
[  26.136]       <<< RX chan1 36B: 80000020830d00000000000123f0ffffae060000dffcffff0d00000000032358...
[  26.152]       <<< RX chan1 77B: 80000049830d00000000000122f0ffffad060000defcffff0d00000000010d00...
[  26.170]       <<< RX chan1 100B: 80000060830701b2aa54005b14000701b2aa54005614010701c1be54005a1400...
[  26.186]       <<< RX chan1 110B: 8000006a830201cfdf54005b0100013a845200ff050763726561746f72ff0168...
[  26.201]       <<< RX chan1 46B: 8000002a830d0000000000011df0ffffac060000ddfcffff0d00000000020d00...
[  26.221]       <<< RX chan1 90B: 80000056830701b28254005a14000000000000000000000000000000000701b1...
[  26.235]       <<< RX chan1 36B: 80000020830d0000000000011af0ffffab060000ddfcffff0d00000000012370...
[quic] DATAGRAM 32B: 03300083051072db75010000000072db75010000000000000000010000000000
[  26.252]       <<< RX chan1 73B: 80000045830d00000000000118f0ffffab060000ddfcffff0d00000000030d00...
[  26.269]       <<< RX chan1 46B: 8000002a830d00000000000117f0ffffaa060000dcfcffff0d00000000010d00...
[  26.285]       <<< RX chan1 66B: 8000003e83010119cf53001b010000000132df54000d00000000000115f0ffff...
[  26.302]       <<< RX chan1 40B: 80000024831b01000000046371426d0d00000000000114f0ffffaa060000dcfc...
[  26.320]       <<< RX chan1 52B: 80000030830d00000000000112f0ffffa9060000dbfcffff0d00000000020d00...
[  26.336]       <<< RX chan1 56B: 80000034831b010000000139df54001b01000000013adf54000d000000000001...
[  26.353]       <<< RX chan1 70B: 80000042830701b28254005a14000000000000000000000000000000000d0000...
[  26.370]       <<< RX chan1 464B: 800001cc830701b1aa54005b14000701b1aa54005614010701b1aa54005b1400...
[  26.386]       <<< RX chan1 36B: 80000020830d0000000000010cf0ffffa7060000dafcffff0d00000000012394...
[  26.402]       <<< RX chan1 40B: 80000024831b010000000146df54000d0000000000010af0ffffa7060000dafc...
[  26.421]       <<< RX chan1 201B: 800000c5831b1b000000049e481d2e04d7edd45104a43569670411f9c96f011c...
[  26.436]       <<< RX chan1 58B: 80000036830701b2aa54005b14000701b2aa54005614010d00000000000107f0...
[  26.452]       <<< RX chan1 60B: 80000038830701c1be54005a14000000000000000000000000000000000d0000...
[  26.470]       <<< RX chan1 72B: 80000044830d00000000000104f0ffffa5060000d8fcffff0d00000000020d00...
[  26.486]       <<< RX chan1 62B: 8000003a830d000000000000fd02fe0d00000000020d00000000000102f0ffff...
[  26.502]       <<< RX chan1 46B: 8000002a830d00000000000101f0ffffa4060000d8fcffff0d00000000010d00...
[  26.519]       <<< RX chan1 96B: 8000005c830701b28254005b14000701b28254005614010701b2aa54005a1400...
[  26.538]       <<< RX chan1 81B: 8000004d831b0100000004a5ac8a630d000000000001fdefffffa3060000d7fc...
[  26.551]       <<< RX chan1 30B: 8000001a830d000000000001fcefffffa3060000d7fcffff23bca4590000
[  26.569]       <<< RX chan1 58B: 80000036830701b2aa54005b14000701b2aa54005614010d000000000001faef...
[  26.586]       <<< RX chan1 46B: 8000002a830d000000000001f9efffffa2060000d6fcffff0d00000000020d00...
[  26.602]       <<< RX chan1 40B: 80000024830d000000000001f7efffffa2060000d6fcffff0d00000000000049...
[  26.620]       <<< RX chan1 30B: 8000001a830d000000000001f6efffffa1060000d6fcffff23cca4590000
[  26.635]       <<< RX chan1 74B: 80000046830701b1aa54005b14000701b1aa54005614010d000000000001f4ef...
[  26.653]       <<< RX chan1 58B: 80000036830d000000000001f2efffffa0060000d5fcffff0d00000000030d00...
[  26.670]       <<< RX chan1 30B: 8000001a830d000000000001f1efffffa0060000d5fcffff23d8a4590000
[  26.685]       <<< RX chan1 81B: 8000004d830d000000000001efefffff9f060000d4fcffff0d00000000010d00...
[  26.708]       <<< RX chan1 96B: 8000005c830701b1aa54005a14000000000000000000000000000000001b0100...
[  26.721]       <<< RX chan1 46B: 8000002a830d000000000001ecefffff9e060000d4fcffff0d00000000010d00...
[  26.735]       <<< RX chan1 36B: 80000020830d000000000001eaefffff9e060000d4fcffff0d000000000323e8...
[quic] DATAGRAM 32B: 03310083051066dd75010000000066dd75010000000000000000010000000000
[  26.752]       <<< RX chan1 67B: 8000003f830d000000000001e9efffff9e060000d3fcffff0d0000000000004b...
[  26.770]       <<< RX chan1 70B: 80000042830701b1aa54005a14000000000000000000000000000000000d0000...
[  26.785]       <<< RX chan1 30B: 8000001a830d000000000001e6efffff9d060000d3fcffff23f4a4590000
[  26.802]       <<< RX chan1 40B: 80000024830d000000000001e4efffff9c060000d2fcffff0d000000000000fc...
[  26.819]       <<< RX chan1 76B: 80000048830701769454005b14000701769454005614010701769454005b1400...
[  26.834]       <<< RX chan1 30B: 8000001a830d000000000001e1efffff9b060000d2fcffff2300a5590000
[  26.857]       <<< RX chan1 89B: 80000055830701769454005b14000701769454005614010d000000000001dfef...
[  26.870]       <<< RX chan1 54B: 80000032830701769454005b14000701769454005614010d000000000001deef...
[  26.886]       <<< RX chan1 46B: 8000002a830d000000000001dcefffff9a060000d1fcffff0d0000000000004e...
[  26.902]       <<< RX chan1 79B: 8000004b830701769454005b14000701769454005614010d000000000001dbef...
[  26.923]       <<< RX chan1 768B: 800002fc83020134e054005b0100013a845200ff050763726561746f72ff0168...
[  26.940]       <<< RX chan1 369B: 8000016d830301bda954007d130101030184aa54007d130101030134aa54007d...
[  26.954]       <<< RX chan1 416B: 8000019c83020140e054005b0100013a845200ff050763726561746f72ff0168...
[  26.970]       <<< RX chan1 158B: 8000009a83010146e0540002014be054004f01090135aa54000a01afaa5400ff...
[  26.987]       <<< RX chan1 192B: 800000bc8302014ee054005b0100013a845200ff050763726561746f72ff0168...
[  27.002]       <<< RX chan1 152B: 800000948301014fe05400020152e054004f01090135aa54000a01afaa5400ff...
[  27.020]       <<< RX chan1 162B: 8000009e83010152e05400020155e054004f01090135aa54000a01afaa5400ff...
[  27.036]       <<< RX chan1 210B: 800000ce830701769454005b140007017694540056140102015ae054005b0100...
[  27.053]       <<< RX chan1 178B: 800000ae8301015be0540002015fe054004f01090135aa54000a01afaa5400ff...
[  27.070]       <<< RX chan1 201B: 800000c58301015fe0540007011aa95400190100000000000000000000040201...
[  27.087]       <<< RX chan1 182B: 800000b283020168e054005b0100013a845200ff050763726561746f72ff0168...
[  27.103]       <<< RX chan1 180B: 800000b0830701769454005b1400070176945400561401010169e0540002016c...
[  27.120]       <<< RX chan1 163B: 8000009f832340a5590001016ce0540002016fe054004f01090135aa54000a01...
[  27.135]       <<< RX chan1 184B: 800000b48301016fe05400020172e054004f01090135aa54000a01afaa5400ff...
[  27.152]       <<< RX chan1 202B: 800000c6830701769454005a1400000000000000000000000000000000010172...
[  27.170]       <<< RX chan1 245B: 800000f1830701769454005b14000701769454005614010701769454005a1400...
[  27.186]       <<< RX chan1 202B: 800000c6830701769454005a1400000000000000000000000000000000010178...
[  27.204]       <<< RX chan1 162B: 8000009e8301017ce0540002017fe054004f01090135aa54000a01afaa5400ff...
[  27.219]       <<< RX chan1 217B: 800000d5830701769454005a140000000000000000000000000000000001017f...
[  27.236]       <<< RX chan1 162B: 8000009e83010182e05400020185e054004f01090135aa54000a01afaa5400ff...
[quic] DATAGRAM 32B: 0332008305105bdf7501000000005bdf75010000000000000000010000000000
[  27.253]       <<< RX chan1 244B: 800000f0830701769454005a1400000000000000000000000000000000010185...
[  27.270]       <<< RX chan1 162B: 8000009e83010189e0540002018ce054004f01090135aa54000a01afaa5400ff...
[  27.287]       <<< RX chan1 158B: 8000009a8301018ce0540002018fe054004f01090135aa54000a01afaa5400ff...
[  27.303]       <<< RX chan1 180B: 800000b0830701b28254005b14000701b282540056140101018fe05400020192...
[  27.320]       <<< RX chan1 168B: 800000a483010192e05400020195e054004f01090135aa54000a01afaa5400ff...
[  27.336]       <<< RX chan1 168B: 800000a483010195e05400020198e054004f01090135aa54000a01afaa5400ff...
[  27.353]       <<< RX chan1 244B: 800000f0830701769454005a1400000000000000000000000000000000070176...
[  27.369]       <<< RX chan1 182B: 800000b2830701769454005a140000000000000000000000000000000001019b...
[  27.386]       <<< RX chan1 224B: 800000dc830701b28254005b14000701b28254005614010701769454005a1400...
[  27.403]       <<< RX chan1 170B: 800000a6830701b28254005b14000701b28254005614010101a1e054000201a4...
[  27.421]       <<< RX chan1 194B: 800000be830701769454005a14000000000000000000000000000000000701b2...
[  27.437]       <<< RX chan1 182B: 800000b2830701769454005a14000000000000000000000000000000000101a7...
[  27.453]       <<< RX chan1 168B: 800000a4830101abe054000201aee054004f01090135aa54000a01afaa5400ff...
[  27.470]       <<< RX chan1 152B: 80000094830101aee054000201b1e054004f01090135aa54000a01afaa5400ff...
[  27.486]       <<< RX chan1 162B: 8000009e830101b1e054000201b4e054004f01090135aa54000a01afaa5400ff...
[  27.502]       <<< RX chan1 170B: 800000a6830701b18254005b14000701b18254005614010101b4e054000201b7...
[  27.522]       <<< RX chan1 186B: 800000b6830701769454005a14000000000000000000000000000000000101b7...
[  27.536]       <<< RX chan1 152B: 80000094830101bae054000201bde054004f01090135aa54000a01afaa5400ff...
[  27.553]       <<< RX chan1 198B: 800000c2830701b18254005b14000701b18254005614010701b18254005b1400...
[  27.571]       <<< RX chan1 158B: 8000009a830101c0e054000201c3e054004f01090135aa54000a01afaa5400ff...
[  27.586]       <<< RX chan1 188B: 800000b8830701b28254005b14000701b28254005614010701b18254005b1400...
[  27.603]       <<< RX chan1 182B: 800000b2830701769454005a14000000000000000000000000000000000101c7...
[  27.620]       <<< RX chan1 162B: 8000009e830101cae054000201cde054004f01090135aa54000a01afaa5400ff...
[  27.638]       <<< RX chan1 152B: 80000094830101cde054000201d0e054004f01090135aa54000a01afaa5400ff...
[  27.653]       <<< RX chan1 183B: 800000b3830101d0e054000201d3e054004f01090135aa54000a01afaa5400ff...
[  27.670]       <<< RX chan1 168B: 800000a4830101d3e054000201d6e054004f01090135aa54000a01afaa5400ff...
[  27.686]       <<< RX chan1 162B: 8000009e830101d6e054000201d9e054004f01090135aa54000a01afaa5400ff...
[  27.703]       <<< RX chan1 158B: 8000009a830101d9e054000201dce054004f01090135aa54000a01afaa5400ff...
[  27.719]       <<< RX chan1 152B: 80000094830101dce054000201dfe054004f01090135aa54000a01afaa5400ff...
[  27.736]       <<< RX chan1 267B: 80000107830701b18254005b14000701b18254005614010701769454005a1400...
[quic] DATAGRAM 32B: 0333008305104fe17501000000004fe175010000000000000000010000000000
[  27.754]       <<< RX chan1 179B: 800000af830101e3e054000201e6e054004f01090135aa54000a01afaa5400ff...
[  27.770]       <<< RX chan1 176B: 800000ac830701b18254005b14000701b18254005614010101e6e054000201e9...
[  27.787]       <<< RX chan1 216B: 800000d4830101e9e054000201ece054004f01090135aa54000a01afaa5400ff...
[  27.803]       <<< RX chan1 168B: 800000a4830101ece0540001047c522c520201efe054004f01090135aa54000a...
[  27.819]       <<< RX chan1 158B: 8000009a830101efe054000201f2e054004f01090135aa54000a01afaa5400ff...
[  27.836]       <<< RX chan1 152B: 80000094830101f2e054000201f8e054004f01090135aa54000a01afaa5400ff...
[  27.852]       <<< RX chan1 183B: 800000b3830101f8e054000201fbe054004f01090135aa54000a01afaa5400ff...
[  27.871]       <<< RX chan1 158B: 8000009a830101fbe05400020100e154004f01090135aa54000a01afaa5400ff...
[  27.886]       <<< RX chan1 183B: 800000b383010100e15400020103e154004f01090135aa54000a01afaa5400ff...
[  27.903]       <<< RX chan1 152B: 8000009483010103e15400020106e154004f01090135aa54000a01afaa5400ff...
[  27.920]       <<< RX chan1 223B: 800000db83010106e154001b010000000134e054001b010000000135e054001b...
[  27.936]       <<< RX chan1 176B: 800000ac830701b18254005a140000000000000000000000000000000001010a...
[  27.953]       <<< RX chan1 192B: 800000bc830701b18254005a140000000000000000000000000000000001010d...
[  27.970]       <<< RX chan1 193B: 800000bd83010110e15400020113e154004f01090135aa54000a01afaa5400ff...
[  27.986]       <<< RX chan1 232B: 800000e4830701769454005a1400000000000000000000000000000000070176...
[  28.002]       <<< RX chan1 152B: 8000009483010117e1540002011ae154004f01090135aa54000a01afaa5400ff...
[  28.019]       <<< RX chan1 152B: 800000948301011ae1540002011ee154004f01090135aa54000a01afaa5400ff...
[  28.036]       <<< RX chan1 162B: 8000009e8301011ee154001b01000000015ae05400020122e154004f01090135...
[  28.053]       <<< RX chan1 158B: 8000009a83010122e15400020125e154004f01090135aa54000a01afaa5400ff...
[  28.071]       <<< RX chan1 196B: 800000c0830701769454005a1400000000000000000000000000000000010125...
[  28.086]       <<< RX chan1 217B: 800000d5830701769454005a1400000000000000000000000000000000010128...
[  28.103]       <<< RX chan1 162B: 8000009e8301012ce1540002012fe154004f01090135aa54000a01afaa5400ff...
[  28.120]       <<< RX chan1 167B: 800000a3832330a6590001012fe15400020132e154004f01090135aa54000a01...
[  28.137]       <<< RX chan1 182B: 800000b2830701769454005a1400000000000000000000000000000000010132...
[  28.154]       <<< RX chan1 152B: 8000009483010135e15400020138e154004f01090135aa54000a01afaa5400ff...
[  28.170]       <<< RX chan1 158B: 8000009a83010138e1540002013be154004f01090135aa54000a01afaa5400ff...
[  28.187]       <<< RX chan1 180B: 800000b08301013be1540002013ee154004f01090135aa54000a01afaa5400ff...
[  28.203]       <<< RX chan1 158B: 8000009a8301013ee15400020141e154004f01090135aa54000a01afaa5400ff...
[  28.219]       <<< RX chan1 152B: 8000009483010141e15400020144e154004f01090135aa54000a01afaa5400ff...
[  28.236]       <<< RX chan1 182B: 800000b2830701769454005a1400000000000000000000000000000000010144...
[  28.252]       <<< RX chan1 158B: 8000009a83010148e1540002014ce154004f01090135aa54000a01afaa5400ff...
[quic] DATAGRAM 32B: 03340083051053e375010000000053e375010000000000000000010000000000
[  28.268]       <<< RX chan1 185B: 800000b58301014ce1540002014fe154004f01090135aa54000a01afaa5400ff...
[  28.285]       <<< RX chan1 158B: 8000009a8301014fe15400020152e154004f01090135aa54000a01afaa5400ff...
[  28.303]       <<< RX chan1 152B: 8000009483010152e15400020155e154004f01090135aa54000a01afaa5400ff...
[  28.319]       <<< RX chan1 164B: 800000a083010155e154000104b499780a010169df5400020158e154004f0109...
[  28.336]       <<< RX chan1 152B: 8000009483010158e1540002015be154004f01090135aa54000a01afaa5400ff...
[  28.352]       <<< RX chan1 209B: 800000cd8301015be1540002015ee154006900ff00000000008096184b000000...
[  28.369]       <<< RX chan1 168B: 800000a48301015fe15400020163e154004f01090135aa54000a01afaa5400ff...
[  28.385]       <<< RX chan1 152B: 8000009483010163e15400020166e154004f01090135aa54000a01afaa5400ff...
[  28.404]       <<< RX chan1 168B: 800000a483010166e15400020169e154004f01090135aa54000a01afaa5400ff...
[  28.420]       <<< RX chan1 198B: 800000c2830701769454005a1400000000000000000000000000000000010169...
[  28.435]       <<< RX chan1 152B: 800000948301016ce15400020170e154004f01090135aa54000a01afaa5400ff...
[  28.454]       <<< RX chan1 183B: 800000b383010170e15400020175e154004f01090135aa54000a01afaa5400ff...
[  28.471]       <<< RX chan1 152B: 8000009483010175e15400020178e154004f01090135aa54000a01afaa5400ff...
[  28.486]       <<< RX chan1 207B: 800000cb830701769454005a1400000000000000000000000000000000010178...
[  28.502]       <<< RX chan1 152B: 800000948301017ce1540002017fe154004f01090135aa54000a01afaa5400ff...
[  28.520]       <<< RX chan1 152B: 800000948301017fe15400020182e154004f01090135aa54000a01afaa5400ff...
[  28.536]       <<< RX chan1 152B: 8000009483010182e15400020185e154004f01090135aa54000a01afaa5400ff...
[  28.553]       <<< RX chan1 162B: 8000009e831b01000000014be15400010185e15400020188e154004f01090135...
[  28.569]       <<< RX chan1 168B: 800000a483010188e1540002018be154004f01090135aa54000a01afaa5400ff...
[  28.585]       <<< RX chan1 176B: 800000ac830701769454005a140000000000000000000000000000000001018b...
[  28.603]       <<< RX chan1 192B: 800000bc830701769454005a140000000000000000000000000000000001018f...
[  28.621]       <<< RX chan1 199B: 800000c3831b040000000413be0a040488432e7f04cec5e87004ecb0d02b0101...
[  28.636]       <<< RX chan1 180B: 800000b083010196e15400020199e154004f01090135aa54000a01afaa5400ff...
[  28.652]       <<< RX chan1 152B: 8000009483010199e1540002019ce154004f01090135aa54000a01afaa5400ff...
[  28.669]       <<< RX chan1 158B: 8000009a8301019ce1540002019fe154004f01090135aa54000a01afaa5400ff...
[  28.686]       <<< RX chan1 158B: 8000009a8301019fe154000201a2e154004f01090135aa54000a01afaa5400ff...
[  28.703]       <<< RX chan1 152B: 80000094830101a2e154000201a5e154004f01090135aa54000a01afaa5400ff...
[  28.719]       <<< RX chan1 158B: 8000009a830101a5e154000201a8e154004f01090135aa54000a01afaa5400ff...
[  28.737]       <<< RX chan1 162B: 8000009e830101a8e154000201abe154004f01090135aa54000a01afaa5400ff...
[  28.753]       <<< RX chan1 192B: 800000bc830701769454005a14000000000000000000000000000000000101ab...
[quic] DATAGRAM 32B: 03350083051047e575010000000047e575010000000000000000010000000000
[  28.770]       <<< RX chan1 209B: 800000cd830701769454005a14000000000000000000000000000000000101ae...
[  28.787]       <<< RX chan1 158B: 8000009a830101b1e154000201b4e154004f01090135aa54000a01afaa5400ff...
[  28.802]       <<< RX chan1 200B: 800000c4830701769454005a1400000000000000000000000000000000070176...
[  28.819]       <<< RX chan1 152B: 80000094830101b7e154000201bae154004f01090135aa54000a01afaa5400ff...
[  28.836]       <<< RX chan1 168B: 800000a4830101bae154000201bde154004f01090135aa54000a01afaa5400ff...
[  28.853]       <<< RX chan1 418B: 8000019e8302046e6484332b00ff0020d143c300d2e841c0068142020615526f...
[  28.869]       <<< RX chan1 152B: 80000094830101c6e154000201c9e154004f01090135aa54000a01afaa5400ff...
[  28.886]       <<< RX chan1 207B: 800000cb830701769454005a14000000000000000000000000000000000101c9...
[  28.903]       <<< RX chan1 158B: 8000009a830101cce154000201cfe154004f01090135aa54000a01afaa5400ff...
[  28.921]       <<< RX chan1 196B: 800000c0830701769454005a14000000000000000000000000000000001b0100...
[  28.937]       <<< RX chan1 192B: 800000bc830701769454005a14000000000000000000000000000000000101d2...
[  28.954]       <<< RX chan1 152B: 80000094830101d5e154000201d9e154004f01090135aa54000a01afaa5400ff...
[  28.970]       <<< RX chan1 158B: 8000009a830101d9e154000201dce154004f01090135aa54000a01afaa5400ff...
[  28.986]       <<< RX chan1 158B: 8000009a830101dce154000201e0e154004f01090135aa54000a01afaa5400ff...
[  29.003]       <<< RX chan1 158B: 8000009a830101e0e154000201e5e154004f01090135aa54000a01afaa5400ff...
[  29.019]       <<< RX chan1 174B: 800000aa830101e5e154000201eae154004f01090135aa54000a01afaa5400ff...
[  29.036]       <<< RX chan1 152B: 80000094830101eae154000201ede154004f01090135aa54000a01afaa5400ff...
[  29.053]       <<< RX chan1 186B: 800000b6830701769454005a14000000000000000000000000000000000101ed...
[  29.071]       <<< RX chan1 210B: 800000ce830701769454005a1400000000000000000000000000000000070176...
[  29.086]       <<< RX chan1 168B: 800000a4830101f3e154000201f6e154004f01090135aa54000a01afaa5400ff...
[  29.102]       <<< RX chan1 182B: 800000b2830701769454005a14000000000000000000000000000000000101f6...
[  29.121]       <<< RX chan1 157B: 80000099832320a759000101fbe154000201fee154004f01090135aa54000a01...
[  29.136]       <<< RX chan1 182B: 800000b2830701769454005a14000000000000000000000000000000000101fe...
[  29.153]       <<< RX chan1 158B: 8000009a83010103e25400020106e254004f01090135aa54000a01afaa5400ff...
[  29.169]       <<< RX chan1 176B: 800000ac830701b28254005b14000701b2825400561401010106e25400020109...
[  29.187]       <<< RX chan1 152B: 8000009483010109e2540002010ce254004f01090135aa54000a01afaa5400ff...
[  29.202]       <<< RX chan1 127B: 8000007b830701b28254005b14000701b282540056140101010ce25400010188...
[  29.219]       <<< RX chan1 80B: 8000004c830701b28254005b14000701b28254005614010d000000000001ffee...
[  29.236]       <<< RX chan1 48B: 8000002c830701b28254005b14000701b28254005614010d000000000001fdee...
[  29.253]       <<< RX chan1 40B: 80000024831b0100000001d8e154000d000000000001fceeffff4f060000a5fc...
[  29.268]       <<< RX chan1 70B: 80000042830701769454005a14000000000000000000000000000000000d0000...
[quic] DATAGRAM 32B: 0336008305104be77501000000004be775010000000000000000010000000000
[  29.285]       <<< RX chan1 63B: 8000003b830d000000000001f8eeffff4e060000a4fcffff0d00000000030510...
[  29.303]       <<< RX chan1 30B: 8000001a830d000000000001f7eeffff4e060000a4fcffff2350a7590000
[  29.319]       <<< RX chan1 30B: 8000001a830d000000000001f5eeffff4d060000a3fcffff2354a7590000
[  29.336]       <<< RX chan1 78B: 8000004a830701769454005a14000000000000000000000000000000000701b2...
[  29.352]       <<< RX chan1 30B: 8000001a830d000000000001f2eeffff4c060000a3fcffff235ca7590000
[  29.369]       <<< RX chan1 61B: 80000039830d000000000001f0eeffff4b060000a2fcffff0d00000000030d00...
[  29.385]       <<< RX chan1 78B: 8000004a830701b28254005a1400000000000000000000000000000000070176...
[  29.402]       <<< RX chan1 60B: 80000038830701769454005a14000000000000000000000000000000000d0000...
[  29.420]       <<< RX chan1 61B: 80000039830d000000000001eceeffff49060000a1fcffff0d00000000010d00...
[  29.435]       <<< RX chan1 72B: 80000044830701b28254005b14000701b28254005614010701b28254005a1400...
[  29.452]       <<< RX chan1 30B: 8000001a830d000000000001e9eeffff48060000a1fcffff2374a7590000
[  29.469]       <<< RX chan1 118B: 80000072830701b28254005a14000000000000000000000000000000000701b2...
[  29.486]       <<< RX chan1 132B: 80000080830701b28254005a14000000000000000000000000000000000701b2...
[  29.502]       <<< RX chan1 36B: 80000020830d000000000001e4eeffff46060000a0fcffff0d00000000012380...
[  29.520]       <<< RX chan1 40B: 80000024830d000000000001e2eeffff46060000a0fcffff0d000000000000ef...
[  29.535]       <<< RX chan1 30B: 8000001a830d000000000001e1eeffff450600009ffcffff2388a7590000
[  29.555]       <<< RX chan1 40B: 80000024831b010000000113e254000d000000000001dfeeffff450600009ffc...
[  29.570]       <<< RX chan1 72B: 80000044830701b18254005b14000701b18254005614010701b28254005a1400...
[  29.586]       <<< RX chan1 36B: 80000020830d000000000001dceeffff430600009efcffff0d00000000012394...
[  29.602]       <<< RX chan1 54B: 80000032830701b18254005b14000701b18254005614010d000000000001daee...
[  29.621]       <<< RX chan1 77B: 80000049830701b18254005b14000701b18254005614011b020000000144e054...
[  29.636]       <<< RX chan1 36B: 80000020830d000000000001d7eeffff420600009dfcffff0d000000000223a0...
[  29.653]       <<< RX chan1 96B: 8000005c830701b28254005a1400000000000000000000000000000000070176...
[  29.670]       <<< RX chan1 36B: 80000020830d000000000001d4eeffff400600009dfcffff0d000000000123a8...
[  29.685]       <<< RX chan1 71B: 80000043830d000000000001d2eeffff400600009cfcffff0d00000000030d00...
[  29.703]       <<< RX chan1 30B: 8000001a830d000000000001d1eeffff3f0600009cfcffff23b0a7590000
[  29.719]       <<< RX chan1 30B: 8000001a830d000000000001cfeeffff3f0600009cfcffff23b4a7590000
[  29.736]       <<< RX chan1 36B: 80000020830d000000000001ceeeffff3e0600009bfcffff0d000000000223b8...
[  29.753]       <<< RX chan1 36B: 80000020830d000000000001cceeffff3d0600009bfcffff0d000000000123bc...
[  29.770]       <<< RX chan1 30B: 8000001a830d000000000001cbeeffff3d0600009bfcffff23c0a7590000
[quic] DATAGRAM 32B: 03370083051040e975010000000040e975010000000000000000010000000000
[  29.786]       <<< RX chan1 81B: 8000004d830701769454005a14000000000000000000000000000000000d0000...
[  29.802]       <<< RX chan1 71B: 80000043830d000000000001c7eeffff3b0600009afcffff0d00000000030d00...
[  29.819]       <<< RX chan1 40B: 80000024831b010000000129e254000d000000000001c6eeffff3b0600009afc...
[  29.837]       <<< RX chan1 30B: 8000001a830d000000000001c4eeffff3a0600009afcffff23d0a7590000
[  29.853]       <<< RX chan1 425B: 800001a5830701b18254005b14000701b18254005614010704095aab505b1400...
[  29.869]       <<< RX chan1 30B: 8000001a830d000000000001c1eeffff3906000099fcffff23d8a7590000
[  29.885]       <<< RX chan1 77B: 80000049830d000000000001bfeeffff3806000099fcffff0d00000000030d00...
[  29.901]       <<< RX chan1 36B: 80000020830d000000000001beeeffff3806000098fcffff0d000000000223e0...
[  29.918]       <<< RX chan1 30B: 8000001a830d000000000001bceeffff3706000098fcffff23e4a7590000
[  29.935]       <<< RX chan1 30B: 8000001a830d000000000001bbeeffff3706000098fcffff23e8a7590000
[  29.953]       <<< RX chan1 36B: 80000020830d000000000001b9eeffff3606000097fcffff0d000000000223ec...
[  29.969]       <<< RX chan1 30B: 8000001a830d000000000001b8eeffff3506000097fcffff23f0a7590000
[  29.986]       <<< RX chan1 30B: 8000001a830d000000000001b6eeffff3506000097fcffff23f4a7590000
[  30.002]       <<< RX chan1 36B: 80000020830d000000000001b4eeffff3406000097fcffff0d000000000323f8...
[  30.020]       <<< RX chan1 36B: 80000020830d000000000001b3eeffff3306000096fcffff0d000000000123fc...
[  30.036]       <<< RX chan1 30B: 8000001a830d000000000001b1eeffff3306000096fcffff2300a8590000
[  30.054]       <<< RX chan1 30B: 8000001a830d000000000001b0eeffff3206000096fcffff2304a8590000
[  30.070]       <<< RX chan1 40B: 80000024831b010000000146e254000d000000000001aeeeffff3206000095fc...
[  30.086]       <<< RX chan1 46B: 8000002a830d000000000001aceeffff3106000095fcffff0d00000000030d00...
[  30.102]       <<< RX chan1 78B: 8000004a830701b18254005a1400000000000000000000000000000000070176...
[  30.119]       <<< RX chan1 106B: 80000066832310a859000701769454005a140000000000000000000000000000...
[  30.135]       <<< RX chan1 30B: 8000001a830d000000000001a8eeffff2f06000094fcffff2318a8590000
[  30.152]       <<< RX chan1 70B: 80000042830701769454005a14000000000000000000000000000000000d0000...
[  30.170]       <<< RX chan1 52B: 80000030830d000000000001a5eeffff2e06000093fcffff0d00000000020d00...
[  30.187]       <<< RX chan1 78B: 8000004a830701769454005a14000000000000000000000000000000000701b1...
[  30.202]       <<< RX chan1 61B: 80000039830d000000000001a1eeffff2c06000093fcffff0d00000000030d00...
[  30.219]       <<< RX chan1 60B: 80000038830701769454005a14000000000000000000000000000000000d0000...
[  30.236]       <<< RX chan1 54B: 80000032830701769454005a14000000000000000000000000000000000d0000...
[  30.252]       <<< RX chan1 30B: 8000001a830d0000000000019deeffff2b06000092fcffff2334a8590000
[  30.269]       <<< RX chan1 30B: 8000001a830d0000000000019beeffff2a06000092fcffff2338a8590000
[quic] DATAGRAM 32B: 03380083051034eb75010000000034eb75010000000000000000010000000000
[  30.286]       <<< RX chan1 98B: 8000005e831b01000000016ce254000d00000000000199eeffff2906000091fc...
[  30.302]       <<< RX chan1 30B: 8000001a830d00000000000198eeffff2906000091fcffff2340a8590000
[  30.319]       <<< RX chan1 36B: 80000020830d00000000000196eeffff2806000091fcffff0d00000000032344...
[  30.335]       <<< RX chan1 46B: 8000002a830d00000000000195eeffff2706000090fcffff0d00000000010d00...
[  30.352]       <<< RX chan1 30B: 8000001a830d00000000000193eeffff2706000090fcffff234ca8590000
[  30.369]       <<< RX chan1 46B: 8000002a830d00000000000192eeffff2606000090fcffff0d000000000000fe...
[  30.387]       <<< RX chan1 81B: 8000004d830d000000000000fcfc010d00000000000190eeffff250600008ffc...
[  30.404]       <<< RX chan1 84B: 80000050830701769454005a1400000000000000000000000000000000070176...
[  30.419]       <<< RX chan1 30B: 8000001a830d0000000000018deeffff240600008ffcffff235ca8590000
[  30.436]       <<< RX chan1 36B: 80000020830d0000000000018beeffff240600008efcffff0d00000000022360...
[  30.453]       <<< RX chan1 30B: 8000001a830d0000000000018aeeffff230600008efcffff2364a8590000
[  30.469]       <<< RX chan1 40B: 80000024830d00000000000188eeffff220600008efcffff0d000000000000eb...
[  30.486]       <<< RX chan1 71B: 80000043831b010000000187e254000d00000000000186eeffff220600008dfc...
[  30.504]       <<< RX chan1 30B: 8000001a830d00000000000185eeffff210600008dfcffff2370a8590000
[  30.520]       <<< RX chan1 36B: 80000020830d00000000000183eeffff200600008dfcffff0d00000000032374...
[  30.538]       <<< RX chan1 40B: 80000024830d00000000000182eeffff200600008dfcffff0d000000000000ea...
[  30.554]       <<< RX chan1 54B: 80000032830701769454005a14000000000000000000000000000000000d0000...
[  30.570]       <<< RX chan1 36B: 80000020830d0000000000017feeffff1e0600008cfcffff0d00000000012380...
[  30.587]       <<< RX chan1 40B: 80000024830d000000000000fcfb010d0000000000017deeffff1e0600008cfc...
[  30.605]       <<< RX chan1 61B: 80000039830d0000000000017beeffff1d0600008bfcffff0d00000000030d00...
[  30.622]       <<< RX chan1 36B: 80000020830d0000000000017aeeffff1c0600008bfcffff0d0000000001238c...
[  30.638]       <<< RX chan1 54B: 80000032830701769454005a14000000000000000000000000000000000d0000...
[  30.655]       <<< RX chan1 36B: 80000020830d00000000000177eeffff1b0600008afcffff0d00000000022394...
[  30.669]       <<< RX chan1 56B: 80000034831b0100000001a1e254000d00000000000175eeffff1a0600008afc...
[  30.688]       <<< RX chan1 30B: 8000001a830d00000000000174eeffff1a0600008afcffff239ca8590000
[  30.702]       <<< RX chan1 36B: 80000020830d00000000000172eeffff1906000089fcffff0d000000000223a0...
[  30.723]       <<< RX chan1 61B: 80000039830d00000000000170eeffff1806000089fcffff0d00000000030d00...
[  30.736]       <<< RX chan1 30B: 8000001a830d0000000000016feeffff1806000089fcffff23a8a8590000
[  30.754]       <<< RX chan1 46B: 8000002a830d0000000000016deeffff1706000088fcffff0d00000000020d00...
[  30.769]       <<< RX chan1 46B: 8000002a830d000000000000fcfa010d0000000000016ceeffff1606000088fc...
[quic] DATAGRAM 32B: 03390083051029ed75010000000029ed75010000000000000000010000000000
[  30.787]       <<< RX chan1 67B: 8000003f830d0000000000016aeeffff1606000088fcffff0d000000000000e9...
[  30.804]       <<< RX chan1 84B: 80000050830701769454005a1400000000000000000000000000000000070176...
[  30.821]       <<< RX chan1 36B: 80000020830d00000000000167eeffff1406000087fcffff0d000000000123bc...
[  30.837]       <<< RX chan1 40B: 80000024831b0100000001b7e254000d00000000000165eeffff1406000087fc...
[  30.853]       <<< RX chan1 54B: 80000032830701769454005a14000000000000000000000000000000000d0000...
[  30.871]       <<< RX chan1 290B: 8000011e830701769454005a14000000000000000000000000000000000201eb...
[  30.890]       <<< RX chan1 277B: 80000111831b020000000190d754000191d754000301ae825400a12701019b82...
[  30.904]       <<< RX chan1 54B: 80000032830701769454005a14000000000000000000000000000000000d0000...
[  30.920]       <<< RX chan1 111B: 8000006b830d0000000000015deeffff1006000085fcffff0d00000000030d00...
[  30.938]       <<< RX chan1 40B: 80000024830d000000000000fcf9010d0000000000015ceeffff1006000085fc...
[  30.954]       <<< RX chan1 52B: 80000030830d0000000000015aeeffff0f06000085fcffff0d000000000000e8...
[  30.971]       <<< RX chan1 61B: 80000039830d00000000000159eeffff0e06000084fcffff0d00000000010d00...
[  30.987]       <<< RX chan1 40B: 80000024831b0100000001d0e254000d00000000000157eeffff0e06000084fc...
[  31.003]       <<< RX chan1 36B: 80000020830d00000000000155eeffff0d06000084fcffff0d000000000323e8...
[  31.021]       <<< RX chan1 36B: 80000020830d00000000000154eeffff0c06000084fcffff0d000000000123ec...
[  31.038]       <<< RX chan1 30B: 8000001a830d00000000000152eeffff0c06000083fcffff23f0a8590000
[  31.055]       <<< RX chan1 110B: 8000006a83020114e35400cb00ff0000247449010000404104a0782bc30040e6...
[  31.079]       <<< RX chan1 60B: 80000038830701769454005a14000000000000000000000000000000000d0000...
[  31.090]       <<< RX chan1 40B: 80000024830d000000000000fcf8010d0000000000014eeeffff0a06000082fc...
[  31.107]       <<< RX chan1 54B: 80000032830701769454005a14000000000000000000000000000000000d0000...
[  31.123]       <<< RX chan1 126B: 8000007a832300a959001b0100000001e2e254001b0100000001ebe254001b01...
[  31.141]       <<< RX chan1 46B: 8000002a830d000000000000fe01fe0d00000000000149eeffff0806000081fc...
[  31.157]       <<< RX chan1 30B: 8000001a830d00000000000147eeffff0706000081fcffff230ca9590000
[  31.174]       <<< RX chan1 40B: 80000024830d00000000000146eeffff0606000081fcffff0d000000000000e7...
[  31.189]       <<< RX chan1 157B: 80000099830d000000000000fd01000d00000000000144eeffff0606000080fc...
[  31.206]       <<< RX chan1 46B: 8000002a830d000000000000fd02000d00000000000142eeffff0506000080fc...
[  31.223]       <<< RX chan1 178B: 800000ae83010498434b7f0d000000000000fe02000d000000000000fd03000d...
[  31.240]       <<< RX chan1 71B: 80000043831b010000000101e354000d0000000000013feeffff040600007ffc...
[  31.258]       <<< RX chan1 62B: 8000003a830d000000000000fe04000d0000000000013eeeffff030600007ffc...
[  31.273]       <<< RX chan1 40B: 80000024830d000000000000fe05000d0000000000013ceeffff020600007ffc...
[quic] DATAGRAM 32B: 033a0083051020ef75010000000020ef75010000000000000000010000000000
[  31.290]       <<< RX chan1 79B: 8000004b830d000000000000fe06000d00000000020d0000000000013beeffff...
[  31.307]       <<< RX chan1 46B: 8000002a830d000000000000fe07000d00000000020d00000000000139eeffff...
[  31.324]       <<< RX chan1 88B: 80000054830d000000000000ff07000d000000000000fe08000d00000000030d...
[  31.341]       <<< RX chan1 36B: 80000020830d00000000000136eeffffff0500007efcffff0d00000000012338...
[  31.356]       <<< RX chan1 56B: 80000034831b010000000112e354000d000000000000ff09000d00000000020d...
[  31.373]       <<< RX chan1 189B: 800000b9830d000000000000ff0a000d00000000020d00000000000133eeffff...
[  31.390]       <<< RX chan1 187B: 800000b7830d000000000000fd01010d000000000000ff0b010d000000000001...
[  31.406]       <<< RX chan1 71B: 80000043830d000000000000ff0c010d0000000000012feefffffd0500007cfc...
[  31.423]       <<< RX chan1 30B: 8000001a830d0000000000012eeefffffc0500007cfcffff234ca9590000
[  31.439]       <<< RX chan1 46B: 8000002a830d000000000000ff0d010d0000000000012ceefffffb0500007cfc...
[  31.457]       <<< RX chan1 46B: 8000002a830d000000000000ff0e010d0000000000012beefffffb0500007bfc...
[  31.475]       <<< RX chan1 40B: 80000024830d00000000000129eefffffa0500007bfcffff0d000000000000e6...
[  31.490]       <<< RX chan1 146B: 8000008e830d000000000000fe01000d00000000000128eefffff90500007bfc...
[  31.506]       <<< RX chan1 71B: 80000043830d00000000000126eefffff80500007afcffff0d00000000010d00...
[  31.524]       <<< RX chan1 46B: 8000002a830d00000000000124eefffff80500007afcffff0d00000000030d00...
[  31.542]       <<< RX chan1 30B: 8000001a830d00000000000123eefffff70500007afcffff2368a9590000
[  31.556]       <<< RX chan1 46B: 8000002a830d000000000000fe02fe0d00000000000121eefffff60500007afc...
[  31.574]       <<< RX chan1 30B: 8000001a830d00000000000120eefffff605000079fcffff2370a9590000
[  31.589]       <<< RX chan1 40B: 80000024830d0000000000011eeefffff505000079fcffff0d000000000000fe...
[  31.604]       <<< RX chan1 40B: 80000024830d0000000000011deefffff405000079fcffff0d000000000000e5...
[  31.621]       <<< RX chan1 83B: 8000004f830104b02302120101c5e154000d0000000000011beefffff3050000...
[  31.636]       <<< RX chan1 36B: 80000020830d00000000000119eefffff305000078fcffff0d00000000032380...
[  31.653]       <<< RX chan1 40B: 80000024830d00000000000118eefffff205000078fcffff0d00000000000004...
[  31.670]       <<< RX chan1 81B: 8000004d830d00000000000116eefffff105000077fcffff0d00000000010d00...
[  31.688]       <<< RX chan1 30B: 8000001a830d00000000000115eefffff105000077fcffff238ca9590000
[  31.704]       <<< RX chan1 30B: 8000001a830d00000000000113eefffff005000077fcffff2390a9590000
[  31.721]       <<< RX chan1 71B: 80000043830d00000000000111eeffffef05000076fcffff0d00000000030d00...
[  31.737]       <<< RX chan1 30B: 8000001a830d00000000000110eeffffef05000076fcffff2398a9590000
[  31.754]       <<< RX chan1 48B: 8000002c830704b1b52e4e5b14000704b1b52e4e5614010d0000000000010eee...
[  31.771]       <<< RX chan1 40B: 80000024830d000000000000fe01010d0000000000010deeffffed05000076fc...
[  31.790]       <<< RX chan1 56B: 80000034830d0000000000010beeffffec05000075fcffff0d00000000010d00...
[quic] DATAGRAM 32B: 033b0083051022f175010000000022f175010000000000000000010000000000
[  31.804]       <<< RX chan1 67B: 8000003f830d0000000000010aeeffffec05000075fcffff0d000000000000e4...
[  31.822]       <<< RX chan1 61B: 80000039831b02000000044bb382400417c048540d00000000000108eeffffeb...
[  31.838]       <<< RX chan1 46B: 8000002a830d00000000000106eeffffea05000074fcffff0d00000000030d00...
[  31.855]       <<< RX chan1 30B: 8000001a830d00000000000105eeffffea05000074fcffff23b4a9590000
[  31.871]       <<< RX chan1 40B: 80000024830d00000000000103eeffffe905000074fcffff0d00000000000007...
[  31.888]       <<< RX chan1 46B: 8000002a830d00000000000102eeffffe805000073fcffff0d00000000020d00...
[  31.906]       <<< RX chan1 36B: 80000020830d00000000000100eeffffe705000073fcffff0d000000000123c0...
[  31.923]       <<< RX chan1 46B: 8000002a830d000000000001feedffffe705000073fcffff0d00000000030d00...
[  31.940]       <<< RX chan1 46B: 8000002a830d000000000001fdedffffe605000072fcffff0d00000000020d00...
[  31.954]       <<< RX chan1 30B: 8000001a830d000000000001fbedffffe505000072fcffff23cca9590000
[  31.974]       <<< RX chan1 36B: 80000020830d000000000001faedffffe405000072fcffff0d000000000123d0...
[  31.996]       <<< RX chan1 1154B: 8000053283010178a854001b1a000000019baa5400019caa5400019daa540001...
[  31.996]       <<< RX chan1 180B: 70657262616c6c2e706e67131c010000000b000000486f746261724f72646572...
[  31.996]       <<< RX chan1 1154B: 8000054b830201fae554002502ff020000000000000000000000000306011c72...
[  31.996]       <<< RX chan1 205B: 74657874757265732f53776f7264546578747572652e706e67ff0101e6540002...
[  31.996]       <<< RX chan1 941B: 800005488302016be55400d101ff00012b687474703a2f2f7777772e726f626c...
[  31.996]       <<< RX chan1 415B: 00020137e45400b80100cae66941d9efbd404e4d88758ea67670ff03010d1152...
[  31.997]       <<< RX chan1 1154B: 8000051783020171e55400f701ff05046d6f6f640902ff0136e4540002016fe5...
[  31.997]       <<< RX chan1 153B: ff0136e4540002014be454001100ff000129687474703a2f2f7777772e726f62...
[  31.997]       <<< RX chan1 993B: 800005338302010fe65400f701ff05fb0902ff0136e45400020110e654001100...
[  31.997]       <<< RX chan1 342B: 69643d313039323132353939353305830902ff0179e55400020177e554005a01...
[  31.998]       <<< RX chan1 172B: 800000a88302017be554000000ff0001010020b839c0b165be0080d4b8020208...
[  32.015]       <<< RX chan1 622B: 8000026a83030173e55400f800010103929ef6f8cde93a030172e55400f80001...
[  32.018]       <<< RX chan1 11B: 800000078323dca9590000
[  32.038]       <<< RX chan1 36B: 80000020830d000000000001f3edffffe205000071fcffff0d000000000323e0...
[  32.055]       <<< RX chan1 30B: 8000001a830d000000000001f2edffffe105000070fcffff23e4a9590000
[  32.072]       <<< RX chan1 50B: 8000002e830d000000000001f0edffffe005000070fcffff0d0000000000000a...
[  32.088]       <<< RX chan1 36B: 80000020830d000000000001efedffffdf05000070fcffff0d000000000123ec...
[  32.103]       <<< RX chan1 58B: 800000368307040b2057095b140007040b2057095614010d000000000001eded...
[  32.122]       <<< RX chan1 41B: 800000258323f0a959000d000000000001ebedffffde0500006ffcffff0d0000...
[  32.139]       <<< RX chan1 40B: 80000024830d000000000001eaedffffdd0500006ffcffff0d0000000000000b...
[  32.157]       <<< RX chan1 121B: 80000075830d000000000001e8edffffdc0500006efcffff0d00000000030d00...
[  32.173]       <<< RX chan1 30B: 8000001a830d000000000001e7edffffdc0500006efcffff2300aa590000
[  32.188]       <<< RX chan1 40B: 80000024830d000000000001e5edffffdb0500006efcffff0d000000000000e3...
[  32.205]       <<< RX chan1 46B: 8000002a830d000000000001e4edffffda0500006dfcffff0d00000000020d00...
[  32.221]       <<< RX chan1 36B: 80000020830d000000000001e2edffffd90500006dfcffff0d0000000001230c...
[  32.239]       <<< RX chan1 46B: 8000002a830d000000000001e0edffffd90500006dfcffff0d00000000030d00...
[  32.254]       <<< RX chan1 36B: 80000020830d000000000001dfedffffd80500006cfcffff0d00000000022314...
[  32.271]       <<< RX chan1 30B: 8000001a830d000000000001ddedffffd70500006cfcffff2318aa590000
[  32.287]       <<< RX chan1 40B: 80000024830d000000000001dcedffffd70500006cfcffff0d0000000000000d...
[  32.304]       <<< RX chan1 30B: 8000001a830d000000000001daedffffd60500006cfcffff2320aa590000
[quic] DATAGRAM 32B: 033c0083051027f375010000000027f375010000000000000000010000000000
[  32.323]       <<< RX chan1 93B: 80000059830d000000000000fe01020d000000000001d8edffffd50500006bfc...
[  32.338]       <<< RX chan1 312B: 800001348302047c9f2e3b2b00ff00e0a52cc300a48240801dbfc2020615526f...
[  32.362]       <<< RX chan1 62B: 8000003a830d000000000000ff01010d00000000020d000000000001d5edffff...
[  32.374]       <<< RX chan1 52B: 80000030830d000000000001d4edffffd30500006afcffff0d00000000020d00...
[  32.390]       <<< RX chan1 30B: 8000001a830d000000000001d2edffffd20500006afcffff2334aa590000
[  32.408]       <<< RX chan1 46B: 8000002a830d000000000001d1edffffd10500006afcffff0d00000000010d00...
[  32.425]       <<< RX chan1 46B: 8000002a830d000000000001cfedffffd105000069fcffff0d00000000020d00...
[  32.440]       <<< RX chan1 62B: 8000003a830d000000000001cdedffffd005000069fcffff0d00000000030d00...
[  32.457]       <<< RX chan1 30B: 8000001a830d000000000001ccedffffcf05000069fcffff2344aa590000
[  32.475]       <<< RX chan1 79B: 8000004b830704633f560b5b14000704633f560b5614010d000000000001caed...
[  32.490]       <<< RX chan1 52B: 80000030830d000000000001c9edffffce05000068fcffff0d0000000000000f...
[  32.506]       <<< RX chan1 30B: 8000001a830d000000000001c7edffffcd05000068fcffff2350aa590000
[  32.523]       <<< RX chan1 274B: 8000010e83030187a35400a12701013ca154000201dbe654002902ffff0188a3...
[  32.539]       <<< RX chan1 36B: 80000020830d000000000001c4edffffcb05000067fcffff0d00000000012358...
[  32.556]       <<< RX chan1 56B: 80000034830d000000000001c2edffffcb05000067fcffff0d00000000030d00...
[  32.573]       <<< RX chan1 30B: 8000001a830d000000000001c1edffffca05000067fcffff2360aa590000
[  32.590]       <<< RX chan1 30B: 8000001a830d000000000001bfedffffc905000066fcffff2364aa590000
[  32.607]       <<< RX chan1 93B: 8000005983070177e4540019010000000000000000000020070177e454001901...
[  32.623]       <<< RX chan1 40B: 80000024831b0100000004b1b52e4e0d000000000001bcedffffc805000066fc...
[  32.638]       <<< RX chan1 210B: 800000ce830d000000000000fc01fd0d00000000030d000000000001baedffff...
[  32.657]       <<< RX chan1 56B: 80000034830d000000000001b9edffffc605000065fcffff0d000000000000e0...
[  32.674]       <<< RX chan1 188B: 800000b8830d000000000001b7edffffc505000065fcffff0d00000000000012...
[  32.692]       <<< RX chan1 46B: 8000002a830d000000000001b6edffffc505000064fcffff0d00000000020d00...
[  32.706]       <<< RX chan1 46B: 8000002a830d000000000001b4edffffc405000064fcffff0d00000000000013...
[  32.724]       <<< RX chan1 277B: 80000111831b0200000001f6e2540001f7e2540003019c825400a12700019b82...
[  32.741]       <<< RX chan1 36B: 80000020830d000000000001b1edffffc205000063fcffff0d00000000022388...
[  32.756]       <<< RX chan1 61B: 80000039830d000000000001afedffffc105000063fcffff0d00000000030d00...
[  32.773]       <<< RX chan1 50B: 8000002e830d000000000001aeedffffc105000063fcffff0d00000000000014...
[  32.791]       <<< RX chan1 248B: 800000f4830301ea7e5400a1270101dc7d54000201fee654002902ffff01eb7e...
[  32.809]       <<< RX chan1 40B: 80000024830d000000000001abedffffbf05000062fcffff0d00000000000014...
[quic] DATAGRAM 32B: 033d008305101ef57501000000001ef575010000000000000000010000000000
[  32.825]       <<< RX chan1 63B: 8000003b830d000000000001a9edffffbe05000062fcffff0d00000000010510...
[  32.840]       <<< RX chan1 62B: 8000003a830d000000000000fc01fc0d00000000030d000000000001a7edffff...
[  32.854]       <<< RX chan1 30B: 8000001a830d000000000001a6edffffbd05000061fcffff23a4aa590000
[  32.871]       <<< RX chan1 56B: 80000034830d000000000001a4edffffbc05000061fcffff0d000000000000df...
[  32.887]       <<< RX chan1 36B: 80000020830d000000000001a3edffffbb05000061fcffff0d000000000123ac...
[  32.906]       <<< RX chan1 64B: 8000003c830704928ab3415b14000704928ab3415614010d000000000001a1ed...
[  32.923]       <<< RX chan1 30B: 8000001a830d000000000001a0edffffba05000060fcffff23b4aa590000
[  32.937]       <<< RX chan1 30B: 8000001a830d0000000000019eedffffb905000060fcffff23b8aa590000
[  32.954]       <<< RX chan1 61B: 80000039830d0000000000019cedffffb80500005ffcffff0d00000000030d00...
[  32.972]       <<< RX chan1 430B: 800001aa831b01000000040b2057090204cb1ea6425a01ff000000004043e9d7...
[  32.990]       <<< RX chan1 303B: 8000012b83030449bb3d2c5d1501011b0200000001f6e6540001f7e654000301...
[  33.004]       <<< RX chan1 36B: 80000020830d00000000000198edffffb60500005efcffff0d000000000223c8...
[  33.021]       <<< RX chan1 30B: 8000001a830d00000000000196edffffb50500005efcffff23ccaa590000
[  33.039]       <<< RX chan1 71B: 80000043830d00000000000194edffffb40500005efcffff0d00000000030d00...
[  33.053]       <<< RX chan1 40B: 80000024830d00000000000193edffffb40500005efcffff0d00000000000018...
[  33.072]       <<< RX chan1 76B: 80000048830d00000000000191edffffb30500005dfcffff0d00000000000018...
[  33.088]       <<< RX chan1 30B: 8000001a830d00000000000190edffffb20500005dfcffff23dcaa590000
[  33.104]       <<< RX chan1 46B: 8000002a830d0000000000018eedffffb10500005dfcffff0d00000000000000...
[  33.122]       <<< RX chan1 114B: 8000006e8323e0aa59000d0000000000018dedffffb00500005cfcffff0d0000...
[  33.140]       <<< RX chan1 48B: 8000002c83070413dcb33c5b1400070413dcb33c5614010d0000000000018bed...
[  33.156]       <<< RX chan1 64B: 8000003c8307040017c5145b140007040017c5145614010d00000000000189ed...
[  33.171]       <<< RX chan1 381B: 80000179830d000000000000fdfefe0d00000000000188edffffae0500005bfc...
[  33.188]       <<< RX chan1 46B: 8000002a830d00000000000186edffffad0500005bfcffff0d00000000010d00...
[  33.205]       <<< RX chan1 40B: 80000024830d000000000000fc01fb0d00000000000185edffffad0500005bfc...
[  33.221]       <<< RX chan1 46B: 8000002a830d00000000000183edffffac0500005afcffff0d00000000020d00...
[  33.237]       <<< RX chan1 36B: 80000020830d00000000000181edffffab0500005afcffff0d00000000032300...
[  33.255]       <<< RX chan1 52B: 80000030830d00000000000180edffffaa0500005afcffff0d000000000000de...
[  33.270]       <<< RX chan1 146B: 8000008e831b0400000004dc55ef3604175f6f3f040e05e16d04ce6008380d00...
[  33.286]       <<< RX chan1 30B: 8000001a830d0000000000017dedffffa905000059fcffff230cab590000
[  33.303]       <<< RX chan1 50B: 8000002e830d0000000000017bedffffa805000059fcffff0d0000000000001b...
[  33.319]       <<< RX chan1 30B: 8000001a830d0000000000017aedffffa705000059fcffff2314ab590000
[quic] DATAGRAM 32B: 033e008305101ef77501000000001ef775010000000000000000010000000000
[  33.338]       <<< RX chan1 87B: 80000053831b0100000004633f560b0d00000000000178edffffa605000058fc...
[  33.353]       <<< RX chan1 71B: 80000043830d00000000000176edffffa505000058fcffff0d00000000030d00...
[  33.371]       <<< RX chan1 30B: 8000001a830d00000000000175edffffa505000058fcffff2320ab590000
[  33.387]       <<< RX chan1 36B: 80000020830d00000000000173edffffa405000057fcffff0d00000000022324...
[  33.402]       <<< RX chan1 40B: 80000024830d00000000000172edffffa305000057fcffff0d0000000000001d...
[  33.420]       <<< RX chan1 40B: 80000024830d000000000000fdfefd0d00000000000170edffffa205000057fc...
[  33.437]       <<< RX chan1 146B: 8000008e831b0400000004e5ab722804942dbe5c04733abe510498285c6c0d00...
[  33.452]       <<< RX chan1 40B: 80000024830d0000000000016dedffffa105000056fcffff0d0000000000001d...
[  33.469]       <<< RX chan1 52B: 80000030830d0000000000016bedffffa005000056fcffff0d00000000030d00...
[  33.488]       <<< RX chan1 70B: 800000428307041a10032b5b140007041a10032b5614010d000000000000fdfd...
[  33.504]       <<< RX chan1 56B: 80000034830d00000000000168edffff9e05000055fcffff0d000000000000dc...
[  33.520]       <<< RX chan1 36B: 80000020830d00000000000167edffff9d05000055fcffff0d00000000012344...
[  33.536]       <<< RX chan1 40B: 80000024830d00000000000165edffff9d05000055fcffff0d0000000000001f...
[  33.553]       <<< RX chan1 46B: 8000002a830d00000000000163edffff9c05000054fcffff0d00000000030d00...
[  33.570]       <<< RX chan1 40B: 80000024830d00000000000162edffff9b05000054fcffff0d00000000000000...
[  33.588]       <<< RX chan1 40B: 80000024830d000000000000fc01fa0d00000000000160edffff9a05000054fc...
[  33.603]       <<< RX chan1 100B: 80000060830d0000000000015fedffff9905000053fcffff0d00000000010d00...
[  33.619]       <<< RX chan1 30B: 8000001a830d0000000000015dedffff9905000053fcffff235cab590000
[  33.636]       <<< RX chan1 36B: 80000020830d0000000000015bedffff9805000053fcffff0d00000000032360...
[  33.652]       <<< RX chan1 36B: 80000020830d0000000000015aedffff9705000052fcffff0d00000000022364...
[  33.671]       <<< RX chan1 46B: 8000002a830d00000000000158edffff9605000052fcffff0d00000000030d00...
[  33.686]       <<< RX chan1 46B: 8000002a830d00000000000157edffff9505000052fcffff0d00000000010d00...
[  33.704]       <<< RX chan1 61B: 80000039830d00000000000155edffff9405000051fcffff0d00000000010d00...
[  33.720]       <<< RX chan1 40B: 80000024830d00000000000154edffff9405000051fcffff0d000000000000db...
[  33.735]       <<< RX chan1 30B: 8000001a830d00000000000152edffff9305000051fcffff2378ab590000
[  33.754]       <<< RX chan1 109B: 80000069830701c1be54005b14000701c1be54005614010d000000000000fdfc...
[  33.770]       <<< RX chan1 58B: 80000036830701c1be54005b14000701c1be54005614010d0000000000014fed...
[  33.786]       <<< RX chan1 62B: 8000003a830d0000000000014dedffff9005000050fcffff0d00000000010d00...
[  33.803]       <<< RX chan1 30B: 8000001a830d0000000000014cedffff9005000050fcffff2388ab590000
[  33.820]       <<< RX chan1 40B: 80000024830d0000000000014aedffff8f0500004ffcffff0d00000000000023...
[quic] DATAGRAM 32B: 033f0083051013f975010000000013f975010000000000000000010000000000
[  33.838]       <<< RX chan1 115B: 8000006f830701c1be54005b14000701c1be540056140107044ded9e605b1400...
[  33.853]       <<< RX chan1 50B: 8000002e830d000000000000fcfcfd0d00000000000147edffff8d0500004ffc...
[  33.870]       <<< RX chan1 61B: 80000039830d00000000000145edffff8c0500004efcffff0d00000000030d00...
[  33.887]       <<< RX chan1 40B: 80000024830d00000000000144edffff8c0500004efcffff0d00000000000024...
[  33.903]       <<< RX chan1 66B: 8000003e830d000000000000fb00fa0d00000000030d000000000000fb01fa0d...
[  33.923]       <<< RX chan1 410B: 80000196830701c1be54005b14000701c1be5400561401020477210f1b2b00ff...
[  33.936]       <<< RX chan1 40B: 80000024830d0000000000013fedffff890500004dfcffff0d00000000000024...
[  33.952]       <<< RX chan1 96B: 8000005c830d000000000000fcfbfd0d00000000030d0000000000013dedffff...
[  33.969]       <<< RX chan1 93B: 80000059830d000000000000fb00f90d00000000030d000000000000fb01f90d...
[  33.986]       <<< RX chan1 46B: 8000002a83010114e354000d0000000000013aedffff870500004cfcffff0d00...
[  34.004]       <<< RX chan1 40B: 80000024831b010000000413dcb33c0d00000000000139edffff860500004cfc...
[  34.020]       <<< RX chan1 51B: 8000002f831b020000000440f4cd1904772dd7070d00000000000137edffff85...
[  34.037]       <<< RX chan1 421B: 800001a1830701c1be54005b14000701c1be54005614011b0400000004ad8337...
[  34.053]       <<< RX chan1 36B: 80000020830101f3aa53000d00000000000134edffff830500004bfcffff23c4...
[  34.070]       <<< RX chan1 61B: 80000039830d00000000000132edffff820500004bfcffff0d00000000030d00...
[  34.088]       <<< RX chan1 40B: 80000024830d00000000000131edffff820500004afcffff0d00000000000026...
[  34.104]       <<< RX chan1 46B: 8000002a830d0000000000012fedffff810500004afcffff0d00000000000027...
[  34.119]       <<< RX chan1 45B: 800000298323d0ab59000d0000000000012eedffff800500004afcffff0d0000...
[  34.136]       <<< RX chan1 36B: 80000020830d0000000000012cedffff7f05000049fcffff0d000000000223d8...
[  34.153]       <<< RX chan1 46B: 8000002a830d000000000000fcfafd0d0000000000012aedffff7e05000049fc...
[  34.171]       <<< RX chan1 64B: 8000003c830704b8b0313f5b14000704b8b0313f5614010d00000000000129ed...
[  34.186]       <<< RX chan1 36B: 80000020830d00000000000127edffff7d05000048fcffff0d000000000223e4...
[  34.204]       <<< RX chan1 30B: 8000001a830d00000000000126edffff7c05000048fcffff23e8ab590000
[  34.220]       <<< RX chan1 30B: 8000001a830d00000000000124edffff7b05000048fcffff23ecab590000
[  34.237]       <<< RX chan1 46B: 8000002a830d00000000000123edffff7a05000047fcffff0d00000000020d00...
[  34.255]       <<< RX chan1 40B: 80000024830d00000000000121edffff7905000047fcffff0d00000000000029...
[  34.270]       <<< RX chan1 111B: 8000006b830701c1be54005a14000000000000000000000000000000001b0100...
[  34.286]       <<< RX chan1 40B: 80000024830d0000000000011eedffff7805000047fcffff0d00000000000001...
[  34.303]       <<< RX chan1 96B: 8000005c830701c1be54005a14000000000000000000000000000000000d0000...
[  34.319]       <<< RX chan1 40B: 80000024830d000000000000fcf9fd0d0000000000011bedffff7605000046fc...
[  34.338]       <<< RX chan1 54B: 80000032830701c1be54005a14000000000000000000000000000000000d0000...
[quic] DATAGRAM 33B: 0340400083051016fb75010000000016fb75010000000000000000010000000000
[  34.353]       <<< RX chan1 83B: 8000004f831b01000000041a10032b0d000000000000ff01000d000000000001...
[  34.370]       <<< RX chan1 54B: 80000032830701c1be54005a14000000000000000000000000000000000d0000...
[  34.387]       <<< RX chan1 95B: 8000005b830701c1be54005a14000000000000000000000000000000000d0000...
[  34.403]       <<< RX chan1 36B: 80000020830d00000000000113edffff7205000044fcffff0d00000000022318...
[  34.420]       <<< RX chan1 56B: 80000034830d00000000000111edffff7105000044fcffff0d0000000000002b...
[  34.436]       <<< RX chan1 30B: 8000001a830d00000000000110edffff7005000044fcffff2320ac590000
[  34.452]       <<< RX chan1 56B: 80000034830d0000000000010eedffff6f05000043fcffff0d00000000020d00...
[  34.472]       <<< RX chan1 36B: 80000020830d0000000000010cedffff6e05000043fcffff0d00000000032328...
[  34.486]       <<< RX chan1 56B: 80000034830d000000000000fcf8fd0d0000000000010bedffff6d05000043fc...
[  34.504]       <<< RX chan1 71B: 80000043830d00000000000109edffff6c05000042fcffff0d00000000010d00...
[  34.521]       <<< RX chan1 40B: 80000024830d00000000000108edffff6c05000042fcffff0d0000000000002d...
[  34.538]       <<< RX chan1 55B: 80000033831b040000000446dee26704e971fc4804d0badd5e0480a26c460d00...
[  34.555]       <<< RX chan1 84B: 80000050830701c1be54005a14000000000000000000000000000000000704c0...
[  34.570]       <<< RX chan1 30B: 8000001a830d00000000000103edffff6905000041fcffff2340ac590000
[  34.592]       <<< RX chan1 36B: 80000020830d00000000000101edffff6805000041fcffff0d00000000032344...
[  34.605]       <<< RX chan1 52B: 80000030830104e9ca85610d000000000000fbfef80d00000000000100edffff...
[  34.622]       <<< RX chan1 58B: 80000036830d000000000001feecffff6605000040fcffff0d00000000010d00...
[  34.639]       <<< RX chan1 93B: 80000059830701c1be54005a14000000000000000000000000000000001b0100...
[  34.655]       <<< RX chan1 30B: 8000001a830d000000000001fbecffff6505000040fcffff2354ac590000
[  34.671]       <<< RX chan1 412B: 80000198830d00000000000001fe000d000000000000fbfef70d000000000001...
[  34.688]       <<< RX chan1 30B: 8000001a830d000000000001f8ecffff630500003ffcffff235cac590000
[  34.705]       <<< RX chan1 40B: 80000024831b01000000044ded9e600d000000000001f6ecffff620500003ffc...
[  34.723]       <<< RX chan1 61B: 80000039830d000000000001f5ecffff610500003efcffff0d00000000010d00...
[  34.738]       <<< RX chan1 36B: 80000020830d000000000001f3ecffff600500003efcffff0d00000000012368...
[  34.755]       <<< RX chan1 36B: 80000020830d000000000001f1ecffff600500003efcffff0d0000000003236c...
[  34.772]       <<< RX chan1 303B: 8000012b831b0200000001219a540001229a5400030106975400a1270101fb96...
[  34.790]       <<< RX chan1 36B: 80000020830d000000000001eeecffff5e0500003dfcffff0d00000000032374...
[  34.806]       <<< RX chan1 30B: 8000001a830d000000000001edecffff5d0500003dfcffff2378ac590000
[  34.822]       <<< RX chan1 30B: 8000001a830d000000000001ebecffff5c0500003dfcffff237cac590000
[  34.837]       <<< RX chan1 40B: 80000024830d000000000000fbfdf70d000000000001eaecffff5b0500003cfc...
[quic] DATAGRAM 33B: 034041008305100dfd7501000000000dfd75010000000000000000010000000000
[  34.856]       <<< RX chan1 99B: 8000005f830701109754005b14000701109754005614010701109754005b1400...
[  34.873]       <<< RX chan1 61B: 80000039830d000000000001e6ecffff590500003cfcffff0d00000000030d00...
[  34.888]       <<< RX chan1 72B: 80000044830701109754005b14000701109754005614010701109754005b1400...
[  34.903]       <<< RX chan1 30B: 8000001a830d000000000001e3ecffff580500003bfcffff2390ac590000
[  34.924]       <<< RX chan1 58B: 800000368307041fa9452a5b140007041fa9452a5614010d000000000001e2ec...
[  34.938]       <<< RX chan1 54B: 80000032830701109754005b14000701109754005614010d000000000001e0ec...
[  34.955]       <<< RX chan1 30B: 8000001a830d000000000001dfecffff550500003afcffff239cac590000
[  34.972]       <<< RX chan1 40B: 80000024831b01000000015ee754000d000000000001ddecffff540500003afc...
[  34.987]       <<< RX chan1 121B: 80000075830d00000000000001fd000d000000000001dbecffff5305000039fc...
[  35.004]       <<< RX chan1 36B: 80000020830d000000000001daecffff5205000039fcffff0d000000000123a8...
[  35.021]       <<< RX chan1 64B: 8000003c830701c1be54005a14000000000000000000000000000000000d0000...
[  35.039]       <<< RX chan1 40B: 80000024831b0100000004b8b0313f0d000000000001d7ecffff5105000039fc...
[  35.055]       <<< RX chan1 56B: 80000034830d000000000000fbfcf60d00000000020d000000000001d5ecffff...
[  35.071]       <<< RX chan1 36B: 80000020830d000000000001d3ecffff4f05000038fcffff0d000000000323b8...
[  35.090]       <<< RX chan1 66B: 8000003e830701b28254005b14000701b28254005614010701769454005b1400...
[  35.105]       <<< RX chan1 42B: 800000268301042941b0640101bbe654000d000000000001d0ecffff4d050000...
[  35.123]       <<< RX chan1 59B: 800000378323c0ac59000701109754005b14000701109754005614010d000000...
[  35.137]       <<< RX chan1 36B: 80000020830d000000000001cdecffff4b05000037fcffff0d000000000123c8...
[  35.156]       <<< RX chan1 36B: 80000020830d000000000001ccecffff4b05000036fcffff0d000000000223cc...
[  35.171]       <<< RX chan1 30B: 8000001a830d000000000001caecffff4a05000036fcffff23d0ac590000
[  35.188]       <<< RX chan1 46B: 8000002a830d000000000001c8ecffff4905000036fcffff0d00000000030d00...
[  35.204]       <<< RX chan1 36B: 80000020830d000000000001c7ecffff4805000035fcffff0d000000000223d8...
[  35.221]       <<< RX chan1 56B: 80000034830d000000000000fafbf60d00000000030d000000000000fafcf60d...
[  35.238]       <<< RX chan1 64B: 8000003c830701c1be54005a14000000000000000000000000000000000d0000...
[  35.255]       <<< RX chan1 70B: 80000042830701c1be54005a14000000000000000000000000000000000d0000...
[  35.273]       <<< RX chan1 95B: 8000005b830701c1be54005a14000000000000000000000000000000001b0100...
[  35.288]       <<< RX chan1 42B: 80000026830101b0aa53000d000000000001bfecffff4305000034fcffff0d00...
[  35.305]       <<< RX chan1 72B: 80000044830701c1be54005a1400000000000000000000000000000000070451...
[  35.323]       <<< RX chan1 30B: 8000001a830d000000000001bcecffff4205000033fcffff23f4ac590000
[  35.337]       <<< RX chan1 48B: 8000002c830701129754005b14000701129754005614010d000000000001baec...
[  35.356]       <<< RX chan1 325B: 800001418302042bb2a04b5002ff000000c07f0000803f00000000051e244174...
[quic] DATAGRAM 33B: 0340420083051010ff75010000000010ff75010000000000000000010000000000
[  35.370]       <<< RX chan1 73B: 80000045830d000000000000fafaf60d00000000030d000000000001b7ecffff...
[  35.387]       <<< RX chan1 36B: 80000020830d000000000001b5ecffff3e05000032fcffff0d00000000032304...
[  35.406]       <<< RX chan1 92B: 80000058831b050000000484a43c1b04afc0b255047f911202041fa9452a04f5...
[  35.421]       <<< RX chan1 118B: 80000072830701c1be54005a1400000000000000000000000000000000070110...
[  35.438]       <<< RX chan1 46B: 8000002a830d00000000000001fb000d000000000001b1ecffff3b05000031fc...
[  35.454]       <<< RX chan1 60B: 80000038830701c1be54005a14000000000000000000000000000000000d0000...
[  35.470]       <<< RX chan1 61B: 80000039830d000000000001adecffff3a05000030fcffff0d00000000030d00...
[  35.488]       <<< RX chan1 48B: 8000002c830701c0be54005b14000701c0be54005614010d000000000001acec...
[  35.504]       <<< RX chan1 84B: 80000050830701c1be54005a14000000000000000000000000000000000701c1...
[  35.520]       <<< RX chan1 85B: 80000051830701129754005a14000000000000000000000000000000001b0400...
[  35.538]       <<< RX chan1 74B: 80000046830701c1be54005a14000000000000000000000000000000001b0100...
[  35.555]       <<< RX chan1 30B: 8000001a830d000000000001a6ecffff350500002ffcffff232cad590000
[  35.571]       <<< RX chan1 30B: 8000001a830d000000000001a4ecffff340500002ffcffff2330ad590000
[  35.591]       <<< RX chan1 36B: 80000020830d000000000001a2ecffff330500002efcffff0d00000000032334...
[  35.604]       <<< RX chan1 30B: 8000001a830d000000000001a1ecffff320500002efcffff2338ad590000
[  35.623]       <<< RX chan1 61B: 80000039831b02000000048b38673204a636620c0d00000000000001fa000d00...
[  35.639]       <<< RX chan1 78B: 8000004a830701129754005a140000000000000000000000000000000007042f...
[  35.654]       <<< RX chan1 30B: 8000001a830d0000000000019cecffff300500002dfcffff2344ad590000
[  35.672]       <<< RX chan1 36B: 80000020830d0000000000019aecffff2f0500002dfcffff0d00000000032348...
[  35.688]       <<< RX chan1 70B: 80000042830701c1be54005a14000000000000000000000000000000000d0000...
[  35.705]       <<< RX chan1 36B: 80000020830d00000000000197ecffff2d0500002cfcffff0d00000000032350...
[  35.721]       <<< RX chan1 55B: 80000033831b04000000042df6c21f045a23d86104bb1cd44404d07f607e0d00...
[  35.737]       <<< RX chan1 36B: 80000020830d00000000000194ecffff2b0500002bfcffff0d00000000022358...
[  35.756]       <<< RX chan1 54B: 80000032830701769454005a14000000000000000000000000000000000d0000...
[  35.772]       <<< RX chan1 40B: 80000024830d000000000000faf8f40d00000000000191ecffff290500002bfc...
[  35.788]       <<< RX chan1 105B: 80000065830701769454005a14000000000000000000000000000000001b0100...
[  35.804]       <<< RX chan1 60B: 80000038830701769454005a1400000000000000000000000000000000010196...
[  35.822]       <<< RX chan1 36B: 80000020830d0000000000018cecffff260500002afcffff0d0000000001236c...
[  35.837]       <<< RX chan1 60B: 80000038830701769454005a14000000000000000000000000000000000d0000...
[  35.854]       <<< RX chan1 54B: 80000032830701129754005a14000000000000000000000000000000000d0000...
[  35.870]       <<< RX chan1 30B: 8000001a830d00000000000188ecffff2405000029fcffff2378ad590000
[quic] DATAGRAM 33B: 034043008305101301760100000000130176010000000000000000010000000000
[  35.886]       <<< RX chan1 57B: 80000035830d00000000000186ecffff2305000029fcffff0510130176010000...
[  35.903]       <<< RX chan1 61B: 80000039830d00000000000184ecffff2205000028fcffff0d00000000030d00...
[  35.920]       <<< RX chan1 30B: 8000001a830d00000000000183ecffff2105000028fcffff2384ad590000
[  35.938]       <<< RX chan1 30B: 8000001a830d00000000000181ecffff2005000028fcffff2388ad590000
[  35.954]       <<< RX chan1 46B: 8000002a830d00000000000001f8000d00000000000180ecffff1f05000027fc...
[  35.970]       <<< RX chan1 30B: 8000001a830d0000000000017eecffff1e05000027fcffff2390ad590000
[  35.989]       <<< RX chan1 283B: 80000117831b020000000114e754000115e7540003019c825400a12700019b82...
[  36.005]       <<< RX chan1 70B: 80000042830701769454005a14000000000000000000000000000000001b0100...
[  36.019]       <<< RX chan1 350B: 8000015a830204fc7fac505002ff000000c07f0000803f0000803f0512244174...
[  36.036]       <<< RX chan1 61B: 80000039831b0400000004390a9f7104508de3380484c5231104f85b73720d00...
[  36.054]       <<< RX chan1 36B: 80000020830d00000000000176ecffff1905000026fcffff0d000000000123a4...
[  36.070]       <<< RX chan1 42B: 800000268301042edfa9730d00000000000175ecffff1805000025fcffff0d00...
[  36.088]       <<< RX chan1 30B: 8000001a830d00000000000173ecffff1805000025fcffff23acad590000
[  36.105]       <<< RX chan1 54B: 80000032830701769454005b14000701769454005614010d00000000000171ec...
[  36.120]       <<< RX chan1 35B: 8000001f8323b0ad59000d00000000000170ecffff1605000024fcffff23b4ad...
[  36.136]       <<< RX chan1 55B: 80000033831b04000000044fc29f6804c69e0f70045543e075049dc767170d00...
[  36.155]       <<< RX chan1 30B: 8000001a830d0000000000016decffff1405000024fcffff23bcad590000
[  36.171]       <<< RX chan1 64B: 8000003c831b010000000451dfc7590704b09345405b14000704b09345405614...
[  36.186]       <<< RX chan1 36B: 80000020830d00000000000169ecffff1205000023fcffff0d000000000323c4...
[  36.203]       <<< RX chan1 40B: 80000024831b0100000001eee754000d00000000000168ecffff1105000023fc...
[  36.220]       <<< RX chan1 36B: 80000020830d00000000000166ecffff1005000022fcffff0d000000000223cc...
[  36.238]       <<< RX chan1 307B: 8000012f831b050000000417f6875004742b1e43044d8e491b042f95935d04e0...
[  36.253]       <<< RX chan1 30B: 8000001a830d00000000000163ecffff0e05000022fcffff23d4ad590000
[  36.271]       <<< RX chan1 60B: 80000038830701129754005a14000000000000000000000000000000000d0000...
[  36.286]       <<< RX chan1 30B: 8000001a830d00000000000160ecffff0c05000021fcffff23dcad590000
[  36.302]       <<< RX chan1 36B: 80000020830d0000000000015eecffff0b05000021fcffff0d000000000323e0...
[  36.319]       <<< RX chan1 36B: 80000020830d0000000000015decffff0a05000021fcffff0d000000000123e4...
[  36.336]       <<< RX chan1 36B: 80000020830d0000000000015becffff0905000020fcffff0d000000000123e8...
[  36.353]       <<< RX chan1 36B: 80000020830d0000000000015aecffff0805000020fcffff0d000000000123ec...
[  36.370]       <<< RX chan1 36B: 80000020830d00000000000158ecffff0705000020fcffff0d000000000123f0...
[quic] DATAGRAM 33B: 034044008305100903760100000000090376010000000000000000010000000000
[  36.389]       <<< RX chan1 382B: 8000017a831b010000000107e854001b0400000001f5e0540001f6e0540001f7...
[  36.406]       <<< RX chan1 152B: 80000094830101eddd5400020137e854004f01090167ba54000a0171bb5400ff...
[  36.420]       <<< RX chan1 36B: 80000020830d00000000000153ecffff050500001ffcffff0d000000000323fc...
[  36.435]       <<< RX chan1 36B: 80000020830d00000000000152ecffff040500001efcffff0d00000000022300...
[  36.454]       <<< RX chan1 72B: 80000044830701769454005a14000000000000000000000000000000000704e8...
[  36.471]       <<< RX chan1 30B: 8000001a830d0000000000014fecffff020500001efcffff2308ae590000
[  36.486]       <<< RX chan1 36B: 80000020830d0000000000014decffff010500001dfcffff0d0000000002230c...
[  36.504]       <<< RX chan1 36B: 80000020830d0000000000014becffff000500001dfcffff0d00000000032310...
[  36.521]       <<< RX chan1 30B: 8000001a830d0000000000014aecffffff0400001dfcffff2314ae590000
[  36.536]       <<< RX chan1 36B: 80000020830d00000000000148ecfffffe0400001cfcffff0d00000000022318...
[  36.553]       <<< RX chan1 40B: 80000024831b010000000122e854000d00000000000147ecfffffd0400001cfc...
[  36.570]       <<< RX chan1 30B: 8000001a830d00000000000145ecfffffc0400001cfcffff2320ae590000
[  36.587]       <<< RX chan1 36B: 80000020830d00000000000143ecfffffb0400001cfcffff0d00000000032324...
[  36.605]       <<< RX chan1 30B: 8000001a830d00000000000142ecfffffa0400001bfcffff2328ae590000
[  36.620]       <<< RX chan1 60B: 80000038830701c0be54005a14000000000000000000000000000000000d0000...
[  36.641]       <<< RX chan1 30B: 8000001a830d0000000000013fecfffff80400001bfcffff2330ae590000
[  36.653]       <<< RX chan1 54B: 80000032830701c1be54005b14000701c1be54005614010d0000000000013dec...
[  36.671]       <<< RX chan1 96B: 8000005c830701769454005a1400000000000000000000000000000000070176...
[  36.687]       <<< RX chan1 84B: 80000050830701c1be54005b14000701c1be54005614010704b27d363a5b1400...
[  36.703]       <<< RX chan1 137B: 80000085831b010000000136e854000d000000000000fefefe0d00000000020d...
[  36.721]       <<< RX chan1 36B: 80000020830d00000000000137ecfffff304000019fcffff0d00000000012344...
[  36.737]       <<< RX chan1 78B: 8000004a830701c1be54005b14000701c1be54005614010701769454005a1400...
[  36.754]       <<< RX chan1 85B: 80000051830701769454005a14000000000000000000000000000000000d0000...
[  36.770]       <<< RX chan1 106B: 8000006683020166e85400cb00ff0000247449010000404104c02528c30040e6...
[  36.792]       <<< RX chan1 61B: 80000039830d00000000000130ecffffef04000018fcffff0d00000000030d00...
[  36.805]       <<< RX chan1 126B: 8000007a830701769454005a14000000000000000000000000000000000701c1...
[  36.823]       <<< RX chan1 36B: 80000020830d0000000000012decffffee04000017fcffff0d0000000003235c...
[  36.839]       <<< RX chan1 58B: 80000036830701c1be54005b14000701c1be54005614011b010000000145e854...
[  36.856]       <<< RX chan1 30B: 8000001a830d0000000000012aecffffec04000017fcffff2364ae590000
[  36.872]       <<< RX chan1 30B: 8000001a830d00000000000129ecffffeb04000016fcffff2368ae590000
[quic] DATAGRAM 33B: 03404500830510fe04760100000000fe0476010000000000000000010000000000
[  36.894]       <<< RX chan1 1154B: 800016c983030100e65400a1270101d5e35400020171e854002902ffff0101e6...
[  36.894]       <<< RX chan1 1154B: fafb5c466f374fceddd6344fc4784d913d69d0948df847f17db6a20343b92d91...
[  36.894]       <<< RX chan1 1154B: 914287e4ffbb5bcf2718025b5069d4f915048658102974ec1906f6ff19b8a2d0...
[  36.894]       <<< RX chan1 1154B: ac7c44a1ee2c830ab8d3189677460a4757fd7dfe8299da02bcf0129a2316b528...
[  36.894]       <<< RX chan1 1154B: b6e039d92f47fb6e0aabf0662e3afe6b82d754183e20cfc56a4f06d458f6ae8d...
[  36.894]       <<< RX chan1 67B: b62acbb8058b999114f6ee652d14042327b380fa48ce69617d582d0eb2b2f111...
[  36.894]       <<< RX chan1 11B: 8000000783236cae590000
[  36.907]       <<< RX chan1 152B: 80000094830204af7c67735002ff000000c07f0000803f000000000518244174...
[  36.921]       <<< RX chan1 152B: 80000094830d00000000000124ecffffe804000015fcffff0d00000000020d00...
[  36.939]       <<< RX chan1 72B: 80000044830701769454005a14000000000000000000000000000000000701c1...
[  36.956]       <<< RX chan1 167B: 800000a3830701769454005a14000000000000000000000000000000001b0100...
[  36.970]       <<< RX chan1 72B: 8000004483070102e654005b1400070102e65400561401070102e654005b1400...
[  36.989]       <<< RX chan1 30B: 8000001a830d0000000000011eecffffe404000014fcffff2384ae590000
[  37.004]       <<< RX chan1 193B: 800000bd830701129754005a1400000000000000000000000000000000070102...
[  37.021]       <<< RX chan1 107B: 80000067830701129754005b1400070112975400561401070102e654005b1400...
[  37.038]       <<< RX chan1 48B: 8000002c830701129754005b14000701129754005614010d00000000000119ec...
[  37.055]       <<< RX chan1 54B: 80000032830701769454005a14000000000000000000000000000000000d0000...
[  37.072]       <<< RX chan1 40B: 80000024831b010000000164e854000d00000000000116ecffffdf04000013fc...
[  37.088]       <<< RX chan1 66B: 8000003e83070102e654005b1400070102e654005614010701129754005b1400...
[  37.105]       <<< RX chan1 54B: 80000032830701129754005b14000701129754005614010d00000000000112ec...
[  37.122]       <<< RX chan1 35B: 8000001f8323a0ae59000d00000000000111ecffffdc04000012fcffff23a4ae...
[  37.138]       <<< RX chan1 364B: 80000168830d00000000000001fe010d0000000000010fecffffdb04000011fc...
[  37.156]       <<< RX chan1 98B: 8000005e830701129754005b14000701129754005614010701769454005a1400...
[  37.171]       <<< RX chan1 40B: 80000024830d0000000000010cecffffd904000011fcffff0d000000000000fd...
[  37.187]       <<< RX chan1 36B: 80000020830d0000000000010becffffd804000010fcffff0d000000000223b4...
[  37.204]       <<< RX chan1 30B: 8000001a830d00000000000109ecffffd704000010fcffff23b8ae590000
[  37.222]       <<< RX chan1 402B: 8000018e83070102e654005b1400070102e654005614010d000000000000fdfe...
[  37.238]       <<< RX chan1 36B: 80000020830d00000000000106ecffffd50400000ffcffff0d000000000223c0...
[  37.255]       <<< RX chan1 30B: 8000001a830d00000000000104ecffffd40400000ffcffff23c4ae590000
[  37.273]       <<< RX chan1 48B: 8000002c830704e60b606d5b14000704e60b606d5614010d00000000000103ec...
[  37.288]       <<< RX chan1 317B: 80000139830701129754005a14000000000000000000000000000000001b0200...
[  37.304]       <<< RX chan1 74B: 80000046830701129754005b14000701129754005614010d000000000000fe03...
[  37.320]       <<< RX chan1 65B: 8000003d831b0100000004e8006d771b04000000048810ed65046b6fac6104b7...
[  37.337]       <<< RX chan1 30B: 8000001a830d000000000001fcebffffcf0400000efcffff23d8ae590000
[  37.353]       <<< RX chan1 126B: 8000007a830701c1be54005a14000000000000000000000000000000000701c1...
[  37.369]       <<< RX chan1 54B: 80000032830701769454005a14000000000000000000000000000000000d0000...
[  37.387]       <<< RX chan1 40B: 80000024830d000000000001f8ebffffcc0400000dfcffff0d000000000000fc...
[quic] DATAGRAM 33B: 034046008305100007760100000000000776010000000000000000010000000000
[  37.402]       <<< RX chan1 87B: 80000053830701c1be54005a14000000000000000000000000000000000d0000...
[  37.420]       <<< RX chan1 36B: 80000020830d000000000001f4ebffffca0400000cfcffff0d000000000323ec...
[  37.437]       <<< RX chan1 54B: 80000032830701c1be54005a14000000000000000000000000000000000d0000...
[  37.453]       <<< RX chan1 60B: 80000038830701c1be54005a14000000000000000000000000000000000d0000...
[  37.469]       <<< RX chan1 66B: 8000003e830d00000000000001fc010d000000000001f0ebffffc70400000bfc...
[  37.486]       <<< RX chan1 88B: 80000054830701769454005a14000000000000000000000000000000000701c1...
[  37.505]       <<< RX chan1 71B: 80000043830d000000000000fefbff0d000000000001ecebffffc50400000afc...
[  37.519]       <<< RX chan1 30B: 8000001a830d000000000001ebebffffc40400000afcffff2304af590000
[  37.536]       <<< RX chan1 46B: 8000002a830d000000000000fdfdfe0d000000000001e9ebffffc30400000afc...
[  37.553]       <<< RX chan1 56B: 80000034831b0100000004b27d363a0d00000000000001fc010d000000000001...
[  37.569]       <<< RX chan1 30B: 8000001a830d000000000001e6ebffffc104000009fcffff2310af590000
[  37.588]       <<< RX chan1 30B: 8000001a830d000000000001e5ebffffc004000009fcffff2314af590000
[  37.604]       <<< RX chan1 64B: 8000003c830701c1be54005a14000000000000000000000000000000000d0000...
[  37.621]       <<< RX chan1 78B: 8000004a830701c1be54005a14000000000000000000000000000000000704fa...
[  37.637]       <<< RX chan1 259B: 800000ff831b020000000173e854000174e85400030100e65400a1270001ede5...
[  37.652]       <<< RX chan1 30B: 8000001a830d000000000001deebffffbc04000008fcffff2324af590000
[  37.672]       <<< RX chan1 382B: 8000017a830d000000000000ff04010d00000000000001fe010d000000000001...
[  37.687]       <<< RX chan1 56B: 80000034830d000000000000fe05010d00000000030d000000000000fefaff0d...
[  37.703]       <<< RX chan1 60B: 80000038830701c1be54005a14000000000000000000000000000000000d0000...
[  37.720]       <<< RX chan1 36B: 80000020830d000000000001d8ebffffb804000006fcffff0d00000000022334...
[  37.737]       <<< RX chan1 36B: 80000020830d000000000001d6ebffffb704000006fcffff0d00000000032338...
[  37.753]       <<< RX chan1 40B: 80000024830d00000000000001fa010d000000000001d5ebffffb604000006fc...
[  37.770]       <<< RX chan1 46B: 8000002a831b0100000004f73c5e720d000000000001d3ebffffb504000005fc...
[  37.786]       <<< RX chan1 64B: 8000003c830701c1be54005a14000000000000000000000000000000000d0000...
[  37.803]       <<< RX chan1 54B: 80000032830701c1be54005a14000000000000000000000000000000000d0000...
[  37.819]       <<< RX chan1 70B: 80000042830701c1be54005a14000000000000000000000000000000000d0000...
[  37.838]       <<< RX chan1 30B: 8000001a830d000000000001cdebffffb104000004fcffff2350af590000
[  37.854]       <<< RX chan1 354B: 8000015e830701c1be54005a14000000000000000000000000000000000701c1...
[  37.870]       <<< RX chan1 64B: 8000003c830701c1be54005a14000000000000000000000000000000000d0000...
[  37.886]       <<< RX chan1 64B: 8000003c830701c1be54005a14000000000000000000000000000000000d0000...
[quic] DATAGRAM 33B: 03404700830510f408760100000000f40876010000000000000000010000000000
[  37.903]       <<< RX chan1 73B: 80000045830d000000000000ff06010d000000000001c6ebffffad04000003fc...
[  37.920]       <<< RX chan1 30B: 8000001a830d000000000001c5ebffffac04000003fcffff2364af590000
[  37.937]       <<< RX chan1 121B: 80000075830d000000000001c3ebffffaa04000002fcffff0d00000000030d00...
[  37.953]       <<< RX chan1 36B: 80000020830d000000000001c2ebffffa904000002fcffff0d0000000001236c...
[  37.970]       <<< RX chan1 88B: 80000054830701129754005a140000000000000000000000000000000007043a...
[  37.987]       <<< RX chan1 61B: 80000039830d000000000001bfebffffa704000001fcffff0d00000000010d00...
[  38.004]       <<< RX chan1 56B: 80000034830d00000000000001f8010d000000000000fdfbfe0d000000000001...
[  38.021]       <<< RX chan1 101B: 80000061830201ffe854005b01000151235400ff050763726561746f72ff010d...
[  38.036]       <<< RX chan1 61B: 80000039830d000000000001baebffffa404000000fcffff0d00000000010d00...
[  38.054]       <<< RX chan1 30B: 8000001a830d000000000001b8ebffffa304000000fcffff2384af590000
[  38.070]       <<< RX chan1 54B: 80000032830701c1be54005a14000000000000000000000000000000000d0000...
[  38.087]       <<< RX chan1 60B: 80000038830701c1be54005a14000000000000000000000000000000000104db...
[  38.102]       <<< RX chan1 40B: 80000024830d00000000000000fb010d000000000001b4ebffffa0040000fffb...
[  38.120]       <<< RX chan1 35B: 8000001f832390af59000d000000000001b2ebffff9f040000fffbffff2394af...
[  38.137]       <<< RX chan1 62B: 8000003a831b0100000004e60b606d010449bb3d2c0d00000000000000fb010d...
[  38.153]       <<< RX chan1 30B: 8000001a830d000000000001afebffff9d040000fefbffff239caf590000
[  38.172]       <<< RX chan1 40B: 80000024830d000000000000ff07010d000000000001adebffff9c040000fefb...
[  38.187]       <<< RX chan1 30B: 8000001a830d000000000001acebffff9b040000fefbffff23a4af590000
[  38.204]       <<< RX chan1 46B: 8000002a830d000000000000fdfafe0d000000000001aaebffff9a040000fdfb...
[  38.220]       <<< RX chan1 46B: 8000002a830d000000000001a8ebffff99040000fdfbffff0d00000000030d00...
[  38.236]       <<< RX chan1 30B: 8000001a830d000000000001a7ebffff98040000fdfbffff23b0af590000
[  38.253]       <<< RX chan1 36B: 80000020830d000000000001a5ebffff97040000fcfbffff0d000000000223b4...
[  38.270]       <<< RX chan1 40B: 80000024830d000000000001a4ebffff96040000fcfbffff0d000000000000fc...
[  38.286]       <<< RX chan1 30B: 8000001a830d000000000001a2ebffff95040000fcfbffff23bcaf590000
[  38.302]       <<< RX chan1 36B: 80000020830d000000000001a1ebffff94040000fbfbffff0d000000000223c0...
[  38.319]       <<< RX chan1 30B: 8000001a830d0000000000019febffff93040000fbfbffff23c4af590000
[  38.336]       <<< RX chan1 36B: 80000020830d0000000000019debffff92040000fbfbffff0d000000000323c8...
[  38.353]       <<< RX chan1 46B: 8000002a830d0000000000019cebffff90040000fbfbffff0d00000000010d00...
[  38.369]       <<< RX chan1 46B: 8000002a830d000000000000fdf9fe0d0000000000019aebffff8f040000fafb...
[  38.387]       <<< RX chan1 36B: 80000020830d00000000000199ebffff8e040000fafbffff0d000000000123d4...
[quic] DATAGRAM 33B: 03404800830510e80a760100000000e80a76010000000000000000010000000000
[  38.403]       <<< RX chan1 63B: 8000003b830d00000000000197ebffff8d040000fafbffff0d00000000010510...
[  38.420]       <<< RX chan1 61B: 80000039830d00000000000195ebffff8c040000f9fbffff0d00000000030d00...
[  38.435]       <<< RX chan1 30B: 8000001a830d00000000000194ebffff8b040000f9fbffff23e0af590000
[  38.453]       <<< RX chan1 78B: 8000004a830701129754005a14000000000000000000000000000000000701c1...
[  38.469]       <<< RX chan1 46B: 8000002a830d00000000000191ebffff89040000f8fbffff0d00000000020d00...
[  38.487]       <<< RX chan1 40B: 80000024831b0100000004fabd8e280d0000000000018febffff88040000f8fb...
[  38.507]       <<< RX chan1 48B: 8000002c830704e0c93f195b14000704e0c93f195614010d0000000000018eeb...
[  38.520]       <<< RX chan1 71B: 80000043831b0400000004a6b5615b04e6f89869043d298c0904c7aa8c700d00...
[  38.536]       <<< RX chan1 36B: 80000020830d0000000000018aebffff85040000f7fbffff0d000000000323f8...
[  38.553]       <<< RX chan1 36B: 800000208301042736173c0d00000000000189ebffff84040000f7fbffff23fc...
[  38.570]       <<< RX chan1 30B: 8000001a830d00000000000187ebffff83040000f7fbffff2300b0590000
[  38.586]       <<< RX chan1 30B: 8000001a830d00000000000186ebffff82040000f6fbffff2304b0590000
[  38.604]       <<< RX chan1 30B: 8000001a830d00000000000184ebffff81040000f6fbffff2308b0590000
[  38.621]       <<< RX chan1 36B: 80000020830d00000000000182ebffff80040000f6fbffff0d0000000003230c...
[  38.637]       <<< RX chan1 54B: 80000032830701c1be54005a14000000000000000000000000000000000d0000...
[  38.653]       <<< RX chan1 91B: 80000057830701c1be54005a14000000000000000000000000000000000104a3...
[  38.671]       <<< RX chan1 36B: 80000020830d0000000000017eebffff7c040000f5fbffff0d00000000012318...
[  38.687]       <<< RX chan1 133B: 80000081830701c1be54005a14000000000000000000000000000000000701c1...
[  38.703]       <<< RX chan1 396B: 80000188830701c1be54005a14000000000000000000000000000000000d0000...
[  38.720]       <<< RX chan1 40B: 80000024830d00000000000179ebffff79040000f4fbffff0d000000000000fb...
[  38.737]       <<< RX chan1 61B: 80000039830d00000000000177ebffff78040000f3fbffff0d00000000030d00...
[  38.753]       <<< RX chan1 30B: 8000001a830d00000000000176ebffff77040000f3fbffff232cb0590000
[  38.769]       <<< RX chan1 30B: 8000001a830d00000000000174ebffff76040000f3fbffff2330b0590000
[  38.785]       <<< RX chan1 48B: 8000002c8301044a1f6b7c010101e854000d00000000000173ebffff75040000...
[  38.802]       <<< RX chan1 30B: 8000001a830d00000000000171ebffff74040000f2fbffff2338b0590000
[  38.822]       <<< RX chan1 126B: 8000007a830101b98054000301f4e05300ec1601001b0100000001f7e0530001...
[  38.836]       <<< RX chan1 88B: 80000054830701129754005a14000000000000000000000000000000000701c1...
[  38.853]       <<< RX chan1 36B: 80000020830d0000000000016cebffff71040000f1fbffff0d00000000032344...
[  38.869]       <<< RX chan1 30B: 8000001a830d0000000000016bebffff70040000f1fbffff2348b0590000
[  38.886]       <<< RX chan1 36B: 80000020830d00000000000169ebffff6e040000f1fbffff0d0000000001234c...
[  38.902]       <<< RX chan1 60B: 80000038830701c1be54005a14000000000000000000000000000000000d0000...
[quic] DATAGRAM 33B: 03404900830510ed0c760100000000ed0c76010000000000000000010000000000
[  38.920]       <<< RX chan1 97B: 8000005d831b02000000046e648433040e6e67731b04000000043ad9f40c0450...
[  38.936]       <<< RX chan1 36B: 80000020830d00000000000164ebffff6b040000f0fbffff0d00000000032358...
[  38.954]       <<< RX chan1 36B: 80000020830d00000000000163ebffff6a040000effbffff0d0000000002235c...
[  38.970]       <<< RX chan1 59B: 80000037831b0200000001d0e8540001d1e854000301f8e55400a1270001ede5...
[  38.987]       <<< RX chan1 296B: 8000012483020460c93a482b00ff0020636d4280178c41a00a3542020615526f...
[  39.004]       <<< RX chan1 36B: 80000020830d0000000000015eebffff67040000eefbffff0d00000000022368...
[  39.020]       <<< RX chan1 46B: 8000002a831b0100000001ffe854000d0000000000015cebffff66040000eefb...
[  39.037]       <<< RX chan1 40B: 80000024830d000000000000fefdfc0d0000000000015bebffff65040000eefb...
[  39.054]       <<< RX chan1 61B: 80000039830d00000000000159ebffff64040000edfbffff0d00000000030d00...
[  39.069]       <<< RX chan1 40B: 80000024830d000000000000fb03050d00000000000158ebffff63040000edfb...
[  39.087]       <<< RX chan1 36B: 80000020830d00000000000156ebffff61040000edfbffff0d0000000001237c...
[  39.103]       <<< RX chan1 36B: 80000020830d00000000000155ebffff60040000edfbffff0d00000000012380...
[  39.120]       <<< RX chan1 35B: 8000001f832380b059000d00000000000153ebffff5f040000ecfbffff2384b0...
[  39.136]       <<< RX chan1 36B: 80000020830d00000000000151ebffff5e040000ecfbffff0d00000000032388...
[  39.153]       <<< RX chan1 42B: 8000002683010402eb7713010134e854000d00000000000150ebffff5d040000...
[  39.170]       <<< RX chan1 36B: 80000020830d0000000000014eebffff5c040000ebfbffff0d00000000022390...
[  39.186]       <<< RX chan1 30B: 8000001a830d0000000000014debffff5b040000ebfbffff2394b0590000
[  39.201]       <<< RX chan1 30B: 8000001a830d0000000000014bebffff5a040000ebfbffff2398b0590000
[  39.220]       <<< RX chan1 96B: 8000005c83020188e954005b01000151905400ff050763726561746f72ff0151...
[  39.236]       <<< RX chan1 30B: 8000001a830d00000000000148ebffff58040000eafbffff23a0b0590000
[  39.254]       <<< RX chan1 66B: 8000003e8302018ee954005b01000151905400ff050763726561746f72ff0151...
[  39.271]       <<< RX chan1 61B: 80000039830d00000000000145ebffff55040000e9fbffff0d00000000010d00...
[  39.286]       <<< RX chan1 52B: 80000030830d000000000000fdfcfc0d00000000030d00000000000143ebffff...
[  39.303]       <<< RX chan1 30B: 8000001a830d00000000000142ebffff53040000e9fbffff23b0b0590000
[  39.319]       <<< RX chan1 40B: 80000024830d000000000000fb02050d00000000000140ebffff52040000e9fb...
[  39.338]       <<< RX chan1 62B: 8000003a831b01000000040017c5140d000000000000fdfcfc0d00000000030d...
[  39.354]       <<< RX chan1 30B: 8000001a830d0000000000013debffff50040000e8fbffff23bcb0590000
[  39.370]       <<< RX chan1 30B: 8000001a830d0000000000013bebffff4f040000e8fbffff23c0b0590000
[  39.388]       <<< RX chan1 30B: 8000001a830d0000000000013aebffff4e040000e7fbffff23c4b0590000
[  39.403]       <<< RX chan1 54B: 80000032830701129754005a14000000000000000000000000000000000d0000...
[quic] DATAGRAM 33B: 03404a00830510e20e760100000000e20e76010000000000000000010000000000
[  39.421]       <<< RX chan1 57B: 80000035830d00000000000137ebffff4c040000e7fbffff0510e20e76010000...
[  39.436]       <<< RX chan1 61B: 80000039830d00000000000135ebffff4a040000e6fbffff0d00000000010d00...
[  39.453]       <<< RX chan1 36B: 80000020830d00000000000133ebffff49040000e6fbffff0d000000000323d4...
[  39.470]       <<< RX chan1 79B: 8000004b830701c1be54005a14000000000000000000000000000000001b0400...
[  39.487]       <<< RX chan1 52B: 80000030830d000000000000fdfbfc0d00000000030d00000000000130ebffff...
[  39.503]       <<< RX chan1 30B: 8000001a830d0000000000012febffff46040000e5fbffff23e0b0590000
[  39.520]       <<< RX chan1 30B: 8000001a830d0000000000012debffff45040000e5fbffff23e4b0590000
[  39.536]       <<< RX chan1 85B: 80000051830701c1be54005a14000000000000000000000000000000000d0000...
[  39.553]       <<< RX chan1 54B: 80000032830701c1be54005a14000000000000000000000000000000000d0000...
[  39.570]       <<< RX chan1 54B: 80000032830701c1be54005a14000000000000000000000000000000000d0000...
[  39.586]       <<< RX chan1 36B: 80000020830d00000000000127ebffff40040000e4fbffff0d000000000123f4...
[  39.602]       <<< RX chan1 30B: 8000001a830d00000000000125ebffff3f040000e3fbffff23f8b0590000
[  39.620]       <<< RX chan1 40B: 80000024830d000000000000fb01050d00000000000124ebffff3e040000e3fb...
[  39.637]       <<< RX chan1 60B: 80000038830201c4e954005b01000151905400ff050763726561746f72ff0151...
[  39.653]       <<< RX chan1 61B: 80000039830d00000000000120ebffff3c040000e2fbffff0d00000000030d00...
[  39.671]       <<< RX chan1 78B: 8000004a830701129754005a1400000000000000000000000000000000070112...
[  39.686]       <<< RX chan1 46B: 8000002a830d000000000000fdfafc0d00000000030d0000000000011debffff...
[  39.704]       <<< RX chan1 42B: 8000002683010166e854000d0000000000011cebffff39040000e1fbffff0d00...
[  39.720]       <<< RX chan1 36B: 80000020830d0000000000011aebffff37040000e1fbffff0d00000000012314...
[  39.736]       <<< RX chan1 85B: 80000051830701129754005a14000000000000000000000000000000000d0000...
[  39.754]       <<< RX chan1 60B: 80000038830701c1be54005a14000000000000000000000000000000000d0000...
[  39.771]       <<< RX chan1 84B: 80000050830701129754005a1400000000000000000000000000000000070112...
[  39.785]       <<< RX chan1 30B: 8000001a830d00000000000114ebffff33040000e0fbffff2324b1590000
[  39.802]       <<< RX chan1 30B: 8000001a830d00000000000112ebffff32040000e0fbffff2328b1590000
[  39.819]       <<< RX chan1 30B: 8000001a830d00000000000111ebffff31040000dffbffff232cb1590000
[  39.838]       <<< RX chan1 30B: 8000001a830d0000000000010febffff30040000dffbffff2330b1590000
[  39.853]       <<< RX chan1 125B: 80000079830701129754005a14000000000000000000000000000000000701c1...
[  39.870]       <<< RX chan1 391B: 80000183830d00000000000001fe000d000000000000fb00050d00000000020d...
[  39.886]       <<< RX chan1 30B: 8000001a830d0000000000010aebffff2c040000defbffff233cb1590000
[  39.902]       <<< RX chan1 30B: 8000001a830d00000000000109ebffff2b040000defbffff2340b1590000
[  39.920]       <<< RX chan1 36B: 80000020830d00000000000107ebffff2a040000ddfbffff0d00000000022344...
[quic] DATAGRAM 33B: 03404b00830510e510760100000000e51076010000000000000000010000000000
[  39.936]       <<< RX chan1 63B: 8000003b830d00000000000105ebffff29040000ddfbffff0d00000000030510...
[  39.954]       <<< RX chan1 54B: 80000032830701129754005a14000000000000000000000000000000000d0000...
[  39.970]       <<< RX chan1 61B: 80000039830d00000000000102ebffff27040000dcfbffff0d00000000030d00...
[  39.987]       <<< RX chan1 60B: 80000038830701129754005a14000000000000000000000000000000000d0000...
[  40.004]       <<< RX chan1 52B: 80000030830d000000000000fdf8fc0d00000000030d000000000001ffeaffff...
[  40.022]       <<< RX chan1 61B: 80000039831b04000000047cc0a82604ecb30d030450fc9f690487cd3d720d00...
[  40.037]       <<< RX chan1 40B: 80000024830d000000000000fa00060d000000000001fceaffff22040000dbfb...
[  40.055]       <<< RX chan1 60B: 80000038830701129754005a14000000000000000000000000000000000d0000...
[  40.071]       <<< RX chan1 46B: 8000002a830d000000000000faff060d00000000030d000000000001f9eaffff...
[  40.087]       <<< RX chan1 30B: 8000001a830d000000000001f7eaffff1f040000dafbffff236cb1590000
[  40.102]       <<< RX chan1 36B: 80000020830d000000000001f6eaffff1d040000dafbffff0d00000000012370...
[  40.119]       <<< RX chan1 41B: 80000025832370b159000d000000000001f4eaffff1c040000dafbffff0d0000...
[  40.135]       <<< RX chan1 60B: 80000038830701129754005a14000000000000000000000000000000000104be...
[  40.153]       <<< RX chan1 30B: 8000001a830d000000000001f1eaffff1a040000d9fbffff237cb1590000
[  40.170]       <<< RX chan1 36B: 80000020830d000000000001efeaffff19040000d9fbffff0d00000000032380...
[  40.187]       <<< RX chan1 46B: 8000002a830d00000000000001fd000d000000000001eeeaffff18040000d8fb...
[  40.202]       <<< RX chan1 30B: 8000001a830d000000000001eceaffff17040000d8fbffff2388b1590000
[  40.220]       <<< RX chan1 80B: 8000004c830701129754005a14000000000000000000000000000000001b0100...
[  40.237]       <<< RX chan1 61B: 80000039830d000000000001e9eaffff14040000d7fbffff0d00000000010d00...
[  40.254]       <<< RX chan1 56B: 80000034831b01000000018ee954000d000000000000fafe060d000000000001...
[  40.271]       <<< RX chan1 54B: 80000032830701129754005a14000000000000000000000000000000000d0000...
[  40.286]       <<< RX chan1 36B: 80000020830d000000000001e4eaffff11040000d6fbffff0d0000000002239c...
[  40.303]       <<< RX chan1 30B: 8000001a830d000000000001e3eaffff10040000d6fbffff23a0b1590000
[  40.320]       <<< RX chan1 30B: 8000001a830d000000000001e1eaffff0f040000d6fbffff23a4b1590000
[  40.338]       <<< RX chan1 36B: 80000020830d000000000001e0eaffff0d040000d6fbffff0d000000000123a8...
[  40.353]       <<< RX chan1 30B: 8000001a830d000000000001deeaffff0c040000d5fbffff23acb1590000
[  40.370]       <<< RX chan1 36B: 80000020830d000000000001dceaffff0b040000d5fbffff0d000000000323b0...
[  40.387]       <<< RX chan1 54B: 80000032830701129754005a14000000000000000000000000000000000d0000...
[  40.404]       <<< RX chan1 54B: 80000032830701119754005b14000701119754005614010d000000000001d9ea...
[  40.421]       <<< RX chan1 40B: 80000024830d000000000000fafd060d000000000001d8eaffff08040000d4fb...
[  40.436]       <<< RX chan1 46B: 8000002a830d00000000000001fc000d000000000001d6eaffff06040000d4fb...
[quic] DATAGRAM 33B: 03404c00830510eb12760100000000eb1276010000000000000000010000000000
[  40.454]       <<< RX chan1 156B: 800000988307046b0bba1a5b140007046b0bba1a5614010d000000000001d4ea...
[  40.471]       <<< RX chan1 30B: 8000001a830d000000000001d3eaffff04040000d3fbffff23c8b1590000
[  40.486]       <<< RX chan1 30B: 8000001a830d000000000001d1eaffff03040000d3fbffff23ccb1590000
[  40.504]       <<< RX chan1 36B: 80000020830d000000000001d0eaffff02040000d2fbffff0d000000000223d0...
[  40.520]       <<< RX chan1 30B: 8000001a830d000000000001ceeaffff01040000d2fbffff23d4b1590000
[  40.536]       <<< RX chan1 30B: 8000001a830d000000000001cdeaffff00040000d2fbffff23d8b1590000
[  40.551]       <<< RX chan1 36B: 80000020830d000000000001cbeafffffe030000d2fbffff0d000000000123dc...
[  40.570]       <<< RX chan1 36B: 80000020830d000000000001c9eafffffd030000d1fbffff0d000000000323e0...
[  40.586]       <<< RX chan1 40B: 80000024830d000000000000fafc060d000000000001c8eafffffc030000d1fb...
[  40.602]       <<< RX chan1 30B: 8000001a830d000000000001c6eafffffb030000d1fbffff23e8b1590000
[  40.620]       <<< RX chan1 42B: 80000026830104af798f550101ede854000d000000000001c5eafffffa030000...
[  40.637]       <<< RX chan1 50B: 8000002e831b0100000001c4e954000d00000000000001fb000d000000000001...
[  40.653]       <<< RX chan1 61B: 80000039830d000000000001c1eafffff7030000d0fbffff0d00000000030d00...
[  40.670]       <<< RX chan1 46B: 8000002a830d000000000000fafc070d000000000001c0eafffff6030000cffb...
[  40.687]       <<< RX chan1 36B: 80000020830d000000000001beeafffff5030000cffbffff0d000000000323fc...
[  40.702]       <<< RX chan1 30B: 8000001a830d000000000001bdeafffff4030000cffbffff2300b2590000
[  40.720]       <<< RX chan1 70B: 80000042830701129754005a14000000000000000000000000000000000d0000...
[  40.737]       <<< RX chan1 30B: 8000001a830d000000000001baeafffff2030000cefbffff2308b2590000
[  40.754]       <<< RX chan1 36B: 80000020830d000000000001b8eafffff0030000cefbffff0d0000000001230c...
[  40.771]       <<< RX chan1 61B: 80000039830d000000000001b6eaffffef030000cdfbffff0d00000000030d00...
[  40.786]       <<< RX chan1 30B: 8000001a830d000000000001b5eaffffee030000cdfbffff2314b2590000
[  40.803]       <<< RX chan1 30B: 8000001a830d000000000001b3eaffffed030000cdfbffff2318b2590000
[  40.820]       <<< RX chan1 40B: 80000024830d00000000000001fa000d000000000001b2eaffffec030000cdfb...
[  40.837]       <<< RX chan1 36B: 80000020830d000000000001b0eaffffea030000ccfbffff0d00000000012320...
[  40.854]       <<< RX chan1 71B: 80000043830d000000000000fafa070d000000000001aeeaffffe9030000ccfb...
[  40.869]       <<< RX chan1 30B: 8000001a830d000000000001adeaffffe8030000ccfbffff2328b2590000
[  40.887]       <<< RX chan1 36B: 80000020830d000000000001abeaffffe7030000cbfbffff0d0000000003232c...
[  40.904]       <<< RX chan1 30B: 8000001a830d000000000001aaeaffffe6030000cbfbffff2330b2590000
[  40.922]       <<< RX chan1 30B: 8000001a830d000000000001a8eaffffe5030000cbfbffff2334b2590000
[  40.937]       <<< RX chan1 61B: 80000039830d000000000001a7eaffffe3030000cafbffff0d00000000010d00...
[  40.955]       <<< RX chan1 30B: 8000001a830d000000000001a5eaffffe2030000cafbffff233cb2590000
[quic] DATAGRAM 33B: 03404d00830510ef14760100000000ef1476010000000000000000010000000000
[  40.970]       <<< RX chan1 63B: 8000003b830d000000000001a3eaffffe1030000cafbffff0d00000000030510...
[  40.986]       <<< RX chan1 56B: 80000034830d00000000000001f9000d000000000000faf9070d000000000001...
[  41.003]       <<< RX chan1 30B: 8000001a830d000000000001a0eaffffdf030000c9fbffff2348b2590000
[  41.020]       <<< RX chan1 36B: 80000020830d0000000000019feaffffdd030000c9fbffff0d0000000001234c...
[  41.037]       <<< RX chan1 36B: 80000020830d0000000000019deaffffdc030000c8fbffff0d00000000022350...
[  41.052]       <<< RX chan1 36B: 80000020830d0000000000019beaffffdb030000c8fbffff0d00000000032354...
[  41.071]       <<< RX chan1 30B: 8000001a830d0000000000019aeaffffda030000c8fbffff2358b2590000
[  41.087]       <<< RX chan1 36B: 80000020830d00000000000198eaffffd9030000c8fbffff0d0000000003235c...
[  41.104]       <<< RX chan1 30B: 8000001a830d00000000000197eaffffd8030000c7fbffff2360b2590000
[  41.119]       <<< RX chan1 51B: 8000002f832360b259000d000000000000faf8070d00000000000195eaffffd6...
[  41.138]       <<< RX chan1 30B: 8000001a830d00000000000194eaffffd5030000c7fbffff2368b2590000
[  41.155]       <<< RX chan1 46B: 8000002a830d00000000000001f8000d00000000000192eaffffd4030000c6fb...
[  41.172]       <<< RX chan1 36B: 80000020830d00000000000190eaffffd3030000c6fbffff0d00000000032370...
[  41.187]       <<< RX chan1 30B: 8000001a830d0000000000018feaffffd2030000c6fbffff2374b2590000
[  41.204]       <<< RX chan1 61B: 80000039830d0000000000018deaffffd0030000c5fbffff0d00000000010d00...
[  41.222]       <<< RX chan1 36B: 80000020830101a4aa53000d0000000000018ceaffffcf030000c5fbffff237c...
[  41.237]       <<< RX chan1 30B: 8000001a830d0000000000018aeaffffce030000c5fbffff2380b2590000
[  41.255]       <<< RX chan1 36B: 80000020830d00000000000189eaffffcd030000c4fbffff0d00000000022384...
[  41.271]       <<< RX chan1 36B: 80000020830104d435d82d0d00000000000187eaffffcc030000c4fbffff2388...
[  41.287]       <<< RX chan1 61B: 80000039830d00000000000185eaffffca030000c4fbffff0d00000000030d00...
[  41.303]       <<< RX chan1 48B: 8000002c830701c1be54005b14000701c1be54005614010d00000000000184ea...
[  41.321]       <<< RX chan1 30B: 8000001a830d00000000000182eaffffc8030000c3fbffff2394b2590000
[  41.338]       <<< RX chan1 30B: 8000001a830d00000000000181eaffffc7030000c3fbffff2398b2590000
[  41.353]       <<< RX chan1 66B: 8000003e830701c1be54005b14000701c1be54005614010701c1be54005b1400...
[  41.370]       <<< RX chan1 61B: 80000039830d0000000000017deaffffc4030000c2fbffff0d00000000030d00...
[  41.388]       <<< RX chan1 48B: 8000002c830701c1be54005b14000701c1be54005614010d0000000000017cea...
[  41.404]       <<< RX chan1 30B: 8000001a830d0000000000017aeaffffc2030000c2fbffff23a8b2590000
[  41.421]       <<< RX chan1 36B: 80000020830d00000000000179eaffffc1030000c1fbffff0d000000000223ac...
[  41.437]       <<< RX chan1 30B: 8000001a830d00000000000177eaffffc0030000c1fbffff23b0b2590000
[  41.453]       <<< RX chan1 36B: 80000020830d00000000000176eaffffbe030000c1fbffff0d000000000123b4...
[  41.470]       <<< RX chan1 36B: 80000020830d00000000000174eaffffbd030000c0fbffff0d000000000223b8...
[quic] DATAGRAM 33B: 03404e00830510f316760100000000f31676010000000000000000010000000000
[  41.486]       <<< RX chan1 63B: 8000003b830d00000000000172eaffffbc030000c0fbffff0d00000000030510...
[  41.505]       <<< RX chan1 30B: 8000001a830d00000000000171eaffffbb030000c0fbffff23c0b2590000
[  41.519]       <<< RX chan1 61B: 80000039830d0000000000016feaffffb9030000bffbffff0d00000000010d00...
[  41.537]       <<< RX chan1 30B: 8000001a830d0000000000016eeaffffb8030000bffbffff23c8b2590000
[  41.553]       <<< RX chan1 48B: 8000002c830701c1be54005b14000701c1be54005614010d0000000000016cea...
[  41.570]       <<< RX chan1 302B: 8000012a830204bfe0ec122b00ff00c07a2cc30030e03f80d567c2020615526f...
[  41.587]       <<< RX chan1 54B: 80000032830701c1be54005a14000000000000000000000000000000000d0000...
[  41.603]       <<< RX chan1 60B: 80000038830701c1be54005a14000000000000000000000000000000000d0000...
[  41.621]       <<< RX chan1 70B: 80000042830701c1be54005a14000000000000000000000000000000000d0000...
[  41.637]       <<< RX chan1 48B: 8000002c830701129754005b14000701129754005614010d00000000000164ea...
[  41.654]       <<< RX chan1 30B: 8000001a830d00000000000163eaffffb0030000bdfbffff23e4b2590000
[  41.670]       <<< RX chan1 54B: 80000032830701c1be54005a14000000000000000000000000000000000d0000...
[  41.687]       <<< RX chan1 111B: 8000006b830d0000000000015feaffffad030000bcfbffff0d00000000030d00...
[  41.703]       <<< RX chan1 30B: 8000001a830d0000000000015eeaffffac030000bcfbffff23f0b2590000
[  41.720]       <<< RX chan1 78B: 8000004a830701129754005a14000000000000000000000000000000000701c1...
[  41.738]       <<< RX chan1 36B: 80000020830d0000000000015beaffffaa030000bbfbffff0d000000000223f8...
[  41.754]       <<< RX chan1 64B: 8000003c830104faed7c77010165e954000d00000000000006fe000d00000000...
[  41.771]       <<< RX chan1 36B: 80000020830d00000000000157eaffffa7030000bbfbffff0d00000000032300...
[  41.786]       <<< RX chan1 52B: 80000030830d00000000000007fe000d00000000020d00000000000156eaffff...
[  41.803]       <<< RX chan1 36B: 80000020830d00000000000154eaffffa5030000bafbffff0d00000000032308...
[  41.820]       <<< RX chan1 30B: 8000001a830d00000000000153eaffffa4030000bafbffff230cb3590000
[  41.837]       <<< RX chan1 30B: 8000001a830d00000000000151eaffffa2030000bafbffff2310b3590000
[  41.853]       <<< RX chan1 54B: 80000032830701c1be54005a14000000000000000000000000000000000d0000...
[  41.869]       <<< RX chan1 62B: 8000003a830d00000000000006fd000d00000000030d00000000000006fd010d...
[  41.886]       <<< RX chan1 36B: 80000020830d0000000000014ceaffff9f030000b9fbffff0d0000000003231c...
[  41.902]       <<< RX chan1 61B: 80000039830d0000000000014beaffff9d030000b8fbffff0d00000000010d00...
[  41.921]       <<< RX chan1 30B: 8000001a830d00000000000149eaffff9c030000b8fbffff2324b3590000
[  41.936]       <<< RX chan1 30B: 8000001a830d00000000000148eaffff9b030000b8fbffff2328b3590000
[  41.954]       <<< RX chan1 36B: 80000020830d00000000000146eaffff9a030000b7fbffff0d0000000002232c...
[  41.970]       <<< RX chan1 61B: 80000039830d00000000000144eaffff98030000b7fbffff0d00000000030d00...
[  41.986]       <<< RX chan1 30B: 8000001a830d00000000000143eaffff97030000b7fbffff2334b3590000
[quic] DATAGRAM 33B: 03404f00830510f818760100000000f81876010000000000000000010000000000
[  42.003]       <<< RX chan1 214B: 800000d2831b01000000013ae654001b13000000014de65400014ee65400014f...
[  42.021]       <<< RX chan1 314B: 800001368302046ddd1b0e2b00ff0000126b42000e9c4120425042020615526f...
[  42.038]       <<< RX chan1 206B: 800000ca830701129754005a14000000000000000000000000000000000701c1...
[  42.055]       <<< RX chan1 30B: 8000001a830d0000000000013deaffff92030000b6fbffff2344b3590000
[  42.069]       <<< RX chan1 78B: 8000004a830701129754005a14000000000000000000000000000000000701c1...
[  42.086]       <<< RX chan1 36B: 80000020830d00000000000139eaffff90030000b5fbffff0d0000000003234c...
[  42.103]       <<< RX chan1 55B: 80000033831b040000000130e754000131e754000132e754000165e854000d00...
[  42.119]       <<< RX chan1 51B: 8000002f832350b359000d00000000000007fb000d00000000020d0000000000...
[  42.136]       <<< RX chan1 30B: 8000001a830d00000000000135eaffff8c030000b4fbffff2358b3590000
[  42.153]       <<< RX chan1 30B: 8000001a830d00000000000133eaffff8b030000b4fbffff235cb3590000
[  42.171]       <<< RX chan1 61B: 80000039830d00000000000131eaffff8a030000b3fbffff0d00000000030d00...
[  42.187]       <<< RX chan1 36B: 80000020830d00000000000130eaffff88030000b3fbffff0d00000000012364...
[  42.203]       <<< RX chan1 36B: 80000020830d0000000000012eeaffff87030000b3fbffff0d00000000032368...
[  42.220]       <<< RX chan1 52B: 80000030830d00000000000007fa000d00000000020d0000000000012deaffff...
[  42.237]       <<< RX chan1 30B: 8000001a830d0000000000012beaffff85030000b2fbffff2370b3590000
[  42.252]       <<< RX chan1 36B: 80000020830d0000000000012aeaffff83030000b2fbffff0d00000000012374...
[  42.269]       <<< RX chan1 36B: 80000020830d00000000000128eaffff82030000b1fbffff0d00000000022378...
[  42.287]       <<< RX chan1 36B: 80000020830d00000000000126eaffff81030000b1fbffff0d0000000003237c...
[  42.303]       <<< RX chan1 30B: 8000001a830d00000000000125eaffff80030000b1fbffff2380b3590000
[  42.320]       <<< RX chan1 46B: 8000002a830d00000000000008fa000d00000000000123eaffff7e030000b1fb...
[  42.336]       <<< RX chan1 46B: 8000002a830d00000000000007f9000d00000000030d00000000000122eaffff...
[  42.353]       <<< RX chan1 40B: 80000024831b0100000004b09345400d00000000000120eaffff7c030000b0fb...
[  42.370]       <<< RX chan1 30B: 8000001a830d0000000000011feaffff7b030000b0fbffff2390b3590000
[  42.386]       <<< RX chan1 378B: 80000176830d000000000000fcfeff0d00000000030d0000000000011deaffff...
[  42.403]       <<< RX chan1 36B: 80000020830d0000000000011beaffff78030000affbffff0d00000000032398...
[  42.421]       <<< RX chan1 45B: 80000029831b02000000047c9f2e3b04614c6c6d0d0000000000011aeaffff77...
[  42.436]       <<< RX chan1 36B: 80000020830d00000000000118eaffff76030000aefbffff0d000000000223a0...
[  42.453]       <<< RX chan1 40B: 80000024830d00000000000008f8000d00000000000117eaffff74030000aefb...
[  42.470]       <<< RX chan1 30B: 8000001a830d00000000000115eaffff73030000aefbffff23a8b3590000
[  42.486]       <<< RX chan1 61B: 80000039830d00000000000113eaffff72030000adfbffff0d00000000030d00...
[  42.504]       <<< RX chan1 36B: 80000020830d00000000000112eaffff70030000adfbffff0d000000000123b0...
[quic] DATAGRAM 33B: 03405000830510fc1a760100000000fc1a76010000000000000000010000000000
[  42.520]       <<< RX chan1 57B: 80000035830d00000000000110eaffff6f030000adfbffff0510fc1a76010000...
[  42.537]       <<< RX chan1 90B: 80000056830701c1be54005a14000000000000000000000000000000000701c1...
[  42.554]       <<< RX chan1 60B: 8000003883020160eb54005b01000151905400ff050763726561746f72ff0151...
[  42.570]       <<< RX chan1 150B: 80000092830701129754005a1400000000000000000000000000000000020165...
[  42.587]       <<< RX chan1 108B: 80000068830701c1be54005a14000000000000000000000000000000000701c1...
[  42.606]       <<< RX chan1 66B: 8000003e8302016deb54005b01000151905400ff050763726561746f72ff0151...
[  42.619]       <<< RX chan1 78B: 8000004a830701c1be54005a1400000000000000000000000000000000070112...
[  42.636]       <<< RX chan1 60B: 80000038830701129754005a14000000000000000000000000000000000d0000...
[  42.654]       <<< RX chan1 84B: 80000050830701129754005a1400000000000000000000000000000000070112...
[  42.670]       <<< RX chan1 30B: 8000001a830d00000000000102eaffff64030000aafbffff23d8b3590000
[  42.687]       <<< RX chan1 66B: 8000003e8302017aeb54005b01000151235400ff050763726561746f72ff010d...
[  42.702]       <<< RX chan1 46B: 8000002a830d000000000000fcfdff0d000000000001ffe9ffff61030000a9fb...
[  42.721]       <<< RX chan1 78B: 8000004a830701129754005a14000000000000000000000000000000000701c1...
[  42.740]       <<< RX chan1 642B: 8000027e83020182eb54005b01000151905400ff050763726561746f72ff0151...
[  42.754]       <<< RX chan1 463B: 800001cb83030181be54007d130101030178bd54007d13010103012cbe54007d...
[  42.772]       <<< RX chan1 176B: 800000ac830701129754005a140000000000000000000000000000000001018a...
[  42.787]       <<< RX chan1 152B: 800000948301018eeb5400020192eb54004f0109012dbe54000a01bebe5400ff...
[  42.804]       <<< RX chan1 182B: 800000b2830701c1be54005a1400000000000000000000000000000000010192...
[  42.823]       <<< RX chan1 188B: 800000b88302019beb54005b01000151235400ff050763726561746f72ff010d...
[  42.838]       <<< RX chan1 152B: 800000948301019ceb54000201a1eb54004f0109012dbe54000a01bebe5400ff...
[  42.855]       <<< RX chan1 176B: 800000ac830701129754005a14000000000000000000000000000000000101a1...
[  42.870]       <<< RX chan1 158B: 8000009a830101a5eb54000201a9eb54004f0109012dbe54000a01bebe5400ff...
[  42.888]       <<< RX chan1 158B: 8000009a830101a9eb54000201afeb54004f0109012dbe54000a01bebe5400ff...
[  42.904]       <<< RX chan1 176B: 800000ac830701129754005a14000000000000000000000000000000000101af...
[  42.920]       <<< RX chan1 183B: 800000b3830101b3eb54000201b7eb54004f0109012dbe54000a01bebe5400ff...
[  42.938]       <<< RX chan1 511B: 800001fb830101b7eb54000201bbeb54004f0109012dbe54000a01bebe5400ff...
[  42.954]       <<< RX chan1 152B: 80000094830101bbeb54000201c0eb54004f0109012dbe54000a01bebe5400ff...
[  42.971]       <<< RX chan1 168B: 800000a4830101c0eb54000201c4eb54004f0109012dbe54000a01bebe5400ff...
[  42.986]       <<< RX chan1 158B: 8000009a830101c4eb54000201c8eb54004f0109012dbe54000a01bebe5400ff...
[  43.003]       <<< RX chan1 158B: 8000009a830101c8eb54000201cceb54004f0109012dbe54000a01bebe5400ff...
[quic] DATAGRAM 33B: 03405100830510f11c760100000000f11c76010000000000000000010000000000
[  43.020]       <<< RX chan1 185B: 800000b5830101cceb54000201d0eb54004f0109012dbe54000a01bebe5400ff...
[  43.037]       <<< RX chan1 152B: 80000094830101d0eb54000201d4eb54004f0109012dbe54000a01bebe5400ff...
[  43.056]       <<< RX chan1 424B: 800001a48302044f70375c2b00ff00002144c3009c9c4000db8ec1020615526f...
[  43.070]       <<< RX chan1 152B: 80000094830101deeb54000201e2eb54004f0109012dbe54000a01bebe5400ff...
[  43.087]       <<< RX chan1 158B: 8000009a830101e2eb54000201e6eb54004f0109012dbe54000a01bebe5400ff...
[  43.104]       <<< RX chan1 158B: 8000009a830101e6eb54000201eaeb54004f0109012dbe54000a01bebe5400ff...
[  43.121]       <<< RX chan1 163B: 8000009f832340b459000101eaeb54000201eeeb54004f0109012dbe54000a01...
[  43.138]       <<< RX chan1 152B: 80000094830101eeeb54000201f2eb54004f0109012dbe54000a01bebe5400ff...
[  43.154]       <<< RX chan1 152B: 80000094830101f2eb54000201f6eb54004f0109012dbe54000a01bebe5400ff...
[  43.171]       <<< RX chan1 152B: 80000094830101f6eb54000201faeb54004f0109012dbe54000a01bebe5400ff...
[  43.187]       <<< RX chan1 168B: 800000a4830101faeb54000201feeb54004f0109012dbe54000a01bebe5400ff...
[  43.205]       <<< RX chan1 158B: 8000009a830101feeb5400020102ec54004f0109012dbe54000a01bebe5400ff...
[  43.220]       <<< RX chan1 158B: 8000009a83010102ec5400020106ec54004f0109012dbe54000a01bebe5400ff...
[  43.237]       <<< RX chan1 174B: 800000aa83010106ec540002010aec54004f0109012dbe54000a01bebe5400ff...
[  43.254]       <<< RX chan1 152B: 800000948301010aec540002010eec54004f0109012dbe54000a01bebe5400ff...
[  43.272]       <<< RX chan1 158B: 8000009a8301010eec5400020112ec54004f0109012dbe54000a01bebe5400ff...
[  43.287]       <<< RX chan1 183B: 800000b383010112ec5400020116ec54004f0109012dbe54000a01bebe5400ff...
[  43.304]       <<< RX chan1 152B: 8000009483010116ec540002011aec54004f0109012dbe54000a01bebe5400ff...
[  43.321]       <<< RX chan1 158B: 8000009a8301011aec540002011eec54004f0109012dbe54000a01bebe5400ff...
[  43.336]       <<< RX chan1 152B: 800000948301011eec5400020122ec54004f0109012dbe54000a01bebe5400ff...
[  43.353]       <<< RX chan1 152B: 8000009483010122ec5400020126ec54004f0109012dbe54000a01bebe5400ff...
[  43.370]       <<< RX chan1 186B: 800000b6830701c1be54005a1400000000000000000000000000000000010126...
[  43.388]       <<< RX chan1 158B: 8000009a8301012aec540002012eec54004f0109012dbe54000a01bebe5400ff...
[  43.404]       <<< RX chan1 249B: 800000f5830701c1be54005a14000000000000000000000000000000000701c1...
[  43.420]       <<< RX chan1 176B: 800000ac830701c1be54005a1400000000000000000000000000000000010137...
[  43.437]       <<< RX chan1 158B: 8000009a8301013bec540002013fec54004f0109012dbe54000a01bebe5400ff...
[  43.454]       <<< RX chan1 158B: 8000009a8301013fec5400020143ec54004f0109012dbe54000a01bebe5400ff...
[  43.471]       <<< RX chan1 168B: 800000a483010143ec5400020147ec54004f0109012dbe54000a01bebe5400ff...
[  43.486]       <<< RX chan1 158B: 8000009a83010147ec540002014bec54004f0109012dbe54000a01bebe5400ff...
[  43.504]       <<< RX chan1 158B: 8000009a8301014bec540002014fec54004f0109012dbe54000a01bebe5400ff...
[  43.520]       <<< RX chan1 182B: 800000b2830701c1be54005a140000000000000000000000000000000001014f...
[quic] DATAGRAM 33B: 03405200830510f51e760100000000f51e76010000000000000000010000000000
[  43.537]       <<< RX chan1 179B: 800000af83010153ec5400020157ec54004f0109012dbe54000a01bebe5400ff...
[  43.553]       <<< RX chan1 172B: 800000a883010157ec54001b010000000160eb540002015cec54004f0109012d...
[  43.570]       <<< RX chan1 182B: 800000b28301015cec54001b010000000165eb54001b010000000166eb54001b...
[  43.587]       <<< RX chan1 190B: 800000ba830704ee7f39625b14000704ee7f3962561401010160ec54001b0100...
[  43.606]       <<< RX chan1 168B: 800000a483010169ec54001b01000000016deb540002016eec54004f0109012d...
[  43.621]       <<< RX chan1 176B: 800000ac830701c1be54005a140000000000000000000000000000000001016e...
[  43.637]       <<< RX chan1 152B: 8000009483010172ec5400020178ec54004f0109012dbe54000a01bebe5400ff...
[  43.653]       <<< RX chan1 182B: 800000b2830701c1be54005a1400000000000000000000000000000000010178...
[  43.671]       <<< RX chan1 158B: 8000009a8301017cec5400020180ec54004f0109012dbe54000a01bebe5400ff...
[  43.687]       <<< RX chan1 178B: 800000ae83010180ec54001b01000000017aeb5400020184ec54004f0109012d...
[  43.703]       <<< RX chan1 168B: 800000a483010184ec5400020188ec54004f0109012dbe54000a01bebe5400ff...
[  43.721]       <<< RX chan1 183B: 800000b383010188ec540002018cec54004f0109012dbe54000a01bebe5400ff...
[  43.737]       <<< RX chan1 162B: 8000009e8301018cec54001b010000000182eb5400020190ec54004f0109012d...
[  43.754]       <<< RX chan1 188B: 800000b883010190ec54001b010000000187eb54001b010000000188eb54001b...
[  43.771]       <<< RX chan1 158B: 8000009a83010194ec5400020198ec54004f0109012dbe54000a01bebe5400ff...
[  43.786]       <<< RX chan1 152B: 8000009483010198ec540002019cec54004f0109012dbe54000a01bebe5400ff...
[  43.803]       <<< RX chan1 183B: 800000b38301019cec54000201a0ec54004f0109012dbe54000a01bebe5400ff...
[  43.822]       <<< RX chan1 168B: 800000a4830101a0ec54000104b1b529581b01000000019beb54000201a4ec54...
[  43.838]       <<< RX chan1 152B: 80000094830101a4ec54000201a8ec54004f0109012dbe54000a01bebe5400ff...
[  43.853]       <<< RX chan1 158B: 8000009a830101a8ec54000201acec54004f0109012dbe54000a01bebe5400ff...
[  43.870]       <<< RX chan1 168B: 800000a4830101acec54000201b0ec54004f0109012dbe54000a01bebe5400ff...
[  43.887]       <<< RX chan1 501B: 800001f1830101b0ec54000201b4ec54004f0109012dbe54000a01bebe5400ff...
[  43.904]       <<< RX chan1 158B: 8000009a830101b4ec54000201b8ec54004f0109012dbe54000a01bebe5400ff...
[  43.920]       <<< RX chan1 183B: 800000b3831b020000000477210f1b04c5c58b6e0101b8ec54000201bcec5400...
[  43.937]       <<< RX chan1 158B: 8000009a830101bcec54000201c0ec54004f0109012dbe54000a01bebe5400ff...
[  43.953]       <<< RX chan1 158B: 8000009a830101c0ec54000201c4ec54004f0109012dbe54000a01bebe5400ff...
[  43.971]       <<< RX chan1 152B: 80000094830101c4ec54000201c8ec54004f0109012dbe54000a01bebe5400ff...
[  43.986]       <<< RX chan1 158B: 8000009a830101c8ec54000201ccec54004f0109012dbe54000a01bebe5400ff...
[  44.003]       <<< RX chan1 183B: 800000b3830101ccec54000201d0ec54004f0109012dbe54000a01bebe5400ff...
[  44.020]       <<< RX chan1 152B: 80000094830101d0ec54000201d4ec54004f0109012dbe54000a01bebe5400ff...
[quic] DATAGRAM 33B: 03405300830510ea20760100000000ea2076010000000000000000010000000000
[  44.039]       <<< RX chan1 226B: 800000de830101d4ec54000201d8ec54004f0109012dbe54000a01bebe5400ff...
[  44.053]       <<< RX chan1 158B: 8000009a830101d8ec54000201dcec54004f0109012dbe54000a01bebe5400ff...
[  44.070]       <<< RX chan1 152B: 80000094830101dcec54000201e0ec54004f0109012dbe54000a01bebe5400ff...
[  44.087]       <<< RX chan1 152B: 80000094830101e0ec54000201e4ec54004f0109012dbe54000a01bebe5400ff...
[  44.104]       <<< RX chan1 158B: 8000009a830101e4ec54000201e8ec54004f0109012dbe54000a01bebe5400ff...
[  44.121]       <<< RX chan1 429B: 800001a9832330b559000204e0f1a3062b00ff00a07f28c30070624000752ac2...
[  44.141]       <<< RX chan1 1071B: 8000042b830101cd9754000301e39654007d1301010101989754000101a79754...
[  44.154]       <<< RX chan1 430B: 800001aa830301e99654007d1301010301919754007d1301010301a19754007d...
[  44.171]       <<< RX chan1 274B: 8000010e8301010aed5400010108ed540002010eed54004f0109012dbe54000a...
[  44.188]       <<< RX chan1 294B: 800001228301010eed5400010110ed5400020114ed54004f0109012dbe54000a...
[  44.203]       <<< RX chan1 305B: 8000012d83010116ed5400010114ed540002011aed54004f0109012dbe54000a...
[  44.222]       <<< RX chan1 284B: 800001188301011ced540001011aed5400020120ed54004f0109012dbe54000a...
[  44.237]       <<< RX chan1 280B: 8000011483010120ed5400010122ed5400020127ed54004f0109012dbe54000a...
[  44.255]       <<< RX chan1 280B: 8000011483010127ed5400010129ed540002012ded54004f0109012dbe54000a...
[  44.271]       <<< RX chan1 274B: 8000010e8301012fed540001012ded5400020133ed54004f0109012dbe54000a...
[  44.287]       <<< RX chan1 280B: 8000011483010135ed5400010133ed5400020139ed54004f0109012dbe54000a...
[  44.304]       <<< RX chan1 274B: 8000010e8301013bed5400010139ed540002013fed54004f0109012dbe54000a...
[  44.321]       <<< RX chan1 286B: 8000011a83010141ed540001013fed54000104c0210c36020145ed54004f0109...
[  44.336]       <<< RX chan1 292B: 8000012083010145ed5400010147ed5400010408e092000101d7ea540002014b...
[  44.356]       <<< RX chan1 274B: 8000010e8301014bed540001014ded5400020151ed54004f0109012dbe54000a...
[  44.371]       <<< RX chan1 274B: 8000010e83010153ed5400010151ed5400020157ed54004f0109012dbe54000a...
[  44.388]       <<< RX chan1 280B: 8000011483010157ed5400010159ed540002015ded54004f0109012dbe54000a...
[  44.404]       <<< RX chan1 284B: 800001188301015fed540001015ded5400020163ed54004f0109012dbe54000a...
[  44.422]       <<< RX chan1 280B: 8000011483010165ed5400010163ed5400020169ed54004f0109012dbe54000a...
[  44.437]       <<< RX chan1 280B: 8000011483010169ed540001016bed540002016fed54004f0109012dbe54000a...
[  44.454]       <<< RX chan1 274B: 8000010e83010171ed540001016fed5400020175ed54004f0109012dbe54000a...
[  44.472]       <<< RX chan1 290B: 8000011e83010177ed5400010175ed540002017bed54004f0109012dbe54000a...
[  44.488]       <<< RX chan1 274B: 8000010e8301017bed540001017ded5400020181ed54004f0109012dbe54000a...
[  44.503]       <<< RX chan1 274B: 8000010e83010181ed5400010183ed5400020187ed54004f0109012dbe54000a...
[  44.521]       <<< RX chan1 355B: 8000015f83010189ed5400010187ed540002018ded54004f0109012dbe54000a...
[  44.537]       <<< RX chan1 274B: 8000010e8301018fed540001018ded5400020193ed54004f0109012dbe54000a...
[quic] DATAGRAM 33B: 03405400830510ee22760100000000ee2276010000000000000000010000000000
[  44.553]       <<< RX chan1 301B: 8000012983010195ed5400010193ed5400020199ed54004f0109012dbe54000a...
[  44.570]       <<< RX chan1 280B: 800001148301019bed5400010199ed540002019fed54004f0109012dbe54000a...
[  44.587]       <<< RX chan1 284B: 800001188301019fed54000101a1ed54000201a5ed54004f0109012dbe54000a...
[  44.604]       <<< RX chan1 274B: 8000010e830101a5ed54000101a7ed54000201aded54004f0109012dbe54000a...
[  44.621]       <<< RX chan1 274B: 8000010e830101afed54000101aded54000201b3ed54004f0109012dbe54000a...
[  44.637]       <<< RX chan1 305B: 8000012d830101b3ed54000101b5ed54000201baed54004f0109012dbe54000a...
[  44.654]       <<< RX chan1 280B: 80000114830101bced54000101baed54000201c0ed54004f0109012dbe54000a...
[  44.671]       <<< RX chan1 274B: 8000010e830101c2ed54000101c0ed54000201c6ed54004f0109012dbe54000a...
[  44.689]       <<< RX chan1 300B: 80000128830101c6ed54000101c8ed54000201cced54004f0109012dbe54000a...
[  44.703]       <<< RX chan1 280B: 80000114830101cced54000101ceed54000201d2ed54004f0109012dbe54000a...
[  44.721]       <<< RX chan1 298B: 80000126830704383a8a015b14000704383a8a015614010101d4ed54000101d2...
[  44.738]       <<< RX chan1 280B: 80000114830101dded54000101dfed54000201e3ed54004f0109012dbe54000a...
[  44.754]       <<< RX chan1 284B: 80000118830101e3ed54000101e5ed54000201e9ed54004f0109012dbe54000a...
[  44.770]       <<< RX chan1 274B: 8000010e830101ebed54000101e9ed54000201efed54004f0109012dbe54000a...
[  44.787]       <<< RX chan1 292B: 80000120830101efed54000101f1ed54000104a82f8f2401011aeb54000201f5...
[  44.805]       <<< RX chan1 274B: 8000010e830101f5ed54000101f7ed54000201fbed54004f0109012dbe54000a...
[  44.821]       <<< RX chan1 274B: 8000010e830101fded54000101fbed5400020101ee54004f0109012dbe54000a...
[  44.838]       <<< RX chan1 305B: 8000012d83010101ee5400010103ee5400020107ee54004f0109012dbe54000a...
[  44.855]       <<< RX chan1 274B: 8000010e83010109ee5400010107ee540002010eee54004f0109012dbe54000a...
[  44.870]       <<< RX chan1 284B: 8000011883010110ee540001010eee5400020114ee54004f0109012dbe54000a...
[  44.887]       <<< RX chan1 274B: 8000010e83010116ee5400010114ee540002011cee54004f0109012dbe54000a...
[  44.904]       <<< RX chan1 280B: 800001148301011eee540001011cee5400020122ee54004f0109012dbe54000a...
[  44.921]       <<< RX chan1 315B: 8000013783010124ee5400010122ee5400020128ee54004f0109012dbe54000a...
[  44.937]       <<< RX chan1 621B: 8000026983010128ee540001012aee540002012eee54004f0109012dbe54000a...
[  44.954]       <<< RX chan1 305B: 8000012d83010130ee540001012eee5400020134ee54004f0109012dbe54000a...
[  44.971]       <<< RX chan1 274B: 8000010e83010136ee5400010134ee540002013aee54004f0109012dbe54000a...
[  44.988]       <<< RX chan1 274B: 8000010e8301013cee540001013aee5400020140ee54004f0109012dbe54000a...
[  45.003]       <<< RX chan1 315B: 8000013783010142ee5400010140ee5400020146ee54004f0109012dbe54000a...
[  45.022]       <<< RX chan1 274B: 8000010e83010148ee5400010146ee540002014cee54004f0109012dbe54000a...
[  45.038]       <<< RX chan1 314B: 800001368301014eee540001014cee540001017cbe540001018fbe540001017a...
[quic] DATAGRAM 33B: 03405500830510e224760100000000e22476010000000000000000010000000000
[  45.055]       <<< RX chan1 245B: 800000f183010154ee5400010152ee5400010195be5400010181be5400010157...
[  45.072]       <<< RX chan1 152B: 8000009483010158ee540002015cee54004f010901799754000a010f975400ff...
[  45.087]       <<< RX chan1 152B: 800000948301015cee5400020160ee54004f010901799754000a010f975400ff...
[  45.104]       <<< RX chan1 152B: 8000009483010160ee5400020164ee54004f010901799754000a010f975400ff...
[  45.121]       <<< RX chan1 173B: 800000a9832320b65900010164ee5400020168ee54004f010901799754000a01...
[  45.138]       <<< RX chan1 278B: 8000011283010168ee54001b0100000001f4ec54001b0100000001f5ec54001b...
[  45.154]       <<< RX chan1 158B: 8000009a8301016cee5400020173ee54004f010901799754000a010f975400ff...
[  45.171]       <<< RX chan1 158B: 8000009a83010173ee5400020177ee54004f010901799754000a010f975400ff...
[  45.186]       <<< RX chan1 152B: 8000009483010177ee540002017bee54004f010901799754000a010f975400ff...
[  45.203]       <<< RX chan1 162B: 8000009e8301017bee540002017fee54004f010901799754000a010f975400ff...
[  45.220]       <<< RX chan1 183B: 800000b38301017fee5400020183ee54004f010901799754000a010f975400ff...
[  45.237]       <<< RX chan1 158B: 8000009a83010183ee5400020187ee54004f010901799754000a010f975400ff...
[  45.255]       <<< RX chan1 162B: 8000009e83010187ee540002018bee54004f010901799754000a010f975400ff...
[  45.270]       <<< RX chan1 174B: 800000aa8301018bee540002018fee54004f010901799754000a010f975400ff...
[  45.288]       <<< RX chan1 162B: 8000009e8301018fee5400020193ee54004f010901799754000a010f975400ff...
[  45.304]       <<< RX chan1 168B: 800000a483010193ee5400020197ee54004f010901799754000a010f975400ff...
[  45.321]       <<< RX chan1 174B: 800000aa83010197ee540001049719862e02019bee54004f010901799754000a...
[  45.338]       <<< RX chan1 152B: 800000948301019bee540002019fee54004f010901799754000a010f975400ff...
[  45.353]       <<< RX chan1 158B: 8000009a8301019fee54000201a3ee54004f010901799754000a010f975400ff...
[  45.371]       <<< RX chan1 152B: 80000094830101a3ee54000201a7ee54004f010901799754000a010f975400ff...
[  45.387]       <<< RX chan1 158B: 8000009a830101a7ee54000201abee54004f010901799754000a010f975400ff...
[  45.403]       <<< RX chan1 152B: 80000094830101abee54000201afee54004f010901799754000a010f975400ff...
[  45.420]       <<< RX chan1 158B: 8000009a830101afee54000201b3ee54004f010901799754000a010f975400ff...
[  45.437]       <<< RX chan1 183B: 800000b3830101b3ee54000201b8ee54004f010901799754000a010f975400ff...
[  45.454]       <<< RX chan1 152B: 80000094830101b8ee54000201bcee54004f010901799754000a010f975400ff...
[  45.472]       <<< RX chan1 162B: 8000009e830101bcee54000201c2ee54004f010901799754000a010f975400ff...
[  45.486]       <<< RX chan1 158B: 8000009a830101c2ee54000201c6ee54004f010901799754000a010f975400ff...
[  45.503]       <<< RX chan1 168B: 800000a4830101c6ee54000201caee54004f010901799754000a010f975400ff...
[  45.520]       <<< RX chan1 172B: 800000a8830101caee54000201ceee54004f010901799754000a010f975400ff...
[  45.537]       <<< RX chan1 168B: 800000a4830101ceee54000201d2ee54004f010901799754000a010f975400ff...
[  45.553]       <<< RX chan1 168B: 800000a4830101d2ee54000201d6ee54004f010901799754000a010f975400ff...
[quic] DATAGRAM 33B: 03405600830510e726760100000000e72676010000000000000000010000000000
[  45.570]       <<< RX chan1 189B: 800000b9830101d6ee54000201daee54004f010901799754000a010f975400ff...
[  45.588]       <<< RX chan1 162B: 8000009e830101daee54000201deee54004f010901799754000a010f975400ff...
[  45.604]       <<< RX chan1 162B: 8000009e830101deee54000201e2ee54004f010901799754000a010f975400ff...
[  45.621]       <<< RX chan1 178B: 800000ae830101e2ee54000201e6ee54004f010901799754000a010f975400ff...
[  45.637]       <<< RX chan1 184B: 800000b4830101e6ee54000201eaee54004f010901799754000a010f975400ff...
[  45.654]       <<< RX chan1 178B: 800000ae830101eaee54000201eeee54004f010901799754000a010f975400ff...
[  45.671]       <<< RX chan1 428B: 800001a8830204a63a247d2b00ff00206020c30020c43f00405ec2020615526f...
[  45.686]       <<< RX chan1 162B: 8000009e830101f8ee54000201fcee54004f010901799754000a010f975400ff...
[  45.706]       <<< RX chan1 193B: 800000bd830101fcee5400020100ef54004f010901799754000a010f975400ff...
[  45.720]       <<< RX chan1 162B: 8000009e83010100ef5400020104ef54004f010901799754000a010f975400ff...
[  45.737]       <<< RX chan1 188B: 800000b883010104ef5400020109ef54004f010901799754000a010f975400ff...
[  45.754]       <<< RX chan1 199B: 800000c383010109ef540002010def54004f010901799754000a010f975400ff...
[  45.770]       <<< RX chan1 162B: 8000009e8301010def5400020112ef54004f010901799754000a010f975400ff...
[  45.787]       <<< RX chan1 162B: 8000009e83010112ef5400020116ef54004f010901799754000a010f975400ff...
[  45.804]       <<< RX chan1 162B: 8000009e83010116ef540002011aef54004f010901799754000a010f975400ff...
[  45.822]       <<< RX chan1 190B: 800000ba8301011aef54000104115bfb110101ddeb540002011eef54004f0109...
[  45.836]       <<< RX chan1 168B: 800000a48301011eef5400020122ef54004f010901799754000a010f975400ff...
[  45.853]       <<< RX chan1 168B: 800000a483010122ef5400020126ef54004f010901799754000a010f975400ff...
[  45.870]       <<< RX chan1 162B: 8000009e83010126ef540002012aef54004f010901799754000a010f975400ff...
[  45.887]       <<< RX chan1 182B: 800000b28301012aef540002012eef54004f010901799754000a010f975400ff...
[  45.903]       <<< RX chan1 162B: 8000009e8301012eef5400020132ef54004f010901799754000a010f975400ff...
[  45.920]       <<< RX chan1 184B: 800000b483010132ef5400020136ef54004f010901799754000a010f975400ff...
[  45.938]       <<< RX chan1 168B: 800000a483010136ef540002013aef54004f010901799754000a010f975400ff...
[  45.954]       <<< RX chan1 178B: 800000ae8301013aef540002013eef54004f010901799754000a010f975400ff...
[  45.971]       <<< RX chan1 193B: 800000bd8301013eef5400020142ef54004f010901799754000a010f975400ff...
[  45.987]       <<< RX chan1 172B: 800000a883010142ef5400020146ef54004f010901799754000a010f975400ff...
[  46.003]       <<< RX chan1 162B: 8000009e83010146ef540002014aef54004f010901799754000a010f975400ff...
[  46.020]       <<< RX chan1 183B: 800000b3831b0200000004e9a63e29047dc91d3001014aef540002014eef5400...
[  46.036]       <<< RX chan1 168B: 800000a48301014eef5400020152ef54004f010901799754000a010f975400ff...
[  46.054]       <<< RX chan1 162B: 8000009e83010152ef5400020156ef54004f010901799754000a010f975400ff...
[  46.070]       <<< RX chan1 168B: 800000a483010156ef540002015aef54004f010901799754000a010f975400ff...
[quic] DATAGRAM 33B: 03405700830510eb28760100000000eb2876010000000000000000010000000000
[  46.087]       <<< RX chan1 205B: 800000c98301015aef540002015eef54004f010901799754000a010f975400ff...
[  46.104]       <<< RX chan1 184B: 800000b48301015eef54000101e39654000101e1965400020162ef54004f0109...
[  46.120]       <<< RX chan1 173B: 800000a9832310b75900010162ef5400020166ef54004f010901799754000a01...
[  46.136]       <<< RX chan1 168B: 800000a483010166ef540002016aef54004f010901799754000a010f975400ff...
[  46.155]       <<< RX chan1 168B: 800000a48301016aef540002016fef54004f010901799754000a010f975400ff...
[  46.170]       <<< RX chan1 162B: 8000009e8301016fef5400020173ef54004f010901799754000a010f975400ff...
[  46.187]       <<< RX chan1 168B: 800000a483010173ef5400020179ef54004f010901799754000a010f975400ff...
[  46.203]       <<< RX chan1 162B: 8000009e83010179ef540002017def54004f010901799754000a010f975400ff...
[  46.220]       <<< RX chan1 187B: 800000b7831b04000000041efc6532043bbe7e4d04caebd76d0112e854000101...
[  46.237]       <<< RX chan1 193B: 800000bd83010181ef5400020185ef54004f010901799754000a010f975400ff...
[  46.254]       <<< RX chan1 172B: 800000a883010185ef5400020189ef54004f010901799754000a010f975400ff...
[  46.271]       <<< RX chan1 209B: 800000cd83010189ef540002018def54004f010901799754000a010f975400ff...
[  46.286]       <<< RX chan1 162B: 8000009e8301018def5400020191ef54004f010901799754000a010f975400ff...
[  46.304]       <<< RX chan1 168B: 800000a483010191ef5400020195ef54004f010901799754000a010f975400ff...
[  46.319]       <<< RX chan1 162B: 8000009e83010195ef5400020199ef54004f010901799754000a010f975400ff...
[  46.336]       <<< RX chan1 162B: 8000009e83010199ef540002019def54004f010901799754000a010f975400ff...
[  46.353]       <<< RX chan1 168B: 800000a48301019def54000201a1ef54004f010901799754000a010f975400ff...
[  46.370]       <<< RX chan1 168B: 800000a4830101a1ef5400010409379d3b0201a5ef54004f010901799754000a...
[  46.388]       <<< RX chan1 67B: 8000003f830101a5ef54000101799754000201a9ef54002902ffff010f975400...
[  46.403]       <<< RX chan1 48B: 8000002c8301010f97540001010e9754000d000000000001a0e8ffff32020000...
[  46.420]       <<< RX chan1 45B: 80000029831b0200000004757b674d04ecd269590d0000000000019ee8ffff30...
[  46.436]       <<< RX chan1 46B: 8000002a830d0000000000019ce8ffff2f02000064fbffff0d00000000030d00...
[  46.452]       <<< RX chan1 36B: 80000020830d0000000000019be8ffff2d02000063fbffff0d00000000022364...
[  46.469]       <<< RX chan1 383B: 8000017b830d000000000000fdfeff0d00000000000199e8ffff2c02000063fb...
[  46.486]       <<< RX chan1 36B: 80000020830d00000000000198e8ffff2a02000063fbffff0d0000000001236c...
[  46.505]       <<< RX chan1 36B: 80000020830d00000000000196e8ffff2902000062fbffff0d00000000022370...
[  46.520]       <<< RX chan1 36B: 80000020830d00000000000195e8ffff2702000062fbffff0d00000000012374...
[  46.536]       <<< RX chan1 30B: 8000001a830d00000000000193e8ffff2602000062fbffff2378b7590000
[  46.552]       <<< RX chan1 71B: 80000043830d00000000000191e8ffff2402000062fbffff0d00000000030d00...
[  46.569]       <<< RX chan1 30B: 8000001a830d00000000000190e8ffff2302000061fbffff2380b7590000
[  46.585]       <<< RX chan1 30B: 8000001a830d0000000000018ee8ffff2202000061fbffff2384b7590000
[quic] DATAGRAM 33B: 03405800830510ef2a760100000000ef2a76010000000000000000010000000000
[  46.606]       <<< RX chan1 67B: 8000003f830d0000000000018de8ffff2002000061fbffff0d000000000000fb...
[  46.621]       <<< RX chan1 82B: 8000004e8301011d965400030151905400ec1601001b01000000015590540001...
[  46.636]       <<< RX chan1 30B: 8000001a830d0000000000018ae8ffff1d02000060fbffff2390b7590000
[  46.653]       <<< RX chan1 30B: 8000001a830d00000000000188e8ffff1c02000060fbffff2394b7590000
[  46.669]       <<< RX chan1 61B: 80000039830d00000000000186e8ffff1a0200005ffbffff0d00000000030d00...
[  46.685]       <<< RX chan1 30B: 8000001a830d00000000000185e8ffff190200005ffbffff239cb7590000
[  46.702]       <<< RX chan1 30B: 8000001a830d00000000000183e8ffff170200005ffbffff23a0b7590000
[  46.720]       <<< RX chan1 36B: 80000020830d00000000000182e8ffff160200005efbffff0d000000000223a4...
[  46.738]       <<< RX chan1 30B: 8000001a830d00000000000180e8ffff140200005efbffff23a8b7590000
[  46.752]       <<< RX chan1 36B: 80000020830d0000000000017ee8ffff130200005efbffff0d000000000323ac...
[  46.771]       <<< RX chan1 61B: 80000039830d0000000000017de8ffff110200005dfbffff0d00000000010d00...
[  46.786]       <<< RX chan1 30B: 8000001a830d0000000000017be8ffff100200005dfbffff23b4b7590000
[  46.803]       <<< RX chan1 46B: 8000002a830d000000000000fdfdff0d0000000000017ae8ffff0e0200005dfb...
[  46.820]       <<< RX chan1 30B: 8000001a830d00000000000178e8ffff0d0200005dfbffff23bcb7590000
[  46.837]       <<< RX chan1 36B: 80000020830d00000000000177e8ffff0b0200005cfbffff0d000000000123c0...
[  46.855]       <<< RX chan1 30B: 8000001a830d00000000000175e8ffff0a0200005cfbffff23c4b7590000
[  46.870]       <<< RX chan1 61B: 80000039830d00000000000173e8ffff080200005cfbffff0d00000000030d00...
[  46.887]       <<< RX chan1 48B: 8000002c830104d205b9760101f1ec54000d00000000000172e8ffff07020000...
[  46.904]       <<< RX chan1 36B: 80000020830d00000000000170e8ffff050200005bfbffff0d000000000123d0...
[  46.919]       <<< RX chan1 30B: 8000001a830d0000000000016fe8ffff040200005bfbffff23d4b7590000
[  46.937]       <<< RX chan1 61B: 80000039830d0000000000016de8ffff020200005afbffff0d00000000010d00...
[  46.953]       <<< RX chan1 36B: 80000020830d0000000000016be8ffff010200005afbffff0d000000000323dc...
[  46.953] == summary == challenge=yes answered=yes peer=yes resets=0 chan1_rx=950417 dummy_rx=121
[  46.953] == solved=yes answer=0x36168238 solve_ms=2 tx=2169 rx=3369 dropped=0 err=
[  46.953]   stream 0: rx=0 fin=0 reset=0 code=0
[  46.953]   stream 3: rx=69 fin=0 reset=0 code=0
[  46.953]   stream 4: rx=0 fin=0 reset=0 code=0
[  46.953]   stream 7: rx=13 fin=0 reset=0 code=0
[  46.953]   stream 8: rx=0 fin=0 reset=0 code=0
[  46.953]   stream 11: rx=7 fin=0 reset=0 code=0
[  46.953]   stream 15: rx=950424 fin=0 reset=0 code=0
[  46.953]   stream 19: rx=7 fin=0 reset=0 code=0
[  46.953]   stream 23: rx=7 fin=0 reset=0 code=0
[  46.953]   stream 27: rx=7 fin=0 reset=0 code=0
[  46.953]   stream 31: rx=7 fin=0 reset=0 code=0
[  46.953]   stream 35: rx=7 fin=0 reset=0 code=0
[  46.953]   stream 39: rx=7 fin=0 reset=0 code=0
[  46.953]   stream 43: rx=7 fin=0 reset=0 code=0
[  46.953]   stream 47: rx=7 fin=0 reset=0 code=0
