[   0.000] join: place=1818 ...
[   1.668] join: OK job=2718c55d-b845-4747-b287-12a6793e483a
[   1.668] == join: place=1818 job=2718c55d-b845-4747-b287-12a6793e483a udp=128.116.2.33:61269 rcc=10.37.8.91 alpn=rbx-rtcio caps=002dd3c750b70892 ==
[quic] server caps ext: len=8 present=1
[quic] handshake completed (ALPN=rbx-rtcio cipher=TLS_AES_256_GCM_SHA384)
[   1.913] -> open stream 0 app=4 chan=1668575852 ctrl
[   1.913] -> send ctrl hello 2B
[   1.913] -> send openU c3 10B
[   1.913] -> send openU c5 10B
[   1.913] -> send openU c6 10B
[   1.913] -> send openU c11 10B
[   1.913] -> open stream 4 app=4 chan=1 chan1
[   1.913] -> send EARLY-AUTH 103B
[   1.913] -> send A7-real(99B) 99B
[   1.914] -> send 90 10620B
[   1.915] -> send 92 10B
[   1.915] -> send 8A 1765B
[   1.915] -> send 8F 2B
[   1.915] handshake=OK alpn=rbx-rtcio cipher=TLS_AES_256_GCM_SHA384 peer_caps=022dd3ef52ff0892 present=1
[quic] handshake confirmed
[   2.040]   <<< SERVER STREAM 3 app=4 chan=1668575852
[   2.040]   <<< SERVER STREAM 7 app=0 chan=1668575852
[   2.040]       <<< RX app=0 chan=1668575852 6B: 800000020000
[   2.040]       <<< RX app=4 chan=1668575852 6B: 800000020000
[   2.056]   <<< SERVER STREAM 11 app=4 chan=0
[   2.056]   <<< SERVER STREAM 15 app=4 chan=1
[   2.056]   <<< SERVER STREAM 19 app=4 chan=2
[   2.056]       <<< RX app=4 chan=1668575852 14B: 8000000a02040000000300000003
[   2.056]      ctrl OpenUnreliable app=4 chan=3 wire=3
[   2.056]   <<< SERVER STREAM 23 app=4 chan=4
[   2.056]   <<< SERVER STREAM 27 app=4 chan=7
[   2.056]   <<< SERVER STREAM 31 app=4 chan=8
[   2.056]   <<< SERVER STREAM 35 app=4 chan=9
[   2.056]   <<< SERVER STREAM 39 app=4 chan=10
[   2.056]   <<< SERVER STREAM 43 app=4 chan=12
[   2.056]   <<< SERVER STREAM 47 app=4 chan=13
[   2.056]       <<< RX app=4 chan=1668575852 14B: 8000000a02040000000500000005
[   2.056]      ctrl OpenUnreliable app=4 chan=5 wire=5
[   2.056]       <<< RX app=4 chan=1668575852 14B: 8000000a02040000000600000007
[   2.056]      ctrl OpenUnreliable app=4 chan=6 wire=7
[   2.056]       <<< RX app=4 chan=1668575852 14B: 8000000a02040000000b00000009
[   2.056]      ctrl OpenUnreliable app=4 chan=11 wire=9
[   2.063]       <<< RX chan1 1157B: 8000070f93002f000c00434c4931393837313856657201003320005573657250...
[   2.063]       <<< RX chan1 654B: 697074735265666163746f72310400747275651b00557365724162696c697469...
[   2.159]       <<< RX chan1 1156B: 8000079f9b9d2d48264e254e7192070000f705d8b273e63e27c52bcd36f1789d...
[   2.159]       <<< RX chan1 799B: 803ceeb91af6102e11e0796672920cb1a551b10d9c167e0fbee99493b9bbed3c...
[   2.160]   *** CHALLENGE u1=0x26482d9d u2=0x714e254e blob=1938B -> run/oracle_challenge.bin
[   2.161]   -> LOCAL ANSWER 0xd1ddf3bd (solved in 1ms), sending
[   2.161] -> send 9B-LOCAL 9B
[   2.161]       <<< RX chan1 1156B: 8000cfac97a3cf00001460050028b52ffda014600500ac32027a7e0a7a55d094...
[   2.161]   *** POST-ANSWER TRAFFIC on chan1 — server kept the session (peer assignment / replication)
[   2.161]       <<< RX chan1 1156B: 1d693476e3d8d2d196b3bddf2a577f3a025dffc8fd8db6dcfdcdd855b9bf91a7...
[   2.162]       <<< RX chan1 1156B: 153e1d79321a054f8df6d960262ffff0616842cb7424d6d5a88df2c1ee0ab91a...
[   2.163]       <<< RX chan1 1156B: 1cc676b8f6fd15f894ab480ff11cedea3d374323f6e3aeb7ae731e8babc5d539...
[   2.165]       <<< RX chan1 1156B: d2b998ef8934b5c1a6dfeef09332db6c7b9ad02e3ed0b4ed621c41980bd20203...
[   2.165]       <<< RX chan1 1156B: c4618306bb2b14c1e96e48cbdc763ac20d82710e3708e8d9a46dd7662e0c439a...
[   2.168]       <<< RX chan1 1156B: 0643e6db99aa213d8c23c63862c61124f1517d602ca5628af6cf5651da21d98b...
[   2.168]       <<< RX chan1 1156B: f18b01e7b4432c2f82467de9529637a94a457436b375af68cb89d59eb82b468b...
[   2.171]       <<< RX chan1 1156B: b6512aa04d3ca3296d67a7052b6e2a5f5c1c3ad6faa3c6913a435ed8687e1dba...
[   2.171]       <<< RX chan1 1156B: abba66219c7986ad4b6ae4ccccf16ad091f9a548cc3f928b0bc9678f1489c6b4...
[   2.173]       <<< RX chan1 1156B: 4da464d14ffc03a6a570f441ce43d5e39931b038454e51dcdb672183636214e5...
[   2.173]       <<< RX chan1 1154B: f350c17ea15b2d8bcc1a2d9dcaa1490b627fc707385d4733c4802441c3c44e6b...
[   2.175]       <<< RX chan1 1154B: 7de4f43ba2e4aa1285e10cff94be584707b77dd637fd817898f72404e52b0205...
[   2.175]       <<< RX chan1 1154B: 5fc71fe4958e919211a0bb85b163f70f0b0dac2f68ebc259af1090e07a1cad59...
[   2.179]       <<< RX chan1 1154B: 879c393b5443cdfce032d08f79d715e68293b5e65f00457c683e25de92550973...
[   2.179]       <<< RX chan1 1154B: 534a6bc3345682cc4911f24fde18413cc666a387b84100232ad6a8740c944a6b...
[   2.181]       <<< RX chan1 1154B: 5a45ace73b93ef47eda91d66392410cd01298b5cfd152e45dd129d33c94f1047...
[   2.181]       <<< RX chan1 1154B: 7bafb4cc1923fbb04fd896213267102e6710492d510cd81a1a02d0f8fdf18964...
[   2.184]       <<< RX chan1 1154B: 504c321e5c664136caa492950e55b239f2496ccd110e4bcde37330ca03ca02ae...
[   2.184]       <<< RX chan1 1154B: c0fe271559374ecb8efbed0e1399dd81e5042faaf7428e03b974675d9743f91f...
[   2.186]       <<< RX chan1 1154B: a05569b310919e55b94344247cb5d1316a98df795e6762a4455d0ad25fcc199a...
[   2.186]       <<< RX chan1 1154B: 83928121d2a9f169d121aba62448ad8d52e2116511f284e80d9144259bbe96f1...
[   2.189]       <<< RX chan1 1154B: 8a3e4b6f38932920b892fa4aa145fa0fda7d3ba978cf4fea06379699089798ce...
[   2.189]       <<< RX chan1 1154B: 89176102ee6b7e4111ff96d12a3a5aa903c416ad024449c09cea7ac46d73e6dc...
[   2.191]       <<< RX chan1 1154B: f295cbd083d167d9aea8b4c9654ef5bb787e7d4be2ec1acc7b0a551a1ffc9424...
[   2.191]       <<< RX chan1 1154B: 4d0e159d930513a204662836501e3375b187987e0560fa5fa003db8740ecae50...
[   2.195]       <<< RX chan1 1154B: 4c2a3389cca423261931a9679298496126157166129849444cf23289e4c3241e...
[   2.195]       <<< RX chan1 1154B: 023874c5212b0e5571888a43531c92e2501487a038f4c45fa1001c6ae2101387...
[   2.197]       <<< RX chan1 1154B: febbefbce3ae737bedb4e33c76d86dfebaebadaf54a99f6e3ae9a07f968294c0...
[   2.197]       <<< RX chan1 1154B: b15667cca8d102faa0f1a2063613bdc68cb9856ed6ac417dcc1451260b181e1b...
[   2.200]       <<< RX chan1 1154B: 5f9afccae41726bf2ef965c9af0afca2c059af4a7e4df24b925f91fc82c0af47...
[   2.200]       <<< RX chan1 1154B: af5bad5bac5bab5baa5ba85ba75ba65ba55ba35ba25ba15b20d69a59afcc7265...
[   2.202]       <<< RX chan1 1154B: 691569d568956855681568d527b5e6d42ba75c39d5caa9119c12c1a910b4e414...
[   2.202]       <<< RX chan1 1154B: 6c8a6493043639b2a9914d8b6c526453229b10d9f4804d87246093033615b289...
[   2.206]       <<< RX chan1 1154B: 353daee5710d8f6b77bc849a1dd7eab846c7353928b9e6c6b5055c6be31a1bd7...
[   2.206]       <<< RX chan1 1154B: e390b908a7679c30e314310ece10e304310e10e3f870118e0ee3701967cb3839...
[   2.209]       <<< RX chan1 1154B: cdb233cbcc2c2bb38cccb231cb8e5866c4b29e656296855956c4329e6560967d...
[   2.225] -> open stream 8 app=4 chan=11 routes
[   2.225] -> send route(15B) 15B
[   2.225] -> send route(18B) 18B
[   2.225] -> send route(21B) 21B
[   2.225] -> send route(24B) 24B
[   2.277]       <<< RX chan1 1154B: 3b69bc938077ce78678c77c448e21d30de41c03b5ebcc3c53b5abc93c53b0278...
[   2.277]       <<< RX chan1 1154B: 67c8bd42ee11726f907b82dc0be41e20f7feb8e7c7bd3eeeed712f8f7b78dcbb...
[   2.278]       <<< RX chan1 1154B: b26e95751f58a74a05eb5259d78175a8ac3b659d06d691b26e94751958778175...
[   2.278]       <<< RX chan1 1154B: 1a07ba48e795755a596704eb84e0b4ce07d649651d0fac83ca3aa698d629651d...
[   2.281]       <<< RX chan1 1154B: 96aa49623be23c877c93964701e839caa14dde8d0ae2fa3babdc450b774f65a4...
[   2.281]       <<< RX chan1 1154B: a1c6d1049fd12442351294763184425e91795f3e0d22ebf2d5aedfd0bdcbd695...
[   2.284]       <<< RX chan1 1154B: b1a2e5aa58f1cbdaf7db51f45b55e1f667440e896fa776672375c885dee32ed8...
[   2.284]       <<< RX chan1 1154B: 7401b7600a7f87607a5f6222b1b434bbade368101e4ab295b3219a3eedfe054f...
[   2.287]       <<< RX chan1 1154B: e0a172cdd90a3a3ffdb89cc43a07036b2ac11a62e104fe35310aff0a4ca0b86c...
[   2.287]       <<< RX chan1 62B: a5ae663065c62ce555e70c4bc0ad3657b85402acf02299c1bafaa3e7e97c577f...
[   2.289]       <<< RX chan1 532B: 80000210810101010001000181078c2a58003901772300009f01000001c02e00...
[   2.289]       <<< RX chan1 9B: 80000005847b030000
[   2.289]       <<< RX chan1 1154B: 80000fe98302011ec253007701ff00a61e02000b4868747470733a2f2f617069...
[   2.289]       <<< RX chan1 1154B: 4c2cd2b86b1dc0a8ba2ad36bf8c8480cdc5f65a0ecf9421b98302ac816d5fab0...
[   2.291]       <<< RX chan1 1154B: 58b5d3adee571e1cf96c8cc259c63312e7c779a7fecd5d5fcccf1352314e5fd8...
[   2.291]       <<< RX chan1 615B: e429fafdd71fff9f9c7ebea99e1448cea64f30382d85cc153d4d507761e71101...
[   2.294]       <<< RX chan1 11B: 8000000783100c00000000
[   2.294]       <<< RX chan1 1154B: 80005ae2831601d65a0000cc5a000028b52ffd60cc5961d60245264080843d8a...
[   2.294]       <<< RX chan1 1154B: 9321e939195035b79d3f712e2238c2ad661face74f72f0f6411a6dbb313c5b72...
[   2.297]       <<< RX chan1 1154B: 2cd4be318a4e41b11e836cbbe829636f7d0cc1301a3fe5f29984e85b7151ce97...
[   2.297]       <<< RX chan1 1154B: f025af41c95fdbef329de7febe118eafaa145a6f173c69ef9eb97083c3284416...
[   2.299]       <<< RX chan1 1154B: 2decdf59c9cb9907ff1f2cb309b65598971de9cf97eb17808c29de9d02516bf9...
[   2.299]       <<< RX chan1 1154B: 2531fa59dbde44e83f82b2a943e9f5d195f120e7d2cf2f3e851ee866531a2347...
[   2.301]       <<< RX chan1 1154B: c2d0cbd0813158e8d9b6543c732b7ad96758cd5d7c5a64762e2b4bfd78281acc...
[   2.301]       <<< RX chan1 1154B: bbea7bf588c5fb7388d000bfd52e0b972fd61eda63d161bcf33b87572965877b...
[   2.304]       <<< RX chan1 1154B: acbd0ab1cab1a188712443c94b1957026fa35bbf2c493b2fd47a588a55db66ee...
[   2.304]       <<< RX chan1 1154B: a320f0855abb112b49e8718d2346b258213f370842e1a4b28751543fa4a700de...
[   2.307]       <<< RX chan1 1154B: 52b6bcbee0482a0b97d0d23671e2afdf560b8d1384742da9a59e6f61c5ea003d...
[   2.307]       <<< RX chan1 1154B: f9d1d593492dd908802b0f6f41953a06000992f99e043e9034f111320a670dba...
[   2.310]       <<< RX chan1 1154B: 009940a5882cb99afbbfcce1737eb3e7d66ab8bd6d67b531e6d18aa16ba8d330...
[   2.310]       <<< RX chan1 1154B: f7990305133c80002d9e0db890340ae1ea3f3dd97d6adf0199957bdadf8faa51...
[   2.313]       <<< RX chan1 1154B: 166c6c9bcbc531885cc825f60481843092bf3c0bcef8c16d344efc9b6796898e...
[   2.313]       <<< RX chan1 1154B: 38b4d3ba3f92c40bd93d0cd14207ca412ea23630eaf25c8724adaa55b510eee9...
[   2.314]       <<< RX chan1 1154B: 5a2a43d9e21e31bc09dc39260d08f5ab10b0878b04c0506e3de59d161265d321...
[   2.314]       <<< RX chan1 1154B: dbe734a134443f86923cc395aeceb188ffbe4bebcf153d85fece066d76795c59...
[   2.318]       <<< RX chan1 1154B: b7885cc5837d3fac292caadb01337c724236a5af0e4e3a3c63fddaa4da6af807...
[   2.318]       <<< RX chan1 1154B: 416521d11cc51b086b51a871d4ce87e5d1ac05c570dc35987c090484c458f6c3...
[   2.321]       <<< RX chan1 190B: 9b956c05af5684c162514bc912ca412d10ee7eb30060314e9eaa6c958c6a0339...
[   2.321]       <<< RX chan1 1154B: 80005042831601365000002c50000028b52ffd602c4f6181029758370ad5af5a...
[   2.321]       <<< RX chan1 1154B: a1620d5619dbbb1f5e59022843b4f2ea6b9107463d13064cf98a7c859543af9d...
[   2.323]       <<< RX chan1 1154B: 8c56ad663541a1e4a76c67bef086cfeb64588b8b342077bef1fdb49dab24120b...
[   2.323]       <<< RX chan1 1154B: 9d6bf9cfb9ad632f862d3432db59b3b685f6e19339c94f39c1783049649af092...
[   2.326]       <<< RX chan1 1154B: 862f472fe747aed5d90d8e243ff33944f0d8bc8740a64a2af7027c8504fb9a6e...
[   2.326]       <<< RX chan1 1154B: bfda49921903eeab80dcbb5f000114cec0353deda8e9d8383537e6091149112c...
[   2.328]       <<< RX chan1 1154B: 838cffd5fe984339a254f492c5de5ddad53184d325012061f6d9d7221dee54fb...
[   2.328]       <<< RX chan1 1154B: f8e1e94cac00a71b884717605574fa8bbea3666baf83bd33d5558c0f7935b9db...
[   2.331]       <<< RX chan1 1154B: 514095dbda07762a448dc493bf2d8817124c846801b866cc1fe5605bf1550f19...
[   2.331]       <<< RX chan1 1154B: b015c32138c16886c7a7b67ed0868644568e9d296c8dba4721827c2d86cf7047...
[   2.333]       <<< RX chan1 1154B: 7003a46b785347f914df601375e31367cf67c72c488c5410e68682f4e6cbda09...
[   2.333]       <<< RX chan1 1154B: 3dba52952a7fa8d6cbe7b5e952d381115d65ca1bd4de8c04e8ea0ca124c5b897...
[   2.337]       <<< RX chan1 1154B: 4bb54106278f6c93359aee09d84d6eba277a61ed5113f4623c71b4b327b711cd...
[   2.337]       <<< RX chan1 1154B: a21546d11bdd2ac5e7903cb6d5440dfc97c84aba880d7cca791001027b12007d...
[   2.339]       <<< RX chan1 1154B: e26d85d3241f59082200aebbfb2c02193ed6db66d32d61e8db459048e290589e...
[   2.339]       <<< RX chan1 1154B: a99bc0b14c3e742587c3616846187970da6b16791713b8d7d1ac919e1388b390...
[   2.341]       <<< RX chan1 1154B: 4ff061c48f6017750e7c1baff1b7f84ed7b465c2b857762fe8498e00191e26e7...
[   2.341]       <<< RX chan1 932B: acc3e95d5e6d70a8fc6ddc978c059aa10b68dae7560cf51071131642c1654683...
[   2.344]       <<< RX chan1 1154B: 8000800c83160100800000f67f000028b52ffd60f67eb1ff03cfc36fe8bf841c...
[   2.344]       <<< RX chan1 1154B: 86c71c64440a10dd3b605b5b2a3c0c2cf4c215f3244f0aa1b84835cd4cc1a7c3...
[   2.347]       <<< RX chan1 1154B: 87f220d7174ccc1679599c6c2cce6bc08308f93507200289afcc170f7133d28d...
[   2.347]       <<< RX chan1 1154B: af0292703dd202001a7c413dd204f152d5f2824fb4208fc02330b2c41c0cf489...
[   2.349]       <<< RX chan1 1154B: 135564cd7d28080f7bad15d14489e6d5da07b11ec91852ff2fd726ea12160c7b...
[   2.349]       <<< RX chan1 1154B: 9f54ff4d8fa6bb380f749561b73af6ce4ff681f237290ebd5b8b398c8030405d...
[   2.352]       <<< RX chan1 1154B: 4548f5cb470456ab29916e7cd841cab5b1adde94f386c889e22d9d31722c8448...
[   2.352]       <<< RX chan1 1154B: fa834e1c64bf0ad2f00695b049938fcd0faccf840cc33407eb5e186153631228...
[   2.354]       <<< RX chan1 1154B: 46ae716b797cfdf2c642b7cc6e8aba84a3cf86e834c17e6a6decbe4a9f3e2ddf...
[   2.354]       <<< RX chan1 1154B: ecafbb2d7a45804f91336c5ad231dabd0218e8c34fb77923639658b6181ae3f5...
[   2.357]       <<< RX chan1 1154B: e6893b0762cd4fc6118e5f58e5d9c7a771b9105f89357524db9b733bdddafb3a...
[   2.357]       <<< RX chan1 1154B: e6b8f24be07ef0c3a21f2bc0ac465ccd34424402e4011521fe65ff215f53ce34...
[   2.360]       <<< RX chan1 1154B: f33fa92a51c0aae9bf2f6e2b2c013d320b5962ba60329445e265d051afa9acee...
[   2.360]       <<< RX chan1 1154B: a8d090c235fbacdb9fdf13f5337525a614da7319b42f4a2e4a9a27b6cc1e3fb3...
[   2.363]       <<< RX chan1 1154B: 013af5e781640940b5447927a34ac1687cad6dfb0375510140bd8c310aaf9d71...
[   2.363]       <<< RX chan1 1154B: e87ad631ff01e847997812784edcd98657fe79b884b9a02e6eb6f9416e5931e2...
[   2.366]       <<< RX chan1 1154B: 4032339434cba71cbeeab5daf0e24335d3b9b00a19ee7cb0b9d4861b5d932b83...
[   2.366]       <<< RX chan1 1154B: c340aa088267b1a5bb055e97afc6e29867cf2a4ee6697be85b096d86322cf09b...
[   2.368]       <<< RX chan1 1154B: 591536566cb634e9d5c9d7818d88c528a719e4207b85d3cd230d74bf50dfb75d...
[   2.368]       <<< RX chan1 1154B: 3f0668a9ffab44b314fd3d5b57c04788e2e95ac12906eeff903299406dcd6d42...
[   2.370]       <<< RX chan1 1154B: 389856a1cf2112b135391383480c6571bfb7884b187e165fb32b76eefa631859...
[   2.370]       <<< RX chan1 1154B: a912946fc52fb4d936156f24b1b6cef48b15678064830dedfdc2214a53e63713...
[   2.373]       <<< RX chan1 1154B: 7c1a84f8c068efae0cee271a2f24b0f848d83e7735aaced6898a100ad0fd70df...
[   2.373]       <<< RX chan1 1154B: 699a2883623d13fadf5f667c8ba2b04bcb5e6d0b83d7a83829a6554993829d22...
[   2.378]       <<< RX chan1 1154B: db8bedd20d77352f58bab6715b1eb4ef96972b9371b39f11752ea0be51770592...
[   2.392]       <<< RX chan1 1154B: 7b0d555e3fb28ad7cfd22c3b51a856822f8b1a7cffb8152335f84d7537081e16...
[   2.392]       <<< RX chan1 1154B: ed1a63a6084a6168f2249d13699b6b312f2e61eb7f25363104e5daec251e5862...
[   2.394]       <<< RX chan1 1154B: 91c828ceb54ef68d650a10d6bbe7d28a48f3f168df9eda2de08e1d71f8beabd0...
[   2.394]       <<< RX chan1 472B: ea5e441f97836a45a739e65bd0bc4854ee8c90fd61eb0a47f3267485495fd2c8...
[   2.396]       <<< RX chan1 1154B: 80005540831601345500002a55000028b52ffd602a5451a902be25ca5d0c2d8b...
[   2.396]       <<< RX chan1 1154B: f6bbf5df0ac73d65fc283547e42507231d6fca3dc0ec3368548e9c48a07f2beb...
[   2.398]       <<< RX chan1 1154B: 1876e3674a08d36e2a442ea3bc1af74f52aa2878be0afcc4c40e63bd984fd6c3...
[   2.398]       <<< RX chan1 1154B: abf34204bbbc6ba59eef8932ec3858e657b598bd46819501eb72e45755ea637c...
[   2.400]       <<< RX chan1 1154B: 333ded5bde10b7d629392723f9a3136e0e72f0298b9d51b7a9d8c2159b4fa42e...
[   2.400]       <<< RX chan1 1154B: 6aaa660e183cd8e4cc4e247277fadd423db159484a5c5fbaf50fbb62fc7563e8...
[   2.402]       <<< RX chan1 1154B: 5149c076e5c66e8e103564c1a5ca451ab83b4b67ef1ffcde205c459aa8f39569...
[   2.402]       <<< RX chan1 1154B: 84029493ebfcbbcdc2d46ccffc8fdc885f627788452940d27ab90a50ccc82261...
[   2.405]       <<< RX chan1 1154B: 9c517711a490cf1fec0db15c97e9a877823c8088f903c7ccf50fa42c844c09ed...
[   2.405]       <<< RX chan1 1154B: b103db5a5aed22d34f1adb41ae8e1750129ce7eaead2a46c920d4e2baa8a730d...
[   2.407]       <<< RX chan1 1154B: 0a5a72d3dc1810b9f4bccf078535598b716bae8dc336740fafd17428612fa3af...
[   2.407]       <<< RX chan1 1154B: aa257ff935b1665e531f00db2e1ee09cb8f7c4a3ea9f2aeb5c303eda5264c5ae...
[   2.409]       <<< RX chan1 1154B: bae7e0d4d6742b7274bc4f83a2c26736fa9e322e3432b34a24d35cc10b7e8356...
[   2.409]       <<< RX chan1 1154B: 75cb3638e60a38a98b6027b0f96b9664c807170dd1e18026fba6a4559d174fa8...
[   2.412]       <<< RX chan1 1154B: affb5dff95f42eda07f626cedf67a22fcb1aa2b90344b18bfe052809e4b4f9a6...
[   2.412]       <<< RX chan1 1154B: 48d4a8fe92c376d3f7ce6564edcee290b8bc305410b7f2f9409eed0e6cca23fc...
[   2.413]       <<< RX chan1 1154B: a6a7d0a8d06b2cd96ff89918a7777a1f8242765a48cc1b9f8b9ffdd4dfdef53d...
[   2.413]       <<< RX chan1 1154B: ea91262ef1d351c4e51a346cad822a6b6364f649167394b0e45ffc2a0fc2531c...
[   2.416]       <<< RX chan1 1056B: 2da5987ec8ffddc9d486f60d6c25ea604d818094d542e6584a9024068810f2f7...
[   2.417]       <<< RX chan1 1154B: 80005b878316017b5b0000715b000028b52ffd60715a89db02695390c0a74f6d...
[   2.417]       <<< RX chan1 1154B: e88ee50a6fa03d6ba740094cd78805865b8f87ce257abd8e2dc0b667abbe4602...
[   2.419]       <<< RX chan1 1154B: 3502fe51a70213b3388375a42bd2dbb4adc90fc928221c0836e62f80335e62c3...
[   2.419]       <<< RX chan1 1154B: 8a721c2d64223903f5e852c267ed3fa34909f29db94b7bbd7e753ee321a2fac5...
[   2.421]       <<< RX chan1 1154B: 46e3c437a68cad0a99d44781c603dd979ab9511e97e77819f2d1db9b37f6255e...
[   2.421]       <<< RX chan1 1154B: e6f0a4af691ddf570af803fd3421f52b4b416ec336b71e6d4f3aaeb34727ccb4...
[   2.423]       <<< RX chan1 1154B: 9ae4bd62fec689700ab8b9e9c383f5873862416b5cca380d5b4f2a832ad0b07a...
[   2.423]       <<< RX chan1 1154B: d1d2361bde644d73e954cceb9564f04fd2ce8e74ce815b1cee0391ade6850c5b...
[   2.426]       <<< RX chan1 1154B: 428beb4789557ef3ddf27945e4e09680c22ffd80236c12ff48d0271ef04215e1...
[   2.426]       <<< RX chan1 1154B: dbaa6d3e221d05d741b5374d0badb5956203db4ad804917a02b7de5b175277f2...
[   2.428]       <<< RX chan1 1154B: 467b9b5d5de75bfed3dc685df79ec37186c0d0a6707a89b0e9a773f8e7a1d111...
[   2.428]       <<< RX chan1 1154B: 535ad464478da8af9c690e7e4f02ec3fd9d13ebc8d449395e0fb78a8b2909560...
[   2.430]       <<< RX chan1 1154B: 6b08072c69830b00192f3b6d7b5b62541892691c84171de0d5600b8d860fdea9...
[   2.430]       <<< RX chan1 1154B: e690a7be885d0a217c159f64acc430635f2bd980588b91b5a9cf73ee0b83ffd6...
[   2.433]       <<< RX chan1 1154B: 908b34d69866620fd097c596731a19355a3f429726908baabda5b436bad9cde9...
[   2.433]       <<< RX chan1 1154B: 64609fc46ed853c956a3cbcaa4c5f2a23990efc805fe87cbb68b19bc788fc9e3...
[   2.435]       <<< RX chan1 1154B: b70d238c40590f349ceb75455afa884f506713c3731f069e75bedcec5add9dde...
[   2.435]       <<< RX chan1 1154B: 7388b29f344eb1f2e4ce1855e15b732d41b70b9243c0052212234141f199bbde...
[   2.438]       <<< RX chan1 1154B: 5a83b1c5bb0a2d0c8847b27faf06d1c4dff6dc6f08c3bb68099569b193e776e5...
[   2.438]       <<< RX chan1 1154B: c74c7f6a4f39d0fc08557a695e32225c286d87b254fea67f0f2ecb8b97c5c980...
[   2.440]       <<< RX chan1 355B: 45ced429153cb61fd985615d285b26ebfac34ebce7f9637a25e888bc6f4e6ebf...
[   2.441]       <<< RX chan1 1154B: 800057fd831601f1570000e757000028b52ffd60e75639bf02116cc489a29a2a...
[   2.441]       <<< RX chan1 1154B: f56d448f38c9af79156fd1520948e0e8dab594dab5a5639f3e56e0fdc328a6b9...
[   2.442]       <<< RX chan1 1154B: 668b5c1eb462c7e3b0ddde3328910445b4e1a7c866ad320dc01b6c4620f19a4e...
[   2.442]       <<< RX chan1 1154B: 346b9d19690dfd8d619e7f3a1d89be574d99a897cd52afd2d0eabb8a4e3a00e6...
[   2.444]       <<< RX chan1 1154B: 0789964c14e447879c54c871413f1fc7cfbaac678cd3bb95e1de9f9e3828abb7...
[   2.444]       <<< RX chan1 1154B: 206369e8dc8640ed79378ebaacbd22b845973d8aa650cf9ea86f6b6ac30aee85...
[   2.447]       <<< RX chan1 1154B: ef31f9408aa6c0cc0230b9746bbaecb2341a7a4c6872a6560f285242c8b42a6f...
[   2.447]       <<< RX chan1 1154B: 11697782a2af9771c442cb417758a7e267b9b04fb3168b6965655b6270e1586a...
[   2.448]       <<< RX chan1 1154B: 2b7cd4a3dea081c314b42f35db218fd2fad0886ef2cf024bd3813b40cd4afd22...
[   2.448]       <<< RX chan1 1154B: 11148b03cfb24e9c451832885cae2c234065e307844b64853968d899c6eb498f...
[   2.450]       <<< RX chan1 1154B: a7afbbdfdb491bfbdd785ae0f9ca81e21a3d4fd333c9f523243b5279dd0c107d...
[   2.450]       <<< RX chan1 1154B: cadbcb144cea1895c727145dcbc7a9a041f1e07a69e5407540770d3d4f5a7e9c...
[   2.453]       <<< RX chan1 1154B: c4fe977a89cf0b6bb5e35930a7a671f9eaff7f3f134bb675c7fb6c3b2ff4fd84...
[   2.453]       <<< RX chan1 1154B: af887bb7a2919b387120e4aceba671ef7dc75ad2f13d60fdd0d28ca146c1b967...
[   2.454]       <<< RX chan1 1154B: 619a4c3c1a348623307fc708ef0b00ae45de8d59887ac7f2265c90c1a409be36...
[   2.454]       <<< RX chan1 1154B: 3e286fc4e2005d1ecf2acbb21693c588a2b47153871ddfe319a277895492acd6...
[   2.456]       <<< RX chan1 1154B: 3a25365968b5155b66f6dd18630dae3dc48f0fc8f3592455f7164c92a2633885...
[   2.456]       <<< RX chan1 1154B: 011ebf6f952230690bdf57eafca2e8ada8215c75987e4b464886b06465f80a75...
[   2.458]       <<< RX chan1 1154B: 13cb83b73a0030231c3bca62d7d6c1a04f68dcf3ae7f4044918b93ecf32ea8c5...
[   2.458]       <<< RX chan1 603B: 71adf21de2944768408bebf89126e5dfaa834da06c2147cc7fa835f39b31d7df...
[   2.459]       <<< RX chan1 1154B: 80005464831601585400004e54000028b52ffd604e5371a202c0268806e36ec8...
[   2.459]       <<< RX chan1 1154B: b9b7e014265b8b76a9fe25e95e015f8591ff1516e1be639336be8e4ffea324bd...
[   2.462]       <<< RX chan1 1154B: dc6df92ebdbf9d63938b994df42f5115d7e751326ceeb11d3d57293b2259a929...
[   2.462]       <<< RX chan1 1154B: 6f7a83e152a27c527f6338af0864394d64288e273380cc4b5933cb4377ee58a4...
[   2.463]       <<< RX chan1 1154B: 889259e63e680ce770de1d6aad9c70f3a4ff776a4e881eaca5814055fecd2fda...
[   2.463]       <<< RX chan1 1154B: 7e95b225fba857978f83a53e5ee2f7567c63ad930e43b3044c90a0b583fc2cc8...
[   2.466]       <<< RX chan1 1154B: 0952a0d335a5c2d14b6cbc389e26773a91617384e9f37c6521b7e414841204f8...
[   2.466]       <<< RX chan1 1154B: ce51fb6fe02b65d209fbadc37430ad34e7e0934c98e9240aa17798f96e71b1f9...
[   2.467]       <<< RX chan1 1154B: 7eaf50026e1f784a227a1caf48c200558d28e1d1968566a71b504370cda7b6fa...
[   2.467]       <<< RX chan1 1154B: 0ef077c9a8cff84026a33f69bed99806ca68dd21ffc3d9091791052ece4ef518...
[   2.469]       <<< RX chan1 1154B: d7078ef8e42bd207ec339b3166385c98da7e8e101c0b86c1723430a4cddea40f...
[   2.469]       <<< RX chan1 1154B: 808c27356312b229a7b496cdecdd54b35dae1f595905d9edb4d53c460c86db3b...
[   2.470]       <<< RX chan1 1154B: c2ba3488b739ec91328f454b7c03d8e864781ad7092dfa72d96ad77c7d7a7d34...
[   2.470]       <<< RX chan1 1154B: 5f9b6599f28fef09500a22b1f0568f5fe35aca8a2a4ff89fa49b3c389d3fa838...
[   2.472]       <<< RX chan1 1154B: 924e4c6f2d0658bade2ac98c74c0948bf783c2ae9f704ea3aa552aaf9f6f9b61...
[   2.472]       <<< RX chan1 1154B: 22c06edef29bb86e410161857ea4258082f5f1286008ed914e41ff12e654b10a...
[   2.474]       <<< RX chan1 1154B: e9e7cd27c1b49e6b4a0b38bf884a1b2505478c1fccca78ba3d800cea922ff916...
[   2.474]       <<< RX chan1 1154B: 2eed7af87429512cba7e3067f6e0f18d5f0b17d54db73e7e84b5233a993505e2...
[   2.476]       <<< RX chan1 836B: 80bff6b710c9b46a27929089a113f21ed3ccea09b64475a8043701a064eb769e...
[   2.477]       <<< RX chan1 1154B: 80005208831601fc510000f251000028b52ffd60f250918f0258e5aa93cb0889...
[   2.477]       <<< RX chan1 1154B: 008ff751e1caae3094e26f0c544c102c5a59ad9de0e9c1bd4be26bc7b1de27da...
[   2.479]       <<< RX chan1 1154B: ab2e32a588d47f537d31c258a1d671a8703d3073acab47e81d04c1ffd0ee44aa...
[   2.479]       <<< RX chan1 1154B: 8df5fc1b8b808e9f85604f74ffe33f10b02387afacce52dd0991e64b772d5059...
[   2.479]       <<< RX chan1 1154B: 8d53169c6d2e1f7bcb6794c8db61fa23ba1477a03e388d66a37ebb03644f4652...
[   2.479]       <<< RX chan1 1154B: a9ba7dbdf4044e73fdf14b0b3e1cf840904071476538b31d1feee59e1ef69ee3...
[   2.481]       <<< RX chan1 1154B: 954861cfe6cb158bbded1130948c0948f7312567ac65e23ac7c2832d2d837dc1...
[   2.481]       <<< RX chan1 1154B: ebf34c3a66a50e8f1d47cd1839b273846529ab48e52af2201f2d01bcc308ec7d...
[   2.483]       <<< RX chan1 1154B: 6b1cd53ee2bb30e43c1294cd065cb29d7f5f57ad31600e3ed206a0400ee3c8f3...
[   2.483]       <<< RX chan1 1154B: f6eaa41765189f66f2e56bfad3d47305d2e0b64af6f881369d6ce6117722f882...
[   2.484]       <<< RX chan1 1154B: 9322a9686850989c2b4a085a756dcebdbd8925933f012814ffec82ad86f21a98...
[   2.484]       <<< RX chan1 1154B: 96ae1db61335eef0804083a7fa1554328e91f056d9960ea20a14450f58dadbd2...
[   2.487]       <<< RX chan1 1154B: 60beb50235d93ec070b9301034eaf29a0d5279b23088f1055cbf6046d2cc4206...
[   2.487]       <<< RX chan1 1154B: 25e710411a92f3ae849889444e89f4dc7a1c2d5a1981b619ed6ed7322494b888...
[   2.488]       <<< RX chan1 1154B: db4c41430670e5f7cec5927296d5f672d3cb3abfe2dd2d6049c616f8d997cfc2...
[   2.488]       <<< RX chan1 1154B: 63b12a4f15f3939b2b27f016b3a589bdbe81d2965b733a6fce0e8dc62e7b8c52...
[   2.489]       <<< RX chan1 1154B: 9e40f04a6e8a7f5cf0fd77475e30e343ea8ac8c8b7492d79da4db48d49329b05...
[   2.489]       <<< RX chan1 1154B: 92dea0b20bb331c8ea9a48634d38abef7d6dd26ba320b1b6a8e2d84d1b078ce9...
[   2.491]       <<< RX chan1 232B: 1cb3c9a7f5aa1fe6e32fc262d3e3ff9b89c7cf52744bb5934a08c4e652dc60bc...
[   2.491]       <<< RX chan1 1154B: 800065d1831601c5650000bb65000028b52ffd60bb64d92d0301b7dcbaabb5ea...
[   2.491]       <<< RX chan1 1154B: 0d9136077112ebbedc8373497f2bc921911220f0834369fe40f14289bfb05bf5...
[   2.492]       <<< RX chan1 1154B: b2dab069e9c9f9c5c68af66ad71ad61a34a2a953d3f32dda04446e3b96c491e1...
[   2.492]       <<< RX chan1 1154B: e3ce1ab40e5ef725f02cfc69e6e22ad8a77ff80016cba8433da3be6f9c08b7fa...
[   2.495]       <<< RX chan1 1154B: 23905cb4c075c05532a3f47819daa38b6cf5aea1700f844a8593f37aa8740895...
[   2.495]       <<< RX chan1 1154B: 42665ec6dddd3cff71de0c2971a0df33817a74b01095ff7b2a34e1e6e698ac15...
[   2.496]       <<< RX chan1 1154B: a6688b0b3d9b5e8f3e2daf70f69f0d835ef26c0ce15f4c2694c2f0c37a1e3eff...
[   2.496]       <<< RX chan1 1154B: d67c77d53f243d2682b6ac0f8a6929041e436c55fe5e0b81f3fc5cef3ec434c1...
[   2.498]       <<< RX chan1 1154B: 8a32dd1f6c27e4bc18d8a75a382b21d4ab32a035ba1076b0989d4c909234847c...
[   2.498]       <<< RX chan1 1154B: 1220669ed8cc9b461fd38d51af7a9fb80af03734203dbf43d9488c0cfd85a2bd...
[   2.499]       <<< RX chan1 1154B: 8eba40cfad770f17df8fb98a18c3219a2100271ccf2e13c3d787ba4d10504154...
[   2.499]       <<< RX chan1 1154B: ef4ead0ef2e7984901bc7b5ecb84f1003a054a84e5a214d566eed701b4747e62...
[   2.501]       <<< RX chan1 1154B: f1a49d68cbaa866bcd3957d19c2939793c903cc8d0a51df3e036ed698c8e08a4...
[   2.501]       <<< RX chan1 1154B: 99786f95ea58f8b0c6bdc53ece5b9288c80992b2a84eedf54ddd6f9ff09a9b11...
[   2.503]       <<< RX chan1 1154B: bcf97602e1337a470c68ee19fcc10894b15a442fb6ec67ff7537bef4666ad8ba...
[   2.503]       <<< RX chan1 1154B: f5611b501b748a5bd4977d3bd4e6c76be39cddcdad7fde4589fb3ef1a3295084...
[   2.504]       <<< RX chan1 1154B: f3c6972c05aa646dc2678b0acead4154e02956fa2e0d86efb4510141ebcffa54...
[   2.504]       <<< RX chan1 1154B: 9db7cee5c618e73bd9d9dbe3cb6f6f3923a331b154ceefbd11dcdc37da921eea...
[   2.506]       <<< RX chan1 1154B: 2d9c47b2e8665ea73cf7b6538a9b5c528d3fc5b06b935a70e368f84512175ba9...
[   2.506]       <<< RX chan1 1154B: e3b16e480eadec6aa4d54b11217cad735997a2f50627b340b5b63d3df9430015...
[   2.507]       <<< RX chan1 1154B: 6c7c0bb38b9f6b8a116fa1df446d6dc25f8bb8e5e424626bab6b779f438864a1...
[   2.507]       <<< RX chan1 1154B: 294b3346159fe77f322bb389151dc6e9791c9d5e952a26becc82322b2060a2d2...
[   2.509]       <<< RX chan1 681B: 6cf23f47c4d121db335fda2d227f2b7b772c775643084fd8c2f9124552361b51...
[   2.509]       <<< RX chan1 1154B: 80003844831601383800002e38000028b52ffd602e3771c1011642117aafaaa7...
[   2.509]       <<< RX chan1 1154B: a09b66cdce7e1f7c2103ba604e3de18dcec4a50a92e673db672ef376c9d40960...
[   2.509]       <<< RX chan1 1154B: 2a5eebd62ad2c626bfc159e4b180cc502908c41a63752b1845eb57c3845d01b8...
[   2.509]       <<< RX chan1 1154B: 1e62aa1e0f9fa2b9e8f5b2315321da85f93a2ff6201de8e5298e46fe11a3e7c7...
[   2.511]       <<< RX chan1 1154B: 4591f13c6afea98b433b8c1d7ed3e5dc03df7b7644fa6f7bba716f1eb8658efc...
[   2.511]       <<< RX chan1 1154B: 518621039310c4c783df8b7f419d8b0dcf7d27969ccabfbcb28c7eea6a41410a...
[   2.512]       <<< RX chan1 1154B: 25c6810ffd2e2d8a34a2003077440ec928be18d32fb0881a85f4ce713553dcce...
[   2.512]       <<< RX chan1 1153B: 3c42cca4984c2de04a4e0f0fb0713612a82b44efc2972dc0f8fb136724f0ea22...
[   2.512]       <<< RX chan1 1154B: 99077fbc87b172a8664c0b54f59106cc937a95db636b0f32900bb64eff6b5692...
[   2.512]       <<< RX chan1 1153B: 2a294bfd700931982e5fc029779ad57d442bfad14d84c04f932465fcd3f37cb0...
[   2.514]       <<< RX chan1 1154B: eeca983395befc9344d3618b8d3ab3f7e12e35035791945c891ae095b27a4515...
[   2.514]       <<< RX chan1 1154B: 105dec7e41d844658a677fc79a1001bc9f83c1249c83dc3f45d0c8c424672b50...
[   2.517]       <<< RX chan1 562B: f9d3a41b42a19762b085dce06f9c130bc726f5cac550759ec701f6e8bb0cfc5c...
[   2.517]       <<< RX chan1 1153B: 800012ea831603d91200001921000028b52ffd6019207d9600ea1c8d3e54208a...
[   2.517]       <<< RX chan1 1153B: 36a4ec294be9695ea1563319adcb66e699f65ffe18ea6735932a16cb20fd28ba...
[   2.518]       <<< RX chan1 1153B: dbeadeaf0dc1ef5f1e621066b50294e5e6e94cb6a5baeec6c99c37eed7f3dcb3...
[   2.518]       <<< RX chan1 1153B: 3598edb8bd6b39f9459b37c9f1fff8164242b16433a7d234ab8ebadb983bcf98...
[   2.520]       <<< RX chan1 234B: 7b3664e6aa51e9905ea0564aba98d8d81a20080111add22aeb0bf75c4ea747ad...
[   2.521]       <<< RX chan1 1153B: 80005a55831601495a00003f5a000028b52ffd603f59f9d10274f68efc53d9a9...
[   2.521]       <<< RX chan1 1153B: 030e712b8a4714cb2e67331da7cfa9bc8281856abd0bacab11c356196a5500dd...
[   2.522]       <<< RX chan1 1153B: ab4008499200cefa10ce352cb790519059bbf75ace939c586bdb7812e23c8765...
[   2.522]       <<< RX chan1 1153B: 0fd97ac02b3a735fcb6b3cabd72fba7e5bf904e684502db1d1369118d2743042...
[   2.523]       <<< RX chan1 1153B: c70541793c602b32b16076c28cecf1687b0fe8b5c4f5b2a260d05ffb90ec2620...
[   2.523]       <<< RX chan1 1153B: 669c82d87a963aedfc9afafc59d8b1b2c7124294d414f38592ea005d140fbf55...
[   2.524]       <<< RX chan1 1153B: 06c9e5274b3590e2737fdba12f87e61bcba713793b249dd7ffbbfcb025bb4a7d...
[   2.524]       <<< RX chan1 1153B: daa95faf5dc1e9df562364f78b26f68e92aad3c82001f89a2af166e48ed2a4c1...
[   2.525]       <<< RX chan1 1153B: 785e4fca1ced040c5c3560ac20c72dd7e5b72dc6d0fbc65aacbdd4448504f11c...
[   2.525]       <<< RX chan1 1153B: d89b7d866c71f60c4a45e476c93bd736253439d22d31b1afef92007567e362e2...
[   2.526]       <<< RX chan1 1153B: 39817b14f03d3643105529b0f061669900761ee0cb8eede3023aac0cf8ba0e2c...
[   2.526]       <<< RX chan1 1153B: c5f128d04bbc5393fd3d4e79c528f4239a782dd1383a1020042f81858af4df3d...
[   2.527]       <<< RX chan1 1153B: 54f9c473a3109874b4459831cc3ba429265886c429d1e55cfc660da985e2f1d8...
[   2.527]       <<< RX chan1 1153B: 05604bc98a004a06cfc085069e90b003cb43a428c70ff00bda8ffba7068ab207...
[   2.528]       <<< RX chan1 1153B: 786096a67acb65284192ab9648780bb530664012359ebe33b8a0dc3018fd02da...
[   2.528]       <<< RX chan1 1153B: c5809e5152e341c86764e943b30099f9e427295df347fcfed1ee3813f14a9ea8...
[   2.529]       <<< RX chan1 1153B: df4588b23687a54a003503642d3fa195595e5492457735cd21c6cb6270a36698...
[   2.529]       <<< RX chan1 1153B: ae6f465530ffb0b00dbc635173c61a6037c9c60da28de65cba9658ecc70dca54...
[   2.531]       <<< RX chan1 1153B: 3021cfda6d472c9dbddff0184959f47122718f5f115a3b96695a07bf42327d63...
[   2.531]       <<< RX chan1 1153B: a50eb892220d3735a2dc0df9ef294fda2a696c85c8bea23cfafd4124815c2078...
[   2.532]       <<< RX chan1 69B: c7fbc4d7822e570e17c289f5107f203e09f4004a27a0a076c27280d03236b40b...
[   2.532]       <<< RX chan1 1153B: 80004ebb831601af4e0000a54e000028b52ffd60a54d297502dba3ab8f1eac62...
[   2.532]       <<< RX chan1 1153B: 784649a512b2dfdef7e6bf77f8c9f2c64a09a9adebe20890f6d1ce9a8070cf7d...
[   2.533]       <<< RX chan1 1153B: 7fc2f14ced6bb20b1ddc138159d763abcf74c3ca4f86c2811d2996f98e30d36c...
[   2.533]       <<< RX chan1 1153B: bd4261753b6210f74bfe0f926885a8337435f1c28753b58f3c09e48c595db93d...
[   2.534]       <<< RX chan1 1153B: 061c69a23198c1eb579736579d65ca87422c7e281969223ee46d0d7005c14f0e...
[   2.534]       <<< RX chan1 1153B: d46584bc0e6f781ab74b41c4ed463a064dd2f40a79ababc123f912cfca14c13c...
[   2.535]       <<< RX chan1 1153B: 994c5149993f4a4b44800f34f54dc6fe53221cbda51e27ad6c5fed14661100d5...
[   2.535]       <<< RX chan1 1153B: 03a84c8939093e55a9f06d552e7ba55a5c0563b2e1ce6c94042ed61763aa9e44...
[   2.537]       <<< RX chan1 1153B: 6e48861d526b851169de6b2b9db7a86258d794f3c5fba55413755bc3451a58fb...
[   2.537]       <<< RX chan1 1153B: da3fd02ec541e7c110b02a097e8ffd8d0ea965f8b37fefb156fd73a5ebb867d1...
[   2.538]       <<< RX chan1 1153B: c5cac23260d46521ef5ea0d9a6d8e86af75f0c7fcbf36ae585c4b73166c1d9fb...
[   2.538]       <<< RX chan1 1153B: 16445245aeee9f25327120dd17c270661c968aba70af33a90c201be771d3326c...
[   2.539]       <<< RX chan1 1153B: b2fd9892ad20a327c764c6d7cc6b88a1ef475e5f5c5d56fbd16b94b7ec68b955...
[   2.539]       <<< RX chan1 1153B: 7de5b164a7d7df36b36e00e30f227244276bcbaaba90dc61a33c72ff8f3eb12c...
[   2.540]       <<< RX chan1 1153B: 7f4437801d4aa0faa572c2b60754c506d7a0c11522abb1f35d378b91007a496d...
[   2.540]       <<< RX chan1 1153B: 1108dc57553c5b7a351ad83e44a5af6b6f0191b52d05fc4f4a4a8d70f66c449a...
[   2.542]       <<< RX chan1 1153B: 371fe7d2e96ec1a1f4d13980605fb5dfccad8dbbf9eb7ce875138c687f2845ba...
[   2.542]       <<< RX chan1 558B: 6ed47694bf50f20ca02951d135d9acfeab620d94d833fd7612f43381f05ce60b...
[   2.543]       <<< RX chan1 1153B: 80006ab7831601ab6a0000a16a000028b52ffd60a169095503fce347e39de9c8...
[   2.543]       <<< RX chan1 1153B: 5eef465faa715768f729fa54c261320ac80437d2562746fd06e3015e2c5beac9...
[   2.544]       <<< RX chan1 1153B: 578b1dc8dc1b63957d1645d18c2840c899c616bc51241358875df872978d8ca2...
[   2.545]       <<< RX chan1 1153B: 73fbe274ed4a39aa07e3b81e19f3e49e2901f70afe9325a6dce1ece127570be2...
[   2.545]       <<< RX chan1 1153B: bf0834b5efd7f1844780abd9e05616592f325a1e33cb26c07947bcccc2c70cfc...
[   2.545]       <<< RX chan1 1153B: 038218af4d26edfbfd63b94e786fa52f97af598ef26eb372fe1c4389da08ea36...
[   2.547]       <<< RX chan1 1153B: 71503cb10cd4cb04a6b0ec2623620971d3598c6f2f9b968e963801b416d73bd2...
[   2.547]       <<< RX chan1 1153B: 13565d360a73c4c8c8ee3649a0e93c6d642c03ec80a64e1e832b8301fe5f1a08...
[   2.548]       <<< RX chan1 1153B: 955f2f0294eeff247a1f53a12856b772e4c98bd70f4abac3fce42cf1ec868cd7...
[   2.548]       <<< RX chan1 1153B: 3ee1fbbce309d18ee1bfe9b6ee5e6d0f842fddfba5ddcab04a0877c58d04f17f...
[   2.549]       <<< RX chan1 1153B: 00d9a0229ffab3e10ab7ef70629b1c1179af25b581286a616db9cbc773fab5a4...
[   2.549]       <<< RX chan1 1153B: ff3885c692a92ec10ceefb054064874c7246eb73e5c7b39b4633addaf8c51baa...
[   2.550]       <<< RX chan1 1153B: abac191d7f7440dbb1e96f2a5c20db85f9e583ca988a8998545037040c3bd734...
[   2.550]       <<< RX chan1 1153B: 28dfeabcc81640adb3fb3dc52dab29f0b492b473b750ec6d12f649d687cfea2a...
[   2.552]       <<< RX chan1 1153B: 2eaf102adea2ed562b03deecd597baecd66c97411af84129ce395767c3eb42f7...
[   2.552]       <<< RX chan1 1153B: 086a586ebc455774ef530ea201399cb15c7a629e9ac4b7eb38af192aa5a9ca14...
[   2.553]       <<< RX chan1 1153B: d6317564b4b9c8bab5133b5e70a3f237c3756d9f5447919175585373d568b018...
[   2.553]       <<< RX chan1 1153B: 89b032144bb891a6051f56afd916f87288fd4c6623bd05afeba5e4abdf4e4042...
[   2.554]       <<< RX chan1 1153B: 37f182dfb8ab4227c4d249744b4058d7e6df8671b1ec3438329e09553e427497...
[   2.554]       <<< RX chan1 1153B: 588928384d5d4305ba12a4a3a8f5727972185fb956eae6f1577bad37613eab15...
[   2.556]       <<< RX chan1 1153B: 0309cb734db96cc6518f473d616b2a2351714683c1105890ca5aea92fea8337d...
[   2.556]       <<< RX chan1 1153B: 2b3c765bf7a9157d51310cd66d9c8c4618e0a4c81bd9e708ab7fb89b37934e12...
[   2.557]       <<< RX chan1 1153B: 6b97b35d7ac97e98b36e443bea89ea09d2dce14667546574cd468d9b8ca8c409...
[   2.557]       <<< RX chan1 804B: 8217e6e3a44e197d355e5734e3d790d2bedc3e297ff63ca07a1ae7f8218ce9e3...
[   2.558]       <<< RX chan1 1153B: 8000698d831601816900007769000028b52ffd607768b94b0352f294cb2e695a...
[   2.558]       <<< RX chan1 1153B: 097505b9f1cf2f13805b755032be1f494d4f3e1a3b12e228d53f8b3e2fa6bb68...
[   2.558]       <<< RX chan1 1153B: 54279175581b217121c4bcf6fae387332fe0490c77955464057efaa62d41dc98...
[   2.558]       <<< RX chan1 1153B: ea197eb3bb88adeaa33c72dfb0b15a5aa4f3fae5e1089a1a455426cfb24c0ed1...
[quic] DATAGRAM 32B: 03010083051075b66f010000000075b66f010000000000000000010000000000
[   2.560]       <<< RX chan1 1153B: 8f8f5b3b62eb57e61ef82c31e8e920d377ca05993b3a26f26bc19896321856c5...
[   2.560]       <<< RX chan1 1153B: 9f0c1bcd0a1fe6bcd2b4f72e3084a44dae1e20ddf1b988fcd6f573c8bc19de80...
[   2.561]       <<< RX chan1 1153B: b4a32e56eea58d0ff6a48fddb51af15fc1ae745d0f3eea5520f4f08825b77ff3...
[   2.561]       <<< RX chan1 1153B: a6727878c0e18c0d18fca3019c465e5a6a2b3a50d0b0c630cef54c0554702603...
[   2.562]       <<< RX chan1 1153B: b0e05546500856c768422fe0a7bf5c0af85237a6394dc656dd0a7b23279f4b5b...
[   2.562]       <<< RX chan1 1153B: 1e8d174d72cd70d921aaeb5593a74cabc50699981dd8dee3a8c5a1b144fa27d4...
[   2.563]       <<< RX chan1 1153B: 7a902c5be9462b3651431b2ede5af3160779c2752780b54bdf51532067f7a51a...
[   2.563]       <<< RX chan1 1153B: 22a1726fb9c023a9714cf572ec4aad8ef7797ec5e9788a7feff3fde65f81f0af...
[   2.564]       <<< RX chan1 1153B: e3f16ea80f54f5084ae05d29491cfd7b84f1c93f90a5bed169399ebad1817c54...
[   2.564]       <<< RX chan1 1153B: c65c966979d208d50b83741f82a5d643082be261b70133abc1042f0ee27bb538...
[   2.564]       <<< RX chan1 1153B: 9a4e89e419ecccaf7ba91b6f1bbc1d15cfb27d18e1faa1d7220c5efeeae812a1...
[   2.564]       <<< RX chan1 1153B: 0c47ed94123d616b4059b55ce6d21b4a6362659c7a95641471c755317732626f...
[   2.564]       <<< RX chan1 1153B: 0316cd0d7f38c5c4a75988e039c190a9e6afbf8abc00a9fbbcc9f99e2e4cadbb...
[   2.566]       <<< RX chan1 1153B: e7c39ade3abea14aec157bd242790967adad8dfe0ddc341b7523514f8c1d915c...
[   2.568]       <<< RX chan1 1153B: 75608830600ba8d76b295aa58804e973de8abf28a3a68cc1505a9eb64a2607e5...
[   2.568]       <<< RX chan1 1153B: 13b9f25a8780e86940101fa9af855b5cc28e12b3a34b1707da0e66f546c33e7d...
[   2.568]       <<< RX chan1 1153B: 79008dec1a75da54a3e70330fd6786b0692fa0796b6e67c3b4eb910004f6e9b8...
[   2.568]       <<< RX chan1 1153B: f5dd37420729249c4dff9316e48fc3f90196b6c68f28c2db46a09d550396d8bf...
[   2.568]       <<< RX chan1 1153B: 39af672c5e95fd12a6fe51b7f13adcdbddb6f98fbca44fafcd5542bbdee57de8...
[   2.569]       <<< RX chan1 506B: ab532d1a05a061ea965320590e8dcd1e2f91097bc6ea0e436b9f7ea45e219622...
[   2.569]       <<< RX chan1 1153B: 800053e2831601d6530000cc53000028b52ffd60cc52619e020bac862f473dd6...
[   2.569]       <<< RX chan1 1153B: e4c79aeb18f2c8a74228dfa3eee133eb62576da9d980aa4c95f793068056cd69...
[   2.570]       <<< RX chan1 1153B: de2037fedbee3b27d3cdfc40dc3b12ba88d78a7012b2eac14d067b3353f67daa...
[   2.570]       <<< RX chan1 1153B: b4c670fa1b53241835b7944a590b32bcb2671ffee1217f881b96eb4b7eb96103...
[   2.570]       <<< RX chan1 1153B: f67b37698a64db4ac49cd235139456913e2abf0f4d5996c37e7ede9a2d106972...
[   2.571]       <<< RX chan1 1153B: 71d079e556cf4dac41b15bdc2211ccef7a1c24fa55e379b0a37c8b7c05f2678b...
[   2.572]       <<< RX chan1 1153B: 7b5d6c0c5f0ac144e2c6ffbeb4572b84166e7837b9327d7157c96f3fb570e403...
[   2.572]       <<< RX chan1 1153B: 0e725ded8ba53312577f1552aadf638c81699b87ada7a641e54814be8a0e34fd...
[   2.572]       <<< RX chan1 1153B: 208851cee6c3f85927a4ce0b01015443f50f210b792b74d37ab889ff017156dc...
[   2.574]       <<< RX chan1 1153B: b50ebd7373f203c5e89c30969b9d348f654e3885c277bb0bfc323152d75be08d...
[   2.574]       <<< RX chan1 1153B: c072f4961218623573885ca1289c4ae29ac132f085922b0b5404541a7737a2db...
[   2.574]       <<< RX chan1 1153B: 3bb20ef7059e692bc26596f606899c6f991c263fac820adc5a5d1f1ebb3b6381...
[   2.574]       <<< RX chan1 1153B: 27977f0ca4abff8d6478dd6eee55efeeb230ea5696c2168c0335a9b7bf5d9ab3...
[   2.574]       <<< RX chan1 1153B: 842898724ab4231b149bb27e9a1a9dc1289a449ba30b780e13731aa77cccafd9...
[   2.576]       <<< RX chan1 1153B: 211bc9c9ff0088c6acc743cce1df408e9d8b02e77bfa09dfaa6d653da36aa371...
[   2.576]       <<< RX chan1 1153B: 8820276efe1305560c05ca6ff6ff1d72b5f200e24e46b1b939c8980bfaf8015d...
[   2.576]       <<< RX chan1 1153B: 77e8753a375dba7299a26e936f91af689b0e850a0ed805f450b2ab1fc77b574c...
[   2.577]       <<< RX chan1 1153B: b1792235181d20401eaa1989ca0c204b5e4031b0cd280602fd35405e7d9bb3ff...
[   2.577]       <<< RX chan1 724B: 0ea9eb1639a0b239feb4b37306a11c330372e22311fdc7552961dbb6ad514df8...
[   2.578]       <<< RX chan1 1153B: 80004f4e831601424f0000384f000028b52ffd60384ec17902ccee9fe03ec45e...
[   2.578]       <<< RX chan1 1153B: 840c1d4e612c40961edc1fb9bbace3acbb153481fb548ee5a0e88af59df168d5...
[   2.578]       <<< RX chan1 1153B: 4bee776ecb78758f6c7b18352fb948d40d29996065f8e2c98491aa815f3f9b5b...
[   2.580]       <<< RX chan1 1153B: 719d79a7711f91a58b5eb75b77bca5df59b3df57f7eb380495d500bc7f3533df...
[   2.581]       <<< RX chan1 1153B: b713742ec131b4bb036e92cadc7ca41f92411418da5d50a11d78b93c2989ae7a...
[   2.581]       <<< RX chan1 1153B: f12dc3f17d76968e3cb810ccb4c7c216e71b867ac6ff82c75107822e8cf03e18...
[   2.581]       <<< RX chan1 1153B: cbd2c41ba9cd7113b202a4b97d3969d94286341e39048c6e7aa1eb71081a6b76...
[   2.581]       <<< RX chan1 1153B: e0d0c4944562cc7a747e141958f6c4d324b4049e3421fbd77c6787e9053d6529...
[   2.581]       <<< RX chan1 1153B: 03c89594a02493538d0db286e294e6581523372058717ba914a342c6bd8751f0...
[   2.582]       <<< RX chan1 1153B: 964227fbd38cab5e9b364d0cd10f34ba6ee0a3b4abcf4142caf2e4ff0c0f73f4...
[   2.582]       <<< RX chan1 1153B: 377fff924125f1399e2ee0150dd740be1f8c7de17789bc5fdac91248d582868f...
[   2.583]       <<< RX chan1 1153B: 35891ab50017ecbeaa8cf00c22f5726336aa704b2cd084dd6c1176ab8344fce0...
[   2.583]       <<< RX chan1 1153B: 478ad3d21fd21ad24e96a7201c08891c63f891fb52543fd65af33e756cc22fe0...
[   2.583]       <<< RX chan1 1153B: f7b2c368fcdd571965c3f7450d409bf31ddd87a8a291ac9d7a058de6916fe490...
[   2.583]       <<< RX chan1 1153B: 0abea1cb6bb797c3f0d82ecf0177482ea7bbb0e33597932e30ef5cfe98108ea5...
[   2.584]       <<< RX chan1 1153B: 14e98157c346edfdaacb91181b8e99670c9e3a933963c5859ed0096b514274f2...
[   2.584]       <<< RX chan1 1153B: 166e88e836e3461499f030ea9a80ecbdbd6ccc603d97774022a292b7a2daca04...
[   2.585]       <<< RX chan1 705B: 0f14a8f806ef8e6d8d3a1dec2934d5c0f8d7ecb6053f0e8ca1d992a5bee7e6e7...
[   2.585]       <<< RX chan1 1153B: 80006730831601246700001a67000028b52ffd601a66d13803506f1892e88bcd...
[   2.585]       <<< RX chan1 1153B: 0cc441c52fab4857f44c8c76a2477bfc97c50e6f523ba86b8c7f0f6c3c847c23...
[   2.585]       <<< RX chan1 1153B: ab11f219258372ebc305990868618e236de5f98735fe1eb1d7033d47a0bcc4b8...
[   2.587]       <<< RX chan1 1153B: f8d8502b84c0f1727af4a0ec23833d2b7f25de02ab07c6f3914518cf0d8eedfe...
[   2.587]       <<< RX chan1 1153B: 2bdbc1d72e498746de04cf04f0ade226c554824d98ee43e29f0d1218e4d0a055...
[   2.587]       <<< RX chan1 1153B: c4c4bed07890b41150803280afa2a152cc94b9a21b9819a4872eeb83b1f6988d...
[   2.588]       <<< RX chan1 1153B: 419444d2f2a819305a46d267d290e63639c591993a20625e775259b5628825f2...
[   2.588]       <<< RX chan1 1153B: 072ddfdeef43a77cd3ff46394e814e8a8655f15f145005165061ff6f95aafc46...
[   2.588]       <<< RX chan1 1153B: 4cb21846cd640401c32be625f491e095055a10abe81ec75c40fd401c0b8882b2...
[   2.589]       <<< RX chan1 1153B: 9c4b27883a748dbf0eb764e29d2393d23231ea723c760647a6aff5ee39b5e30b...
[   2.589]       <<< RX chan1 1153B: 16c03ef710a6b8cc1e1bac405f60df8d50ed13f122f92f568b7b0570c892b65e...
[   2.590]       <<< RX chan1 1153B: c50cc951efcbaf032b7af420972a44fe8e96e2ebca23c566dd49f18059ab9a95...
[   2.591]       <<< RX chan1 1153B: 8587954c90adf55cac8078a96548bcfd8bb2f649b3d1b3796b984669ecb2387e...
[   2.591]       <<< RX chan1 1153B: ed505d79df9338b1f580515a16a4a11897c457dcb4e6733b2067f18c95d902de...
[   2.591]       <<< RX chan1 1153B: 6d2bf26578e76f39d7fca51cc9daf7b8cd5a63ee35452e65d86403ed287c9495...
[   2.592]       <<< RX chan1 1153B: e2a2d942b965eceae1c7448d992a7fbd310f58a9e9f3fb47cb268f6fddbbc76b...
[   2.592]       <<< RX chan1 1153B: a53b2a0e183396e65de3469b38a3c0f10abf9db0b2f8c91b3f7c6d133adf8cdf...
[   2.592]       <<< RX chan1 1153B: 799c2ad4877f8c7f6ebe043469373a4ea6b2a2d13dc64c42fab7f9a891ee8d39...
[   2.593]       <<< RX chan1 1153B: d34fda05debc8e51837721ad05ccd7f50ce69eaff706bdcf053a2d2f2cdca134...
[   2.593]       <<< RX chan1 1153B: 570df2d957e8b741dd207b19463b3fea06ad9ea88f24bacbdb3a23f28212347c...
[   2.594]       <<< RX chan1 1153B: cd84ee487a4ca1389cea6422d6161b969c277d5d06c702bfd812e290040a8499...
[   2.594]       <<< RX chan1 1153B: e5c63bc417b6bc376a9a523f3c6f056007ea4f058be7d5a5c45423df63fbb4df...
[   2.594]       <<< RX chan1 1054B: 334faaa8702977c3d6188478b402140497029b64e2772f53da41d94198bb94b3...
[   2.595]       <<< RX chan1 1153B: 8000520e83160102520000f851000028b52ffd60f850c18f026a3eeeb707fd4b...
[   2.595]       <<< RX chan1 1153B: 54400b537e504eb3deb2ff14b5eef79d3e571cb542a80e8059a01d2f494dfb90...
[   2.597]       <<< RX chan1 1153B: fc5bb23a4e017780cdfddca44ca574c74da38d401d6bd4cfd8daa38b454991b1...
[   2.597]       <<< RX chan1 1153B: 653c990407994698f33cf385329944ae666200b9376b0d967541d7ba6c8f056d...
[   2.597]       <<< RX chan1 1153B: e637269778e79b1271efb7017f58c233f69206f975dc5fed9e029f1cae316906...
[   2.597]       <<< RX chan1 1153B: 73ce4c83f6fdc45dd62b485b208c6f6a34e9645a6ef5392970177442f8409d29...
[   2.598]       <<< RX chan1 1153B: 3c3bc531f8a80cebce2148ff8f1d25810210e51410d474e9cff994c98d03c26b...
[   2.598]       <<< RX chan1 1153B: 84b3fc65ff064127849f2c14654cbedf34fb547bebd83c8386ab4f4e4d546e67...
[   2.598]       <<< RX chan1 1153B: e4387d45c06bf63cdfeb86373546eef57a544362346f2d08fa79e4ce2366d7eb...
[   2.599]       <<< RX chan1 1153B: 4feb976a662c565e415a116cdcfeddb6ba2d698318fac7a9281395b07484ed78...
[   2.599]       <<< RX chan1 1153B: 10cc6d00760ac701bc6c7cdab4ebdfc704a2d4202f3002571cd6517d0934e440...
[   2.599]       <<< RX chan1 1153B: 7e1d98c45e6942141a839b3fa44801ce9323a875d8725517913504a6488e9255...
[   2.600]       <<< RX chan1 1153B: b306047d02f9942c271c6f36ef4d567c35b4593061a4e38583b547f267452f81...
[   2.600]       <<< RX chan1 1153B: 602108d3aacf18b006c98c2e18155af300fd1005ab888cc18f6e61b7f53df823...
[   2.601]       <<< RX chan1 1153B: c256d4039be4124d5f434ceff0848e74c82ed55b2c74d22acd1806de45b4f991...
[   2.602]       <<< RX chan1 1153B: 9eba3f24dbd881f128e2367e3b87858ca391e1c251525e8df7fcc034d031b99f...
[   2.602]       <<< RX chan1 1153B: 36a5060eb18596a0aeea869bfb62d31fd7055081a49b0ecdf40580f271d28bce...
[   2.602]       <<< RX chan1 1153B: c1adc2156e4d45c292abc058ae4b97bffb6074077dd8be9dfbe7a7492cc34e34...
[   2.603]       <<< RX chan1 256B: 2da85748512da93bc719b52559ff0fc9e58309eaba13c832fa5f8c99d95b4a9f...
[   2.603]       <<< RX chan1 1153B: 80004a65831601594a00004f4a000028b52ffd604f4979520277a56408840065...
[   2.603]       <<< RX chan1 1153B: 5eab348dab0b7088c50d948c7259de086179308abe93486f21381c05ca166556...
[   2.603]       <<< RX chan1 1153B: 18b277d8ae28db463a2375a9324309e74dab72b7fd1a5661f3e19ed5c66e432d...
[   2.604]       <<< RX chan1 1153B: bc1f28bbe73939f7932596a9633d2f04ff6f6dcb5e1af22b9ae2a16f7601b10c...
[   2.604]       <<< RX chan1 1153B: 0ba83dd536b245c1009b300d711561407a50b6e9945d5f865b8785cd56a59feb...
[   2.605]       <<< RX chan1 1153B: 0d16f3036efe2b338e35a6fbc16f875d40e212bb6a50f6463809326bc54b6654...
[   2.606]       <<< RX chan1 1153B: 0a298e2e03a1b726b76e05f94c3d730fdec322aeb7cacf40685f012af5c47d83...
[   2.606]       <<< RX chan1 1153B: c54228bfbc5a254f52bd63b31bfdfb9e9c36a38b08d4b0aba4cdbadf9f88d953...
[   2.606]       <<< RX chan1 1153B: e8486c9471f8584bb58d6031e88d23a81f73c7e5da7d99b04ac8f2c8b52db5a7...
[   2.607]       <<< RX chan1 1153B: 7529e85d194b77688d7999335eef743711dcf2cfd1cb2fbc6aff46d4fb1a37aa...
[   2.607]       <<< RX chan1 1153B: cd905ca945b6a470239d1ac0e1ddde4eec7a9b12a72d0c84d5e5bed3f14cb59d...
[   2.608]       <<< RX chan1 1153B: c8d26e8ea5d9c3cc6693525d99cbf35b9b2d4b9e26e2894d8f85b5bf733edb3c...
[   2.608]       <<< RX chan1 1153B: 7f1cf475d18b57010485d46244216796b656f792bb90abcd96622667c70ec11a...
[   2.608]       <<< RX chan1 1153B: 6eb3cabdfe6a4321f27c381fb5b7e8d9db80f2d1a67dd516753973af89606ab8...
[   2.609]       <<< RX chan1 1153B: 5b6ae44891a4b3e472f02ecb519f638529522e84d79cb2b3e0d089516f7c2a61...
[   2.609]       <<< RX chan1 1153B: 02855026e7a7d59fd3b51d8779bd1503289aa73784ba9f05ee366cf2285f2b67...
[   2.609]       <<< RX chan1 601B: 41d8333a67ca6a17972c9ec1645fadcb06855bd24151b18ff9ab733684aa454d...
[   2.609]       <<< RX chan1 1153B: 800012cd831603bc120000311f000028b52ffd60311e9595001a234940542088...
[   2.609]       <<< RX chan1 1153B: f589c7dc4be8558466c412b5822f5b2ed0e0b7b040f5222dbbae4dfeffab5a91...
[   2.611]       <<< RX chan1 1153B: 5f8638e26647132e4831c4eff179de9f81a0c7c2a40410aa4056d8305162440c...
[   2.611]       <<< RX chan1 1153B: 9e8d4da5299b8dfb963198be3298996f2667f9c24c2dcb33731663ebf36a32f6...
[   2.611]       <<< RX chan1 205B: ef39751dd8a8db51817a256d5b1ad7d232a08cb8cfe20e892f13713d30c4067b...
[   2.612]       <<< RX chan1 393B: 80000185831601790100006f01000028b52ffd606f00790b006a5f46c17fdd9d...
[   2.612]       <<< RX chan1 1153B: 80002fba831602c42e00006996000028b52ffd606995d57501aa6f2e85591038...
[   2.612]       <<< RX chan1 1153B: 50fad87dd2afcf4d2b0c40b866dfaa42b1e9b93601dd74d8f2c0933e769dd068...
[   2.612]       <<< RX chan1 1153B: 5b8d24451b1af47a27542b833ebe0240bf0470c96c2529b395e358236fe2adc6...
[   2.612]       <<< RX chan1 1153B: 00c40632cb500a34a22394544554fa3b4a551d120cfac533840b513228f33f0b...
[   2.612]       <<< RX chan1 1153B: e8df64b2e483fecd9b4afa3785c43097fa378b780083074078d181201570c106...
[   2.613]       <<< RX chan1 1153B: 6e4358385322b5646aaf3540cc56c03466766413c16f4400a02f6df224c7e403...
[   2.614]       <<< RX chan1 1153B: 53494aa7ae52bab397fbdf83814e8e8987e60eef17445cbdad62c74a21e8290a...
[   2.614]       <<< RX chan1 1153B: 03f3ebe5234f724c3cb024a4d0e6d7cb3c245701c22f4998b4ad2b45692efa51...
[   2.614]       <<< RX chan1 1153B: 7d8fec63901d5c4ce2a533af8ccd4578bedd39457a286425f2031e11a2182bf8...
[   2.614]       <<< RX chan1 1153B: 196d633959264fa7cc92f03c8d1d25201687b75be10919436523ad9588f89c05...
[   2.615]       <<< RX chan1 692B: 6f2bcae2ea24d791db0e027093253b164f046f247924c874939d87025e303129...
[   2.615]       <<< RX chan1 87B: 80000053831601470000003e00000028b52ffd203ef10100ade9c2a9b0f72180...
[   2.615]       <<< RX chan1 1153B: 80007d6e831602217a00001051010028b52ffda010510100add003de8b855513...
[   2.615]       <<< RX chan1 1153B: 73cec56c87477fb6c38e8bd90e8fa9c086ce1d33daecf61be76e1f84fe56b5f9...
[   2.616]       <<< RX chan1 1153B: 7bcd84980fae7b4e957b94b949714f6e9b38cf50a2c657e09e73e500430cc101...
[   2.617]       <<< RX chan1 1153B: 7b000e02d76dbf07d02002d76dbf0748a0c6040c1844b63635508d37d4bb6efb...
[   2.617]       <<< RX chan1 1153B: 32a7bf73389df6dcd8f80832324a78344007471270738f90410689bc9a406f62...
[   2.618]       <<< RX chan1 1153B: ec551b6c8359c196ab655b9fb0272c127ab5c1160b49b8d55a69b5562d57fbc1...
[   2.618]       <<< RX chan1 1153B: f469de3daa7126feacb5faa67e7c5b71a736cfc77ba3254ef73f81a5691e7a74...
[   2.618]       <<< RX chan1 1153B: b35a275dc6e174af58d5b79cee5e0aec86222085274c46aca431cf9564c4f254...
[   2.619]       <<< RX chan1 1153B: 6d970fc2ae36abe56affaafd22a1568bd55ab55bad567b8544e88370abd56ab3...
[   2.619]       <<< RX chan1 1153B: 2a31527ada8f063422645b2dadb657247c24e1331172b56cfb596db0d56aad5a...
[   2.619]       <<< RX chan1 1153B: f9d69d02e9f27e9c6e28b01b4e5ca6789ff8373671895f9f3c720aa4cbba57b3...
[   2.620]       <<< RX chan1 1153B: 8bbc8a89764ed11fa3b11ecbd566b55c2ddb13fe91d00a46555587de52bcd337...
[   2.621]       <<< RX chan1 1153B: e627f2e83eb30ed57dde2ade7d4e8356f537cea1e93675508af36e871fdd4f84...
[   2.621]       <<< RX chan1 1153B: c1ade008ae93411604b7ae935a2db45e5c278134409deb2450c705a089eb2490...
[   2.622]       <<< RX chan1 1153B: efc649a9a427373b1db6fd0729763a6c2b71cea579e887bb9f989d9800962134...
[   2.622]       <<< RX chan1 1153B: a831438707d434f30c3578b083c402109009c10446b429b85ec2492913b2896f...
[   2.622]       <<< RX chan1 1153B: abd9932245cf11ee3d7789c9870477df8d9347c6dc9a4b83934764ae48c8dcb8...
[   2.622]       <<< RX chan1 1153B: 23d03a03fab3537497cdfcf3010d1e126e5422d84cf3d08f1455ce1f81053337...
[   2.624]       <<< RX chan1 1153B: b59167322037cc095bb1283267c1cc01645ca5b9a791e0f7c8f9f64b52bf1145...
[   2.624]       <<< RX chan1 1153B: e33b7a1740c14d85c0d204b459ec6a169992663aebfb3771c1a4fc2910f8cf2a...
[   2.624]       <<< RX chan1 1153B: 005e5aa32fe2530c241e4ddc23bcc5f7ad782aa75aa1b45d8312a7e999409aa3...
[   2.624]       <<< RX chan1 1153B: 7388a1bd1e85452ac45ff52f915ae2b11379bc77f040f3c7f91147032b1636ca...
[   2.624]       <<< RX chan1 1153B: 934eedafaa3fd51d2a16f74410895495f209f87f96ab0b9411d70292b8f163b7...
[   2.624]       <<< RX chan1 1153B: f2ccf072810c50e26c4ebcab3bb467889957872c5834933c6e42addfced6f966...
[   2.625]       <<< RX chan1 1153B: 4ceb7aafa853c28eb6ac61908f0301dd46e158f64a3deca8f6466a10551caf6e...
[   2.625]       <<< RX chan1 1153B: 3f34f485b0a3ad71b40d3ee5ffc267e9a1ceb9775b809cadc385c2ed76d7d64e...
[   2.625]       <<< RX chan1 1153B: d83a55365756a9a994c9e08623883f1a26b7be788188485897665ab5e9c65e39...
[   2.625]       <<< RX chan1 983B: 0f6a18092501f34e42c3380a3c9e8fb5b038e85743ef2a4cf6a7429dfc9b1e55...
[   2.626]       <<< RX chan1 201B: 800000c5831601b9000000ca00000028b52ffd20ca850500340a90465740c185...
[   2.626]       <<< RX chan1 808B: 80000324831604130300002206000028b52ffd6022054d1800d628994d901456...
[   2.627]       <<< RX chan1 25B: 80000015831601090000000000000028b52ffd200001000000
[   2.627]       <<< RX chan1 234B: 800000e6831604d5000000e100000028b52ffd20e1650600b40b017bc0530063...
[   2.627]       <<< RX chan1 25B: 80000015831601090000000000000028b52ffd200001000000
[   2.627]       <<< RX chan1 95B: 8000005b8316024a0000004600000028b52ffd20460d0200940301099453004a...
[   2.627]       <<< RX chan1 25B: 80000015831601090000000000000028b52ffd200001000000
[   2.627]       <<< RX chan1 138B: 80000086831602750000006c00000028b52ffd206c610300014dbe53004a0102...
[   2.627]       <<< RX chan1 1153B: 8000051e83100d00000002011fc25300ef01ffff011ec25300020120c2530057...
[   2.627]       <<< RX chan1 161B: 74696f6e416374696f6e0b04ff0126c2530002012bc253001501ff0689081a0c...
[   2.627]       <<< RX chan1 984B: 800005208302012fc253001501ff0492021391021a184b6579626f6172645365...
[   2.627]       <<< RX chan1 332B: 67ff0148c2530002014ac253001501ff06e8071a0e47616d6570616442696e64...
[   2.628]       <<< RX chan1 1153B: 8000051d83020154c253001301ff070e4162696c697479416374696f6e370b06...
[   2.628]       <<< RX chan1 160B: 76c253001501ff0695080e000080bf1a0f547261636b70616442696e64696e67...
[   2.628]       <<< RX chan1 985B: 800005298302017ac253001501ff06f9070c00000040144a0c864066664ec01a...
[   2.629]       <<< RX chan1 340B: 001c01ff05034b4f730902ff0192c25300020194c253001c01ff050857697065...
[   2.630]       <<< RX chan1 1153B: 800005188302019ec253001501ff06331a0f4b6579626f61726442696e64696e...
[   2.630]       <<< RX chan1 155B: 01c1c253001501ff10011a0c546f75636842696e64696e67ff01bec253000201...
[   2.630]       <<< RX chan1 11B: 800000078323942a580000
[   2.631]       <<< RX chan1 86B: 800000528323942a580020030000003000000039300000000000000400000000...
[   2.631]       <<< RX chan1 11B: 800000078323982a580000
[   2.631]       <<< RX chan1 297B: 800001258307017c230000e31607456e61626c65640701902300002f09ecf2ec...
[   2.631]       <<< RX chan1 34B: 8000001e830701a6650000641102020a32363535383836353138090023a02a58...
[   2.631]       <<< RX chan1 11B: 800000078323a42a580000
[   2.631]       <<< RX chan1 11B: 800000078323a82a580000
[   2.631]       <<< RX chan1 11B: 800000078323ac2a580000
[   2.631]       <<< RX chan1 11B: 800000078323b02a580000
[   2.631]       <<< RX chan1 11B: 800000078323b42a580000
[   2.631]       <<< RX chan1 11B: 800000078323b82a580000
[   2.631]       <<< RX chan1 11B: 800000078323bc2a580000
[   2.631]       <<< RX chan1 11B: 800000078323c02a580000
[   2.631]       <<< RX chan1 11B: 800000078323c42a580000
[   2.631]       <<< RX chan1 11B: 800000078323c82a580000
[   2.631]       <<< RX chan1 11B: 800000078323cc2a580000
[   2.631]       <<< RX chan1 11B: 800000078323d02a580000
[   2.631]       <<< RX chan1 11B: 800000078323d42a580000
[   2.631]       <<< RX chan1 11B: 800000078323d82a580000
[   2.631]       <<< RX chan1 11B: 800000078323dc2a580000
[   2.631]       <<< RX chan1 11B: 800000078323e02a580000
[   2.631]       <<< RX chan1 11B: 800000078323e42a580000
[   2.631]       <<< RX chan1 11B: 800000078323e82a580000
[   2.631]       <<< RX chan1 11B: 800000078323ec2a580000
[   2.631]       <<< RX chan1 38B: 8000002283051075b66f010000000075b66f0100000000000000000000000000...
[   2.631]       <<< RX chan1 11B: 800000078323f42a580000
[   2.631]       <<< RX chan1 11B: 800000078323f82a580000
[   2.631]       <<< RX chan1 11B: 800000078323fc2a580000
[   2.631]       <<< RX chan1 11B: 800000078323002b580000
[   2.643]       <<< RX chan1 11B: 800000078323042b580000
[   2.658]       <<< RX chan1 11B: 800000078323082b580000
[   2.675]       <<< RX chan1 11B: 8000000783230c2b580000
[   2.694]       <<< RX chan1 11B: 800000078323102b580000
[   2.709]       <<< RX chan1 11B: 800000078323142b580000
[   2.725]       <<< RX chan1 11B: 800000078323182b580000
[   2.744]       <<< RX chan1 11B: 8000000783231c2b580000
[   2.760]       <<< RX chan1 11B: 800000078323202b580000
[   2.776]       <<< RX chan1 11B: 800000078323242b580000
[   2.796]       <<< RX chan1 11B: 800000078323282b580000
[   2.809]       <<< RX chan1 11B: 8000000783232c2b580000
[   2.826]       <<< RX chan1 11B: 800000078323302b580000
[   2.843]       <<< RX chan1 11B: 800000078323342b580000
[   2.860]       <<< RX chan1 11B: 800000078323382b580000
[   2.876]       <<< RX chan1 11B: 8000000783233c2b580000
[   2.892]       <<< RX chan1 11B: 800000078323402b580000
[   2.910]       <<< RX chan1 11B: 800000078323442b580000
[   2.926]       <<< RX chan1 11B: 800000078323482b580000
[   2.943]       <<< RX chan1 11B: 8000000783234c2b580000
[   2.959]       <<< RX chan1 11B: 800000078323502b580000
[   2.976]       <<< RX chan1 11B: 800000078323542b580000
[   2.993]       <<< RX chan1 11B: 800000078323582b580000
[   3.008]       <<< RX chan1 11B: 8000000783235c2b580000
[   3.028]       <<< RX chan1 11B: 800000078323602b580000
[   3.042]       <<< RX chan1 11B: 800000078323642b580000
[   3.059]       <<< RX chan1 11B: 800000078323682b580000
[quic] DATAGRAM 32B: 03020083051079b86f010000000079b86f010000000000000000010000000000
[   3.076]       <<< RX chan1 38B: 8000002283051079b86f010000000079b86f0100000000000000000000000000...
[   3.092]       <<< RX chan1 11B: 800000078323702b580000
[   3.109]       <<< RX chan1 11B: 800000078323742b580000
[   3.126]       <<< RX chan1 11B: 800000078323782b580000
[   3.144]       <<< RX chan1 11B: 8000000783237c2b580000
[   3.160]       <<< RX chan1 11B: 800000078323802b580000
[   3.176]       <<< RX chan1 11B: 800000078323842b580000
[   3.193]       <<< RX chan1 16B: 8000000c8323842b580023882b580000
[   3.209]       <<< RX chan1 11B: 8000000783238c2b580000
[   3.225]       <<< RX chan1 11B: 800000078323902b580000
[   3.242]       <<< RX chan1 11B: 800000078323942b580000
[   3.260]       <<< RX chan1 11B: 800000078323982b580000
[   3.276]       <<< RX chan1 11B: 8000000783239c2b580000
[   3.293]       <<< RX chan1 121B: 80000075831b0100000001a4c053001b1300000001a5c0530001a6c0530001a7...
[   3.309]       <<< RX chan1 11B: 800000078323a42b580000
[   3.326]       <<< RX chan1 11B: 800000078323a82b580000
[   3.342]       <<< RX chan1 11B: 800000078323ac2b580000
[   3.358]       <<< RX chan1 11B: 800000078323b02b580000
[   3.376]       <<< RX chan1 11B: 800000078323b42b580000
[   3.392]       <<< RX chan1 11B: 800000078323b82b580000
[   3.409]       <<< RX chan1 11B: 800000078323bc2b580000
[   3.426]       <<< RX chan1 11B: 800000078323c02b580000
[   3.442]       <<< RX chan1 11B: 800000078323c42b580000
[   3.459]       <<< RX chan1 11B: 800000078323c82b580000
[   3.477]       <<< RX chan1 11B: 800000078323cc2b580000
[   3.493]       <<< RX chan1 11B: 800000078323d02b580000
[   3.508]       <<< RX chan1 11B: 800000078323d42b580000
[   3.525]       <<< RX chan1 11B: 800000078323d82b580000
[   3.542]       <<< RX chan1 11B: 800000078323dc2b580000
[   3.559]       <<< RX chan1 11B: 800000078323e02b580000
[quic] DATAGRAM 32B: 0303008305106eba6f01000000006eba6f010000000000000000010000000000
[   3.576]       <<< RX chan1 38B: 800000228305106eba6f01000000006eba6f0100000000000000000000000000...
[   3.593]       <<< RX chan1 11B: 800000078323e82b580000
[   3.609]       <<< RX chan1 11B: 800000078323ec2b580000
[   3.626]       <<< RX chan1 11B: 800000078323f02b580000
[   3.641]       <<< RX chan1 11B: 800000078323f42b580000
[   3.658]       <<< RX chan1 11B: 800000078323f82b580000
[   3.675]       <<< RX chan1 11B: 800000078323fc2b580000
[   3.696]       <<< RX chan1 11B: 800000078323002c580000
[   3.709]       <<< RX chan1 11B: 800000078323042c580000
[   3.725]       <<< RX chan1 11B: 800000078323082c580000
[   3.742]       <<< RX chan1 11B: 8000000783230c2c580000
[   3.759]       <<< RX chan1 11B: 800000078323102c580000
[   3.776]       <<< RX chan1 11B: 800000078323142c580000
[   3.793]       <<< RX chan1 11B: 800000078323182c580000
[   3.810]       <<< RX chan1 11B: 8000000783231c2c580000
[   3.826]       <<< RX chan1 11B: 800000078323202c580000
[   3.843]       <<< RX chan1 11B: 800000078323242c580000
[   3.858]       <<< RX chan1 11B: 800000078323282c580000
[   3.875]       <<< RX chan1 11B: 8000000783232c2c580000
[   3.892]       <<< RX chan1 11B: 800000078323302c580000
[   3.909]       <<< RX chan1 11B: 800000078323342c580000
[   3.927]       <<< RX chan1 11B: 800000078323382c580000
[   3.944]       <<< RX chan1 11B: 8000000783233c2c580000
[   3.961]       <<< RX chan1 11B: 800000078323402c580000
[   3.980]       <<< RX chan1 11B: 800000078323442c580000
[   3.993]       <<< RX chan1 11B: 800000078323482c580000
[   4.010]       <<< RX chan1 11B: 8000000783234c2c580000
[   4.025]       <<< RX chan1 11B: 800000078323502c580000
[   4.043]       <<< RX chan1 11B: 800000078323542c580000
[   4.059]       <<< RX chan1 11B: 800000078323582c580000
[   4.075]       <<< RX chan1 11B: 8000000783235c2c580000
[quic] DATAGRAM 32B: 03040083051072bc6f010000000072bc6f010000000000000000010000000000
[   4.092]       <<< RX chan1 38B: 8000002283051072bc6f010000000072bc6f0100000000000000000000000000...
[   4.109]       <<< RX chan1 11B: 800000078323642c580000
[   4.126]       <<< RX chan1 11B: 800000078323682c580000
[   4.144]       <<< RX chan1 11B: 8000000783236c2c580000
[   4.160]       <<< RX chan1 11B: 800000078323702c580000
[   4.175]       <<< RX chan1 11B: 800000078323742c580000
[   4.192]       <<< RX chan1 16B: 8000000c8323742c580023782c580000
[   4.209]       <<< RX chan1 11B: 8000000783237c2c580000
[   4.225]       <<< RX chan1 11B: 800000078323802c580000
[   4.242]       <<< RX chan1 11B: 800000078323842c580000
[   4.260]       <<< RX chan1 11B: 800000078323882c580000
[   4.276]       <<< RX chan1 11B: 8000000783238c2c580000
[   4.293]       <<< RX chan1 11B: 800000078323902c580000
[   4.309]       <<< RX chan1 11B: 800000078323942c580000
[   4.326]       <<< RX chan1 11B: 800000078323982c580000
[   4.342]       <<< RX chan1 11B: 8000000783239c2c580000
[   4.358]       <<< RX chan1 11B: 800000078323a02c580000
[   4.377]       <<< RX chan1 11B: 800000078323a42c580000
[   4.392]       <<< RX chan1 11B: 800000078323a82c580000
[   4.409]       <<< RX chan1 11B: 800000078323ac2c580000
[   4.426]       <<< RX chan1 11B: 800000078323b02c580000
[   4.442]       <<< RX chan1 11B: 800000078323b42c580000
[   4.459]       <<< RX chan1 11B: 800000078323b82c580000
[   4.477]       <<< RX chan1 11B: 800000078323bc2c580000
[   4.491]       <<< RX chan1 11B: 800000078323c02c580000
[   4.508]       <<< RX chan1 11B: 800000078323c42c580000
[   4.525]       <<< RX chan1 11B: 800000078323c82c580000
[   4.542]       <<< RX chan1 11B: 800000078323cc2c580000
[   4.559]       <<< RX chan1 11B: 800000078323d02c580000
[   4.575]       <<< RX chan1 11B: 800000078323d42c580000
[quic] DATAGRAM 32B: 03050083051066be6f010000000066be6f010000000000000000010000000000
[   4.594]       <<< RX chan1 38B: 8000002283051066be6f010000000066be6f0100000000000000000000000000...
[   4.609]       <<< RX chan1 11B: 800000078323dc2c580000
[   4.627]       <<< RX chan1 11B: 800000078323e02c580000
[   4.643]       <<< RX chan1 11B: 800000078323e42c580000
[   4.659]       <<< RX chan1 11B: 800000078323e82c580000
[   4.675]       <<< RX chan1 11B: 800000078323ec2c580000
[   4.692]       <<< RX chan1 11B: 800000078323f02c580000
[   4.709]       <<< RX chan1 11B: 800000078323f42c580000
[   4.726]       <<< RX chan1 11B: 800000078323f82c580000
[   4.742]       <<< RX chan1 11B: 800000078323fc2c580000
[   4.759]       <<< RX chan1 11B: 800000078323002d580000
[   4.776]       <<< RX chan1 11B: 800000078323042d580000
[   4.793]       <<< RX chan1 11B: 800000078323082d580000
[   4.810]       <<< RX chan1 11B: 8000000783230c2d580000
[   4.826]       <<< RX chan1 11B: 800000078323102d580000
[   4.843]       <<< RX chan1 11B: 800000078323142d580000
[   4.859]       <<< RX chan1 11B: 800000078323182d580000
[   4.876]       <<< RX chan1 11B: 8000000783231c2d580000
[   4.892]       <<< RX chan1 11B: 800000078323202d580000
[   4.909]       <<< RX chan1 11B: 800000078323242d580000
[   4.927]       <<< RX chan1 11B: 800000078323282d580000
[   4.942]       <<< RX chan1 11B: 8000000783232c2d580000
[   4.959]       <<< RX chan1 11B: 800000078323302d580000
[   4.976]       <<< RX chan1 11B: 800000078323342d580000
[   4.993]       <<< RX chan1 11B: 800000078323382d580000
[   5.008]       <<< RX chan1 11B: 8000000783233c2d580000
[   5.026]       <<< RX chan1 11B: 800000078323402d580000
[   5.043]       <<< RX chan1 11B: 800000078323442d580000
[   5.059]       <<< RX chan1 11B: 800000078323482d580000
[   5.075]       <<< RX chan1 11B: 8000000783234c2d580000
[   5.092]       <<< RX chan1 11B: 800000078323502d580000
[quic] DATAGRAM 32B: 0306008305106bc06f01000000006bc06f010000000000000000010000000000
[   5.109]       <<< RX chan1 38B: 800000228305106bc06f01000000006bc06f0100000000000000000000000000...
[   5.126]       <<< RX chan1 11B: 800000078323582d580000
[   5.144]       <<< RX chan1 11B: 8000000783235c2d580000
[   5.158]       <<< RX chan1 11B: 800000078323602d580000
[   5.175]       <<< RX chan1 11B: 800000078323642d580000
[   5.192]       <<< RX chan1 16B: 8000000c8323642d580023682d580000
[   5.208]       <<< RX chan1 11B: 8000000783236c2d580000
[   5.225]       <<< RX chan1 11B: 800000078323702d580000
[   5.242]       <<< RX chan1 11B: 800000078323742d580000
[   5.260]       <<< RX chan1 11B: 800000078323782d580000
[   5.276]       <<< RX chan1 11B: 8000000783237c2d580000
[   5.292]       <<< RX chan1 11B: 800000078323802d580000
[   5.309]       <<< RX chan1 11B: 800000078323842d580000
[   5.326]       <<< RX chan1 11B: 800000078323882d580000
[   5.341]       <<< RX chan1 11B: 8000000783238c2d580000
[   5.360]       <<< RX chan1 11B: 800000078323902d580000
[   5.376]       <<< RX chan1 11B: 800000078323942d580000
[   5.392]       <<< RX chan1 11B: 800000078323982d580000
[   5.409]       <<< RX chan1 11B: 8000000783239c2d580000
[   5.426]       <<< RX chan1 106B: 80000066830204800e10545a01ff0000000020a183d740051324417474726962...
[   5.442]       <<< RX chan1 11B: 800000078323a42d580000
[   5.459]       <<< RX chan1 11B: 800000078323a82d580000
[   5.477]       <<< RX chan1 11B: 800000078323ac2d580000
[   5.491]       <<< RX chan1 11B: 800000078323b02d580000
[   5.510]       <<< RX chan1 11B: 800000078323b42d580000
[   5.526]       <<< RX chan1 11B: 800000078323b82d580000
[   5.543]       <<< RX chan1 11B: 800000078323bc2d580000
[   5.559]       <<< RX chan1 11B: 800000078323c02d580000
[   5.575]       <<< RX chan1 11B: 800000078323c42d580000
[   5.593]       <<< RX chan1 11B: 800000078323c82d580000
[quic] DATAGRAM 32B: 0307008305105fc26f01000000005fc26f010000000000000000010000000000
[   5.609]       <<< RX chan1 38B: 800000228305105fc26f01000000005fc26f0100000000000000000000000000...
[   5.626]       <<< RX chan1 11B: 800000078323d02d580000
[   5.643]       <<< RX chan1 11B: 800000078323d42d580000
[   5.659]       <<< RX chan1 11B: 800000078323d82d580000
[   5.675]       <<< RX chan1 11B: 800000078323dc2d580000
[   5.692]       <<< RX chan1 11B: 800000078323e02d580000
[   5.711]       <<< RX chan1 11B: 800000078323e42d580000
[   5.725]       <<< RX chan1 11B: 800000078323e82d580000
[   5.743]       <<< RX chan1 11B: 800000078323ec2d580000
[   5.760]       <<< RX chan1 11B: 800000078323f02d580000
[   5.776]       <<< RX chan1 11B: 800000078323f42d580000
[   5.792]       <<< RX chan1 11B: 800000078323f82d580000
[   5.810]       <<< RX chan1 11B: 800000078323fc2d580000
[   5.826]       <<< RX chan1 11B: 800000078323002e580000
[   5.843]       <<< RX chan1 11B: 800000078323042e580000
[   5.858]       <<< RX chan1 11B: 800000078323082e580000
[   5.876]       <<< RX chan1 11B: 8000000783230c2e580000
[   5.892]       <<< RX chan1 11B: 800000078323102e580000
[   5.909]       <<< RX chan1 91B: 80000057831b0f00000004827bee4704e86aa85304ea6f67490401868d0b04d3...
[   5.925]       <<< RX chan1 11B: 800000078323182e580000
[   5.943]       <<< RX chan1 11B: 8000000783231c2e580000
[   5.959]       <<< RX chan1 11B: 800000078323202e580000
[   5.976]       <<< RX chan1 11B: 800000078323242e580000
[   5.992]       <<< RX chan1 11B: 800000078323282e580000
[   6.009]       <<< RX chan1 11B: 8000000783232c2e580000
[   6.025]       <<< RX chan1 11B: 800000078323302e580000
[   6.042]       <<< RX chan1 11B: 800000078323342e580000
[   6.060]       <<< RX chan1 11B: 800000078323382e580000
[   6.075]       <<< RX chan1 11B: 8000000783233c2e580000
[   6.092]       <<< RX chan1 11B: 800000078323402e580000
[   6.110]       <<< RX chan1 11B: 800000078323442e580000
[quic] DATAGRAM 32B: 03080083051063c46f010000000063c46f010000000000000000010000000000
[   6.127]       <<< RX chan1 38B: 8000002283051063c46f010000000063c46f0100000000000000000000000000...
[   6.143]       <<< RX chan1 21B: 80000011831b0100000001e0c25300234c2e580000
[   6.159]       <<< RX chan1 11B: 800000078323502e580000
[   6.176]       <<< RX chan1 11B: 800000078323542e580000
[   6.192]       <<< RX chan1 16B: 8000000c8323542e580023582e580000
[   6.208]       <<< RX chan1 11B: 8000000783235c2e580000
[   6.225]       <<< RX chan1 11B: 800000078323602e580000
[   6.242]       <<< RX chan1 11B: 800000078323642e580000
[   6.260]       <<< RX chan1 11B: 800000078323682e580000
[   6.277]       <<< RX chan1 11B: 8000000783236c2e580000
[   6.292]       <<< RX chan1 11B: 800000078323702e580000
[   6.310]       <<< RX chan1 11B: 800000078323742e580000
[   6.326]       <<< RX chan1 11B: 800000078323782e580000
[   6.341]       <<< RX chan1 11B: 8000000783237c2e580000
[   6.358]       <<< RX chan1 11B: 800000078323802e580000
[   6.375]       <<< RX chan1 11B: 800000078323842e580000
[   6.393]       <<< RX chan1 11B: 800000078323882e580000
[   6.409]       <<< RX chan1 11B: 8000000783238c2e580000
[   6.425]       <<< RX chan1 11B: 800000078323902e580000
[   6.442]       <<< RX chan1 11B: 800000078323942e580000
[   6.459]       <<< RX chan1 11B: 800000078323982e580000
[   6.476]       <<< RX chan1 11B: 8000000783239c2e580000
[   6.491]       <<< RX chan1 11B: 800000078323a02e580000
[   6.509]       <<< RX chan1 21B: 80000011831b0100000001e3c2530023a42e580000
[   6.525]       <<< RX chan1 11B: 800000078323a82e580000
[   6.543]       <<< RX chan1 11B: 800000078323ac2e580000
[   6.558]       <<< RX chan1 11B: 800000078323b02e580000
[   6.575]       <<< RX chan1 11B: 800000078323b42e580000
[   6.592]       <<< RX chan1 11B: 800000078323b82e580000
[   6.610]       <<< RX chan1 11B: 800000078323bc2e580000
[   6.626]       <<< RX chan1 11B: 800000078323c02e580000
[quic] DATAGRAM 32B: 03090083051068c66f010000000068c66f010000000000000000010000000000
[   6.643]       <<< RX chan1 38B: 8000002283051068c66f010000000068c66f0100000000000000000000000000...
[   6.659]       <<< RX chan1 11B: 800000078323c82e580000
[   6.675]       <<< RX chan1 11B: 800000078323cc2e580000
[   6.692]       <<< RX chan1 11B: 800000078323d02e580000
[   6.708]       <<< RX chan1 11B: 800000078323d42e580000
[   6.726]       <<< RX chan1 11B: 800000078323d82e580000
[   6.742]       <<< RX chan1 11B: 800000078323dc2e580000
[   6.759]       <<< RX chan1 11B: 800000078323e02e580000
[   6.776]       <<< RX chan1 11B: 800000078323e42e580000
[   6.792]       <<< RX chan1 11B: 800000078323e82e580000
[   6.809]       <<< RX chan1 11B: 800000078323ec2e580000
[   6.827]       <<< RX chan1 11B: 800000078323f02e580000
[   6.841]       <<< RX chan1 21B: 80000011831b0100000001e4c2530023f42e580000
[   6.861]       <<< RX chan1 11B: 800000078323f82e580000
[   6.876]       <<< RX chan1 11B: 800000078323fc2e580000
[   6.893]       <<< RX chan1 11B: 800000078323002f580000
[   6.910]       <<< RX chan1 11B: 800000078323042f580000
[   6.926]       <<< RX chan1 11B: 800000078323082f580000
[   6.943]       <<< RX chan1 11B: 8000000783230c2f580000
[   6.960]       <<< RX chan1 11B: 800000078323102f580000
[   6.976]       <<< RX chan1 11B: 800000078323142f580000
[   6.993]       <<< RX chan1 11B: 800000078323182f580000
[   7.009]       <<< RX chan1 11B: 8000000783231c2f580000
[   7.026]       <<< RX chan1 11B: 800000078323202f580000
[   7.042]       <<< RX chan1 11B: 800000078323242f580000
[   7.059]       <<< RX chan1 11B: 800000078323282f580000
[   7.075]       <<< RX chan1 11B: 8000000783232c2f580000
[   7.092]       <<< RX chan1 11B: 800000078323302f580000
[   7.110]       <<< RX chan1 11B: 800000078323342f580000
[   7.127]       <<< RX chan1 11B: 800000078323382f580000
[quic] DATAGRAM 32B: 030a008305105cc86f01000000005cc86f010000000000000000010000000000
[   7.143]       <<< RX chan1 48B: 8000002c831b0100000001e6c2530005105cc86f01000000005cc86f01000000...
[   7.160]       <<< RX chan1 11B: 800000078323402f580000
[   7.177]       <<< RX chan1 11B: 800000078323442f580000
[   7.194]       <<< RX chan1 16B: 8000000c8323442f580023482f580000
[   7.211]       <<< RX chan1 11B: 8000000783234c2f580000
[   7.226]       <<< RX chan1 11B: 800000078323502f580000
[   7.243]       <<< RX chan1 11B: 800000078323542f580000
[   7.260]       <<< RX chan1 11B: 800000078323582f580000
[   7.279]       <<< RX chan1 11B: 8000000783235c2f580000
[   7.293]       <<< RX chan1 11B: 800000078323602f580000
[   7.310]       <<< RX chan1 11B: 800000078323642f580000
[   7.326]       <<< RX chan1 11B: 800000078323682f580000
[   7.343]       <<< RX chan1 11B: 8000000783236c2f580000
[   7.360]       <<< RX chan1 11B: 800000078323702f580000
[   7.376]       <<< RX chan1 11B: 800000078323742f580000
[   7.393]       <<< RX chan1 11B: 800000078323782f580000
[   7.411]       <<< RX chan1 21B: 80000011831b0100000001e7c25300237c2f580000
[   7.426]       <<< RX chan1 11B: 800000078323802f580000
[   7.443]       <<< RX chan1 11B: 800000078323842f580000
[   7.460]       <<< RX chan1 11B: 800000078323882f580000
[   7.476]       <<< RX chan1 11B: 8000000783238c2f580000
[   7.495]       <<< RX chan1 11B: 800000078323902f580000
[   7.510]       <<< RX chan1 11B: 800000078323942f580000
[   7.526]       <<< RX chan1 11B: 800000078323982f580000
[   7.543]       <<< RX chan1 11B: 8000000783239c2f580000
[   7.559]       <<< RX chan1 11B: 800000078323a02f580000
[   7.576]       <<< RX chan1 11B: 800000078323a42f580000
[   7.592]       <<< RX chan1 11B: 800000078323a82f580000
[   7.611]       <<< RX chan1 11B: 800000078323ac2f580000
[   7.626]       <<< RX chan1 11B: 800000078323b02f580000
[   7.642]       <<< RX chan1 11B: 800000078323b42f580000
[quic] DATAGRAM 32B: 030b0083051061ca6f010000000061ca6f010000000000000000010000000000
[   7.659]       <<< RX chan1 48B: 8000002c831b0100000001eac25300051061ca6f010000000061ca6f01000000...
[   7.677]       <<< RX chan1 11B: 800000078323bc2f580000
[   7.692]       <<< RX chan1 11B: 800000078323c02f580000
[   7.712]       <<< RX chan1 11B: 800000078323c42f580000
[   7.726]       <<< RX chan1 11B: 800000078323c82f580000
[   7.743]       <<< RX chan1 11B: 800000078323cc2f580000
[   7.759]       <<< RX chan1 11B: 800000078323d02f580000
[   7.775]       <<< RX chan1 11B: 800000078323d42f580000
[   7.792]       <<< RX chan1 11B: 800000078323d82f580000
[   7.809]       <<< RX chan1 11B: 800000078323dc2f580000
[   7.827]       <<< RX chan1 11B: 800000078323e02f580000
[   7.841]       <<< RX chan1 11B: 800000078323e42f580000
[   7.859]       <<< RX chan1 11B: 800000078323e82f580000
[   7.877]       <<< RX chan1 21B: 80000011831b0100000001ecc2530023ec2f580000
[   7.894]       <<< RX chan1 11B: 800000078323f02f580000
[   7.910]       <<< RX chan1 11B: 800000078323f42f580000
[   7.926]       <<< RX chan1 11B: 800000078323f82f580000
[   7.943]       <<< RX chan1 11B: 800000078323fc2f580000
[   7.960]       <<< RX chan1 11B: 8000000783230030580000
[   7.977]       <<< RX chan1 11B: 8000000783230430580000
[   7.994]       <<< RX chan1 11B: 8000000783230830580000
[   8.009]       <<< RX chan1 11B: 8000000783230c30580000
[   8.025]       <<< RX chan1 11B: 8000000783231030580000
[   8.042]       <<< RX chan1 11B: 8000000783231430580000
[   8.059]       <<< RX chan1 11B: 8000000783231830580000
[   8.075]       <<< RX chan1 21B: 80000011831b0100000001f0c25300231c30580000
[   8.092]       <<< RX chan1 11B: 8000000783232030580000
[   8.109]       <<< RX chan1 11B: 8000000783232430580000
[   8.126]       <<< RX chan1 11B: 8000000783232830580000
[   8.143]       <<< RX chan1 11B: 8000000783232c30580000
[   8.160]       <<< RX chan1 11B: 8000000783233030580000
[quic] DATAGRAM 32B: 030c0083051065cc6f010000000065cc6f010000000000000000010000000000
[   8.175]       <<< RX chan1 38B: 8000002283051065cc6f010000000065cc6f0100000000000000000000000000...
[   8.191]       <<< RX chan1 16B: 8000000c832334305800233830580000
[   8.208]       <<< RX chan1 11B: 8000000783233c30580000
[   8.225]       <<< RX chan1 11B: 8000000783234030580000
[   8.242]       <<< RX chan1 11B: 8000000783234430580000
[   8.260]       <<< RX chan1 21B: 80000011831b0100000001f1c25300234830580000
[   8.276]       <<< RX chan1 11B: 8000000783234c30580000
[   8.292]       <<< RX chan1 11B: 8000000783235030580000
[   8.310]       <<< RX chan1 11B: 8000000783235430580000
[   8.327]       <<< RX chan1 11B: 8000000783235830580000
[   8.343]       <<< RX chan1 11B: 8000000783235c30580000
[   8.359]       <<< RX chan1 11B: 8000000783236030580000
[   8.375]       <<< RX chan1 11B: 8000000783236430580000
[   8.394]       <<< RX chan1 11B: 8000000783236830580000
[   8.409]       <<< RX chan1 11B: 8000000783236c30580000
[   8.426]       <<< RX chan1 21B: 80000011831b0100000001f2c25300237030580000
[   8.443]       <<< RX chan1 11B: 8000000783237430580000
[   8.460]       <<< RX chan1 11B: 8000000783237830580000
[   8.477]       <<< RX chan1 11B: 8000000783237c30580000
[   8.493]       <<< RX chan1 11B: 8000000783238030580000
[   8.510]       <<< RX chan1 11B: 8000000783238430580000
[   8.527]       <<< RX chan1 11B: 8000000783238830580000
[   8.543]       <<< RX chan1 11B: 8000000783238c30580000
[   8.559]       <<< RX chan1 11B: 8000000783239030580000
[   8.576]       <<< RX chan1 21B: 80000011831b0100000001f3c25300239430580000
[   8.594]       <<< RX chan1 11B: 8000000783239830580000
[   8.610]       <<< RX chan1 11B: 8000000783239c30580000
[   8.628]       <<< RX chan1 11B: 800000078323a030580000
[   8.642]       <<< RX chan1 81B: 8000004d830201fbc25300cb00ff0000247449010000404104e0b607430095a1...
[   8.661]       <<< RX chan1 11B: 800000078323a830580000
[quic] DATAGRAM 32B: 030d008305105bce6f01000000005bce6f010000000000000000010000000000
[   8.678]       <<< RX chan1 38B: 800000228305105bce6f01000000005bce6f0100000000000000000000000000...
[   8.693]       <<< RX chan1 11B: 800000078323b030580000
[   8.711]       <<< RX chan1 21B: 80000011831b0100000001f7c2530023b430580000
[   8.726]       <<< RX chan1 11B: 800000078323b830580000
[   8.744]       <<< RX chan1 11B: 800000078323bc30580000
[   8.760]       <<< RX chan1 11B: 800000078323c030580000
[   8.776]       <<< RX chan1 11B: 800000078323c430580000
[   8.793]       <<< RX chan1 11B: 800000078323c830580000
[   8.810]       <<< RX chan1 11B: 800000078323cc30580000
[   8.827]       <<< RX chan1 154B: 80000096831b0100000001f8c253000d0000000000000201ff0d010000006d00...
[   8.845]       <<< RX chan1 11B: 800000078323d430580000
[   8.860]       <<< RX chan1 11B: 800000078323d830580000
[   8.877]       <<< RX chan1 11B: 800000078323dc30580000
[   8.894]       <<< RX chan1 11B: 800000078323e030580000
[   8.911]       <<< RX chan1 11B: 800000078323e430580000
[   8.926]       <<< RX chan1 11B: 800000078323e830580000
[   8.943]       <<< RX chan1 31B: 8000001b831b0100000001f9c253000d0000000000000202ff23ec30580000
[   8.960]       <<< RX chan1 11B: 800000078323f030580000
[   8.977]       <<< RX chan1 11B: 800000078323f430580000
[   8.992]       <<< RX chan1 21B: 80000011830d0000000000000202fe23f830580000
[   9.009]       <<< RX chan1 11B: 800000078323fc30580000
[   9.026]       <<< RX chan1 11B: 8000000783230031580000
[   9.044]       <<< RX chan1 11B: 8000000783230431580000
[   9.059]       <<< RX chan1 11B: 8000000783230831580000
[   9.078]       <<< RX chan1 11B: 8000000783230c31580000
[   9.093]       <<< RX chan1 11B: 8000000783231031580000
[   9.110]       <<< RX chan1 11B: 8000000783231431580000
[   9.126]       <<< RX chan1 11B: 8000000783231831580000
[   9.143]       <<< RX chan1 17B: 8000000d830d0000000001231c31580000
[   9.160]       <<< RX chan1 27B: 80000017830d0000000000000202fd0d0000000001232031580000
[   9.176]       <<< RX chan1 11B: 8000000783232431580000
[quic] DATAGRAM 32B: 030e008305105ed06f01000000005ed06f010000000000000000010000000000
[   9.194]       <<< RX chan1 43B: 8000002783232431580005105ed06f01000000005ed06f010000000000000000...
[   9.210]       <<< RX chan1 11B: 8000000783232c31580000
[   9.226]       <<< RX chan1 11B: 8000000783233031580000
[   9.243]       <<< RX chan1 11B: 8000000783233431580000
[   9.259]       <<< RX chan1 11B: 8000000783233831580000
[   9.276]       <<< RX chan1 11B: 8000000783233c31580000
[   9.292]       <<< RX chan1 11B: 8000000783234031580000
[   9.310]       <<< RX chan1 11B: 8000000783234431580000
[   9.327]       <<< RX chan1 21B: 80000011830d0000000000000203fc234831580000
[   9.343]       <<< RX chan1 11B: 8000000783234c31580000
[   9.359]       <<< RX chan1 11B: 8000000783235031580000
[   9.377]       <<< RX chan1 11B: 8000000783235431580000
[   9.394]       <<< RX chan1 17B: 8000000d830d0000000001235831580000
[   9.411]       <<< RX chan1 26B: 80000016831b0200000004caed1e2204d0d5325d235c31580000
[   9.425]       <<< RX chan1 11B: 8000000783236031580000
[   9.443]       <<< RX chan1 11B: 8000000783236431580000
[   9.460]       <<< RX chan1 11B: 8000000783236831580000
[   9.476]       <<< RX chan1 11B: 8000000783236c31580000
[   9.493]       <<< RX chan1 11B: 8000000783237031580000
[   9.509]       <<< RX chan1 21B: 80000011830d0000000000000204fb237431580000
[   9.527]       <<< RX chan1 11B: 8000000783237831580000
[   9.543]       <<< RX chan1 11B: 8000000783237c31580000
[   9.561]       <<< RX chan1 11B: 8000000783238031580000
[   9.576]       <<< RX chan1 11B: 8000000783238431580000
[   9.593]       <<< RX chan1 11B: 8000000783238831580000
[   9.610]       <<< RX chan1 11B: 8000000783238c31580000
[   9.625]       <<< RX chan1 11B: 8000000783239031580000
[   9.644]       <<< RX chan1 11B: 8000000783239431580000
[   9.659]       <<< RX chan1 21B: 80000011830d0000000000000204fa239831580000
[   9.676]       <<< RX chan1 17B: 8000000d830d0000000001239c31580000
[quic] DATAGRAM 32B: 030f0083051052d26f010000000052d26f010000000000000000010000000000
[   9.694]       <<< RX chan1 38B: 8000002283051052d26f010000000052d26f0100000000000000000000000000...
[   9.710]       <<< RX chan1 11B: 800000078323a431580000
[   9.727]       <<< RX chan1 11B: 800000078323a831580000
[   9.745]       <<< RX chan1 11B: 800000078323ac31580000
[   9.759]       <<< RX chan1 11B: 800000078323b031580000
[   9.776]       <<< RX chan1 11B: 800000078323b431580000
[   9.793]       <<< RX chan1 11B: 800000078323b831580000
[   9.810]       <<< RX chan1 11B: 800000078323bc31580000
[   9.827]       <<< RX chan1 33B: 8000001d830d0000000000000205f90d00000000030d000000000223c0315800...
[   9.844]       <<< RX chan1 11B: 800000078323c431580000
[   9.861]       <<< RX chan1 11B: 800000078323c831580000
[   9.877]       <<< RX chan1 11B: 800000078323cc31580000
[   9.894]       <<< RX chan1 11B: 800000078323d031580000
[   9.911]       <<< RX chan1 11B: 800000078323d431580000
[   9.928]       <<< RX chan1 11B: 800000078323d831580000
[   9.943]       <<< RX chan1 11B: 800000078323dc31580000
[   9.960]       <<< RX chan1 11B: 800000078323e031580000
[   9.978]       <<< RX chan1 11B: 800000078323e431580000
[   9.993]       <<< RX chan1 27B: 80000017830d0000000000000205f80d000000000323e831580000
[  10.010]       <<< RX chan1 11B: 800000078323ec31580000
[  10.027]       <<< RX chan1 11B: 800000078323f031580000
[  10.044]       <<< RX chan1 11B: 800000078323f431580000
[  10.061]       <<< RX chan1 11B: 800000078323f831580000
[  10.077]       <<< RX chan1 11B: 800000078323fc31580000
[  10.094]       <<< RX chan1 11B: 8000000783230032580000
[  10.110]       <<< RX chan1 11B: 8000000783230432580000
[  10.126]       <<< RX chan1 17B: 8000000d830d0000000001230832580000
[  10.143]       <<< RX chan1 11B: 8000000783230c32580000
[  10.160]       <<< RX chan1 27B: 80000017830d0000000000000305f70d0000000001231032580000
[  10.177]       <<< RX chan1 11B: 8000000783231432580000
[  10.195]       <<< RX chan1 16B: 8000000c832314325800231832580000
[quic] DATAGRAM 32B: 03100083051057d46f010000000057d46f010000000000000000010000000000
[  10.210]       <<< RX chan1 38B: 8000002283051057d46f010000000057d46f0100000000000000000000000000...
[  10.227]       <<< RX chan1 11B: 8000000783232032580000
[  10.244]       <<< RX chan1 11B: 8000000783232432580000
[  10.261]       <<< RX chan1 11B: 8000000783232832580000
[  10.276]       <<< RX chan1 11B: 8000000783232c32580000
[  10.293]       <<< RX chan1 11B: 8000000783233032580000
[  10.316]       <<< RX chan1 11B: 8000000783233432580000
[  10.328]       <<< RX chan1 21B: 80000011830d0000000000000306f6233832580000
[  10.352]       <<< RX chan1 11B: 8000000783233c32580000
[  10.360]       <<< RX chan1 11B: 8000000783234032580000
[  10.377]       <<< RX chan1 11B: 8000000783234432580000
[  10.394]       <<< RX chan1 11B: 8000000783234832580000
[  10.411]       <<< RX chan1 11B: 8000000783234c32580000
[  10.429]       <<< RX chan1 11B: 8000000783235032580000
[  10.445]       <<< RX chan1 11B: 8000000783235432580000
[  10.460]       <<< RX chan1 11B: 8000000783235832580000
[  10.477]       <<< RX chan1 11B: 8000000783235c32580000
[  10.493]       <<< RX chan1 21B: 80000011830d0000000000000306f5236032580000
[  10.510]       <<< RX chan1 11B: 8000000783236432580000
[  10.527]       <<< RX chan1 11B: 8000000783236832580000
[  10.546]       <<< RX chan1 11B: 8000000783236c32580000
[  10.562]       <<< RX chan1 11B: 8000000783237032580000
[  10.577]       <<< RX chan1 11B: 8000000783237432580000
[  10.594]       <<< RX chan1 11B: 8000000783237832580000
[  10.611]       <<< RX chan1 11B: 8000000783237c32580000
[  10.626]       <<< RX chan1 11B: 8000000783238032580000
[  10.643]       <<< RX chan1 11B: 8000000783238432580000
[  10.662]       <<< RX chan1 21B: 80000011830d0000000000000306f4238832580000
[  10.677]       <<< RX chan1 11B: 8000000783238c32580000
[  10.694]       <<< RX chan1 11B: 8000000783239032580000
[  10.710]       <<< RX chan1 11B: 8000000783239432580000
[quic] DATAGRAM 32B: 0311008305105cd66f01000000005cd66f010000000000000000010000000000
[  10.727]       <<< RX chan1 38B: 800000228305105cd66f01000000005cd66f0100000000000000000000000000...
[  10.744]       <<< RX chan1 11B: 8000000783239c32580000
[  10.759]       <<< RX chan1 11B: 800000078323a032580000
[  10.779]       <<< RX chan1 11B: 800000078323a432580000
[  10.793]       <<< RX chan1 11B: 800000078323a832580000
[  10.812]       <<< RX chan1 11B: 800000078323ac32580000
[  10.827]       <<< RX chan1 21B: 80000011830d0000000000000306f323b032580000
[  10.843]       <<< RX chan1 11B: 800000078323b432580000
[  10.860]       <<< RX chan1 11B: 800000078323b832580000
[  10.877]       <<< RX chan1 11B: 800000078323bc32580000
[  10.893]       <<< RX chan1 11B: 800000078323c032580000
[  10.911]       <<< RX chan1 11B: 800000078323c432580000
[  10.927]       <<< RX chan1 11B: 800000078323c832580000
[  10.944]       <<< RX chan1 11B: 800000078323cc32580000
[  10.960]       <<< RX chan1 11B: 800000078323d032580000
[  10.978]       <<< RX chan1 11B: 800000078323d432580000
[  10.994]       <<< RX chan1 21B: 80000011830d0000000000000306f223d832580000
[  11.011]       <<< RX chan1 11B: 800000078323dc32580000
[  11.027]       <<< RX chan1 11B: 800000078323e032580000
[  11.044]       <<< RX chan1 11B: 800000078323e432580000
[  11.060]       <<< RX chan1 21B: 80000011830d0000000000000305f223e832580000
[  11.076]       <<< RX chan1 11B: 800000078323ec32580000
[  11.095]       <<< RX chan1 11B: 800000078323f032580000
[  11.111]       <<< RX chan1 11B: 800000078323f432580000
[  11.126]       <<< RX chan1 11B: 800000078323f832580000
[  11.143]       <<< RX chan1 11B: 800000078323fc32580000
[  11.160]       <<< RX chan1 21B: 80000011830d0000000000000305f1230033580000
[  11.178]       <<< RX chan1 11B: 8000000783230433580000
[  11.194]       <<< RX chan1 16B: 8000000c832304335800230833580000
[  11.211]       <<< RX chan1 11B: 8000000783230c33580000
[  11.227]       <<< RX chan1 11B: 8000000783231033580000
[quic] DATAGRAM 32B: 03120083051060d86f010000000060d86f010000000000000000010000000000
[  11.243]       <<< RX chan1 38B: 8000002283051060d86f010000000060d86f0100000000000000000000000000...
[  11.261]       <<< RX chan1 11B: 8000000783231833580000
[  11.276]       <<< RX chan1 11B: 8000000783231c33580000
[  11.294]       <<< RX chan1 11B: 8000000783232033580000
[  11.310]       <<< RX chan1 11B: 8000000783232433580000
[  11.328]       <<< RX chan1 33B: 8000001d830d0000000000000305f00d00000000030d00000000022328335800...
[  11.343]       <<< RX chan1 11B: 8000000783232c33580000
[  11.360]       <<< RX chan1 11B: 8000000783233033580000
[  11.377]       <<< RX chan1 11B: 8000000783233433580000
[  11.394]       <<< RX chan1 11B: 8000000783233833580000
[  11.409]       <<< RX chan1 11B: 8000000783233c33580000
[  11.426]       <<< RX chan1 11B: 8000000783234033580000
[  11.444]       <<< RX chan1 11B: 8000000783234433580000
[  11.460]       <<< RX chan1 11B: 8000000783234833580000
[  11.476]       <<< RX chan1 11B: 8000000783234c33580000
[  11.493]       <<< RX chan1 27B: 80000017830d0000000000000305ef0d0000000003235033580000
[  11.510]       <<< RX chan1 11B: 8000000783235433580000
[  11.528]       <<< RX chan1 11B: 8000000783235833580000
[  11.542]       <<< RX chan1 27B: 80000017830d0000000000000304ef0d0000000003235c33580000
[  11.560]       <<< RX chan1 11B: 8000000783236033580000
[  11.577]       <<< RX chan1 17B: 8000000d830101fbc25300236433580000
[  11.593]       <<< RX chan1 11B: 8000000783236833580000
[  11.610]       <<< RX chan1 11B: 8000000783236c33580000
[  11.629]       <<< RX chan1 11B: 8000000783237033580000
[  11.643]       <<< RX chan1 11B: 8000000783237433580000
[  11.661]       <<< RX chan1 11B: 8000000783237833580000
[  11.677]       <<< RX chan1 21B: 80000011830d0000000000000404ee237c33580000
[  11.694]       <<< RX chan1 11B: 8000000783238033580000
[  11.710]       <<< RX chan1 11B: 8000000783238433580000
[  11.727]       <<< RX chan1 11B: 8000000783238833580000
[quic] DATAGRAM 32B: 03130083051055da6f010000000055da6f010000000000000000010000000000
[  11.744]       <<< RX chan1 38B: 8000002283051055da6f010000000055da6f0100000000000000000000000000...
[  11.762]       <<< RX chan1 11B: 8000000783239033580000
[  11.776]       <<< RX chan1 11B: 8000000783239433580000
[  11.793]       <<< RX chan1 11B: 8000000783239833580000
[  11.810]       <<< RX chan1 11B: 8000000783239c33580000
[  11.827]       <<< RX chan1 21B: 80000011830d0000000000000404ed23a033580000
[  11.843]       <<< RX chan1 21B: 80000011830d0000000000000403ed23a433580000
[  11.860]       <<< RX chan1 11B: 800000078323a833580000
[  11.878]       <<< RX chan1 11B: 800000078323ac33580000
[  11.892]       <<< RX chan1 11B: 800000078323b033580000
[  11.911]       <<< RX chan1 11B: 800000078323b433580000
[  11.927]       <<< RX chan1 11B: 800000078323b833580000
[  11.943]       <<< RX chan1 11B: 800000078323bc33580000
[  11.960]       <<< RX chan1 11B: 800000078323c033580000
[  11.976]       <<< RX chan1 11B: 800000078323c433580000
[  11.994]       <<< RX chan1 21B: 80000011830d0000000000000403ec23c833580000
[  12.010]       <<< RX chan1 11B: 800000078323cc33580000
[  12.027]       <<< RX chan1 11B: 800000078323d033580000
[  12.044]       <<< RX chan1 11B: 800000078323d433580000
[  12.060]       <<< RX chan1 11B: 800000078323d833580000
[  12.077]       <<< RX chan1 11B: 800000078323dc33580000
[  12.095]       <<< RX chan1 21B: 80000011830d0000000000000402ec23e033580000
[  12.111]       <<< RX chan1 11B: 800000078323e433580000
[  12.126]       <<< RX chan1 11B: 800000078323e833580000
[  12.143]       <<< RX chan1 11B: 800000078323ec33580000
[  12.160]       <<< RX chan1 21B: 80000011830d0000000000000402eb23f033580000
[  12.177]       <<< RX chan1 11B: 800000078323f433580000
[  12.193]       <<< RX chan1 16B: 8000000c8323f433580023f833580000
[  12.211]       <<< RX chan1 11B: 800000078323fc33580000
[  12.226]       <<< RX chan1 11B: 8000000783230034580000
[  12.242]       <<< RX chan1 11B: 8000000783230434580000
[quic] DATAGRAM 32B: 03140083051059dc6f010000000059dc6f010000000000000000010000000000
[  12.261]       <<< RX chan1 38B: 8000002283051059dc6f010000000059dc6f0100000000000000000000000000...
[  12.276]       <<< RX chan1 11B: 8000000783230c34580000
[  12.293]       <<< RX chan1 11B: 8000000783231034580000
[  12.310]       <<< RX chan1 37B: 80000021830d0000000000000401ea0d00000000010d0000000000000401eb23...
[  12.327]       <<< RX chan1 11B: 8000000783231834580000
[  12.343]       <<< RX chan1 11B: 8000000783231c34580000
[  12.360]       <<< RX chan1 11B: 8000000783232034580000
[  12.377]       <<< RX chan1 11B: 8000000783232434580000
[  12.394]       <<< RX chan1 11B: 8000000783232834580000
[  12.409]       <<< RX chan1 11B: 8000000783232c34580000
[  12.426]       <<< RX chan1 11B: 8000000783233034580000
[  12.444]       <<< RX chan1 11B: 8000000783233434580000
[  12.460]       <<< RX chan1 11B: 8000000783233834580000
[  12.476]       <<< RX chan1 11B: 8000000783233c34580000
[  12.493]       <<< RX chan1 37B: 80000021830d0000000000000400e90d00000000010d0000000000000400ea23...
[  12.510]       <<< RX chan1 11B: 8000000783234434580000
[  12.527]       <<< RX chan1 11B: 8000000783234834580000
[  12.542]       <<< RX chan1 11B: 8000000783234c34580000
[  12.560]       <<< RX chan1 11B: 8000000783235034580000
[  12.577]       <<< RX chan1 11B: 8000000783235434580000
[  12.593]       <<< RX chan1 11B: 8000000783235834580000
[  12.611]       <<< RX chan1 11B: 8000000783235c34580000
[  12.626]       <<< RX chan1 11B: 8000000783236034580000
[  12.643]       <<< RX chan1 11B: 8000000783236434580000
[  12.661]       <<< RX chan1 37B: 80000021830d00000000000004ffe80d00000000010d00000000000004ffe923...
[  12.677]       <<< RX chan1 11B: 8000000783236c34580000
[  12.693]       <<< RX chan1 11B: 8000000783237034580000
[  12.710]       <<< RX chan1 11B: 8000000783237434580000
[  12.727]       <<< RX chan1 11B: 8000000783237834580000
[  12.744]       <<< RX chan1 11B: 8000000783237c34580000
[  12.759]       <<< RX chan1 11B: 8000000783238034580000
[quic] DATAGRAM 32B: 0315008305105dde6f01000000005dde6f010000000000000000010000000000
[  12.777]       <<< RX chan1 38B: 800000228305105dde6f01000000005dde6f0100000000000000000000000000...
[  12.793]       <<< RX chan1 11B: 8000000783238834580000
[  12.810]       <<< RX chan1 11B: 8000000783238c34580000
[  12.826]       <<< RX chan1 37B: 80000021830d00000000000004fee70d00000000010d00000000000004fee823...
[  12.843]       <<< RX chan1 21B: 80000011830d00000000000005fee7239434580000
[  12.860]       <<< RX chan1 11B: 8000000783239834580000
[  12.878]       <<< RX chan1 11B: 8000000783239c34580000
[  12.892]       <<< RX chan1 11B: 800000078323a034580000
[  12.909]       <<< RX chan1 11B: 800000078323a434580000
[  12.927]       <<< RX chan1 11B: 800000078323a834580000
[  12.943]       <<< RX chan1 11B: 800000078323ac34580000
[  12.960]       <<< RX chan1 27B: 80000017830d00000000000004fde70d000000000323b034580000
[  12.976]       <<< RX chan1 27B: 80000017830d00000000000004fde60d000000000323b434580000
[  12.994]       <<< RX chan1 11B: 800000078323b834580000
[  13.010]       <<< RX chan1 11B: 800000078323bc34580000
[  13.027]       <<< RX chan1 11B: 800000078323c034580000
[  13.042]       <<< RX chan1 11B: 800000078323c434580000
[  13.059]       <<< RX chan1 11B: 800000078323c834580000
[  13.077]       <<< RX chan1 11B: 800000078323cc34580000
[  13.093]       <<< RX chan1 11B: 800000078323d034580000
[  13.110]       <<< RX chan1 27B: 80000017830d00000000000004fce60d000000000323d434580000
[  13.126]       <<< RX chan1 11B: 800000078323d834580000
[  13.143]       <<< RX chan1 21B: 80000011830d00000000000005fce523dc34580000
[  13.160]       <<< RX chan1 11B: 800000078323e034580000
[  13.177]       <<< RX chan1 11B: 800000078323e434580000
[  13.193]       <<< RX chan1 16B: 8000000c8323e434580023e834580000
[  13.211]       <<< RX chan1 21B: 80000011831b010000000111c3530023ec34580000
[  13.226]       <<< RX chan1 21B: 80000011830d00000000000005fbe523f034580000
[  13.242]       <<< RX chan1 11B: 800000078323f434580000
[  13.259]       <<< RX chan1 11B: 800000078323f834580000
[quic] DATAGRAM 32B: 03160083051051e06f010000000051e06f010000000000000000010000000000
[  13.276]       <<< RX chan1 38B: 8000002283051051e06f010000000051e06f0100000000000000000000000000...
[  13.293]       <<< RX chan1 11B: 8000000783230035580000
[  13.310]       <<< RX chan1 11B: 8000000783230435580000
[  13.327]       <<< RX chan1 21B: 80000011830d00000000000005fbe4230835580000
[  13.343]       <<< RX chan1 21B: 80000011830d00000000000005fae4230c35580000
[  13.360]       <<< RX chan1 11B: 8000000783231035580000
[  13.377]       <<< RX chan1 11B: 8000000783231435580000
[  13.394]       <<< RX chan1 11B: 8000000783231835580000
[  13.410]       <<< RX chan1 11B: 8000000783231c35580000
[  13.426]       <<< RX chan1 11B: 8000000783232035580000
[  13.444]       <<< RX chan1 11B: 8000000783232435580000
[  13.459]       <<< RX chan1 21B: 80000011830d00000000000005f9e4232835580000
[  13.476]       <<< RX chan1 21B: 80000011830d00000000000005f9e3232c35580000
[  13.493]       <<< RX chan1 11B: 8000000783233035580000
[  13.510]       <<< RX chan1 11B: 8000000783233435580000
[  13.527]       <<< RX chan1 11B: 8000000783233835580000
[  13.545]       <<< RX chan1 11B: 8000000783233c35580000
[  13.559]       <<< RX chan1 11B: 8000000783234035580000
[  13.577]       <<< RX chan1 31B: 8000001b831b010000000112c353000d00000000000005f8e3234435580000
[  13.593]       <<< RX chan1 11B: 8000000783234835580000
[  13.609]       <<< RX chan1 11B: 8000000783234c35580000
[  13.627]       <<< RX chan1 11B: 8000000783235035580000
[  13.643]       <<< RX chan1 21B: 80000011830d00000000000005f8e2235435580000
[  13.661]       <<< RX chan1 11B: 8000000783235835580000
[  13.677]       <<< RX chan1 17B: 8000000d830101b7845300235c35580000
[  13.695]       <<< RX chan1 11B: 8000000783236035580000
[  13.710]       <<< RX chan1 11B: 8000000783236435580000
[  13.727]       <<< RX chan1 11B: 8000000783236835580000
[  13.744]       <<< RX chan1 11B: 8000000783236c35580000
[  13.759]       <<< RX chan1 11B: 8000000783237035580000
[  13.777]       <<< RX chan1 11B: 8000000783237435580000
[quic] DATAGRAM 32B: 03170083051056e26f010000000056e26f010000000000000000010000000000
[  13.793]       <<< RX chan1 38B: 8000002283051056e26f010000000056e26f0100000000000000000000000000...
[  13.810]       <<< RX chan1 11B: 8000000783237c35580000
[  13.827]       <<< RX chan1 11B: 8000000783238035580000
[  13.843]       <<< RX chan1 11B: 8000000783238435580000
[  13.860]       <<< RX chan1 11B: 8000000783238835580000
[  13.878]       <<< RX chan1 11B: 8000000783238c35580000
[  13.894]       <<< RX chan1 11B: 8000000783239035580000
[  13.910]       <<< RX chan1 21B: 80000011831b010000000113c35300239435580000
[  13.926]       <<< RX chan1 11B: 8000000783239835580000
[  13.944]       <<< RX chan1 11B: 8000000783239c35580000
[  13.959]       <<< RX chan1 11B: 800000078323a035580000
[  13.976]       <<< RX chan1 36B: 80000020831b0400000001ddc2530001dec2530001dfc2530001fac2530023a4...
[  13.994]       <<< RX chan1 11B: 800000078323a835580000
[  14.010]       <<< RX chan1 11B: 800000078323ac35580000
[  14.027]       <<< RX chan1 11B: 800000078323b035580000
[  14.043]       <<< RX chan1 11B: 800000078323b435580000
[  14.059]       <<< RX chan1 11B: 800000078323b835580000
[  14.077]       <<< RX chan1 11B: 800000078323bc35580000
[  14.092]       <<< RX chan1 11B: 800000078323c035580000
[  14.110]       <<< RX chan1 11B: 800000078323c435580000
[  14.126]       <<< RX chan1 11B: 800000078323c835580000
[  14.143]       <<< RX chan1 11B: 800000078323cc35580000
[  14.160]       <<< RX chan1 11B: 800000078323d035580000
[  14.176]       <<< RX chan1 11B: 800000078323d435580000
[  14.193]       <<< RX chan1 16B: 8000000c8323d435580023d835580000
[  14.211]       <<< RX chan1 21B: 80000011831b010000000114c3530023dc35580000
[  14.227]       <<< RX chan1 11B: 800000078323e035580000
[  14.243]       <<< RX chan1 11B: 800000078323e435580000
[  14.259]       <<< RX chan1 11B: 800000078323e835580000
[  14.276]       <<< RX chan1 11B: 800000078323ec35580000
[  14.293]       <<< RX chan1 11B: 800000078323f035580000
[quic] DATAGRAM 32B: 0318008305105ae46f01000000005ae46f010000000000000000010000000000
[  14.310]       <<< RX chan1 38B: 800000228305105ae46f01000000005ae46f0100000000000000000000000000...
[  14.327]       <<< RX chan1 11B: 800000078323f835580000
[  14.343]       <<< RX chan1 11B: 800000078323fc35580000
[  14.360]       <<< RX chan1 11B: 8000000783230036580000
[  14.377]       <<< RX chan1 11B: 8000000783230436580000
[  14.392]       <<< RX chan1 11B: 8000000783230836580000
[  14.409]       <<< RX chan1 11B: 8000000783230c36580000
[  14.426]       <<< RX chan1 11B: 8000000783231036580000
[  14.444]       <<< RX chan1 11B: 8000000783231436580000
[  14.459]       <<< RX chan1 11B: 8000000783231836580000
[  14.476]       <<< RX chan1 21B: 80000011831b010000000115c35300231c36580000
[  14.493]       <<< RX chan1 11B: 8000000783232036580000
[  14.510]       <<< RX chan1 11B: 8000000783232436580000
[  14.527]       <<< RX chan1 11B: 8000000783232836580000
[  14.543]       <<< RX chan1 11B: 8000000783232c36580000
[  14.560]       <<< RX chan1 11B: 8000000783233036580000
[  14.577]       <<< RX chan1 11B: 8000000783233436580000
[  14.592]       <<< RX chan1 11B: 8000000783233836580000
[  14.609]       <<< RX chan1 11B: 8000000783233c36580000
[  14.626]       <<< RX chan1 11B: 8000000783234036580000
[  14.643]       <<< RX chan1 11B: 8000000783234436580000
[  14.662]       <<< RX chan1 11B: 8000000783234836580000
[  14.676]       <<< RX chan1 11B: 8000000783234c36580000
[  14.693]       <<< RX chan1 11B: 8000000783235036580000
[  14.710]       <<< RX chan1 11B: 8000000783235436580000
[  14.727]       <<< RX chan1 21B: 80000011831b010000000116c35300235836580000
[  14.744]       <<< RX chan1 11B: 8000000783235c36580000
[  14.759]       <<< RX chan1 11B: 8000000783236036580000
[  14.777]       <<< RX chan1 11B: 8000000783236436580000
[  14.793]       <<< RX chan1 11B: 8000000783236836580000
[quic] DATAGRAM 32B: 0319008305104ee66f01000000004fe66f010000000000000000010000000000
[  14.810]       <<< RX chan1 38B: 800000228305104ee66f01000000004fe66f0100000000000000000000000000...
[  14.827]       <<< RX chan1 11B: 8000000783237036580000
[  14.843]       <<< RX chan1 11B: 8000000783237436580000
[  14.860]       <<< RX chan1 11B: 8000000783237836580000
[  14.875]       <<< RX chan1 11B: 8000000783237c36580000
[  14.893]       <<< RX chan1 11B: 8000000783238036580000
[  14.910]       <<< RX chan1 11B: 8000000783238436580000
[  14.927]       <<< RX chan1 11B: 8000000783238836580000
[  14.945]       <<< RX chan1 21B: 80000011831b010000000117c35300238c36580000
[  14.960]       <<< RX chan1 11B: 8000000783239036580000
[  14.976]       <<< RX chan1 11B: 8000000783239436580000
[  14.994]       <<< RX chan1 11B: 8000000783239836580000
[  15.010]       <<< RX chan1 11B: 8000000783239c36580000
[  15.027]       <<< RX chan1 11B: 800000078323a036580000
[  15.043]       <<< RX chan1 11B: 800000078323a436580000
[  15.060]       <<< RX chan1 11B: 800000078323a836580000
[  15.076]       <<< RX chan1 11B: 800000078323ac36580000
[  15.095]       <<< RX chan1 1154B: 80005eec831b02000000011cc25300011dc25300030177c05300a12701016ac0...
[  15.095]       <<< RX chan1 1154B: 01ad42994223c78c18d947079c10735611da901dbcad5a23bac6b9b90eb38dd7...
[  15.095]       <<< RX chan1 1154B: 5c102753e8a66a51e1263b78cfe1d98303cdd92cb1ce83ece0fd3685088e0a0e...
[  15.095]       <<< RX chan1 1154B: 8fe883c8328d84fb4a942955acccacfbbd02ca13e7f85a540361c3a164dcb171...
[  15.095]       <<< RX chan1 1154B: d84c2ae2c44b749dcd8469e2c39d75c42fa65cd8da3a118e65167d63bd32cbb8...
[  15.095]       <<< RX chan1 1154B: e597d8397177d7830860f3940018f9372d81b42503c7b70cc0c4cb08a34187f1...
[  15.095]       <<< RX chan1 1154B: 5767d7a00d4caa144d4212aa0a41af5564070eb8bb9c9cbbaba9b9bb56363b24...
[  15.095]       <<< RX chan1 1154B: f97b4f37503e5ca7525379327c3d58785e003f9ada491ad81f5097f57b4a4a0b...
[  15.095]       <<< RX chan1 1154B: e6056df93da02466debaa86fede29f2eb204849a249acbbd0dc3a6112364c57f...
[  15.095]       <<< RX chan1 1154B: 2d0308c0c4dfd28bc22f69f0c2b18ffb0f2200c72be17ce0d8c7fd3fb13afce1...
[  15.096]       <<< RX chan1 1154B: b2b3f8874e738fa8637347111fffd0690ef1b189012fafaeb12e31abaa2a2daa...
[  15.096]       <<< RX chan1 1154B: d5d4a4c544008b8585b56a6a5242423282722ac21611192965b1d8e9f4482a9d...
[  15.096]       <<< RX chan1 1154B: 373003bc12031cb8bbffa7d6fc4b1218b9bbffa0326d4fc961482b38c3e62d2b...
[  15.096]       <<< RX chan1 1154B: 383660df4c90aff9eac60619a1fbde425570777f1c8cb0e40765b9ccd3340b69...
[  15.096]       <<< RX chan1 1154B: 1f446daddb121dd65c9bb7987b895ccb595ba4f8d43dad4ee45aced90751623f...
[  15.096]       <<< RX chan1 1154B: ff49aebac76450d88f1a780eb08c295d612dfb448527f9bcc073dcb0be5c7612...
[  15.098]       <<< RX chan1 1154B: 17c69da6b168a043d2f693f06a282aefcd9a829722f5958baba40fb6518724ce...
[  15.098]       <<< RX chan1 1154B: beab8c9f6419709c8694c72570a64ff6e651ce593d2ab96b377f7dc711a8bcc4...
[  15.098]       <<< RX chan1 1154B: 37d8f0b3a042979a9596984e68c1bd4db1b2e6f3e15cfdeaf9ef0f0ca7f130da...
[  15.098]       <<< RX chan1 1154B: 0fc22b913fec4ca44f8b3034bec9ffec4dcbef894f1163579fc76363d2b13dcd...
[  15.098]       <<< RX chan1 1154B: 3c3f5ef0affb2cbb3ac68717a5acf252722f39ee6c04d00d7329351f97b0c385...
[  15.098]       <<< RX chan1 70B: 26fbf262f40868fa3baeea8a1f4296be85174b0ff35d9316d5892f07affc2195...
[  15.098]       <<< RX chan1 11B: 800000078323b036580000
[  15.109]       <<< RX chan1 11B: 800000078323b436580000
[  15.127]       <<< RX chan1 11B: 800000078323b836580000
[  15.143]       <<< RX chan1 21B: 80000011831b010000000119c3530023bc36580000
[  15.160]       <<< RX chan1 11B: 800000078323c036580000
[  15.176]       <<< RX chan1 11B: 800000078323c436580000
[  15.195]       <<< RX chan1 16B: 8000000c8323c436580023c836580000
[  15.211]       <<< RX chan1 11B: 800000078323cc36580000
[  15.227]       <<< RX chan1 11B: 800000078323d036580000
[  15.244]       <<< RX chan1 11B: 800000078323d436580000
[  15.259]       <<< RX chan1 11B: 800000078323d836580000
[  15.277]       <<< RX chan1 11B: 800000078323dc36580000
[  15.293]       <<< RX chan1 11B: 800000078323e036580000
[quic] DATAGRAM 32B: 031a0083051043e86f010000000043e86f010000000000000000010000000000
[  15.309]       <<< RX chan1 38B: 8000002283051043e86f010000000043e86f0100000000000000000000000000...
[  15.327]       <<< RX chan1 21B: 80000011831b01000000011ac3530023e836580000
[  15.343]       <<< RX chan1 11B: 800000078323ec36580000
[  15.360]       <<< RX chan1 11B: 800000078323f036580000
[  15.377]       <<< RX chan1 11B: 800000078323f436580000
[  15.394]       <<< RX chan1 11B: 800000078323f836580000
[  15.410]       <<< RX chan1 11B: 800000078323fc36580000
[  15.426]       <<< RX chan1 11B: 8000000783230037580000
[  15.444]       <<< RX chan1 11B: 8000000783230437580000
[  15.461]       <<< RX chan1 11B: 8000000783230837580000
[  15.477]       <<< RX chan1 11B: 8000000783230c37580000
[  15.493]       <<< RX chan1 21B: 80000011831b010000000128c35300231037580000
[  15.510]       <<< RX chan1 11B: 8000000783231437580000
[  15.527]       <<< RX chan1 11B: 8000000783231837580000
[  15.544]       <<< RX chan1 11B: 8000000783231c37580000
[  15.562]       <<< RX chan1 11B: 8000000783232037580000
[  15.577]       <<< RX chan1 11B: 8000000783232437580000
[  15.593]       <<< RX chan1 11B: 8000000783232837580000
[  15.609]       <<< RX chan1 11B: 8000000783232c37580000
[  15.628]       <<< RX chan1 11B: 8000000783233037580000
[  15.643]       <<< RX chan1 21B: 80000011831b01000000012bc35300233437580000
[  15.660]       <<< RX chan1 11B: 8000000783233837580000
[  15.677]       <<< RX chan1 11B: 8000000783233c37580000
[  15.693]       <<< RX chan1 11B: 8000000783234037580000
[  15.710]       <<< RX chan1 81B: 8000004d83020130c35300cb00ff0000247449010000404104402308430084f9...
[  15.727]       <<< RX chan1 11B: 8000000783234837580000
[  15.743]       <<< RX chan1 11B: 8000000783234c37580000
[  15.759]       <<< RX chan1 11B: 8000000783235037580000
[  15.776]       <<< RX chan1 21B: 80000011831b01000000012cc35300235437580000
[  15.794]       <<< RX chan1 11B: 8000000783235837580000
[quic] DATAGRAM 32B: 031b0083051037ea6f010000000037ea6f010000000000000000010000000000
[  15.810]       <<< RX chan1 38B: 8000002283051037ea6f010000000037ea6f0100000000000000000000000000...
[  15.827]       <<< RX chan1 11B: 8000000783236037580000
[  15.843]       <<< RX chan1 11B: 8000000783236437580000
[  15.860]       <<< RX chan1 11B: 8000000783236837580000
[  15.877]       <<< RX chan1 150B: 80000092830d0000000000000101ff0d00000000030d010000006d0000006400...
[  15.893]       <<< RX chan1 21B: 80000011831b01000000012dc35300237037580000
[  15.911]       <<< RX chan1 11B: 8000000783237437580000
[  15.927]       <<< RX chan1 11B: 8000000783237837580000
[  15.943]       <<< RX chan1 27B: 80000017830d0000000000000102ff0d0000000003237c37580000
[  15.962]       <<< RX chan1 11B: 8000000783238037580000
[  15.977]       <<< RX chan1 11B: 8000000783238437580000
[  15.994]       <<< RX chan1 11B: 8000000783238837580000
[  16.010]       <<< RX chan1 21B: 80000011831b01000000012ec35300238c37580000
[  16.027]       <<< RX chan1 29B: 800000198307040457e5695b140007040457e569561401239037580000
[  16.043]       <<< RX chan1 11B: 8000000783239437580000
[  16.060]       <<< RX chan1 11B: 8000000783239837580000
[  16.077]       <<< RX chan1 11B: 8000000783239c37580000
[  16.092]       <<< RX chan1 33B: 8000001d830d0000000000000102fe0d00000000010d000000000223a0375800...
[  16.109]       <<< RX chan1 11B: 800000078323a437580000
[  16.126]       <<< RX chan1 11B: 800000078323a837580000
[  16.144]       <<< RX chan1 11B: 800000078323ac37580000
[  16.160]       <<< RX chan1 11B: 800000078323b037580000
[  16.176]       <<< RX chan1 11B: 800000078323b437580000
[  16.193]       <<< RX chan1 16B: 8000000c8323b437580023b837580000
[  16.210]       <<< RX chan1 11B: 800000078323bc37580000
[  16.227]       <<< RX chan1 11B: 800000078323c037580000
[  16.245]       <<< RX chan1 21B: 80000011830d0000000000000104fe23c437580000
[  16.260]       <<< RX chan1 11B: 800000078323c837580000
[  16.278]       <<< RX chan1 11B: 800000078323cc37580000
[  16.293]       <<< RX chan1 21B: 80000011830d0000000000000104fd23d037580000
[  16.309]       <<< RX chan1 11B: 800000078323d437580000
[quic] DATAGRAM 32B: 031c008305103bec6f01000000003bec6f010000000000000000010000000000
[  16.326]       <<< RX chan1 38B: 800000228305103bec6f01000000003bec6f0100000000000000000000000000...
[  16.343]       <<< RX chan1 277B: 8000011183020412cc23602b00ff00c09be8420019174140e48d42020615526f...
[  16.361]       <<< RX chan1 11B: 800000078323e037580000
[  16.377]       <<< RX chan1 11B: 800000078323e437580000
[  16.394]       <<< RX chan1 11B: 800000078323e837580000
[  16.410]       <<< RX chan1 17B: 8000000d830d000000000123ec37580000
[  16.427]       <<< RX chan1 11B: 800000078323f037580000
[  16.442]       <<< RX chan1 11B: 800000078323f437580000
[  16.459]       <<< RX chan1 11B: 800000078323f837580000
[  16.478]       <<< RX chan1 11B: 800000078323fc37580000
[  16.493]       <<< RX chan1 11B: 8000000783230038580000
[  16.510]       <<< RX chan1 21B: 80000011830d0000000000000105fc230438580000
[  16.526]       <<< RX chan1 11B: 8000000783230838580000
[  16.543]       <<< RX chan1 11B: 8000000783230c38580000
[  16.560]       <<< RX chan1 11B: 8000000783231038580000
[  16.575]       <<< RX chan1 11B: 8000000783231438580000
[  16.594]       <<< RX chan1 11B: 8000000783231838580000
[  16.609]       <<< RX chan1 17B: 8000000d830d0000000001231c38580000
[  16.626]       <<< RX chan1 11B: 8000000783232038580000
[  16.643]       <<< RX chan1 11B: 8000000783232438580000
[  16.659]       <<< RX chan1 11B: 8000000783232838580000
[  16.676]       <<< RX chan1 11B: 8000000783232c38580000
[  16.695]       <<< RX chan1 11B: 8000000783233038580000
[  16.711]       <<< RX chan1 21B: 80000011830d0000000000000106fb233438580000
[  16.728]       <<< RX chan1 11B: 8000000783233838580000
[  16.744]       <<< RX chan1 11B: 8000000783233c38580000
[  16.760]       <<< RX chan1 11B: 8000000783234038580000
[  16.776]       <<< RX chan1 11B: 8000000783234438580000
[  16.793]       <<< RX chan1 11B: 8000000783234838580000
[  16.810]       <<< RX chan1 17B: 8000000d830d0000000001234c38580000
[  16.826]       <<< RX chan1 11B: 8000000783235038580000
[quic] DATAGRAM 32B: 031d0083051040ee6f010000000040ee6f010000000000000000010000000000
[  16.844]       <<< RX chan1 38B: 8000002283051040ee6f010000000040ee6f0100000000000000000000000000...
[  16.860]       <<< RX chan1 11B: 8000000783235838580000
[  16.878]       <<< RX chan1 11B: 8000000783235c38580000
[  16.894]       <<< RX chan1 11B: 8000000783236038580000
[  16.911]       <<< RX chan1 21B: 80000011830d0000000000000107fa236438580000
[  16.928]       <<< RX chan1 11B: 8000000783236838580000
[  16.943]       <<< RX chan1 11B: 8000000783236c38580000
[  16.960]       <<< RX chan1 11B: 8000000783237038580000
[  16.978]       <<< RX chan1 11B: 8000000783237438580000
[  16.994]       <<< RX chan1 11B: 8000000783237838580000
[  17.011]       <<< RX chan1 11B: 8000000783237c38580000
[  17.027]       <<< RX chan1 11B: 8000000783238038580000
[  17.044]       <<< RX chan1 11B: 8000000783238438580000
[  17.060]       <<< RX chan1 11B: 8000000783238838580000
[  17.077]       <<< RX chan1 17B: 8000000d830d0000000001238c38580000
[  17.093]       <<< RX chan1 11B: 8000000783239038580000
[  17.111]       <<< RX chan1 11B: 8000000783239438580000
[  17.129]       <<< RX chan1 21B: 80000011830d0000000000000108f9239838580000
[  17.144]       <<< RX chan1 11B: 8000000783239c38580000
[  17.160]       <<< RX chan1 11B: 800000078323a038580000
[  17.179]       <<< RX chan1 356B: 80000160830d00000000000002fe000d00000000020d050000003b0100004b01...
[  17.194]       <<< RX chan1 16B: 8000000c8323a438580023a838580000
[  17.211]       <<< RX chan1 11B: 800000078323ac38580000
[  17.228]       <<< RX chan1 11B: 800000078323b038580000
[  17.244]       <<< RX chan1 11B: 800000078323b438580000
[  17.260]       <<< RX chan1 11B: 800000078323b838580000
[  17.276]       <<< RX chan1 11B: 800000078323bc38580000
[  17.293]       <<< RX chan1 11B: 800000078323c038580000
[  17.309]       <<< RX chan1 11B: 800000078323c438580000
[  17.326]       <<< RX chan1 21B: 80000011830d0000000000000108f823c838580000
[quic] DATAGRAM 32B: 031e0083051034f06f010000000034f06f010000000000000000010000000000
[  17.344]       <<< RX chan1 54B: 80000032830d0000000000000008f80d0000000002051034f06f010000000034...
[  17.360]       <<< RX chan1 11B: 800000078323d038580000
[  17.377]       <<< RX chan1 11B: 800000078323d438580000
[  17.393]       <<< RX chan1 11B: 800000078323d838580000
[  17.410]       <<< RX chan1 11B: 800000078323dc38580000
[  17.427]       <<< RX chan1 27B: 80000017830d0000000000000009f80d000000000323e038580000
[  17.443]       <<< RX chan1 11B: 800000078323e438580000
[  17.463]       <<< RX chan1 11B: 800000078323e838580000
[  17.478]       <<< RX chan1 11B: 800000078323ec38580000
[  17.494]       <<< RX chan1 27B: 80000017830d00000000000002fd000d000000000223f038580000
[  17.511]       <<< RX chan1 11B: 800000078323f438580000
[  17.527]       <<< RX chan1 27B: 80000017830d0000000000000009f70d000000000323f838580000
[  17.544]       <<< RX chan1 11B: 800000078323fc38580000
[  17.561]       <<< RX chan1 11B: 8000000783230039580000
[  17.578]       <<< RX chan1 11B: 8000000783230439580000
[  17.593]       <<< RX chan1 11B: 8000000783230839580000
[  17.610]       <<< RX chan1 11B: 8000000783230c39580000
[  17.626]       <<< RX chan1 11B: 8000000783231039580000
[  17.643]       <<< RX chan1 11B: 8000000783231439580000
[  17.660]       <<< RX chan1 11B: 8000000783231839580000
[  17.677]       <<< RX chan1 11B: 8000000783231c39580000
[  17.693]       <<< RX chan1 11B: 8000000783232039580000
[  17.711]       <<< RX chan1 11B: 8000000783232439580000
[  17.727]       <<< RX chan1 21B: 80000011830d0000000000000009f6232839580000
[  17.744]       <<< RX chan1 21B: 80000011830d00000000000002fc00232c39580000
[  17.760]       <<< RX chan1 11B: 8000000783233039580000
[  17.778]       <<< RX chan1 11B: 8000000783233439580000
[  17.794]       <<< RX chan1 11B: 8000000783233839580000
[  17.810]       <<< RX chan1 11B: 8000000783233c39580000
[  17.827]       <<< RX chan1 11B: 8000000783234039580000
[  17.844]       <<< RX chan1 11B: 8000000783234439580000
[quic] DATAGRAM 32B: 031f0083051039f26f010000000039f26f010000000000000000010000000000
[  17.861]       <<< RX chan1 38B: 8000002283051039f26f010000000039f26f0100000000000000000000000000...
[  17.876]       <<< RX chan1 11B: 8000000783234c39580000
[  17.894]       <<< RX chan1 11B: 8000000783235039580000
[  17.911]       <<< RX chan1 11B: 8000000783235439580000
[  17.926]       <<< RX chan1 21B: 80000011830d0000000000000009f5235839580000
[  17.943]       <<< RX chan1 11B: 8000000783235c39580000
[  17.962]       <<< RX chan1 21B: 80000011830d00000000000002fb00236039580000
[  17.977]       <<< RX chan1 11B: 8000000783236439580000
[  17.996]       <<< RX chan1 11B: 8000000783236839580000
[  18.011]       <<< RX chan1 11B: 8000000783236c39580000
[  18.027]       <<< RX chan1 11B: 8000000783237039580000
[  18.044]       <<< RX chan1 11B: 8000000783237439580000
[  18.061]       <<< RX chan1 21B: 80000011830d000000000000000af5237839580000
[  18.078]       <<< RX chan1 11B: 8000000783237c39580000
[  18.093]       <<< RX chan1 11B: 8000000783238039580000
[  18.111]       <<< RX chan1 11B: 8000000783238439580000
[  18.127]       <<< RX chan1 11B: 8000000783238839580000
[  18.144]       <<< RX chan1 27B: 80000017830d0000000000000009f40d0000000001238c39580000
[  18.159]       <<< RX chan1 21B: 80000011830d00000000000002fa00239039580000
[  18.176]       <<< RX chan1 11B: 8000000783239439580000
[  18.193]       <<< RX chan1 16B: 8000000c832394395800239839580000
[  18.212]       <<< RX chan1 11B: 8000000783239c39580000
[  18.228]       <<< RX chan1 11B: 800000078323a039580000
[  18.243]       <<< RX chan1 11B: 800000078323a439580000
[  18.260]       <<< RX chan1 11B: 800000078323a839580000
[  18.276]       <<< RX chan1 11B: 800000078323ac39580000
[  18.293]       <<< RX chan1 11B: 800000078323b039580000
[  18.310]       <<< RX chan1 11B: 800000078323b439580000
[  18.328]       <<< RX chan1 21B: 80000011830d00000000000002f90023b839580000
[  18.344]       <<< RX chan1 27B: 80000017830d0000000000000009f30d000000000123bc39580000
[  18.361]       <<< RX chan1 11B: 800000078323c039580000
[quic] DATAGRAM 32B: 0320008305103df46f01000000003df46f010000000000000000010000000000
[  18.377]       <<< RX chan1 38B: 800000228305103df46f01000000003df46f0100000000000000000000000000...
[  18.394]       <<< RX chan1 11B: 800000078323c839580000
[  18.410]       <<< RX chan1 11B: 800000078323cc39580000
[  18.426]       <<< RX chan1 11B: 800000078323d039580000
[  18.444]       <<< RX chan1 11B: 800000078323d439580000
[  18.460]       <<< RX chan1 11B: 800000078323d839580000
[  18.477]       <<< RX chan1 21B: 80000011830d00000000000002f80023dc39580000
[  18.494]       <<< RX chan1 11B: 800000078323e039580000
[  18.510]       <<< RX chan1 11B: 800000078323e439580000
[  18.527]       <<< RX chan1 11B: 800000078323e839580000
[  18.545]       <<< RX chan1 11B: 800000078323ec39580000
[  18.559]       <<< RX chan1 21B: 80000011830d0000000000000009f223f039580000
[  18.576]       <<< RX chan1 11B: 800000078323f439580000
[  18.593]       <<< RX chan1 17B: 8000000d830104487f0f5723f839580000
[  18.611]       <<< RX chan1 11B: 800000078323fc39580000
[  18.627]       <<< RX chan1 11B: 800000078323003a580000
[  18.644]       <<< RX chan1 17B: 8000000d83010130c3530023043a580000
[  18.661]       <<< RX chan1 11B: 800000078323083a580000
[  18.677]       <<< RX chan1 11B: 8000000783230c3a580000
[  18.694]       <<< RX chan1 11B: 800000078323103a580000
[  18.711]       <<< RX chan1 11B: 800000078323143a580000
[  18.728]       <<< RX chan1 11B: 800000078323183a580000
[  18.743]       <<< RX chan1 11B: 8000000783231c3a580000
[  18.760]       <<< RX chan1 21B: 80000011830d0000000000000009f123203a580000
[  18.778]       <<< RX chan1 11B: 800000078323243a580000
[  18.795]       <<< RX chan1 11B: 800000078323283a580000
[  18.810]       <<< RX chan1 11B: 8000000783232c3a580000
[  18.827]       <<< RX chan1 11B: 800000078323303a580000
[  18.845]       <<< RX chan1 11B: 800000078323343a580000
[  18.861]       <<< RX chan1 11B: 800000078323383a580000
[  18.877]       <<< RX chan1 11B: 8000000783233c3a580000
[quic] DATAGRAM 32B: 03210083051041f66f010000000041f66f010000000000000000010000000000
[  18.894]       <<< RX chan1 38B: 8000002283051041f66f010000000041f66f0100000000000000000000000000...
[  18.911]       <<< RX chan1 11B: 800000078323443a580000
[  18.926]       <<< RX chan1 11B: 800000078323483a580000
[  18.943]       <<< RX chan1 11B: 8000000783234c3a580000
[  18.960]       <<< RX chan1 37B: 80000021830d000000000000ff09f00d00000000030d000000000000ff09f123...
[  18.977]       <<< RX chan1 11B: 800000078323543a580000
[  18.995]       <<< RX chan1 27B: 80000017830d000000000000ff08f00d000000000323583a580000
[  19.012]       <<< RX chan1 11B: 8000000783235c3a580000
[  19.027]       <<< RX chan1 11B: 800000078323603a580000
[  19.044]       <<< RX chan1 11B: 800000078323643a580000
[  19.061]       <<< RX chan1 11B: 800000078323683a580000
[  19.076]       <<< RX chan1 11B: 8000000783236c3a580000
[  19.094]       <<< RX chan1 11B: 800000078323703a580000
[  19.111]       <<< RX chan1 23B: 800000138301042dce713401013ec3530023743a580000
[  19.127]       <<< RX chan1 11B: 800000078323783a580000
[  19.143]       <<< RX chan1 11B: 8000000783237c3a580000
[  19.160]       <<< RX chan1 11B: 800000078323803a580000
[  19.177]       <<< RX chan1 27B: 80000017830d000000000000ff08ef0d000000000323843a580000
[  19.194]       <<< RX chan1 16B: 8000000c8323843a580023883a580000
[  19.212]       <<< RX chan1 11B: 8000000783238c3a580000
[  19.228]       <<< RX chan1 11B: 800000078323903a580000
[  19.244]       <<< RX chan1 11B: 800000078323943a580000
[  19.261]       <<< RX chan1 11B: 800000078323983a580000
[  19.277]       <<< RX chan1 11B: 8000000783239c3a580000
[  19.293]       <<< RX chan1 11B: 800000078323a03a580000
[  19.310]       <<< RX chan1 11B: 800000078323a43a580000
[  19.328]       <<< RX chan1 21B: 80000011830d000000000000ff07ef23a83a580000
[  19.344]       <<< RX chan1 11B: 800000078323ac3a580000
[  19.361]       <<< RX chan1 11B: 800000078323b03a580000
[  19.377]       <<< RX chan1 21B: 80000011830d000000000000ff07ee23b43a580000
[quic] DATAGRAM 32B: 03220083051035f86f010000000035f86f010000000000000000010000000000
[  19.394]       <<< RX chan1 38B: 8000002283051035f86f010000000035f86f0100000000000000000000000000...
[  19.410]       <<< RX chan1 11B: 800000078323bc3a580000
[  19.426]       <<< RX chan1 11B: 800000078323c03a580000
[  19.444]       <<< RX chan1 11B: 800000078323c43a580000
[  19.460]       <<< RX chan1 11B: 800000078323c83a580000
[  19.477]       <<< RX chan1 11B: 800000078323cc3a580000
[  19.494]       <<< RX chan1 11B: 800000078323d03a580000
[  19.510]       <<< RX chan1 11B: 800000078323d43a580000
[  19.527]       <<< RX chan1 11B: 800000078323d83a580000
[  19.544]       <<< RX chan1 11B: 800000078323dc3a580000
[  19.561]       <<< RX chan1 11B: 800000078323e03a580000
[  19.578]       <<< RX chan1 21B: 80000011830d000000000000ff07ed23e43a580000
[  19.594]       <<< RX chan1 27B: 80000017830d000000000000ff06ed0d000000000223e83a580000
[  19.611]       <<< RX chan1 11B: 800000078323ec3a580000
[  19.627]       <<< RX chan1 11B: 800000078323f03a580000
[  19.643]       <<< RX chan1 11B: 800000078323f43a580000
[  19.661]       <<< RX chan1 11B: 800000078323f83a580000
[  19.677]       <<< RX chan1 11B: 800000078323fc3a580000
[  19.694]       <<< RX chan1 11B: 800000078323003b580000
[  19.711]       <<< RX chan1 11B: 800000078323043b580000
[  19.727]       <<< RX chan1 11B: 800000078323083b580000
[  19.744]       <<< RX chan1 11B: 8000000783230c3b580000
[  19.762]       <<< RX chan1 11B: 800000078323103b580000
[  19.776]       <<< RX chan1 21B: 80000011830d000000000000ff06ec23143b580000
[  19.793]       <<< RX chan1 11B: 800000078323183b580000
[  19.810]       <<< RX chan1 21B: 80000011830d000000000000ff05ec231c3b580000
[  19.827]       <<< RX chan1 11B: 800000078323203b580000
[  19.844]       <<< RX chan1 11B: 800000078323243b580000
[  19.861]       <<< RX chan1 11B: 800000078323283b580000
[  19.878]       <<< RX chan1 11B: 8000000783232c3b580000
[quic] DATAGRAM 32B: 03230083051029fa6f01000000002afa6f010000000000000000010000000000
[  19.894]       <<< RX chan1 38B: 8000002283051029fa6f01000000002afa6f0100000000000000000000000000...
[  19.910]       <<< RX chan1 11B: 800000078323343b580000
[  19.926]       <<< RX chan1 11B: 800000078323383b580000
[  19.943]       <<< RX chan1 11B: 8000000783233c3b580000
[  19.960]       <<< RX chan1 11B: 800000078323403b580000
[  19.978]       <<< RX chan1 11B: 800000078323443b580000
[  19.995]       <<< RX chan1 21B: 80000011830d000000000000ff05eb23483b580000
[  20.010]       <<< RX chan1 27B: 80000017830d000000000000ff04eb0d0000000002234c3b580000
[  20.029]       <<< RX chan1 11B: 800000078323503b580000
[  20.044]       <<< RX chan1 11B: 800000078323543b580000
[  20.061]       <<< RX chan1 11B: 800000078323583b580000
[  20.076]       <<< RX chan1 11B: 8000000783235c3b580000
[  20.093]       <<< RX chan1 11B: 800000078323603b580000
[  20.111]       <<< RX chan1 11B: 800000078323643b580000
[  20.127]       <<< RX chan1 11B: 800000078323683b580000
[  20.144]       <<< RX chan1 11B: 8000000783236c3b580000
[  20.160]       <<< RX chan1 11B: 800000078323703b580000
[  20.177]       <<< RX chan1 37B: 80000021830d000000000000ff03ea0d00000000010d000000000000ff03eb23...
[  20.194]       <<< RX chan1 16B: 8000000c8323743b580023783b580000
[  20.212]       <<< RX chan1 11B: 8000000783237c3b580000
[  20.227]       <<< RX chan1 11B: 800000078323803b580000
[  20.243]       <<< RX chan1 11B: 800000078323843b580000
[  20.261]       <<< RX chan1 11B: 800000078323883b580000
[  20.276]       <<< RX chan1 11B: 8000000783238c3b580000
[  20.293]       <<< RX chan1 11B: 800000078323903b580000
[  20.310]       <<< RX chan1 11B: 800000078323943b580000
[  20.328]       <<< RX chan1 11B: 800000078323983b580000
[  20.344]       <<< RX chan1 21B: 80000011830d000000000000ff02ea239c3b580000
[  20.360]       <<< RX chan1 11B: 800000078323a03b580000
[  20.377]       <<< RX chan1 11B: 800000078323a43b580000
[quic] DATAGRAM 32B: 0324008305101efc6f01000000001efc6f010000000000000000010000000000
[  20.394]       <<< RX chan1 48B: 8000002c830d000000000000ff02e905101efc6f01000000001efc6f01000000...
[  20.411]       <<< RX chan1 11B: 800000078323ac3b580000
[  20.432]       <<< RX chan1 11B: 800000078323b03b580000
[  20.445]       <<< RX chan1 11B: 800000078323b43b580000
[  20.460]       <<< RX chan1 11B: 800000078323b83b580000
[  20.477]       <<< RX chan1 11B: 800000078323bc3b580000
[  20.494]       <<< RX chan1 21B: 80000011830d000000000000ff01e923c03b580000
[  20.510]       <<< RX chan1 11B: 800000078323c43b580000
[  20.527]       <<< RX chan1 11B: 800000078323c83b580000
[  20.545]       <<< RX chan1 11B: 800000078323cc3b580000
[  20.561]       <<< RX chan1 11B: 800000078323d03b580000
[  20.578]       <<< RX chan1 11B: 800000078323d43b580000
[  20.594]       <<< RX chan1 37B: 80000021830d000000000000fe01e80d00000000030d000000000000fe01e923...
[  20.611]       <<< RX chan1 11B: 800000078323dc3b580000
[  20.627]       <<< RX chan1 27B: 80000017830d000000000000fe00e80d000000000323e03b580000
[  20.643]       <<< RX chan1 11B: 800000078323e43b580000
[  20.661]       <<< RX chan1 11B: 800000078323e83b580000
[  20.677]       <<< RX chan1 11B: 800000078323ec3b580000
[  20.695]       <<< RX chan1 11B: 800000078323f03b580000
[  20.711]       <<< RX chan1 11B: 800000078323f43b580000
[  20.727]       <<< RX chan1 11B: 800000078323f83b580000
[  20.743]       <<< RX chan1 11B: 800000078323fc3b580000
[  20.760]       <<< RX chan1 27B: 80000017830d000000000000feffe80d000000000323003c580000
[  20.777]       <<< RX chan1 11B: 800000078323043c580000
[  20.793]       <<< RX chan1 27B: 80000017830d000000000000feffe70d000000000323083c580000
[  20.810]       <<< RX chan1 11B: 8000000783230c3c580000
[  20.827]       <<< RX chan1 11B: 800000078323103c580000
[  20.844]       <<< RX chan1 11B: 800000078323143c580000
[  20.860]       <<< RX chan1 11B: 800000078323183c580000
[  20.878]       <<< RX chan1 11B: 8000000783231c3c580000
[  20.894]       <<< RX chan1 21B: 80000011830d000000000000fefee723203c580000
[quic] DATAGRAM 32B: 03250083051022fe6f010000000022fe6f010000000000000000010000000000
[  20.911]       <<< RX chan1 38B: 8000002283051022fe6f010000000022fe6f0100000000000000000000000000...
[  20.926]       <<< RX chan1 11B: 800000078323283c580000
[  20.944]       <<< RX chan1 11B: 8000000783232c3c580000
[  20.960]       <<< RX chan1 11B: 800000078323303c580000
[  20.979]       <<< RX chan1 11B: 800000078323343c580000
[  20.993]       <<< RX chan1 11B: 800000078323383c580000
[  21.010]       <<< RX chan1 37B: 80000021830d000000000000fefde60d00000000010d000000000000fefde723...
[  21.027]       <<< RX chan1 11B: 800000078323403c580000
[  21.045]       <<< RX chan1 36B: 80000020831b04000000010bc35300010cc35300010dc35300012fc353002344...
[  21.061]       <<< RX chan1 11B: 800000078323483c580000
[  21.077]       <<< RX chan1 11B: 8000000783234c3c580000
[  21.095]       <<< RX chan1 11B: 800000078323503c580000
[  21.111]       <<< RX chan1 11B: 800000078323543c580000
[  21.127]       <<< RX chan1 21B: 80000011830d000000000000fefce623583c580000
[  21.143]       <<< RX chan1 11B: 8000000783235c3c580000
[  21.160]       <<< RX chan1 11B: 800000078323603c580000
[  21.177]       <<< RX chan1 11B: 800000078323643c580000
[  21.194]       <<< RX chan1 16B: 8000000c8323643c580023683c580000
[  21.212]       <<< RX chan1 21B: 80000011830d000000000000fefce5236c3c580000
[  21.227]       <<< RX chan1 27B: 80000017830d000000000000fefbe50d000000000223703c580000
[  21.244]       <<< RX chan1 11B: 800000078323743c580000
[  21.260]       <<< RX chan1 11B: 800000078323783c580000
[  21.276]       <<< RX chan1 11B: 8000000783237c3c580000
[  21.295]       <<< RX chan1 11B: 800000078323803c580000
[  21.310]       <<< RX chan1 11B: 800000078323843c580000
[  21.327]       <<< RX chan1 11B: 800000078323883c580000
[  21.344]       <<< RX chan1 21B: 80000011830d000000000000fefae5238c3c580000
[  21.360]       <<< RX chan1 11B: 800000078323903c580000
[  21.377]       <<< RX chan1 11B: 800000078323943c580000
[  21.394]       <<< RX chan1 11B: 800000078323983c580000
[  21.411]       <<< RX chan1 21B: 80000011830d000000000000fefae4239c3c580000
[quic] DATAGRAM 32B: 0326008305102700700100000000270070010000000000000000010000000000
[  21.427]       <<< RX chan1 38B: 8000002283051027007001000000002700700100000000000000000000000000...
[  21.444]       <<< RX chan1 21B: 80000011830d000000000000fef9e423a43c580000
[  21.460]       <<< RX chan1 11B: 800000078323a83c580000
[  21.477]       <<< RX chan1 11B: 800000078323ac3c580000
[  21.493]       <<< RX chan1 11B: 800000078323b03c580000
[  21.512]       <<< RX chan1 11B: 800000078323b43c580000
[  21.528]       <<< RX chan1 11B: 800000078323b83c580000
[  21.544]       <<< RX chan1 21B: 80000011830d000000000000fef8e423bc3c580000
[  21.561]       <<< RX chan1 11B: 800000078323c03c580000
[  21.577]       <<< RX chan1 11B: 800000078323c43c580000
[  21.594]       <<< RX chan1 11B: 800000078323c83c580000
[  21.611]       <<< RX chan1 11B: 800000078323cc3c580000
[  21.629]       <<< RX chan1 264B: 80000104830101748553001b02000000011ec35300011fc35300030172c05300...
[  21.645]       <<< RX chan1 11B: 800000078323d43c580000
[  21.660]       <<< RX chan1 11B: 800000078323d83c580000
[  21.677]       <<< RX chan1 11B: 800000078323dc3c580000
[  21.694]       <<< RX chan1 11B: 800000078323e03c580000
[  21.710]       <<< RX chan1 11B: 800000078323e43c580000
[  21.727]       <<< RX chan1 11B: 800000078323e83c580000
[  21.745]       <<< RX chan1 11B: 800000078323ec3c580000
[  21.761]       <<< RX chan1 244B: 800000f08307015f41000069122466623936386665352d323138342d34343533...
[  21.776]       <<< RX chan1 11B: 800000078323f43c580000
[  21.793]       <<< RX chan1 11B: 800000078323f83c580000
[  21.810]       <<< RX chan1 11B: 800000078323fc3c580000
[  21.827]       <<< RX chan1 11B: 800000078323003d580000
[  21.844]       <<< RX chan1 11B: 800000078323043d580000
[  21.861]       <<< RX chan1 11B: 800000078323083d580000
[  21.877]       <<< RX chan1 11B: 8000000783230c3d580000
[  21.894]       <<< RX chan1 11B: 800000078323103d580000
[  21.911]       <<< RX chan1 11B: 800000078323143d580000
[quic] DATAGRAM 32B: 0327008305101b027001000000001b0270010000000000000000010000000000
[  21.926]       <<< RX chan1 38B: 800000228305101b027001000000001b02700100000000000000000000000000...
[  21.944]       <<< RX chan1 11B: 8000000783231c3d580000
[  21.960]       <<< RX chan1 11B: 800000078323203d580000
[  21.978]       <<< RX chan1 11B: 800000078323243d580000
[  21.993]       <<< RX chan1 11B: 800000078323283d580000
[  22.010]       <<< RX chan1 11B: 8000000783232c3d580000
[  22.027]       <<< RX chan1 11B: 800000078323303d580000
[  22.044]       <<< RX chan1 11B: 800000078323343d580000
[  22.061]       <<< RX chan1 11B: 800000078323383d580000
[  22.077]       <<< RX chan1 11B: 8000000783233c3d580000
[  22.094]       <<< RX chan1 11B: 800000078323403d580000
[  22.110]       <<< RX chan1 11B: 800000078323443d580000
[  22.126]       <<< RX chan1 11B: 800000078323483d580000
[  22.143]       <<< RX chan1 11B: 8000000783234c3d580000
[  22.160]       <<< RX chan1 11B: 800000078323503d580000
[  22.177]       <<< RX chan1 11B: 800000078323543d580000
[  22.195]       <<< RX chan1 16B: 8000000c8323543d580023583d580000
[  22.210]       <<< RX chan1 11B: 8000000783235c3d580000
[  22.227]       <<< RX chan1 11B: 800000078323603d580000
[  22.244]       <<< RX chan1 11B: 800000078323643d580000
[  22.259]       <<< RX chan1 11B: 800000078323683d580000
[  22.276]       <<< RX chan1 11B: 8000000783236c3d580000
[  22.293]       <<< RX chan1 11B: 800000078323703d580000
[  22.310]       <<< RX chan1 11B: 800000078323743d580000
[  22.327]       <<< RX chan1 11B: 800000078323783d580000
[  22.344]       <<< RX chan1 11B: 8000000783237c3d580000
[  22.360]       <<< RX chan1 11B: 800000078323803d580000
[  22.377]       <<< RX chan1 11B: 800000078323843d580000
[  22.394]       <<< RX chan1 11B: 800000078323883d580000
[  22.412]       <<< RX chan1 11B: 8000000783238c3d580000
[quic] DATAGRAM 32B: 0328008305100f047001000000000f0470010000000000000000010000000000
[  22.428]       <<< RX chan1 38B: 800000228305100f047001000000000f04700100000000000000000000000000...
[  22.444]       <<< RX chan1 11B: 800000078323943d580000
[  22.461]       <<< RX chan1 11B: 800000078323983d580000
[  22.477]       <<< RX chan1 11B: 8000000783239c3d580000
[  22.493]       <<< RX chan1 11B: 800000078323a03d580000
[  22.510]       <<< RX chan1 11B: 800000078323a43d580000
[  22.528]       <<< RX chan1 11B: 800000078323a83d580000
[  22.544]       <<< RX chan1 11B: 800000078323ac3d580000
[  22.561]       <<< RX chan1 11B: 800000078323b03d580000
[  22.577]       <<< RX chan1 11B: 800000078323b43d580000
[  22.594]       <<< RX chan1 11B: 800000078323b83d580000
[  22.610]       <<< RX chan1 11B: 800000078323bc3d580000
[  22.629]       <<< RX chan1 11B: 800000078323c03d580000
[  22.643]       <<< RX chan1 11B: 800000078323c43d580000
[  22.661]       <<< RX chan1 11B: 800000078323c83d580000
[  22.677]       <<< RX chan1 11B: 800000078323cc3d580000
[  22.694]       <<< RX chan1 11B: 800000078323d03d580000
[  22.711]       <<< RX chan1 11B: 800000078323d43d580000
[  22.727]       <<< RX chan1 11B: 800000078323d83d580000
[  22.744]       <<< RX chan1 11B: 800000078323dc3d580000
[  22.761]       <<< RX chan1 11B: 800000078323e03d580000
[  22.776]       <<< RX chan1 11B: 800000078323e43d580000
[  22.793]       <<< RX chan1 11B: 800000078323e83d580000
[  22.811]       <<< RX chan1 11B: 800000078323ec3d580000
[  22.827]       <<< RX chan1 11B: 800000078323f03d580000
[  22.845]       <<< RX chan1 11B: 800000078323f43d580000
[  22.861]       <<< RX chan1 11B: 800000078323f83d580000
[  22.877]       <<< RX chan1 11B: 800000078323fc3d580000
[  22.894]       <<< RX chan1 11B: 800000078323003e580000
[  22.911]       <<< RX chan1 11B: 800000078323043e580000
[  22.927]       <<< RX chan1 11B: 800000078323083e580000
[quic] DATAGRAM 32B: 0329008305101306700100000000130670010000000000000000010000000000
[  22.943]       <<< RX chan1 48B: 8000002c831b010000000153c353000510130670010000000013067001000000...
[  22.960]       <<< RX chan1 11B: 800000078323103e580000
[  22.977]       <<< RX chan1 11B: 800000078323143e580000
[  22.993]       <<< RX chan1 11B: 800000078323183e580000
[  23.010]       <<< RX chan1 11B: 8000000783231c3e580000
[  23.027]       <<< RX chan1 11B: 800000078323203e580000
[  23.044]       <<< RX chan1 11B: 800000078323243e580000
[  23.062]       <<< RX chan1 11B: 800000078323283e580000
[  23.077]       <<< RX chan1 11B: 8000000783232c3e580000
[  23.094]       <<< RX chan1 11B: 800000078323303e580000
[  23.110]       <<< RX chan1 11B: 800000078323343e580000
[  23.126]       <<< RX chan1 11B: 800000078323383e580000
[  23.143]       <<< RX chan1 11B: 8000000783233c3e580000
[  23.160]       <<< RX chan1 11B: 800000078323403e580000
[  23.178]       <<< RX chan1 11B: 800000078323443e580000
[  23.194]       <<< RX chan1 16B: 8000000c8323443e580023483e580000
[  23.210]       <<< RX chan1 11B: 8000000783234c3e580000
[  23.227]       <<< RX chan1 11B: 800000078323503e580000
[  23.244]       <<< RX chan1 11B: 800000078323543e580000
[  23.261]       <<< RX chan1 11B: 800000078323583e580000
[  23.276]       <<< RX chan1 11B: 8000000783235c3e580000
[  23.294]       <<< RX chan1 11B: 800000078323603e580000
[  23.311]       <<< RX chan1 21B: 80000011831b010000000154c3530023643e580000
[  23.328]       <<< RX chan1 11B: 800000078323683e580000
[  23.343]       <<< RX chan1 11B: 8000000783236c3e580000
[  23.360]       <<< RX chan1 11B: 800000078323703e580000
[  23.377]       <<< RX chan1 11B: 800000078323743e580000
[  23.395]       <<< RX chan1 11B: 800000078323783e580000
[  23.411]       <<< RX chan1 11B: 8000000783237c3e580000
[  23.427]       <<< RX chan1 11B: 800000078323803e580000
[quic] DATAGRAM 32B: 032a008305100708700100000000070870010000000000000000010000000000
[  23.443]       <<< RX chan1 38B: 8000002283051007087001000000000708700100000000000000000000000000...
[  23.462]       <<< RX chan1 11B: 800000078323883e580000
[  23.476]       <<< RX chan1 11B: 8000000783238c3e580000
[  23.494]       <<< RX chan1 11B: 800000078323903e580000
[  23.511]       <<< RX chan1 11B: 800000078323943e580000
[  23.528]       <<< RX chan1 258B: 800000fe831b02000000014bc35300014cc35300030177c05300a12700016ac0...
[  23.545]       <<< RX chan1 11B: 8000000783239c3e580000
[  23.560]       <<< RX chan1 11B: 800000078323a03e580000
[  23.576]       <<< RX chan1 11B: 800000078323a43e580000
[  23.593]       <<< RX chan1 11B: 800000078323a83e580000
[  23.610]       <<< RX chan1 11B: 800000078323ac3e580000
[  23.627]       <<< RX chan1 11B: 800000078323b03e580000
[  23.643]       <<< RX chan1 21B: 80000011831b010000000155c3530023b43e580000
[  23.661]       <<< RX chan1 11B: 800000078323b83e580000
[  23.677]       <<< RX chan1 11B: 800000078323bc3e580000
[  23.695]       <<< RX chan1 11B: 800000078323c03e580000
[  23.710]       <<< RX chan1 11B: 800000078323c43e580000
[  23.728]       <<< RX chan1 11B: 800000078323c83e580000
[  23.743]       <<< RX chan1 11B: 800000078323cc3e580000
[  23.759]       <<< RX chan1 11B: 800000078323d03e580000
[  23.776]       <<< RX chan1 11B: 800000078323d43e580000
[  23.793]       <<< RX chan1 11B: 800000078323d83e580000
[  23.810]       <<< RX chan1 11B: 800000078323dc3e580000
[  23.827]       <<< RX chan1 11B: 800000078323e03e580000
[  23.844]       <<< RX chan1 11B: 800000078323e43e580000
[  23.860]       <<< RX chan1 11B: 800000078323e83e580000
[  23.877]       <<< RX chan1 11B: 800000078323ec3e580000
[  23.894]       <<< RX chan1 11B: 800000078323f03e580000
[  23.911]       <<< RX chan1 11B: 800000078323f43e580000
[  23.927]       <<< RX chan1 11B: 800000078323f83e580000
[quic] DATAGRAM 32B: 032b00830510fb09700100000000fc0970010000000000000000010000000000
[  23.945]       <<< RX chan1 48B: 8000002c831b01000000015cc353000510fb09700100000000fc097001000000...
[  23.961]       <<< RX chan1 11B: 800000078323003f580000
[  23.976]       <<< RX chan1 11B: 800000078323043f580000
[  23.993]       <<< RX chan1 11B: 800000078323083f580000
[  24.010]       <<< RX chan1 11B: 8000000783230c3f580000
[  24.027]       <<< RX chan1 11B: 800000078323103f580000
[  24.044]       <<< RX chan1 11B: 800000078323143f580000
[  24.061]       <<< RX chan1 11B: 800000078323183f580000
[  24.077]       <<< RX chan1 11B: 8000000783231c3f580000
[  24.094]       <<< RX chan1 11B: 800000078323203f580000
[  24.110]       <<< RX chan1 11B: 800000078323243f580000
[  24.127]       <<< RX chan1 11B: 800000078323283f580000
[  24.143]       <<< RX chan1 11B: 8000000783232c3f580000
[  24.160]       <<< RX chan1 11B: 800000078323303f580000
[  24.178]       <<< RX chan1 11B: 800000078323343f580000
[  24.194]       <<< RX chan1 16B: 8000000c8323343f580023383f580000
[  24.211]       <<< RX chan1 21B: 80000011831b01000000015dc35300233c3f580000
[  24.227]       <<< RX chan1 11B: 800000078323403f580000
[  24.244]       <<< RX chan1 11B: 800000078323443f580000
[  24.261]       <<< RX chan1 11B: 800000078323483f580000
[  24.277]       <<< RX chan1 11B: 8000000783234c3f580000
[  24.295]       <<< RX chan1 11B: 800000078323503f580000
[  24.310]       <<< RX chan1 11B: 800000078323543f580000
[  24.327]       <<< RX chan1 11B: 800000078323583f580000
[  24.344]       <<< RX chan1 11B: 8000000783235c3f580000
[  24.360]       <<< RX chan1 11B: 800000078323603f580000
[  24.377]       <<< RX chan1 11B: 800000078323643f580000
[  24.395]       <<< RX chan1 29B: 80000019830704226add125b14000704226add1256140123683f580000
[  24.411]       <<< RX chan1 11B: 8000000783236c3f580000
[  24.427]       <<< RX chan1 11B: 800000078323703f580000
[  24.445]       <<< RX chan1 11B: 800000078323743f580000
[quic] DATAGRAM 32B: 032c00830510000c700100000000000c70010000000000000000010000000000
[  24.461]       <<< RX chan1 48B: 8000002c831b01000000015ec353000510000c700100000000000c7001000000...
[  24.477]       <<< RX chan1 11B: 8000000783237c3f580000
[  24.494]       <<< RX chan1 11B: 800000078323803f580000
[  24.511]       <<< RX chan1 11B: 800000078323843f580000
[  24.528]       <<< RX chan1 11B: 800000078323883f580000
[  24.544]       <<< RX chan1 11B: 8000000783238c3f580000
[  24.561]       <<< RX chan1 11B: 800000078323903f580000
[  24.577]       <<< RX chan1 11B: 800000078323943f580000
[  24.594]       <<< RX chan1 11B: 800000078323983f580000
[  24.610]       <<< RX chan1 11B: 8000000783239c3f580000
[  24.628]       <<< RX chan1 11B: 800000078323a03f580000
[  24.644]       <<< RX chan1 11B: 800000078323a43f580000
[  24.660]       <<< RX chan1 11B: 800000078323a83f580000
[  24.678]       <<< RX chan1 21B: 80000011831b01000000015fc3530023ac3f580000
[  24.693]       <<< RX chan1 11B: 800000078323b03f580000
[  24.710]       <<< RX chan1 11B: 800000078323b43f580000
[  24.728]       <<< RX chan1 11B: 800000078323b83f580000
[  24.744]       <<< RX chan1 11B: 800000078323bc3f580000
[  24.761]       <<< RX chan1 11B: 800000078323c03f580000
[  24.777]       <<< RX chan1 11B: 800000078323c43f580000
[  24.794]       <<< RX chan1 11B: 800000078323c83f580000
[  24.810]       <<< RX chan1 11B: 800000078323cc3f580000
[  24.827]       <<< RX chan1 11B: 800000078323d03f580000
[  24.844]       <<< RX chan1 11B: 800000078323d43f580000
[  24.860]       <<< RX chan1 277B: 80000111830204300d796a2b00ff006043014300480541c0c09942020615526f...
[  24.878]       <<< RX chan1 21B: 80000011831b010000000165c3530023dc3f580000
[  24.894]       <<< RX chan1 11B: 800000078323e03f580000
[  24.911]       <<< RX chan1 11B: 800000078323e43f580000
[  24.927]       <<< RX chan1 11B: 800000078323e83f580000
[  24.944]       <<< RX chan1 11B: 800000078323ec3f580000
[  24.961]       <<< RX chan1 11B: 800000078323f03f580000
[quic] DATAGRAM 32B: 032d00830510050e700100000000050e70010000000000000000010000000000
[  24.977]       <<< RX chan1 38B: 80000022830510050e700100000000050e700100000000000000000000000000...
[  24.994]       <<< RX chan1 11B: 800000078323f83f580000
[  25.010]       <<< RX chan1 11B: 800000078323fc3f580000
[  25.027]       <<< RX chan1 11B: 8000000783230040580000
[  25.045]       <<< RX chan1 11B: 8000000783230440580000
[  25.061]       <<< RX chan1 21B: 80000011831b010000000166c35300230840580000
[  25.078]       <<< RX chan1 11B: 8000000783230c40580000
[  25.094]       <<< RX chan1 11B: 8000000783231040580000
[  25.111]       <<< RX chan1 11B: 8000000783231440580000
[  25.127]       <<< RX chan1 11B: 8000000783231840580000
[  25.151]       <<< RX chan1 11B: 8000000783232040580000
[  25.159]       <<< RX chan1 11B: 8000000783232040580000
[  25.178]       <<< RX chan1 11B: 8000000783232440580000
[  25.195]       <<< RX chan1 16B: 8000000c832324405800232840580000
[  25.214]       <<< RX chan1 11B: 8000000783232c40580000
[  25.228]       <<< RX chan1 21B: 80000011831b01000000016dc35300233040580000
[  25.245]       <<< RX chan1 11B: 8000000783233440580000
[  25.277]       <<< RX chan1 11B: 8000000783233840580000
[  25.280]       <<< RX chan1 11B: 8000000783233c40580000
[  25.293]       <<< RX chan1 11B: 8000000783234040580000
[  25.311]       <<< RX chan1 11B: 8000000783234440580000
[  25.328]       <<< RX chan1 11B: 8000000783234840580000
[  25.343]       <<< RX chan1 11B: 8000000783234c40580000
[  25.360]       <<< RX chan1 11B: 8000000783235040580000
[  25.377]       <<< RX chan1 21B: 80000011831b01000000016ec35300235440580000
[  25.394]       <<< RX chan1 11B: 8000000783235840580000
[  25.410]       <<< RX chan1 11B: 8000000783235c40580000
[  25.428]       <<< RX chan1 11B: 8000000783236040580000
[  25.444]       <<< RX chan1 81B: 8000004d83020189c45300cb00ff0000247449010000404104801300430088f9...
[  25.459]       <<< RX chan1 11B: 8000000783236840580000
[  25.477]       <<< RX chan1 11B: 8000000783236c40580000
[quic] DATAGRAM 32B: 032e008305100910700100000000091070010000000000000000010000000000
[  25.494]       <<< RX chan1 38B: 8000002283051009107001000000000910700100000000000000000000000000...
[  25.515]       <<< RX chan1 21B: 80000011831b010000000185c45300237440580000
[  25.529]       <<< RX chan1 11B: 8000000783237840580000
[  25.546]       <<< RX chan1 11B: 8000000783237c40580000
[  25.561]       <<< RX chan1 11B: 8000000783238040580000
[  25.578]       <<< RX chan1 11B: 8000000783238440580000
[  25.595]       <<< RX chan1 11B: 8000000783238840580000
[  25.619]       <<< RX chan1 1154B: 800005248302018bc453007701ff00b40502000b4868747470733a2f2f617069...
[  25.619]       <<< RX chan1 166B: 53001301ff070e4162696c697479416374696f6e310b08ff0193c453000201a9...
[  25.619]       <<< RX chan1 1154B: 8000051b830201adc453001301ff070e4162696c697479416374696f6e320b06...
[  25.619]       <<< RX chan1 157B: 53001501ff1a0c546f75636842696e64696e67ff01cdc453000201d1c4530013...
[  25.619]       <<< RX chan1 989B: 80000513830201d5c453001301ff070f4f766572666c6f77416374696f6e310b...
[  25.619]       <<< RX chan1 314B: 53000201efc453001301ff010007154d6f7573654c6f636b5377697463684163...
[  25.619]       <<< RX chan1 832B: 80000515830201f7c453001501ff10011a1743616d6572615363726970746162...
[  25.619]       <<< RX chan1 473B: 67ff010dc55300020110c553001301ff070a4571756970536c6f74350b04ff01...
[  25.619]       <<< RX chan1 607B: 8000025b8302011fc553001301ff070b4571756970536c6f7431300b04ff0103...
[  25.627]       <<< RX chan1 11B: 8000000783239040580000
[  25.644]       <<< RX chan1 11B: 8000000783239440580000
[  25.661]       <<< RX chan1 91B: 80000057830701902300002f09bceac79849f2dbb3c855010701902300002f09...
[  25.677]       <<< RX chan1 402B: 8000018e830701a9650000641102020a393832333634383431341f0119697349...
[  25.694]       <<< RX chan1 11B: 800000078323a040580000
[  25.710]       <<< RX chan1 11B: 800000078323a440580000
[  25.728]       <<< RX chan1 11B: 800000078323a840580000
[  25.744]       <<< RX chan1 21B: 80000011831b010000000187c4530023ac40580000
[  25.762]       <<< RX chan1 11B: 800000078323b040580000
[  25.778]       <<< RX chan1 11B: 800000078323b440580000
[  25.794]       <<< RX chan1 11B: 800000078323b840580000
[  25.810]       <<< RX chan1 11B: 800000078323bc40580000
[  25.829]       <<< RX chan1 11B: 800000078323c040580000
[  25.843]       <<< RX chan1 11B: 800000078323c440580000
[  25.862]       <<< RX chan1 171B: 800000a7830701a56500006411011f010a393832333634383431341f07045374...
[  25.878]       <<< RX chan1 11B: 800000078323cc40580000
[  25.895]       <<< RX chan1 11B: 800000078323d040580000
[  25.911]       <<< RX chan1 11B: 800000078323d440580000
[  25.927]       <<< RX chan1 11B: 800000078323d840580000
[  25.944]       <<< RX chan1 11B: 800000078323dc40580000
[  25.960]       <<< RX chan1 11B: 800000078323e040580000
[  25.977]       <<< RX chan1 11B: 800000078323e440580000
[quic] DATAGRAM 32B: 032f00830510fd11700100000000fd1170010000000000000000010000000000
[  25.996]       <<< RX chan1 38B: 80000022830510fd11700100000000fd11700100000000000000000000000000...
[  26.011]       <<< RX chan1 21B: 80000011830d00000000000002fd0123ec40580000
[  26.028]       <<< RX chan1 11B: 800000078323f040580000
[  26.044]       <<< RX chan1 11B: 800000078323f440580000
[  26.060]       <<< RX chan1 11B: 800000078323f840580000
[  26.078]       <<< RX chan1 11B: 800000078323fc40580000
[  26.094]       <<< RX chan1 11B: 8000000783230041580000
[  26.112]       <<< RX chan1 11B: 8000000783230441580000
[  26.127]       <<< RX chan1 11B: 8000000783230841580000
[  26.144]       <<< RX chan1 11B: 8000000783230c41580000
[  26.161]       <<< RX chan1 11B: 8000000783231041580000
[  26.182]       <<< RX chan1 1154B: 8000055b831b01000000018dc45300020180c753005700ff080eff018bc45300...
[  26.182]       <<< RX chan1 221B: 00803f0000803f28cdcc4c3e32003526b651230a784a3bb016ac233600000040...
[  26.182]       <<< RX chan1 1154B: 800005368302018ec753006301ff000001000a000c806be1c1aa00c7404df65f...
[  26.182]       <<< RX chan1 184B: c300b9ac4100003bc30b000f0b4f736d616e3037303631381332ff010e000000...
[  26.182]       <<< RX chan1 962B: 8000053a83020122c653001c00ff0001e80310010000803f0000000043105641...
[  26.182]       <<< RX chan1 380B: e1c55300020101c653005e00ff04c7ff01e1c55300020103c653005a01ff0000...
[  26.182]       <<< RX chan1 766B: 8000053783020105c653005a01ff00000000000000244005f8ff01eac5530002...
[  26.182]       <<< RX chan1 573B: 300590ff019ec753000201a0c75300f701ff050466616c6c0902ff01e1c55300...
[  26.182]       <<< RX chan1 573B: 800007b0830201a9c75300f701ff05fc0902ff01e1c553000201aac753001100...
[  26.182]       <<< RX chan1 1154B: ecff01adc75300020121c65300f701ff0504776176650902ff01e1c553000201...
[  26.182]       <<< RX chan1 245B: 2cb0bfb389012c8ad9b8a14f2cccd1caaa4f1c6c6f6164436861726163746572...
[  26.182]       <<< RX chan1 481B: 800001dd830201cec75300de00ff0616436c6173736963466f7263654669656c...
[  26.194]       <<< RX chan1 16B: 8000000c832314415800231841580000
[  26.211]       <<< RX chan1 96B: 8000005c83030178c75300d40e014b48656c6c6f5e333537363638363434365e...
[  26.228]       <<< RX chan1 11B: 8000000783232041580000
[  26.245]       <<< RX chan1 11B: 8000000783232441580000
[  26.263]       <<< RX chan1 21B: 80000011830d00000000000002fc01232841580000
[  26.278]       <<< RX chan1 11B: 8000000783232c41580000
[  26.294]       <<< RX chan1 11B: 8000000783233041580000
[  26.311]       <<< RX chan1 11B: 8000000783233441580000
[  26.327]       <<< RX chan1 11B: 8000000783233841580000
[  26.345]       <<< RX chan1 11B: 8000000783233c41580000
[  26.361]       <<< RX chan1 11B: 8000000783234041580000
[  26.378]       <<< RX chan1 11B: 8000000783234441580000
[  26.395]       <<< RX chan1 11B: 8000000783234841580000
[  26.411]       <<< RX chan1 26B: 80000016831b020000000412cc236004a2c29a79234c41580000
[  26.427]       <<< RX chan1 11B: 8000000783235041580000
[  26.443]       <<< RX chan1 11B: 8000000783235441580000
[  26.460]       <<< RX chan1 21B: 80000011830d00000000000002fb01235841580000
[  26.477]       <<< RX chan1 11B: 8000000783235c41580000
[  26.494]       <<< RX chan1 11B: 8000000783236041580000
[quic] DATAGRAM 32B: 0330008305100214700100000000021470010000000000000000010000000000
[  26.511]       <<< RX chan1 38B: 8000002283051002147001000000000214700100000000000000000000000000...
[  26.527]       <<< RX chan1 11B: 8000000783236841580000
[  26.543]       <<< RX chan1 11B: 8000000783236c41580000
[  26.562]       <<< RX chan1 11B: 8000000783237041580000
[  26.577]       <<< RX chan1 11B: 8000000783237441580000
[  26.593]       <<< RX chan1 11B: 8000000783237841580000
[  26.612]       <<< RX chan1 11B: 8000000783237c41580000
[  26.627]       <<< RX chan1 11B: 8000000783238041580000
[  26.644]       <<< RX chan1 11B: 8000000783238441580000
[  26.661]       <<< RX chan1 27B: 80000017830d00000000000002fa010d0000000002238841580000
[  26.677]       <<< RX chan1 11B: 8000000783238c41580000
[  26.693]       <<< RX chan1 11B: 8000000783239041580000
[  26.711]       <<< RX chan1 11B: 8000000783239441580000
[  26.728]       <<< RX chan1 11B: 8000000783239841580000
[  26.745]       <<< RX chan1 11B: 8000000783239c41580000
[  26.762]       <<< RX chan1 11B: 800000078323a041580000
[  26.777]       <<< RX chan1 11B: 800000078323a441580000
[  26.795]       <<< RX chan1 11B: 800000078323a841580000
[  26.811]       <<< RX chan1 11B: 800000078323ac41580000
[  26.827]       <<< RX chan1 21B: 80000011830d00000000000002f90223b041580000
[  26.844]       <<< RX chan1 11B: 800000078323b441580000
[  26.861]       <<< RX chan1 11B: 800000078323b841580000
[  26.878]       <<< RX chan1 11B: 800000078323bc41580000
[  26.896]       <<< RX chan1 11B: 800000078323c041580000
[  26.911]       <<< RX chan1 11B: 800000078323c441580000
[  26.928]       <<< RX chan1 11B: 800000078323c841580000
[  26.944]       <<< RX chan1 11B: 800000078323cc41580000
[  26.960]       <<< RX chan1 11B: 800000078323d041580000
[  26.977]       <<< RX chan1 21B: 80000011830d00000000000002f80223d441580000
[  26.995]       <<< RX chan1 11B: 800000078323d841580000
[quic] DATAGRAM 32B: 033100830510f715700100000000f71570010000000000000000010000000000
[  27.013]       <<< RX chan1 38B: 80000022830510f715700100000000f715700100000000000000000000000000...
[  27.028]       <<< RX chan1 11B: 800000078323e041580000
[  27.045]       <<< RX chan1 11B: 800000078323e441580000
[  27.061]       <<< RX chan1 11B: 800000078323e841580000
[  27.078]       <<< RX chan1 11B: 800000078323ec41580000
[  27.095]       <<< RX chan1 11B: 800000078323f041580000
[  27.112]       <<< RX chan1 17B: 8000000d830104ba84d40a23f441580000
[  27.129]       <<< RX chan1 11B: 800000078323f841580000
[  27.144]       <<< RX chan1 11B: 800000078323fc41580000
[  27.162]       <<< RX chan1 11B: 8000000783230042580000
[  27.177]       <<< RX chan1 11B: 8000000783230442580000
[  27.194]       <<< RX chan1 16B: 8000000c832304425800230842580000
[  27.211]       <<< RX chan1 11B: 8000000783230c42580000
[  27.228]       <<< RX chan1 11B: 8000000783231042580000
[  27.246]       <<< RX chan1 11B: 8000000783231442580000
[  27.261]       <<< RX chan1 11B: 8000000783231842580000
[  27.277]       <<< RX chan1 11B: 8000000783231c42580000
[  27.294]       <<< RX chan1 11B: 8000000783232042580000
[  27.310]       <<< RX chan1 11B: 8000000783232442580000
[  27.327]       <<< RX chan1 11B: 8000000783232842580000
[  27.344]       <<< RX chan1 11B: 8000000783232c42580000
[  27.362]       <<< RX chan1 11B: 8000000783233042580000
[  27.378]       <<< RX chan1 11B: 8000000783233442580000
[  27.394]       <<< RX chan1 11B: 8000000783233842580000
[  27.410]       <<< RX chan1 11B: 8000000783233c42580000
[  27.428]       <<< RX chan1 11B: 8000000783234042580000
[  27.445]       <<< RX chan1 11B: 8000000783234442580000
[  27.462]       <<< RX chan1 11B: 8000000783234842580000
[  27.477]       <<< RX chan1 11B: 8000000783234c42580000
[  27.494]       <<< RX chan1 11B: 8000000783235042580000
[  27.511]       <<< RX chan1 11B: 8000000783235442580000
[quic] DATAGRAM 32B: 033200830510fa17700100000000fa1770010000000000000000010000000000
[  27.528]       <<< RX chan1 38B: 80000022830510fa17700100000000fa17700100000000000000000000000000...
[  27.544]       <<< RX chan1 11B: 8000000783235c42580000
[  27.561]       <<< RX chan1 11B: 8000000783236042580000
[  27.578]       <<< RX chan1 11B: 8000000783236442580000
[  27.593]       <<< RX chan1 11B: 8000000783236842580000
[  27.610]       <<< RX chan1 11B: 8000000783236c42580000
[  27.627]       <<< RX chan1 23B: 800000138301046c86c64b01016cc35300237042580000
[  27.644]       <<< RX chan1 11B: 8000000783237442580000
[  27.661]       <<< RX chan1 11B: 8000000783237842580000
[  27.677]       <<< RX chan1 11B: 8000000783237c42580000
[  27.695]       <<< RX chan1 11B: 8000000783238042580000
[  27.711]       <<< RX chan1 11B: 8000000783238442580000
[  27.728]       <<< RX chan1 11B: 8000000783238842580000
[  27.745]       <<< RX chan1 11B: 8000000783238c42580000
[  27.760]       <<< RX chan1 11B: 8000000783239042580000
[  27.778]       <<< RX chan1 11B: 8000000783239442580000
[  27.796]       <<< RX chan1 11B: 8000000783239842580000
[  27.810]       <<< RX chan1 11B: 8000000783239c42580000
[  27.827]       <<< RX chan1 11B: 800000078323a042580000
[  27.844]       <<< RX chan1 11B: 800000078323a442580000
[  27.861]       <<< RX chan1 11B: 800000078323a842580000
[  27.878]       <<< RX chan1 11B: 800000078323ac42580000
[  27.894]       <<< RX chan1 11B: 800000078323b042580000
[  27.912]       <<< RX chan1 11B: 800000078323b442580000
[  27.928]       <<< RX chan1 11B: 800000078323b842580000
[  27.943]       <<< RX chan1 11B: 800000078323bc42580000
[  27.960]       <<< RX chan1 11B: 800000078323c042580000
[  27.977]       <<< RX chan1 11B: 800000078323c442580000
[  27.994]       <<< RX chan1 11B: 800000078323c842580000
[  28.011]       <<< RX chan1 11B: 800000078323cc42580000
[  28.029]       <<< RX chan1 11B: 800000078323d042580000
[quic] DATAGRAM 32B: 033300830510ff19700100000000001a70010000000000000000010000000000
[  28.044]       <<< RX chan1 38B: 80000022830510ff19700100000000001a700100000000000000000000000000...
[  28.061]       <<< RX chan1 11B: 800000078323d842580000
[  28.078]       <<< RX chan1 11B: 800000078323dc42580000
[  28.095]       <<< RX chan1 11B: 800000078323e042580000
[  28.112]       <<< RX chan1 11B: 800000078323e442580000
[  28.128]       <<< RX chan1 11B: 800000078323e842580000
[  28.146]       <<< RX chan1 11B: 800000078323ec42580000
[  28.161]       <<< RX chan1 11B: 800000078323f042580000
[  28.177]       <<< RX chan1 11B: 800000078323f442580000
[  28.194]       <<< RX chan1 16B: 8000000c8323f442580023f842580000
[  28.211]       <<< RX chan1 11B: 800000078323fc42580000
[  28.228]       <<< RX chan1 11B: 8000000783230043580000
[  28.245]       <<< RX chan1 11B: 8000000783230443580000
[  28.262]       <<< RX chan1 11B: 8000000783230843580000
[  28.278]       <<< RX chan1 11B: 8000000783230c43580000
[  28.295]       <<< RX chan1 11B: 8000000783231043580000
[  28.310]       <<< RX chan1 11B: 8000000783231443580000
[  28.327]       <<< RX chan1 11B: 8000000783231843580000
[  28.344]       <<< RX chan1 11B: 8000000783231c43580000
[  28.361]       <<< RX chan1 11B: 8000000783232043580000
[  28.379]       <<< RX chan1 17B: 8000000d83010189c45300232443580000
[  28.396]       <<< RX chan1 11B: 8000000783232843580000
[  28.411]       <<< RX chan1 11B: 8000000783232c43580000
[  28.428]       <<< RX chan1 11B: 8000000783233043580000
[  28.445]       <<< RX chan1 11B: 8000000783233443580000
[  28.460]       <<< RX chan1 11B: 8000000783233843580000
[  28.478]       <<< RX chan1 11B: 8000000783233c43580000
[  28.495]       <<< RX chan1 11B: 8000000783234043580000
[  28.511]       <<< RX chan1 11B: 8000000783234443580000
[  28.527]       <<< RX chan1 11B: 8000000783234843580000
[quic] DATAGRAM 32B: 033400830510f31b700100000000f31b70010000000000000000010000000000
[  28.544]       <<< RX chan1 38B: 80000022830510f31b700100000000f31b700100000000000000000000000000...
[  28.561]       <<< RX chan1 11B: 8000000783235043580000
[  28.578]       <<< RX chan1 11B: 8000000783235443580000
[  28.596]       <<< RX chan1 11B: 8000000783235843580000
[  28.611]       <<< RX chan1 11B: 8000000783235c43580000
[  28.627]       <<< RX chan1 11B: 8000000783236043580000
[  28.644]       <<< RX chan1 11B: 8000000783236443580000
[  28.661]       <<< RX chan1 11B: 8000000783236843580000
[  28.677]       <<< RX chan1 11B: 8000000783236c43580000
[  28.694]       <<< RX chan1 11B: 8000000783237043580000
[  28.712]       <<< RX chan1 11B: 8000000783237443580000
[  28.728]       <<< RX chan1 11B: 8000000783237843580000
[  28.745]       <<< RX chan1 11B: 8000000783237c43580000
[  28.761]       <<< RX chan1 11B: 8000000783238043580000
[  28.778]       <<< RX chan1 11B: 8000000783238443580000
[  28.795]       <<< RX chan1 11B: 8000000783238843580000
[  28.813]       <<< RX chan1 11B: 8000000783238c43580000
[  28.827]       <<< RX chan1 11B: 8000000783239043580000
[  28.844]       <<< RX chan1 11B: 8000000783239443580000
[  28.861]       <<< RX chan1 11B: 8000000783239843580000
[  28.878]       <<< RX chan1 11B: 8000000783239c43580000
[  28.894]       <<< RX chan1 11B: 800000078323a043580000
[  28.911]       <<< RX chan1 11B: 800000078323a443580000
[  28.929]       <<< RX chan1 11B: 800000078323a843580000
[  28.943]       <<< RX chan1 11B: 800000078323ac43580000
[  28.960]       <<< RX chan1 11B: 800000078323b043580000
[  28.977]       <<< RX chan1 11B: 800000078323b443580000
[  28.994]       <<< RX chan1 11B: 800000078323b843580000
[  29.011]       <<< RX chan1 11B: 800000078323bc43580000
[  29.027]       <<< RX chan1 11B: 800000078323c043580000
[  29.045]       <<< RX chan1 11B: 800000078323c443580000
[quic] DATAGRAM 32B: 033500830510f81d700100000000f81d70010000000000000000010000000000
[  29.061]       <<< RX chan1 38B: 80000022830510f81d700100000000f81d700100000000000000000000000000...
[  29.078]       <<< RX chan1 11B: 800000078323cc43580000
[  29.095]       <<< RX chan1 11B: 800000078323d043580000
[  29.111]       <<< RX chan1 11B: 800000078323d443580000
[  29.127]       <<< RX chan1 11B: 800000078323d843580000
[  29.144]       <<< RX chan1 11B: 800000078323dc43580000
[  29.163]       <<< RX chan1 11B: 800000078323e043580000
[  29.177]       <<< RX chan1 11B: 800000078323e443580000
[  29.195]       <<< RX chan1 16B: 8000000c8323e443580023e843580000
[  29.211]       <<< RX chan1 11B: 800000078323ec43580000
[  29.228]       <<< RX chan1 11B: 800000078323f043580000
[  29.245]       <<< RX chan1 11B: 800000078323f443580000
[  29.261]       <<< RX chan1 11B: 800000078323f843580000
[  29.278]       <<< RX chan1 11B: 800000078323fc43580000
[  29.294]       <<< RX chan1 11B: 8000000783230044580000
[  29.427]       <<< RX chan1 11B: 8000000783230444580000
[  29.427]       <<< RX chan1 11B: 8000000783230c44580000
[  29.427]       <<< RX chan1 11B: 8000000783230c44580000
[  29.427]       <<< RX chan1 1154B: 8000052583020157c953007701ff00fe1e010102000b4868747470733a2f2f61...
[  29.427]       <<< RX chan1 167B: c953001301ff070e4162696c697479416374696f6e310b08ff015fc953000201...
[  29.427]       <<< RX chan1 1154B: 8000051b83020179c953001301ff070e4162696c697479416374696f6e320b06...
[  29.428]       <<< RX chan1 157B: 53001501ff1a0c546f75636842696e64696e67ff0199c9530002019dc9530013...
[  29.428]       <<< RX chan1 989B: 80000513830201a1c953001301ff070f4f766572666c6f77416374696f6e310b...
[  29.428]       <<< RX chan1 314B: 53000201bbc953001301ff010007154d6f7573654c6f636b5377697463684163...
[  29.428]       <<< RX chan1 832B: 80000515830201c3c953001501ff10011a1743616d6572615363726970746162...
[  29.428]       <<< RX chan1 473B: 67ff01d9c953000201dcc953001301ff070a4571756970536c6f74350b04ff01...
[  29.428]       <<< RX chan1 597B: 80000251830201ebc953001301ff070b4571756970536c6f7431300b04ff01cf...
[  29.428]       <<< RX chan1 11B: 8000000783231444580000
[  29.428]       <<< RX chan1 11B: 8000000783231844580000
[  29.428]       <<< RX chan1 87B: 80000053830701902300002f09f2d8f48213f2dbb3c855010701902300002f09...
[  29.428]       <<< RX chan1 62B: 8000003a830701a9650000641102020a323535333138393934351f0119697349...
[  29.443]       <<< RX chan1 65B: 8000003d83030157c953001e170136f4af9b7538c5671345aa92cd80d5b936f4...
[quic] DATAGRAM 32B: 033600830510ec1f700100000000ec1f70010000000000000000010000000000
[  29.569]       <<< RX chan1 11B: 8000000783232844580000
[  29.569]       <<< RX chan1 11B: 8000000783232c44580000
[  29.569]       <<< RX chan1 11B: 8000000783233044580000
[  29.569]       <<< RX chan1 34B: 8000001e830701a6650000641102020a32353533313839393435090023344458...
[  29.569]       <<< RX chan1 11B: 8000000783233844580000
[  29.569]       <<< RX chan1 11B: 8000000783233c44580000
[  29.569]       <<< RX chan1 38B: 80000022830510ec1f700100000000ec1f700100000000000000000000000000...
[  29.578]       <<< RX chan1 11B: 8000000783234444580000
[  29.595]       <<< RX chan1 11B: 8000000783234844580000
[  29.732]       <<< RX chan1 11B: 8000000783234c44580000
[  29.732]       <<< RX chan1 11B: 8000000783235044580000
[  29.732]       <<< RX chan1 171B: 800000a7830701a56500006411011f010a323535333138393934351f07045374...
[  29.732]       <<< RX chan1 11B: 8000000783235844580000
[  29.732]       <<< RX chan1 11B: 8000000783235c44580000
[  29.732]       <<< RX chan1 11B: 8000000783236044580000
[  29.732]       <<< RX chan1 11B: 8000000783236444580000
[  29.732]       <<< RX chan1 11B: 8000000783236844580000
[  29.744]       <<< RX chan1 11B: 8000000783236c44580000
[  29.887]       <<< RX chan1 11B: 8000000783237044580000
[  29.888]       <<< RX chan1 11B: 8000000783237444580000
[  29.888]       <<< RX chan1 11B: 8000000783237844580000
[  29.888]       <<< RX chan1 11B: 8000000783237c44580000
[  29.888]       <<< RX chan1 11B: 8000000783238044580000
[  29.888]       <<< RX chan1 11B: 8000000783238444580000
[  29.888]       <<< RX chan1 11B: 8000000783238844580000
[  29.888]       <<< RX chan1 11B: 8000000783238c44580000
[  29.894]       <<< RX chan1 11B: 8000000783239044580000
[  29.916]       <<< RX chan1 1154B: 8000055b831b010000000159c95300020169cc53005700ff080eff0157c95300...
[  29.916]       <<< RX chan1 221B: 00803f0000803f28cdcc4c3e32003526b651230a784a3bb016ac233600000040...
[  29.916]       <<< RX chan1 1154B: 8000052f83020177cc53006301ff000001000a000c806be1c1aa00c7404df65f...
[  29.916]       <<< RX chan1 177B: 00db420b000f0a416c6368657a323031341332ff010e00000002014fcc5300d1...
[  29.916]       <<< RX chan1 969B: 80000526830201eeca53001c00ff0001e80310010000803f0000000023115641...
[  29.916]       <<< RX chan1 353B: ab7e2a45d11351b5d56a6aceff0c811034ff014cca53000201aeca5300b80100...
[  29.916]       <<< RX chan1 793B: 80000541830201dbca5300f701ff050563686565720902ff01adca53000201b3...
[  29.916]       <<< RX chan1 556B: 001100ff000129687474703a2f2f7777772e726f626c6f782e636f6d2f617373...
[  29.916]       <<< RX chan1 590B: 8000096c830201e4ca5300f701ff0505706f696e740902ff01adca53000201c3...
[  29.916]       <<< RX chan1 1154B: 01eaca53000201ebca5300f701ff0509746f6f6c736c6173680902ff01adca53...
[  29.916]       <<< RX chan1 672B: 6d6573683a746578747572653a0a34363337323835363933023c6d6573683a31...
[  29.917]       <<< RX chan1 481B: 800001dd830201aacc5300de00ff0616436c6173736963466f7263654669656c...
[  30.055]       <<< RX chan1 11B: 8000000783239844580000
[  30.055]       <<< RX chan1 11B: 8000000783239c44580000
[  30.055]       <<< RX chan1 241B: 800000ed83030161cc5300d40e01db014170706c6175645e3539313537373930...
[  30.055]       <<< RX chan1 11B: 800000078323a444580000
[  30.055]       <<< RX chan1 11B: 800000078323a844580000
[  30.055]       <<< RX chan1 11B: 800000078323ac44580000
[  30.055]       <<< RX chan1 11B: 800000078323b044580000
[  30.055]       <<< RX chan1 11B: 800000078323b444580000
[quic] DATAGRAM 32B: 033700830510e021700100000000e12170010000000000000000010000000000
[  30.062]       <<< RX chan1 38B: 80000022830510e021700100000000e121700100000000000000000000000000...
[  30.210]       <<< RX chan1 11B: 800000078323bc44580000
[  30.210]       <<< RX chan1 11B: 800000078323c044580000
[  30.210]       <<< RX chan1 11B: 800000078323c444580000
[  30.210]       <<< RX chan1 11B: 800000078323c844580000
[  30.210]       <<< RX chan1 11B: 800000078323cc44580000
[  30.211]       <<< RX chan1 11B: 800000078323d044580000
[  30.211]       <<< RX chan1 11B: 800000078323d444580000
[  30.211]       <<< RX chan1 16B: 8000000c8323d444580023d844580000
[  30.212]       <<< RX chan1 11B: 800000078323dc44580000
[  30.228]       <<< RX chan1 11B: 800000078323e044580000
[  30.250]       <<< RX chan1 11B: 800000078323e444580000
[  30.261]       <<< RX chan1 11B: 800000078323e844580000
[  30.278]       <<< RX chan1 11B: 800000078323ec44580000
[  30.296]       <<< RX chan1 11B: 800000078323f044580000
[  30.313]       <<< RX chan1 11B: 800000078323f444580000
[  30.328]       <<< RX chan1 11B: 800000078323f844580000
[  30.345]       <<< RX chan1 11B: 800000078323fc44580000
[  30.361]       <<< RX chan1 11B: 8000000783230045580000
[  30.377]       <<< RX chan1 11B: 8000000783230445580000
[  30.394]       <<< RX chan1 11B: 8000000783230845580000
[  30.411]       <<< RX chan1 11B: 8000000783230c45580000
[  30.429]       <<< RX chan1 11B: 8000000783231045580000
[  30.446]       <<< RX chan1 11B: 8000000783231445580000
[  30.461]       <<< RX chan1 11B: 8000000783231845580000
[  30.478]       <<< RX chan1 11B: 8000000783231c45580000
[  30.495]       <<< RX chan1 11B: 8000000783232045580000
[  30.512]       <<< RX chan1 11B: 8000000783232445580000
[  30.528]       <<< RX chan1 11B: 8000000783232845580000
[  30.554]       <<< RX chan1 11B: 8000000783232c45580000
[  30.562]       <<< RX chan1 11B: 8000000783233045580000
[quic] DATAGRAM 32B: 033800830510e523700100000000e52370010000000000000000010000000000
[  30.579]       <<< RX chan1 38B: 80000022830510e523700100000000e523700100000000000000000000000000...
[  30.595]       <<< RX chan1 11B: 8000000783233845580000
[  30.612]       <<< RX chan1 11B: 8000000783233c45580000
[  30.630]       <<< RX chan1 11B: 8000000783234045580000
[  30.645]       <<< RX chan1 11B: 8000000783234445580000
[  30.661]       <<< RX chan1 11B: 8000000783234845580000
[  30.679]       <<< RX chan1 11B: 8000000783234c45580000
[  30.695]       <<< RX chan1 11B: 8000000783235045580000
[  30.711]       <<< RX chan1 11B: 8000000783235445580000
[  30.728]       <<< RX chan1 11B: 8000000783235845580000
[  30.745]       <<< RX chan1 11B: 8000000783235c45580000
[  30.762]       <<< RX chan1 11B: 8000000783236045580000
[  30.778]       <<< RX chan1 36B: 80000020831b04000000014ec35300014fc353000150c353000188c453002364...
[  30.793]       <<< RX chan1 11B: 8000000783236845580000
[  30.811]       <<< RX chan1 11B: 8000000783236c45580000
[  30.827]       <<< RX chan1 11B: 8000000783237045580000
[  30.845]       <<< RX chan1 11B: 8000000783237445580000
[  30.862]       <<< RX chan1 11B: 8000000783237845580000
[  30.879]       <<< RX chan1 11B: 8000000783237c45580000
[  30.895]       <<< RX chan1 11B: 8000000783238045580000
[  30.912]       <<< RX chan1 11B: 8000000783238445580000
[  30.929]       <<< RX chan1 11B: 8000000783238845580000
[  30.945]       <<< RX chan1 11B: 8000000783238c45580000
[  30.962]       <<< RX chan1 11B: 8000000783239045580000
[  30.979]       <<< RX chan1 11B: 8000000783239445580000
[  30.996]       <<< RX chan1 11B: 8000000783239845580000
[  31.013]       <<< RX chan1 11B: 8000000783239c45580000
[  31.028]       <<< RX chan1 11B: 800000078323a045580000
[  31.045]       <<< RX chan1 11B: 800000078323a445580000
[  31.061]       <<< RX chan1 11B: 800000078323a845580000
[  31.078]       <<< RX chan1 11B: 800000078323ac45580000
[quic] DATAGRAM 32B: 033900830510ea25700100000000ea2570010000000000000000010000000000
[  31.095]       <<< RX chan1 38B: 80000022830510ea25700100000000ea25700100000000000000000000000000...
[  31.113]       <<< RX chan1 11B: 800000078323b445580000
[  31.129]       <<< RX chan1 11B: 800000078323b845580000
[  31.146]       <<< RX chan1 11B: 800000078323bc45580000
[  31.161]       <<< RX chan1 11B: 800000078323c045580000
[  31.180]       <<< RX chan1 11B: 800000078323c445580000
[  31.196]       <<< RX chan1 16B: 8000000c8323c445580023c845580000
[  31.212]       <<< RX chan1 11B: 800000078323cc45580000
[  31.229]       <<< RX chan1 11B: 800000078323d045580000
[  31.245]       <<< RX chan1 11B: 800000078323d445580000
[  31.262]       <<< RX chan1 11B: 800000078323d845580000
[  31.279]       <<< RX chan1 11B: 800000078323dc45580000
[  31.296]       <<< RX chan1 11B: 800000078323e045580000
[  31.313]       <<< RX chan1 11B: 800000078323e445580000
[  31.329]       <<< RX chan1 11B: 800000078323e845580000
[  31.345]       <<< RX chan1 11B: 800000078323ec45580000
[  31.361]       <<< RX chan1 11B: 800000078323f045580000
[  31.378]       <<< RX chan1 11B: 800000078323f445580000
[  31.395]       <<< RX chan1 11B: 800000078323f845580000
[  31.411]       <<< RX chan1 11B: 800000078323fc45580000
[  31.429]       <<< RX chan1 11B: 8000000783230046580000
[  31.446]       <<< RX chan1 11B: 8000000783230446580000
[  31.461]       <<< RX chan1 11B: 8000000783230846580000
[  31.478]       <<< RX chan1 11B: 8000000783230c46580000
[  31.495]       <<< RX chan1 11B: 8000000783231046580000
[  31.512]       <<< RX chan1 11B: 8000000783231446580000
[  31.530]       <<< RX chan1 11B: 8000000783231846580000
[  31.545]       <<< RX chan1 11B: 8000000783231c46580000
[  31.562]       <<< RX chan1 11B: 8000000783232046580000
[  31.578]       <<< RX chan1 11B: 8000000783232446580000
[quic] DATAGRAM 32B: 033a00830510de27700100000000de2770010000000000000000010000000000
[  31.596]       <<< RX chan1 38B: 80000022830510de27700100000000de27700100000000000000000000000000...
[  31.612]       <<< RX chan1 11B: 8000000783232c46580000
[  31.628]       <<< RX chan1 11B: 8000000783233046580000
[  31.645]       <<< RX chan1 11B: 8000000783233446580000
[  31.663]       <<< RX chan1 11B: 8000000783233846580000
[  31.679]       <<< RX chan1 11B: 8000000783233c46580000
[  31.695]       <<< RX chan1 11B: 8000000783234046580000
[  31.712]       <<< RX chan1 11B: 8000000783234446580000
[  31.728]       <<< RX chan1 11B: 8000000783234846580000
[  31.745]       <<< RX chan1 11B: 8000000783234c46580000
[  31.762]       <<< RX chan1 11B: 8000000783235046580000
[  31.779]       <<< RX chan1 11B: 8000000783235446580000
[  31.796]       <<< RX chan1 11B: 8000000783235846580000
[  31.812]       <<< RX chan1 29B: 800000198307040d5a31395b140007040d5a3139561401235c46580000
[  31.828]       <<< RX chan1 11B: 8000000783236046580000
[  31.846]       <<< RX chan1 11B: 8000000783236446580000
[  31.862]       <<< RX chan1 11B: 8000000783236846580000
[  31.878]       <<< RX chan1 11B: 8000000783236c46580000
[  31.897]       <<< RX chan1 11B: 8000000783237046580000
[  31.912]       <<< RX chan1 11B: 8000000783237446580000
[  31.929]       <<< RX chan1 11B: 8000000783237846580000
[  31.946]       <<< RX chan1 11B: 8000000783237c46580000
[  31.962]       <<< RX chan1 11B: 8000000783238046580000
[  31.979]       <<< RX chan1 11B: 8000000783238446580000
[  31.994]       <<< RX chan1 11B: 8000000783238846580000
[  32.013]       <<< RX chan1 11B: 8000000783238c46580000
[  32.028]       <<< RX chan1 11B: 8000000783239046580000
[  32.045]       <<< RX chan1 11B: 8000000783239446580000
[  32.063]       <<< RX chan1 11B: 8000000783239846580000
[  32.080]       <<< RX chan1 11B: 8000000783239c46580000
[  32.095]       <<< RX chan1 11B: 800000078323a046580000
[quic] DATAGRAM 32B: 033b00830510e229700100000000e22970010000000000000000010000000000
[  32.112]       <<< RX chan1 38B: 80000022830510e229700100000000e229700100000000000000000000000000...
[  32.129]       <<< RX chan1 11B: 800000078323a846580000
[  32.146]       <<< RX chan1 11B: 800000078323ac46580000
[  32.161]       <<< RX chan1 11B: 800000078323b046580000
[  32.179]       <<< RX chan1 11B: 800000078323b446580000
[  32.195]       <<< RX chan1 16B: 8000000c8323b446580023b846580000
[  32.213]       <<< RX chan1 11B: 800000078323bc46580000
[  32.228]       <<< RX chan1 11B: 800000078323c046580000
[  32.245]       <<< RX chan1 11B: 800000078323c446580000
[  32.262]       <<< RX chan1 11B: 800000078323c846580000
[  32.279]       <<< RX chan1 11B: 800000078323cc46580000
[  32.294]       <<< RX chan1 11B: 800000078323d046580000
[  32.312]       <<< RX chan1 11B: 800000078323d446580000
[  32.328]       <<< RX chan1 11B: 800000078323d846580000
[  32.345]       <<< RX chan1 11B: 800000078323dc46580000
[  32.361]       <<< RX chan1 11B: 800000078323e046580000
[  32.378]       <<< RX chan1 11B: 800000078323e446580000
[  32.394]       <<< RX chan1 11B: 800000078323e846580000
[  32.413]       <<< RX chan1 11B: 800000078323ec46580000
[  32.429]       <<< RX chan1 11B: 800000078323f046580000
[  32.446]       <<< RX chan1 11B: 800000078323f446580000
[  32.461]       <<< RX chan1 11B: 800000078323f846580000
[  32.479]       <<< RX chan1 11B: 800000078323fc46580000
[  32.496]       <<< RX chan1 11B: 8000000783230047580000
[  32.514]       <<< RX chan1 11B: 8000000783230447580000
[  32.528]       <<< RX chan1 11B: 8000000783230847580000
[  32.545]       <<< RX chan1 11B: 8000000783230c47580000
[  32.561]       <<< RX chan1 11B: 8000000783231047580000
[  32.579]       <<< RX chan1 11B: 8000000783231447580000
[  32.595]       <<< RX chan1 11B: 8000000783231847580000
[  32.612]       <<< RX chan1 11B: 8000000783231c47580000
[quic] DATAGRAM 32B: 033c00830510e62b700100000000e62b70010000000000000000010000000000
[  32.629]       <<< RX chan1 38B: 80000022830510e62b700100000000e62b700100000000000000000000000000...
[  32.646]       <<< RX chan1 11B: 8000000783232447580000
[  32.661]       <<< RX chan1 11B: 8000000783232847580000
[  32.679]       <<< RX chan1 11B: 8000000783232c47580000
[  32.695]       <<< RX chan1 11B: 8000000783233047580000
[  32.712]       <<< RX chan1 11B: 8000000783233447580000
[  32.728]       <<< RX chan1 11B: 8000000783233847580000
[  32.745]       <<< RX chan1 11B: 8000000783233c47580000
[  32.761]       <<< RX chan1 11B: 8000000783234047580000
[  32.780]       <<< RX chan1 11B: 8000000783234447580000
[  32.796]       <<< RX chan1 11B: 8000000783234847580000
[  32.812]       <<< RX chan1 11B: 8000000783234c47580000
[  32.828]       <<< RX chan1 11B: 8000000783235047580000
[  32.847]       <<< RX chan1 11B: 8000000783235447580000
[  32.861]       <<< RX chan1 11B: 8000000783235847580000
[  32.878]       <<< RX chan1 11B: 8000000783235c47580000
[  32.895]       <<< RX chan1 11B: 8000000783236047580000
[  32.913]       <<< RX chan1 11B: 8000000783236447580000
[  32.929]       <<< RX chan1 11B: 8000000783236847580000
[  32.945]       <<< RX chan1 11B: 8000000783236c47580000
[  32.963]       <<< RX chan1 11B: 8000000783237047580000
[  32.979]       <<< RX chan1 11B: 8000000783237447580000
[  32.994]       <<< RX chan1 11B: 8000000783237847580000
[  33.013]       <<< RX chan1 11B: 8000000783237c47580000
[  33.028]       <<< RX chan1 11B: 8000000783238047580000
[  33.045]       <<< RX chan1 11B: 8000000783238447580000
[  33.062]       <<< RX chan1 11B: 8000000783238847580000
[  33.079]       <<< RX chan1 11B: 8000000783238c47580000
[  33.097]       <<< RX chan1 11B: 8000000783239047580000
[  33.112]       <<< RX chan1 11B: 8000000783239447580000
[quic] DATAGRAM 32B: 033d00830510da2d700100000000da2d70010000000000000000010000000000
[  33.129]       <<< RX chan1 38B: 80000022830510da2d700100000000da2d700100000000000000000000000000...
[  33.146]       <<< RX chan1 11B: 8000000783239c47580000
[  33.163]       <<< RX chan1 11B: 800000078323a047580000
[  33.178]       <<< RX chan1 11B: 800000078323a447580000
[  33.196]       <<< RX chan1 16B: 8000000c8323a447580023a847580000
[  33.212]       <<< RX chan1 11B: 800000078323ac47580000
[  33.229]       <<< RX chan1 11B: 800000078323b047580000
[  33.245]       <<< RX chan1 11B: 800000078323b447580000
[  33.262]       <<< RX chan1 11B: 800000078323b847580000
[  33.279]       <<< RX chan1 11B: 800000078323bc47580000
[  33.296]       <<< RX chan1 11B: 800000078323c047580000
[  33.312]       <<< RX chan1 11B: 800000078323c447580000
[  33.328]       <<< RX chan1 11B: 800000078323c847580000
[  33.346]       <<< RX chan1 11B: 800000078323cc47580000
[  33.361]       <<< RX chan1 11B: 800000078323d047580000
[  33.378]       <<< RX chan1 11B: 800000078323d447580000
[  33.395]       <<< RX chan1 11B: 800000078323d847580000
[  33.413]       <<< RX chan1 11B: 800000078323dc47580000
[  33.429]       <<< RX chan1 11B: 800000078323e047580000
[  33.445]       <<< RX chan1 11B: 800000078323e447580000
[  33.462]       <<< RX chan1 11B: 800000078323e847580000
[  33.479]       <<< RX chan1 11B: 800000078323ec47580000
[  33.497]       <<< RX chan1 11B: 800000078323f047580000
[  33.513]       <<< RX chan1 11B: 800000078323f447580000
[  33.528]       <<< RX chan1 11B: 800000078323f847580000
[  33.545]       <<< RX chan1 11B: 800000078323fc47580000
[  33.561]       <<< RX chan1 11B: 8000000783230048580000
[  33.578]       <<< RX chan1 11B: 8000000783230448580000
[  33.597]       <<< RX chan1 11B: 8000000783230848580000
[  33.612]       <<< RX chan1 11B: 8000000783230c48580000
[  33.630]       <<< RX chan1 11B: 8000000783231048580000
[quic] DATAGRAM 32B: 033e00830510df2f700100000000df2f70010000000000000000010000000000
[  33.646]       <<< RX chan1 38B: 80000022830510df2f700100000000df2f700100000000000000000000000000...
[  33.661]       <<< RX chan1 11B: 8000000783231848580000
[  33.679]       <<< RX chan1 11B: 8000000783231c48580000
[  33.695]       <<< RX chan1 11B: 8000000783232048580000
[  33.712]       <<< RX chan1 11B: 8000000783232448580000
[  33.728]       <<< RX chan1 11B: 8000000783232848580000
[  33.746]       <<< RX chan1 11B: 8000000783232c48580000
[  33.762]       <<< RX chan1 11B: 8000000783233048580000
[  33.779]       <<< RX chan1 11B: 8000000783233448580000
[  33.796]       <<< RX chan1 11B: 8000000783233848580000
[  33.812]       <<< RX chan1 11B: 8000000783233c48580000
[  33.828]       <<< RX chan1 11B: 8000000783234048580000
[  33.848]       <<< RX chan1 11B: 8000000783234448580000
[  33.861]       <<< RX chan1 11B: 8000000783234848580000
[  33.878]       <<< RX chan1 11B: 8000000783234c48580000
[  33.895]       <<< RX chan1 11B: 8000000783235048580000
[  33.913]       <<< RX chan1 11B: 8000000783235448580000
[  33.929]       <<< RX chan1 11B: 8000000783235848580000
[  33.945]       <<< RX chan1 11B: 8000000783235c48580000
[  33.963]       <<< RX chan1 11B: 8000000783236048580000
[  33.979]       <<< RX chan1 11B: 8000000783236448580000
[  33.994]       <<< RX chan1 11B: 8000000783236848580000
[  34.013]       <<< RX chan1 11B: 8000000783236c48580000
[  34.028]       <<< RX chan1 11B: 8000000783237048580000
[  34.045]       <<< RX chan1 11B: 8000000783237448580000
[  34.062]       <<< RX chan1 11B: 8000000783237848580000
[  34.079]       <<< RX chan1 11B: 8000000783237c48580000
[  34.095]       <<< RX chan1 11B: 8000000783238048580000
[  34.112]       <<< RX chan1 11B: 8000000783238448580000
[  34.129]       <<< RX chan1 11B: 8000000783238848580000
[  34.144]       <<< RX chan1 11B: 8000000783238c48580000
[quic] DATAGRAM 32B: 033f00830510e431700100000000e43170010000000000000000010000000000
[  34.161]       <<< RX chan1 38B: 80000022830510e431700100000000e431700100000000000000000000000000...
[  34.181]       <<< RX chan1 11B: 8000000783239448580000
[  34.195]       <<< RX chan1 16B: 8000000c832394485800239848580000
[  34.213]       <<< RX chan1 11B: 8000000783239c48580000
[  34.228]       <<< RX chan1 11B: 800000078323a048580000
[  34.246]       <<< RX chan1 11B: 800000078323a448580000
[  34.262]       <<< RX chan1 11B: 800000078323a848580000
[  34.279]       <<< RX chan1 11B: 800000078323ac48580000
[  34.296]       <<< RX chan1 11B: 800000078323b048580000
[  34.311]       <<< RX chan1 11B: 800000078323b448580000
[  34.328]       <<< RX chan1 11B: 800000078323b848580000
[  34.346]       <<< RX chan1 11B: 800000078323bc48580000
[  34.361]       <<< RX chan1 11B: 800000078323c048580000
[  34.378]       <<< RX chan1 11B: 800000078323c448580000
[  34.395]       <<< RX chan1 11B: 800000078323c848580000
[  34.413]       <<< RX chan1 11B: 800000078323cc48580000
[  34.429]       <<< RX chan1 11B: 800000078323d048580000
[  34.445]       <<< RX chan1 11B: 800000078323d448580000
[  34.462]       <<< RX chan1 11B: 800000078323d848580000
[  34.479]       <<< RX chan1 11B: 800000078323dc48580000
[  34.494]       <<< RX chan1 11B: 800000078323e048580000
[  34.514]       <<< RX chan1 11B: 800000078323e448580000
[  34.529]       <<< RX chan1 11B: 800000078323e848580000
[  34.545]       <<< RX chan1 11B: 800000078323ec48580000
[  34.562]       <<< RX chan1 11B: 800000078323f048580000
[  34.578]       <<< RX chan1 11B: 800000078323f448580000
[  34.595]       <<< RX chan1 11B: 800000078323f848580000
[  34.612]       <<< RX chan1 11B: 800000078323fc48580000
[  34.630]       <<< RX chan1 11B: 8000000783230049580000
[  34.646]       <<< RX chan1 11B: 8000000783230449580000
[quic] DATAGRAM 33B: 03404000830510d833700100000000d83370010000000000000000010000000000
[  34.662]       <<< RX chan1 38B: 80000022830510d833700100000000d833700100000000000000000000000000...
[  34.679]       <<< RX chan1 11B: 8000000783230c49580000
[  34.695]       <<< RX chan1 11B: 8000000783231049580000
[  34.711]       <<< RX chan1 11B: 8000000783231449580000
[  34.728]       <<< RX chan1 11B: 8000000783231849580000
[  34.746]       <<< RX chan1 11B: 8000000783231c49580000
[  34.762]       <<< RX chan1 11B: 8000000783232049580000
[  34.779]       <<< RX chan1 11B: 8000000783232449580000
[  34.795]       <<< RX chan1 11B: 8000000783232849580000
[  34.812]       <<< RX chan1 11B: 8000000783232c49580000
[  34.829]       <<< RX chan1 11B: 8000000783233049580000
[  34.847]       <<< RX chan1 11B: 8000000783233449580000
[  34.861]       <<< RX chan1 11B: 8000000783233849580000
[  34.878]       <<< RX chan1 11B: 8000000783233c49580000
[  34.895]       <<< RX chan1 11B: 8000000783234049580000
[  34.913]       <<< RX chan1 26B: 80000016831b0200000004300d796a04a9295047234449580000
[  34.931]       <<< RX chan1 11B: 8000000783234849580000
[  34.945]       <<< RX chan1 11B: 8000000783234c49580000
[  34.963]       <<< RX chan1 11B: 8000000783235049580000
[  34.988]       <<< RX chan1 1154B: 800010f6831b63030000010f4053000110405300011140530001124053000113...
[  34.988]       <<< RX chan1 1154B: 0001fb40530001fc40530001fd40530001fe40530001ff405300010041530001...
[  34.989]       <<< RX chan1 1154B: 530001eb415300010244530001ec41530001ed41530001ee41530001ef415300...
[  34.989]       <<< RX chan1 884B: 445300013c435300013d435300013e435300013f435300014043530001414353...
[  34.989]       <<< RX chan1 141B: 800000898302011bcd5300de00ff06074d65737361676509ea30fef5179fa367...
[  34.994]       <<< RX chan1 11B: 8000000783235849580000
[  35.013]       <<< RX chan1 11B: 8000000783235c49580000
[  35.028]       <<< RX chan1 11B: 8000000783236049580000
[  35.045]       <<< RX chan1 11B: 8000000783236449580000
[  35.062]       <<< RX chan1 11B: 8000000783236849580000
[  35.079]       <<< RX chan1 11B: 8000000783236c49580000
[  35.095]       <<< RX chan1 11B: 8000000783237049580000
[  35.112]       <<< RX chan1 11B: 8000000783237449580000
[  35.129]       <<< RX chan1 11B: 8000000783237849580000
[  35.146]       <<< RX chan1 11B: 8000000783237c49580000
[  35.161]       <<< RX chan1 11B: 8000000783238049580000
[quic] DATAGRAM 33B: 03404100830510dd35700100000000dd3570010000000000000000010000000000
[  35.180]       <<< RX chan1 38B: 80000022830510dd35700100000000dd35700100000000000000000000000000...
[  35.195]       <<< RX chan1 16B: 8000000c832384495800238849580000
[  35.211]       <<< RX chan1 11B: 8000000783238c49580000
[  35.228]       <<< RX chan1 11B: 8000000783239049580000
[  35.245]       <<< RX chan1 11B: 8000000783239449580000
[  35.263]       <<< RX chan1 11B: 8000000783239849580000
[  35.279]       <<< RX chan1 11B: 8000000783239c49580000
[  35.296]       <<< RX chan1 11B: 800000078323a049580000
[  35.311]       <<< RX chan1 11B: 800000078323a449580000
[  35.329]       <<< RX chan1 11B: 800000078323a849580000
[  35.346]       <<< RX chan1 11B: 800000078323ac49580000
[  35.361]       <<< RX chan1 11B: 800000078323b049580000
[  35.378]       <<< RX chan1 11B: 800000078323b449580000
[  35.399]       <<< RX chan1 11B: 800000078323b849580000
[  35.414]       <<< RX chan1 11B: 800000078323bc49580000
[  35.430]       <<< RX chan1 11B: 800000078323c049580000
[  35.445]       <<< RX chan1 11B: 800000078323c449580000
[  35.462]       <<< RX chan1 11B: 800000078323c849580000
[  35.479]       <<< RX chan1 11B: 800000078323cc49580000
[  35.496]       <<< RX chan1 11B: 800000078323d049580000
[  35.513]       <<< RX chan1 11B: 800000078323d449580000
[  35.529]       <<< RX chan1 11B: 800000078323d849580000
[  35.545]       <<< RX chan1 11B: 800000078323dc49580000
[  35.562]       <<< RX chan1 11B: 800000078323e049580000
[  35.578]       <<< RX chan1 11B: 800000078323e449580000
[  35.595]       <<< RX chan1 11B: 800000078323e849580000
[  35.612]       <<< RX chan1 11B: 800000078323ec49580000
[  35.630]       <<< RX chan1 11B: 800000078323f049580000
[  35.644]       <<< RX chan1 11B: 800000078323f449580000
[  35.661]       <<< RX chan1 11B: 800000078323f849580000
[quic] DATAGRAM 33B: 03404200830510d137700100000000d13770010000000000000000010000000000
[  35.679]       <<< RX chan1 38B: 80000022830510d137700100000000d137700100000000000000000000000000...
[  35.695]       <<< RX chan1 11B: 800000078323004a580000
[  35.711]       <<< RX chan1 11B: 800000078323044a580000
[  35.728]       <<< RX chan1 11B: 800000078323084a580000
[  35.746]       <<< RX chan1 11B: 8000000783230c4a580000
[  35.762]       <<< RX chan1 11B: 800000078323104a580000
[  35.779]       <<< RX chan1 11B: 800000078323144a580000
[  35.795]       <<< RX chan1 11B: 800000078323184a580000
[  35.812]       <<< RX chan1 11B: 8000000783231c4a580000
[  35.829]       <<< RX chan1 11B: 800000078323204a580000
[  35.847]       <<< RX chan1 11B: 800000078323244a580000
[  35.863]       <<< RX chan1 11B: 800000078323284a580000
[  35.879]       <<< RX chan1 11B: 8000000783232c4a580000
[  35.895]       <<< RX chan1 11B: 800000078323304a580000
[  35.912]       <<< RX chan1 11B: 800000078323344a580000
[  35.928]       <<< RX chan1 11B: 800000078323384a580000
[  35.945]       <<< RX chan1 11B: 8000000783233c4a580000
[  35.963]       <<< RX chan1 11B: 800000078323404a580000
[  35.979]       <<< RX chan1 11B: 800000078323444a580000
[  35.994]       <<< RX chan1 11B: 800000078323484a580000
[  36.012]       <<< RX chan1 11B: 8000000783234c4a580000
[  36.028]       <<< RX chan1 11B: 800000078323504a580000
[  36.046]       <<< RX chan1 11B: 800000078323544a580000
[  36.061]       <<< RX chan1 11B: 800000078323584a580000
[  36.079]       <<< RX chan1 11B: 8000000783235c4a580000
[  36.095]       <<< RX chan1 11B: 800000078323604a580000
[  36.112]       <<< RX chan1 11B: 800000078323644a580000
[  36.129]       <<< RX chan1 11B: 800000078323684a580000
[  36.146]       <<< RX chan1 11B: 8000000783236c4a580000
[  36.162]       <<< RX chan1 11B: 800000078323704a580000
[quic] DATAGRAM 33B: 03404300830510c539700100000000c53970010000000000000000010000000000
[  36.180]       <<< RX chan1 148B: 80000090831b0100000001cdc753001b1300000001cec7530001cfc7530001d0...
[  36.196]       <<< RX chan1 16B: 8000000c8323744a580023784a580000
[  36.211]       <<< RX chan1 11B: 8000000783237c4a580000
[  36.228]       <<< RX chan1 11B: 800000078323804a580000
[  36.245]       <<< RX chan1 11B: 800000078323844a580000
[  36.262]       <<< RX chan1 11B: 800000078323884a580000
[  36.279]       <<< RX chan1 11B: 8000000783238c4a580000
[  36.296]       <<< RX chan1 11B: 800000078323904a580000
[  36.312]       <<< RX chan1 11B: 800000078323944a580000
[  36.328]       <<< RX chan1 11B: 800000078323984a580000
[  36.344]       <<< RX chan1 11B: 8000000783239c4a580000
[  36.361]       <<< RX chan1 11B: 800000078323a04a580000
[  36.378]       <<< RX chan1 11B: 800000078323a44a580000
[  36.395]       <<< RX chan1 11B: 800000078323a84a580000
[  36.413]       <<< RX chan1 11B: 800000078323ac4a580000
[  36.428]       <<< RX chan1 11B: 800000078323b04a580000
[  36.446]       <<< RX chan1 11B: 800000078323b44a580000
[  36.462]       <<< RX chan1 11B: 800000078323b84a580000
[  36.479]       <<< RX chan1 11B: 800000078323bc4a580000
[  36.496]       <<< RX chan1 11B: 800000078323c04a580000
[  36.512]       <<< RX chan1 11B: 800000078323c44a580000
[  36.529]       <<< RX chan1 11B: 800000078323c84a580000
[  36.545]       <<< RX chan1 11B: 800000078323cc4a580000
[  36.561]       <<< RX chan1 11B: 800000078323d04a580000
[  36.578]       <<< RX chan1 11B: 800000078323d44a580000
[  36.595]       <<< RX chan1 11B: 800000078323d84a580000
[  36.612]       <<< RX chan1 11B: 800000078323dc4a580000
[  36.630]       <<< RX chan1 11B: 800000078323e04a580000
[  36.645]       <<< RX chan1 11B: 800000078323e44a580000
[  36.662]       <<< RX chan1 11B: 800000078323e84a580000
[  36.678]       <<< RX chan1 11B: 800000078323ec4a580000
[quic] DATAGRAM 33B: 03404400830510c93b700100000000c93b70010000000000000000010000000000
[  36.694]       <<< RX chan1 38B: 80000022830510c93b700100000000c93b700100000000000000000000000000...
[  36.711]       <<< RX chan1 11B: 800000078323f44a580000
[  36.728]       <<< RX chan1 11B: 800000078323f84a580000
[  36.746]       <<< RX chan1 11B: 800000078323fc4a580000
[  36.762]       <<< RX chan1 11B: 800000078323004b580000
[  36.779]       <<< RX chan1 11B: 800000078323044b580000
[  36.795]       <<< RX chan1 11B: 800000078323084b580000
[  36.812]       <<< RX chan1 11B: 8000000783230c4b580000
[  36.829]       <<< RX chan1 11B: 800000078323104b580000
[  36.844]       <<< RX chan1 11B: 800000078323144b580000
[  36.862]       <<< RX chan1 11B: 800000078323184b580000
[  36.878]       <<< RX chan1 11B: 8000000783231c4b580000
[  36.895]       <<< RX chan1 11B: 800000078323204b580000
[  36.912]       <<< RX chan1 11B: 800000078323244b580000
[  36.928]       <<< RX chan1 11B: 800000078323284b580000
[  36.945]       <<< RX chan1 11B: 8000000783232c4b580000
[  36.963]       <<< RX chan1 11B: 800000078323304b580000
[  36.979]       <<< RX chan1 11B: 800000078323344b580000
[  37.018]       <<< RX chan1 698B: 800002b683020126cd53004a010601f7d05300ff0a94010096c2feffa7410200...
[  37.022]       <<< RX chan1 11B: 800000078323404b580000
[  37.028]       <<< RX chan1 11B: 800000078323404b580000
[  37.045]       <<< RX chan1 11B: 800000078323444b580000
[  37.064]       <<< RX chan1 29B: 80000019830704af33ed0b5b14000704af33ed0b56140123484b580000
[  37.078]       <<< RX chan1 11B: 8000000783234c4b580000
[  37.095]       <<< RX chan1 11B: 800000078323504b580000
[  37.120]       <<< RX chan1 11B: 800000078323584b580000
[  37.127]       <<< RX chan1 11B: 800000078323584b580000
[  37.145]       <<< RX chan1 11B: 8000000783235c4b580000
[  37.175]       <<< RX chan1 1154B: 8000052183020169d253007701ff00f220010102000b4868747470733a2f2f61...
[  37.175]       <<< RX chan1 163B: 01ff070e4162696c697479416374696f6e310b08ff0171d25300020187d25300...
[  37.175]       <<< RX chan1 1154B: 8000051b8302018bd253001301ff070e4162696c697479416374696f6e320b06...
[  37.175]       <<< RX chan1 157B: 53001501ff1a0c546f75636842696e64696e67ff01abd253000201afd2530013...
[  37.175]       <<< RX chan1 989B: 80000513830201b3d253001301ff070f4f766572666c6f77416374696f6e310b...
[  37.175]       <<< RX chan1 314B: 53000201cdd253001301ff010007154d6f7573654c6f636b5377697463684163...
[  37.175]       <<< RX chan1 832B: 80000515830201d5d253001501ff10011a1743616d6572615363726970746162...
[  37.175]       <<< RX chan1 473B: 67ff01ebd253000201eed253001301ff070a4571756970536c6f74350b04ff01...
[  37.175]       <<< RX chan1 597B: 80000251830201fdd253001301ff070b4571756970536c6f7431300b04ff01e1...
[  37.178]       <<< RX chan1 16B: 8000000c8323644b580023644b580000
[quic] DATAGRAM 33B: 03404500830510bd3d700100000000bd3d70010000000000000000010000000000
[  37.196]       <<< RX chan1 63B: 8000003b83030169d253001e170136f4af9b7538c5671345aa92cd80d5b90510...
[  37.213]       <<< RX chan1 129B: 8000007d830701902300002f09a2ddf6f010bceac79849010701902300002f09...
[  37.229]       <<< RX chan1 62B: 8000003a830701a9650000641102020a323236353839363738351f0119697349...
[  37.245]       <<< RX chan1 11B: 800000078323744b580000
[  37.262]       <<< RX chan1 11B: 800000078323784b580000
[  37.281]       <<< RX chan1 277B: 80000111830204f5ed44752b00ff00001f814200c0254140080743020615526f...
[  37.297]       <<< RX chan1 11B: 800000078323804b580000
[  37.313]       <<< RX chan1 11B: 800000078323844b580000
[  37.330]       <<< RX chan1 11B: 800000078323884b580000
[  37.346]       <<< RX chan1 11B: 8000000783238c4b580000
[  37.363]       <<< RX chan1 11B: 800000078323904b580000
[  37.379]       <<< RX chan1 11B: 800000078323944b580000
[  37.396]       <<< RX chan1 11B: 800000078323984b580000
[  37.412]       <<< RX chan1 11B: 8000000783239c4b580000
[  37.428]       <<< RX chan1 11B: 800000078323a04b580000
[  37.445]       <<< RX chan1 11B: 800000078323a44b580000
[  37.462]       <<< RX chan1 171B: 800000a7830701a56500006411011f010a323236353839363738351f07045374...
[  37.480]       <<< RX chan1 11B: 800000078323ac4b580000
[  37.505]       <<< RX chan1 11B: 800000078323b04b580000
[  37.515]       <<< RX chan1 11B: 800000078323b44b580000
[  37.529]       <<< RX chan1 11B: 800000078323b84b580000
[  37.545]       <<< RX chan1 11B: 800000078323bc4b580000
[  37.561]       <<< RX chan1 11B: 800000078323c04b580000
[  37.578]       <<< RX chan1 11B: 800000078323c44b580000
[  37.595]       <<< RX chan1 11B: 800000078323c84b580000
[  37.613]       <<< RX chan1 11B: 800000078323cc4b580000
[  37.629]       <<< RX chan1 11B: 800000078323d04b580000
[  37.645]       <<< RX chan1 11B: 800000078323d44b580000
[  37.661]       <<< RX chan1 11B: 800000078323d84b580000
[  37.678]       <<< RX chan1 11B: 800000078323dc4b580000
[  37.696]       <<< RX chan1 11B: 800000078323e04b580000
[quic] DATAGRAM 33B: 03404600830510c23f700100000000c23f70010000000000000000010000000000
[  37.711]       <<< RX chan1 38B: 80000022830510c23f700100000000c23f700100000000000000000000000000...
[  37.729]       <<< RX chan1 11B: 800000078323e84b580000
[  37.745]       <<< RX chan1 11B: 800000078323ec4b580000
[  37.762]       <<< RX chan1 11B: 800000078323f04b580000
[  37.778]       <<< RX chan1 11B: 800000078323f44b580000
[  37.794]       <<< RX chan1 11B: 800000078323f84b580000
[  37.812]       <<< RX chan1 11B: 800000078323fc4b580000
[  37.828]       <<< RX chan1 11B: 800000078323004c580000
[  37.845]       <<< RX chan1 11B: 800000078323044c580000
[  37.862]       <<< RX chan1 11B: 800000078323084c580000
[  37.879]       <<< RX chan1 11B: 8000000783230c4c580000
[  37.895]       <<< RX chan1 11B: 800000078323104c580000
[  37.912]       <<< RX chan1 11B: 800000078323144c580000
[  37.929]       <<< RX chan1 11B: 800000078323184c580000
[  37.946]       <<< RX chan1 11B: 8000000783231c4c580000
[  37.963]       <<< RX chan1 11B: 800000078323204c580000
[  37.978]       <<< RX chan1 11B: 800000078323244c580000
[  37.995]       <<< RX chan1 21B: 80000011831b01000000040d5a313923284c580000
[  38.011]       <<< RX chan1 11B: 8000000783232c4c580000
[  38.029]       <<< RX chan1 11B: 800000078323304c580000
[  38.046]       <<< RX chan1 11B: 800000078323344c580000
[  38.063]       <<< RX chan1 11B: 800000078323384c580000
[  38.079]       <<< RX chan1 11B: 8000000783233c4c580000
[  38.095]       <<< RX chan1 351B: 8000015b830d00000000000001fe020d050000003c0100004b01000028b52ffd...
[  38.113]       <<< RX chan1 11B: 800000078323444c580000
[  38.129]       <<< RX chan1 11B: 800000078323484c580000
[  38.146]       <<< RX chan1 11B: 8000000783234c4c580000
[  38.162]       <<< RX chan1 11B: 800000078323504c580000
[  38.178]       <<< RX chan1 11B: 800000078323544c580000
[  38.195]       <<< RX chan1 16B: 8000000c8323544c580023584c580000
[  38.211]       <<< RX chan1 11B: 8000000783235c4c580000
[quic] DATAGRAM 33B: 03404700830510c641700100000000c64170010000000000000000010000000000
[  38.228]       <<< RX chan1 38B: 80000022830510c641700100000000c641700100000000000000000000000000...
[  38.246]       <<< RX chan1 11B: 800000078323644c580000
[  38.262]       <<< RX chan1 11B: 800000078323684c580000
[  38.279]       <<< RX chan1 11B: 8000000783236c4c580000
[  38.295]       <<< RX chan1 11B: 800000078323704c580000
[  38.312]       <<< RX chan1 11B: 800000078323744c580000
[  38.327]       <<< RX chan1 11B: 800000078323784c580000
[  38.344]       <<< RX chan1 11B: 8000000783237c4c580000
[  38.361]       <<< RX chan1 11B: 800000078323804c580000
[  38.378]       <<< RX chan1 11B: 800000078323844c580000
[  38.396]       <<< RX chan1 11B: 800000078323884c580000
[  38.413]       <<< RX chan1 21B: 80000011830d00000000000001fd02238c4c580000
[  38.428]       <<< RX chan1 11B: 800000078323904c580000
[  38.446]       <<< RX chan1 11B: 800000078323944c580000
[  38.462]       <<< RX chan1 11B: 800000078323984c580000
[  38.478]       <<< RX chan1 11B: 8000000783239c4c580000
[  38.495]       <<< RX chan1 11B: 800000078323a04c580000
[  38.512]       <<< RX chan1 11B: 800000078323a44c580000
[  38.530]       <<< RX chan1 11B: 800000078323a84c580000
[  38.545]       <<< RX chan1 11B: 800000078323ac4c580000
[  38.562]       <<< RX chan1 11B: 800000078323b04c580000
[  38.578]       <<< RX chan1 11B: 800000078323b44c580000
[  38.596]       <<< RX chan1 11B: 800000078323b84c580000
[  38.614]       <<< RX chan1 11B: 800000078323bc4c580000
[  38.628]       <<< RX chan1 11B: 800000078323c04c580000
[  38.645]       <<< RX chan1 11B: 800000078323c44c580000
[  38.662]       <<< RX chan1 21B: 80000011830d00000000000001fc0223c84c580000
[  38.679]       <<< RX chan1 11B: 800000078323cc4c580000
[  38.695]       <<< RX chan1 11B: 800000078323d04c580000
[  38.712]       <<< RX chan1 11B: 800000078323d44c580000
[quic] DATAGRAM 33B: 03404800830510ba43700100000000ba4370010000000000000000010000000000
[  38.730]       <<< RX chan1 38B: 80000022830510ba43700100000000ba43700100000000000000000000000000...
[  38.745]       <<< RX chan1 11B: 800000078323dc4c580000
[  38.763]       <<< RX chan1 11B: 800000078323e04c580000
[  38.778]       <<< RX chan1 11B: 800000078323e44c580000
[  38.796]       <<< RX chan1 11B: 800000078323e84c580000
[  38.813]       <<< RX chan1 11B: 800000078323ec4c580000
[  38.835]       <<< RX chan1 1154B: 8000055b831b01000000016bd2530002017bd453005700ff080eff0169d25300...
[  38.835]       <<< RX chan1 221B: 00803f0000803f28cdcc4c3e32003526b651230a784a3bb016ac233600000040...
[  38.835]       <<< RX chan1 1154B: 8000051a83020189d453006301ff000001000a000c806be1c1aa00c7404df65f...
[  38.835]       <<< RX chan1 156B: 002c430b000f0963636d6172696571741336ff010e000000020128d453000000...
[  38.835]       <<< RX chan1 990B: 8000054083020113d453001c00ff0001e80310010000803f000000003a135641...
[  38.835]       <<< RX chan1 358B: 7ad453000100ff000101acade7a496832e0402ff0171d45300020133d55300f6...
[  38.835]       <<< RX chan1 788B: 80000523830201d5d35300f701ff00314d6f6f6473206172652063757272656e...
[  38.835]       <<< RX chan1 531B: 1100ff000129687474703a2f2f7777772e726f626c6f782e636f6d2f61737365...
[  38.835]       <<< RX chan1 615B: 8000052d83020141d45300f701ff0505636c696d620902ff01d2d3530002013f...
[  38.835]       <<< RX chan1 714B: d45300f701ff0509746f6f6c6c756e67650902ff01d2d353000201edd3530011...
[  38.835]       <<< RX chan1 1154B: 8000054283020138d453000000ff00010208072c4163636573736f7279202831...
[  38.835]       <<< RX chan1 196B: 1301ff0201070b456d6f7465416374696f6eff0171d2530002016bd553005a01...
[  38.835]       <<< RX chan1 239B: 800000eb8302016ed553005a01ff000000000040e2d640051f24417474726962...
[  38.845]       <<< RX chan1 11B: 800000078323f44c580000
[  38.862]       <<< RX chan1 11B: 800000078323f84c580000
[  38.879]       <<< RX chan1 470B: 800001d283030171d45300d40e01b6034156474e2044616e63696e6720446f74...
[  38.903]       <<< RX chan1 11B: 800000078323044d580000
[  38.912]       <<< RX chan1 11B: 800000078323044d580000
[  38.941]       <<< RX chan1 1154B: 80000532830201a6d653007701ff00d406010102000b4868747470733a2f2f61...
[  38.941]       <<< RX chan1 180B: 64696e67ff01bdd653000201c3d653001301ff070e4162696c69747941637469...
[  38.941]       <<< RX chan1 1154B: 8000051b830201c8d653001301ff070e4162696c697479416374696f6e320b06...
[  38.941]       <<< RX chan1 157B: 53001501ff1a0c546f75636842696e64696e67ff01e8d653000201ecd6530013...
[  38.941]       <<< RX chan1 989B: 80000513830201f0d653001301ff070f4f766572666c6f77416374696f6e310b...
[  38.941]       <<< RX chan1 314B: 530002010ad753001301ff010007154d6f7573654c6f636b5377697463684163...
[  38.941]       <<< RX chan1 832B: 8000051583020112d753001501ff10011a1743616d6572615363726970746162...
[  38.941]       <<< RX chan1 473B: 67ff0128d7530002012bd753001301ff070a4571756970536c6f74350b04ff01...
[  38.941]       <<< RX chan1 597B: 800002518302013ad753001301ff070b4571756970536c6f7431300b04ff011e...
[  38.944]       <<< RX chan1 11B: 8000000783230c4d580000
[  38.963]       <<< RX chan1 11B: 800000078323104d580000
[  38.981]       <<< RX chan1 148B: 80000090830701902300002f09e0b2a49244f2dbb3c855010701902300002f09...
[  38.996]       <<< RX chan1 62B: 8000003a830701a9650000641102020a393134353937383033321f0119697349...
[  39.013]       <<< RX chan1 11B: 8000000783231c4d580000
[  39.030]       <<< RX chan1 11B: 800000078323204d580000
[  39.046]       <<< RX chan1 11B: 800000078323244d580000
[  39.062]       <<< RX chan1 21B: 80000011830d00000000000001fa0223284d580000
[  39.079]       <<< RX chan1 68B: 8000004083070113d4530019010000000000000000000020070113d453001901...
[  39.096]       <<< RX chan1 11B: 800000078323304d580000
[  39.113]       <<< RX chan1 11B: 800000078323344d580000
[  39.130]       <<< RX chan1 11B: 800000078323384d580000
[  39.146]       <<< RX chan1 11B: 8000000783233c4d580000
[  39.163]       <<< RX chan1 11B: 800000078323404d580000
[  39.180]       <<< RX chan1 11B: 800000078323444d580000
[  39.197]       <<< RX chan1 16B: 8000000c8323444d580023484d580000
[  39.213]       <<< RX chan1 11B: 8000000783234c4d580000
[quic] DATAGRAM 33B: 03404900830510af45700100000000af4570010000000000000000010000000000
[  39.230]       <<< RX chan1 208B: 800000cc830701a56500006411011f010a393134353937383033321f07045374...
[  39.247]       <<< RX chan1 11B: 800000078323544d580000
[  39.262]       <<< RX chan1 11B: 800000078323584d580000
[  39.279]       <<< RX chan1 11B: 8000000783235c4d580000
[  39.296]       <<< RX chan1 11B: 800000078323604d580000
[  39.312]       <<< RX chan1 11B: 800000078323644d580000
[  39.327]       <<< RX chan1 11B: 800000078323684d580000
[  39.345]       <<< RX chan1 11B: 8000000783236c4d580000
[  39.363]       <<< RX chan1 11B: 800000078323704d580000
[  39.379]       <<< RX chan1 11B: 800000078323744d580000
[  39.396]       <<< RX chan1 21B: 80000011830d00000000000001f80223784d580000
[  39.412]       <<< RX chan1 11B: 8000000783237c4d580000
[  39.429]       <<< RX chan1 11B: 800000078323804d580000
[  39.446]       <<< RX chan1 11B: 800000078323844d580000
[  39.464]       <<< RX chan1 11B: 800000078323884d580000
[  39.478]       <<< RX chan1 11B: 8000000783238c4d580000
[  39.495]       <<< RX chan1 11B: 800000078323904d580000
[  39.513]       <<< RX chan1 17B: 8000000d8301047e32010a23944d580000
[  39.529]       <<< RX chan1 11B: 800000078323984d580000
[  39.545]       <<< RX chan1 11B: 8000000783239c4d580000
[  39.562]       <<< RX chan1 11B: 800000078323a04d580000
[  39.580]       <<< RX chan1 11B: 800000078323a44d580000
[  39.597]       <<< RX chan1 11B: 800000078323a84d580000
[  39.613]       <<< RX chan1 11B: 800000078323ac4d580000
[  39.629]       <<< RX chan1 11B: 800000078323b04d580000
[  39.646]       <<< RX chan1 11B: 800000078323b44d580000
[  39.663]       <<< RX chan1 11B: 800000078323b84d580000
[  39.678]       <<< RX chan1 11B: 800000078323bc4d580000
[  39.695]       <<< RX chan1 11B: 800000078323c04d580000
[  39.712]       <<< RX chan1 11B: 800000078323c44d580000
[  39.728]       <<< RX chan1 11B: 800000078323c84d580000
[quic] DATAGRAM 33B: 03404a00830510b347700100000000b34770010000000000000000010000000000
[  39.745]       <<< RX chan1 38B: 80000022830510b347700100000000b347700100000000000000000000000000...
[  39.764]       <<< RX chan1 11B: 800000078323d04d580000
[  39.779]       <<< RX chan1 11B: 800000078323d44d580000
[  39.810]       <<< RX chan1 1154B: 8000055b831b0100000001a8d653000201fbd953005700ff080eff01a6d65300...
[  39.810]       <<< RX chan1 221B: 00803f0000803f28cdcc4c3e32003526b651230a784a3bb016ac233600000040...
[  39.810]       <<< RX chan1 1154B: 8000053383020109da53006301ff000001000a000c806be1c1aa00c7404df65f...
[  39.810]       <<< RX chan1 181B: 00db420b000f105448455f434152524f545a5a4c4f5244133cff010e00000002...
[  39.810]       <<< RX chan1 965B: 8000052f83020145d853001c00ff0001e80310010000803f0000000074135641...
[  39.811]       <<< RX chan1 366B: 652063757272656e746c792064697361626c656420666f722073657276657220...
[  39.811]       <<< RX chan1 780B: 8000051983020134d85300f701ff050564616e63650906ff0104d8530002010c...
[  39.811]       <<< RX chan1 529B: 00244005f8ff0113d85300020114d853001100ff000129687474703a2f2f7777...
[  39.811]       <<< RX chan1 617B: 800005118302013bd85300f701ff0505706f696e740902ff0104d8530002011a...
[  39.811]       <<< RX chan1 684B: ff000129687474703a2f2f7777772e726f626c6f782e636f6d2f61737365742f...
[  39.811]       <<< RX chan1 1154B: 800006f5830201dfd95300d201ff01012e687474703a2f2f7777772e726f626c...
[  39.811]       <<< RX chan1 631B: 3a0933383235333835303302176d6573683a746578747572653a333832353338...
[  39.811]       <<< RX chan1 481B: 800001dd83020149da5300de00ff0616436c6173736963466f7263654669656c...
[  39.813]       <<< RX chan1 11B: 800000078323dc4d580000
[  39.830]       <<< RX chan1 11B: 800000078323e04d580000
[  39.846]       <<< RX chan1 11B: 800000078323e44d580000
[  39.862]       <<< RX chan1 153B: 80000095830301efd95300d40e0183014170706c6175645e3539313537373930...
[  39.879]       <<< RX chan1 11B: 800000078323ec4d580000
[  39.897]       <<< RX chan1 11B: 800000078323f04d580000
[  39.915]       <<< RX chan1 121B: 80000075831b0100000001a9cc53001b1300000001aacc530001abcc530001ac...
[  39.929]       <<< RX chan1 11B: 800000078323f84d580000
[  39.947]       <<< RX chan1 11B: 800000078323fc4d580000
[  39.963]       <<< RX chan1 11B: 800000078323004e580000
[  39.980]       <<< RX chan1 11B: 800000078323044e580000
[  39.996]       <<< RX chan1 11B: 800000078323084e580000
[  40.014]       <<< RX chan1 1154B: 800013e283030188c75300a127010180c553000201a2da53002902ffff0189c7...
[  40.014]       <<< RX chan1 1154B: 0118de35319bfb361fb600d35d14756da49540b0c8e32ce8e0cc4778803fa417...
[  40.014]       <<< RX chan1 1154B: ff49ff9f74d424c98f307db290e3f2ffdd0d6fe4d3ffa20a3d02440826055dfe...
[  40.014]       <<< RX chan1 1154B: 6ef7801b0e68cb0f0d38e0f7196c3a68ebe9491c086e7adaa3fe3e43dbe8ef32...
[  40.014]       <<< RX chan1 478B: b127871706e324a0308f4a51a18819a52f45c6f88b474b995021edc4fea7fdb5...
[  40.014]       <<< RX chan1 11B: 8000000783230c4e580000
[  40.032]       <<< RX chan1 109B: 80000069830204de1f832c5002ff000000c07f0000803f000000000518244174...
[  40.047]       <<< RX chan1 23B: 80000013830104897feb72010121d3530023144e580000
[  40.062]       <<< RX chan1 11B: 800000078323184e580000
[  40.079]       <<< RX chan1 11B: 8000000783231c4e580000
[  40.097]       <<< RX chan1 11B: 800000078323204e580000
[  40.113]       <<< RX chan1 11B: 800000078323244e580000
[  40.129]       <<< RX chan1 11B: 800000078323284e580000
[  40.146]       <<< RX chan1 11B: 8000000783232c4e580000
[  40.163]       <<< RX chan1 11B: 800000078323304e580000
[  40.180]       <<< RX chan1 11B: 800000078323344e580000
[  40.197]       <<< RX chan1 16B: 8000000c8323344e580023384e580000
[  40.213]       <<< RX chan1 11B: 8000000783233c4e580000
[  40.230]       <<< RX chan1 11B: 800000078323404e580000
[quic] DATAGRAM 33B: 03404b00830510a749700100000000a84970010000000000000000010000000000
[  40.248]       <<< RX chan1 38B: 80000022830510a749700100000000a849700100000000000000000000000000...
[  40.264]       <<< RX chan1 11B: 800000078323484e580000
[  40.279]       <<< RX chan1 11B: 8000000783234c4e580000
[  40.297]       <<< RX chan1 11B: 800000078323504e580000
[  40.313]       <<< RX chan1 11B: 800000078323544e580000
[  40.331]       <<< RX chan1 11B: 800000078323584e580000
[  40.347]       <<< RX chan1 11B: 8000000783235c4e580000
[  40.364]       <<< RX chan1 11B: 800000078323604e580000
[  40.380]       <<< RX chan1 11B: 800000078323644e580000
[  40.397]       <<< RX chan1 11B: 800000078323684e580000
[  40.414]       <<< RX chan1 11B: 8000000783236c4e580000
[  40.429]       <<< RX chan1 11B: 800000078323704e580000
[  40.446]       <<< RX chan1 11B: 800000078323744e580000
[  40.463]       <<< RX chan1 11B: 800000078323784e580000
[  40.479]       <<< RX chan1 11B: 8000000783237c4e580000
[  40.496]       <<< RX chan1 11B: 800000078323804e580000
[  40.513]       <<< RX chan1 11B: 800000078323844e580000
[  40.530]       <<< RX chan1 11B: 800000078323884e580000
[  40.547]       <<< RX chan1 11B: 8000000783238c4e580000
[  40.565]       <<< RX chan1 11B: 800000078323904e580000
[  40.580]       <<< RX chan1 11B: 800000078323944e580000
[  40.596]       <<< RX chan1 11B: 800000078323984e580000
[  40.613]       <<< RX chan1 11B: 8000000783239c4e580000
[  40.629]       <<< RX chan1 11B: 800000078323a04e580000
[  40.646]       <<< RX chan1 11B: 800000078323a44e580000
[  40.663]       <<< RX chan1 11B: 800000078323a84e580000
[  40.681]       <<< RX chan1 11B: 800000078323ac4e580000
[  40.695]       <<< RX chan1 11B: 800000078323b04e580000
[  40.712]       <<< RX chan1 11B: 800000078323b44e580000
[  40.729]       <<< RX chan1 11B: 800000078323b84e580000
[  40.747]       <<< RX chan1 1154B: 800013e183030171cc5300a12701014cca53000201b4da53002902ffff0172cc...
[  40.747]       <<< RX chan1 1154B: ea422078569cc9ea396858d235d8e2eb5c4bbe58ad3983a1160cc147471b8bb7...
[  40.747]       <<< RX chan1 1154B: 65bcbca8955ae8540c838444b8e9504b5852a6f44e6605648a4e99ca0e81651c...
[  40.747]       <<< RX chan1 1154B: 2433cf06f67faab0aac62afbb6abdaba2fd04c4d56bf3a43332484e597aa2aba...
[quic] DATAGRAM 33B: 03404c008305109c4b7001000000009c4b70010000000000000000010000000000
[  40.747]       <<< RX chan1 477B: f46c3e1d2d5a93fcafcdd674af0dc99aae45df92e402032f9b6918ecd20ce3b6...
[  40.747]       <<< RX chan1 11B: 800000078323bc4e580000
[  40.764]       <<< RX chan1 109B: 8000006983020485fb24695002ff000000c07f0000803f000000000518244174...
[  40.779]       <<< RX chan1 11B: 800000078323c44e580000
[  40.797]       <<< RX chan1 11B: 800000078323c84e580000
[  40.813]       <<< RX chan1 11B: 800000078323cc4e580000
[  40.830]       <<< RX chan1 11B: 800000078323d04e580000
[  40.846]       <<< RX chan1 11B: 800000078323d44e580000
[  40.862]       <<< RX chan1 11B: 800000078323d84e580000
[  40.880]       <<< RX chan1 11B: 800000078323dc4e580000
[  40.895]       <<< RX chan1 11B: 800000078323e04e580000
[  40.915]       <<< RX chan1 257B: 800000fd830d000000000000fd01ff0d00000000020d04000000d8000000cf00...
[  40.929]       <<< RX chan1 11B: 800000078323e84e580000
[  40.947]       <<< RX chan1 11B: 800000078323ec4e580000
[  40.963]       <<< RX chan1 11B: 800000078323f04e580000
[  40.979]       <<< RX chan1 11B: 800000078323f44e580000
[  40.995]       <<< RX chan1 11B: 800000078323f84e580000
[  41.013]       <<< RX chan1 11B: 800000078323fc4e580000
[  41.029]       <<< RX chan1 11B: 800000078323004f580000
[  41.045]       <<< RX chan1 11B: 800000078323044f580000
[  41.062]       <<< RX chan1 11B: 800000078323084f580000
[  41.079]       <<< RX chan1 11B: 8000000783230c4f580000
[  41.096]       <<< RX chan1 11B: 800000078323104f580000
[  41.112]       <<< RX chan1 11B: 800000078323144f580000
[  41.130]       <<< RX chan1 11B: 800000078323184f580000
[  41.146]       <<< RX chan1 11B: 8000000783231c4f580000
[  41.163]       <<< RX chan1 11B: 800000078323204f580000
[  41.180]       <<< RX chan1 11B: 800000078323244f580000
[  41.195]       <<< RX chan1 16B: 8000000c8323244f580023284f580000
[  41.213]       <<< RX chan1 11B: 8000000783232c4f580000
[  41.229]       <<< RX chan1 11B: 800000078323304f580000
[  41.247]       <<< RX chan1 11B: 800000078323344f580000
[quic] DATAGRAM 33B: 03404d008305109f4d7001000000009f4d70010000000000000000010000000000
[  41.262]       <<< RX chan1 38B: 800000228305109f4d7001000000009f4d700100000000000000000000000000...
[  41.281]       <<< RX chan1 11B: 8000000783233c4f580000
[  41.296]       <<< RX chan1 11B: 800000078323404f580000
[  41.313]       <<< RX chan1 11B: 800000078323444f580000
[  41.337]       <<< RX chan1 11B: 8000000783234c4f580000
[  41.345]       <<< RX chan1 11B: 8000000783234c4f580000
[  41.363]       <<< RX chan1 11B: 800000078323504f580000
[  41.379]       <<< RX chan1 11B: 800000078323544f580000
[  41.395]       <<< RX chan1 11B: 800000078323584f580000
[  41.424]       <<< RX chan1 1154B: 8000051b830201d4db53007701ff003402000b4968747470733a2f2f6170692e...
[  41.424]       <<< RX chan1 157B: 696c697479416374696f6e310b08ff01dcdb53000201f2db53001501ff06201a...
[  41.424]       <<< RX chan1 989B: 8000051b830201f6db53001301ff070e4162696c697479416374696f6e320b06...
[  41.424]       <<< RX chan1 322B: 53001501ff06f4071a0e47616d6570616442696e64696e67ff0112dc53000201...
[  41.424]       <<< RX chan1 1154B: 800005138302011edc53001301ff070f4f766572666c6f77416374696f6e310b...
[  41.424]       <<< RX chan1 149B: 6f6e0b02ff0126dc530002013cdc53001501ff06f1071a0e47616d6570616442...
[  41.424]       <<< RX chan1 997B: 8000051583020140dc53001501ff10011a1743616d6572615363726970746162...
[  41.424]       <<< RX chan1 308B: 5edc53001501ff1a0d427574746f6e42696e64696e67ff015cdc530002015fdc...
[  41.424]       <<< RX chan1 597B: 8000025183020168dc53001301ff070b4571756970536c6f7431300b04ff014c...
[  41.428]       <<< RX chan1 11B: 800000078323604f580000
[  41.446]       <<< RX chan1 63B: 8000003b830701a9650000641102020b31313636323233323931361f01196973...
[  41.464]       <<< RX chan1 168B: 800000a4830701902300002f09ecf2ece413a8b5fcf156010701902300002f09...
[  41.479]       <<< RX chan1 11B: 8000000783236c4f580000
[  41.496]       <<< RX chan1 11B: 800000078323704f580000
[  41.513]       <<< RX chan1 11B: 800000078323744f580000
[  41.531]       <<< RX chan1 83B: 8000004f830204d88f7c765a01ff0000000080a78cd740051224417474726962...
[  41.547]       <<< RX chan1 11B: 8000000783237c4f580000
[  41.563]       <<< RX chan1 11B: 800000078323804f580000
[  41.579]       <<< RX chan1 11B: 800000078323844f580000
[  41.597]       <<< RX chan1 11B: 800000078323884f580000
[  41.614]       <<< RX chan1 11B: 8000000783238c4f580000
[  41.629]       <<< RX chan1 11B: 800000078323904f580000
[  41.646]       <<< RX chan1 11B: 800000078323944f580000
[  41.663]       <<< RX chan1 172B: 800000a8830701a56500006411011f010b31313636323233323931361f070453...
[  41.681]       <<< RX chan1 11B: 8000000783239c4f580000
[  41.696]       <<< RX chan1 11B: 800000078323a04f580000
[  41.713]       <<< RX chan1 11B: 800000078323a44f580000
[  41.730]       <<< RX chan1 11B: 800000078323a84f580000
[  41.747]       <<< RX chan1 11B: 800000078323ac4f580000
[quic] DATAGRAM 33B: 03404e00830510944f700100000000944f70010000000000000000010000000000
[  41.764]       <<< RX chan1 38B: 80000022830510944f700100000000944f700100000000000000000000000000...
[  41.779]       <<< RX chan1 11B: 800000078323b44f580000
[  41.797]       <<< RX chan1 11B: 800000078323b84f580000
[  41.813]       <<< RX chan1 36B: 80000020831b0400000004095d5f710427d41b730452e192370107cd530023bc...
[  41.830]       <<< RX chan1 11B: 800000078323c04f580000
[  41.846]       <<< RX chan1 11B: 800000078323c44f580000
[  41.863]       <<< RX chan1 11B: 800000078323c84f580000
[  41.879]       <<< RX chan1 11B: 800000078323cc4f580000
[  41.898]       <<< RX chan1 11B: 800000078323d04f580000
[  41.912]       <<< RX chan1 11B: 800000078323d44f580000
[  41.929]       <<< RX chan1 11B: 800000078323d84f580000
[  41.947]       <<< RX chan1 11B: 800000078323dc4f580000
[  41.963]       <<< RX chan1 11B: 800000078323e04f580000
[  41.979]       <<< RX chan1 11B: 800000078323e44f580000
[  41.997]       <<< RX chan1 11B: 800000078323e84f580000
[  42.014]       <<< RX chan1 11B: 800000078323ec4f580000
[  42.028]       <<< RX chan1 11B: 800000078323f04f580000
[  42.045]       <<< RX chan1 11B: 800000078323f44f580000
[  42.062]       <<< RX chan1 11B: 800000078323f84f580000
[  42.079]       <<< RX chan1 11B: 800000078323fc4f580000
[  42.096]       <<< RX chan1 11B: 8000000783230050580000
[  42.112]       <<< RX chan1 11B: 8000000783230450580000
[  42.130]       <<< RX chan1 11B: 8000000783230850580000
[  42.146]       <<< RX chan1 11B: 8000000783230c50580000
[  42.161]       <<< RX chan1 11B: 8000000783231050580000
[  42.180]       <<< RX chan1 11B: 8000000783231450580000
[  42.195]       <<< RX chan1 16B: 8000000c832314505800231850580000
[  42.213]       <<< RX chan1 73B: 80000045830204ee7e99225a01ff0000000040d38cd740051224417474726962...
[  42.229]       <<< RX chan1 11B: 8000000783232050580000
[  42.245]       <<< RX chan1 11B: 8000000783232450580000
[  42.262]       <<< RX chan1 11B: 8000000783232850580000
[quic] DATAGRAM 33B: 03404f008305109851700100000000985170010000000000000000010000000000
[  42.279]       <<< RX chan1 38B: 8000002283051098517001000000009851700100000000000000000000000000...
[  42.296]       <<< RX chan1 11B: 8000000783233050580000
[  42.313]       <<< RX chan1 11B: 8000000783233450580000
[  42.329]       <<< RX chan1 11B: 8000000783233850580000
[  42.347]       <<< RX chan1 11B: 8000000783233c50580000
[  42.363]       <<< RX chan1 11B: 8000000783234050580000
[  42.378]       <<< RX chan1 11B: 8000000783234450580000
[  42.395]       <<< RX chan1 11B: 8000000783234850580000
[  42.412]       <<< RX chan1 11B: 8000000783234c50580000
[  42.429]       <<< RX chan1 11B: 8000000783235050580000
[  42.448]       <<< RX chan1 63B: 8000003b830101099453000301eb925300ec1601001b0100000001ee92530001...
[  42.463]       <<< RX chan1 11B: 8000000783235850580000
[  42.480]       <<< RX chan1 11B: 8000000783235c50580000
[  42.496]       <<< RX chan1 11B: 8000000783236050580000
[  42.513]       <<< RX chan1 11B: 8000000783236450580000
[  42.528]       <<< RX chan1 11B: 8000000783236850580000
[  42.545]       <<< RX chan1 11B: 8000000783236c50580000
[  42.563]       <<< RX chan1 11B: 8000000783237050580000
[  42.579]       <<< RX chan1 11B: 8000000783237450580000
[  42.596]       <<< RX chan1 11B: 8000000783237850580000
[  42.612]       <<< RX chan1 11B: 8000000783237c50580000
[  42.629]       <<< RX chan1 11B: 8000000783238050580000
[  42.646]       <<< RX chan1 11B: 8000000783238450580000
[  42.664]       <<< RX chan1 11B: 8000000783238850580000
[  42.680]       <<< RX chan1 11B: 8000000783238c50580000
[  42.696]       <<< RX chan1 11B: 8000000783239050580000
[  42.712]       <<< RX chan1 11B: 8000000783239450580000
[  42.729]       <<< RX chan1 11B: 8000000783239850580000
[  42.745]       <<< RX chan1 11B: 8000000783239c50580000
[  42.765]       <<< RX chan1 11B: 800000078323a050580000
[quic] DATAGRAM 33B: 034050008305108d537001000000008d5370010000000000000000010000000000
[  42.780]       <<< RX chan1 38B: 800000228305108d537001000000008d53700100000000000000000000000000...
[  42.796]       <<< RX chan1 11B: 800000078323a850580000
[  42.813]       <<< RX chan1 11B: 800000078323ac50580000
[  42.831]       <<< RX chan1 11B: 800000078323b050580000
[  42.847]       <<< RX chan1 11B: 800000078323b450580000
[  42.864]       <<< RX chan1 11B: 800000078323b850580000
[  42.879]       <<< RX chan1 11B: 800000078323bc50580000
[  42.895]       <<< RX chan1 11B: 800000078323c050580000
[  42.912]       <<< RX chan1 11B: 800000078323c450580000
[  42.929]       <<< RX chan1 11B: 800000078323c850580000
[  42.947]       <<< RX chan1 11B: 800000078323cc50580000
[  42.962]       <<< RX chan1 11B: 800000078323d050580000
[  42.980]       <<< RX chan1 11B: 800000078323d450580000
[  42.996]       <<< RX chan1 11B: 800000078323d850580000
[  43.025]       <<< RX chan1 1154B: 8000055b831b0100000001d6db530002019ade53005700ff080eff01d4db5300...
[  43.025]       <<< RX chan1 221B: 00803f0000803f28cdcc4c3e32003526b651230a784a3bb016ac233600000040...
[  43.025]       <<< RX chan1 1154B: 8000055d830201a8de53006301ff000001000a000c806be1c1aa00c7404df65f...
[  43.025]       <<< RX chan1 223B: 0000000b000f096b656b6535353231371332ff010e00000002018ade5300d101...
[  43.025]       <<< RX chan1 923B: 800005338302019ddd53001c00ff0001e80310010000803f0000000035145641...
[  43.025]       <<< RX chan1 412B: 73657276657220617574686f72697479050c4d6f6f6473456e61626c6564ff01...
[  43.025]       <<< RX chan1 734B: 8000053783020180dd53005a01ff00000000000000244005f8ff0165dd530002...
[  43.025]       <<< RX chan1 605B: 1100ff00011b726278617373657469643a2f2f39313933363232383730333837...
[  43.025]       <<< RX chan1 541B: 80000713830201f3de5300f701ff05fc0902ff015cdd53000201f4de53001100...
[  43.025]       <<< RX chan1 1154B: 2e726f626c6f782e636f6d2f61737365742f3f69643d39313333383932383505...
[  43.025]       <<< RX chan1 120B: 1661766174617246657463685265717565737454696d652c4e146c6f61644368...
[  43.025]       <<< RX chan1 481B: 800001dd83020111df5300de00ff0616436c6173736963466f7263654669656c...
[  43.028]       <<< RX chan1 11B: 800000078323e050580000
[  43.046]       <<< RX chan1 11B: 800000078323e450580000
[  43.062]       <<< RX chan1 11B: 800000078323e850580000
[  43.079]       <<< RX chan1 96B: 8000005c83030192de5300d40e014b48656c6c6f5e333537363638363434365e...
[  43.096]       <<< RX chan1 11B: 800000078323f050580000
[  43.112]       <<< RX chan1 11B: 800000078323f450580000
[  43.129]       <<< RX chan1 11B: 800000078323f850580000
[  43.146]       <<< RX chan1 11B: 800000078323fc50580000
[  43.163]       <<< RX chan1 11B: 8000000783230051580000
[  43.180]       <<< RX chan1 11B: 8000000783230451580000
[  43.197]       <<< RX chan1 16B: 8000000c832304515800230851580000
[  43.213]       <<< RX chan1 11B: 8000000783230c51580000
[  43.230]       <<< RX chan1 11B: 8000000783231051580000
[  43.245]       <<< RX chan1 11B: 8000000783231451580000
[  43.264]       <<< RX chan1 11B: 8000000783231851580000
[  43.280]       <<< RX chan1 11B: 8000000783231c51580000
[quic] DATAGRAM 33B: 034051008305109155700100000000915570010000000000000000010000000000
[  43.297]       <<< RX chan1 38B: 8000002283051091557001000000009155700100000000000000000000000000...
[  43.314]       <<< RX chan1 11B: 8000000783232451580000
[  43.329]       <<< RX chan1 11B: 8000000783232851580000
[  43.347]       <<< RX chan1 11B: 8000000783232c51580000
[  43.364]       <<< RX chan1 11B: 8000000783233051580000
[  43.380]       <<< RX chan1 11B: 8000000783233451580000
[  43.396]       <<< RX chan1 11B: 8000000783233851580000
[  43.413]       <<< RX chan1 11B: 8000000783233c51580000
[  43.434]       <<< RX chan1 11B: 8000000783234051580000
[  43.447]       <<< RX chan1 1154B: 8000a5ad83030108da5300a1270101a3d7530002016bdf53002902ffff0109da...
[  43.448]       <<< RX chan1 1154B: 1326ecbdc12184be7bfda4bd0207020901f8d853000a01f9d853000fa9ff01f9...
[  43.448]       <<< RX chan1 1154B: 3632343939313736093731383832323634393735393330abba3dbc1b742abf82...
[  43.448]       <<< RX chan1 1154B: ca23d73e89cb9d3f8095e9bb020db3a043288a3728067fbf2c305cb900000000...
[  43.448]       <<< RX chan1 1154B: 383030343636302007010901293435313231373430361ede1043625a2d42878c...
[  43.448]       <<< RX chan1 1154B: aa3c0206a86082d85300016cd84171b2ba5bb5be18b80fbf0206f404d9cc346d...
[  43.448]       <<< RX chan1 1154B: 97b35c346cb842de6d84167423c6e46d98167b04d7ba1f2b6d07f0bdeec543d2...
[  43.448]       <<< RX chan1 1154B: 4418d8c9587bc0764148db9fb9540e412da7aff9021152179a32ee361cd01c0c...
[  43.448]       <<< RX chan1 1154B: 45bff6cdc057f961f9a36b85df0349885e43c5f0732b74f819c7625d2ac5e027...
[  43.448]       <<< RX chan1 1154B: e76dbf222bae81a341672a52419345599f6111e54d89a7ec1a2574fbca09d00e...
[  43.448]       <<< RX chan1 1154B: d44ea7ee342c4f83067259213bae86ba7918e19199f3e069fcb1e7878603c9c0...
[  43.448]       <<< RX chan1 1154B: 78a801c83d6d69fb1b84207d9586c33ef5e4b5c6b55117054c85f3066617f060...
[  43.449]       <<< RX chan1 1154B: fcdca22dab0c16c608f97619f0b979643f83388b4ba1006524e3578546e63866...
[  43.449]       <<< RX chan1 1154B: 5b7dc716f8f96e517fef0cf04769d8362f0c143d68c8dfdf39a96ddec7babe14...
[  43.449]       <<< RX chan1 1154B: 7d98b2c19ce3ac5a36bbc3b8afc3c158e17e0816bdc9e877338a5234ffde1ebd...
[  43.449]       <<< RX chan1 1154B: b5cd8a9e669dcfdbfe05f33ecd8391cbefed71a6f372c2edc975fa28132646b1...
[  43.449]       <<< RX chan1 1154B: 360e79b7c01bdf6cb9988cec433a883dc7d69c735f3c71068b57b491e8d4a615...
[  43.449]       <<< RX chan1 1154B: 5a210fb755cccded94cf73fbf349e99f631ebc0b032f1f4768e0779e5aef9046...
[  43.450]       <<< RX chan1 1154B: 6405f17614e2a4c8bab8eca304e1fa0844095a2ab26e673d858c2d714ca0c108...
[  43.450]       <<< RX chan1 1154B: 4f8bc067a8119ec64cc337bb06c05adafbda03fa5ddcdc7e6c88f98959624f8e...
[  43.450]       <<< RX chan1 1154B: 6f6f87cdd5ad27ab17bd8b61c08f5cb0b3704ff51deedf1ffd6be1b59ef5849f...
[  43.450]       <<< RX chan1 1154B: 7d8d31ebbf20db7d0af847c43b7c7e216fa13c045a416a02ce53da6b8e73767d...
[  43.450]       <<< RX chan1 1154B: bb978af9700cc0f1a526bc62555942b7119377a86b980d3299bcd5745177d324...
[  43.450]       <<< RX chan1 1154B: 6974c169d4304680cfe47c3cdc7c30cb047254c8180f07707f740fc752acdfa4...
[  43.452]       <<< RX chan1 1154B: 8cc42faa4a289335d541730e05a07d35442b47c4c1b841f7a0ef97cc89753e0d...
[  43.452]       <<< RX chan1 1154B: 7bffa833c0b13ab3be90a7c0fc9d790b1ee20d8dc560fcd7c1d6c370acafe1c6...
[  43.452]       <<< RX chan1 1154B: 93cb86ee8afaf8a41d3ce1e1c64c48708054ec38968a447a0fdc0b879c2e24a5...
[  43.452]       <<< RX chan1 1154B: b58676efed241fa0919d2ba5931140d41ea640f6e414ac9f1845b79300fdae77...
[  43.452]       <<< RX chan1 1154B: c92ca8cda88763e77202f61f4150b72c002c1d15898b6d23b47723f2d073ce12...
[  43.452]       <<< RX chan1 1154B: 139e7700607cc398109b38f5055134c8cb3c1e20accc7d1c340f84bbe97338f3...
[  43.453]       <<< RX chan1 1154B: 6e6dab9bcb677ba9f01b9b188e23c7c76994946f0a2228c3d2ab9c7247942d27...
[  43.453]       <<< RX chan1 1154B: f75065c30b81a0d23354b9f512bb712f44849280d014b3fe4086ccf806f9a677...
[  43.453]       <<< RX chan1 1154B: 51833b0742039f7596e4f23a85c172ec309f8b7238cfdc177d753415994ba617...
[  43.453]       <<< RX chan1 1154B: d317e86e7e8d10cabd1723b73f82c4fde074b053302b7a0552b068b7bccb8e48...
[  43.453]       <<< RX chan1 1154B: 1bdbfb8cde27154f479eb1f05ff7ff69046d0b6fb27a03017987e40f31aa777f...
[  43.453]       <<< RX chan1 1154B: d0df6f74bb7d414ba53ea43ba4cd5e68a9e43ba151ccc15a457e5bca01471b1f...
[  43.454]       <<< RX chan1 873B: 565469ddbb4611de7d0ce71f7b49faea1a85011f20d03766d5ca35921b5da86d...
[  43.454]       <<< RX chan1 11B: 8000000783234451580000
[  43.464]       <<< RX chan1 109B: 80000069830204af471a055002ff000000c07f0000803f000000000518244174...
[  43.479]       <<< RX chan1 11B: 8000000783234c51580000
[  43.496]       <<< RX chan1 11B: 8000000783235051580000
[  43.516]       <<< RX chan1 68B: 800000408307019ddd53001901000000000000000000002007019ddd53001901...
[  43.531]       <<< RX chan1 11B: 8000000783235851580000
[  43.547]       <<< RX chan1 11B: 8000000783235c51580000
[  43.563]       <<< RX chan1 11B: 8000000783236051580000
[  43.580]       <<< RX chan1 11B: 8000000783236451580000
[  43.597]       <<< RX chan1 11B: 8000000783236851580000
[  43.613]       <<< RX chan1 11B: 8000000783236c51580000
[  43.630]       <<< RX chan1 11B: 8000000783237051580000
[  43.648]       <<< RX chan1 11B: 8000000783237451580000
[  43.664]       <<< RX chan1 11B: 8000000783237851580000
[  43.681]       <<< RX chan1 11B: 8000000783237c51580000
[  43.698]       <<< RX chan1 106B: 80000066830204778e2e1b5a01ff0000000040328dd740051324417474726962...
[  43.714]       <<< RX chan1 11B: 8000000783238451580000
[  43.730]       <<< RX chan1 11B: 8000000783238851580000
[  43.747]       <<< RX chan1 11B: 8000000783238c51580000
[  43.764]       <<< RX chan1 11B: 8000000783239051580000
[  43.780]       <<< RX chan1 11B: 8000000783239451580000
[quic] DATAGRAM 33B: 034052008305108557700100000000855770010000000000000000010000000000
[  43.796]       <<< RX chan1 38B: 8000002283051085577001000000008557700100000000000000000000000000...
[  43.813]       <<< RX chan1 11B: 8000000783239c51580000
[  43.830]       <<< RX chan1 11B: 800000078323a051580000
[  43.846]       <<< RX chan1 11B: 800000078323a451580000
[  43.865]       <<< RX chan1 11B: 800000078323a851580000
[  43.881]       <<< RX chan1 11B: 800000078323ac51580000
[  43.896]       <<< RX chan1 11B: 800000078323b051580000
[  43.912]       <<< RX chan1 11B: 800000078323b451580000
[  43.930]       <<< RX chan1 11B: 800000078323b851580000
[  43.949]       <<< RX chan1 11B: 800000078323bc51580000
[  43.963]       <<< RX chan1 11B: 800000078323c051580000
[  43.981]       <<< RX chan1 11B: 800000078323c451580000
[  43.997]       <<< RX chan1 11B: 800000078323c851580000
[  44.014]       <<< RX chan1 11B: 800000078323cc51580000
[  44.030]       <<< RX chan1 11B: 800000078323d051580000
[  44.047]       <<< RX chan1 11B: 800000078323d451580000
[  44.063]       <<< RX chan1 11B: 800000078323d851580000
[  44.079]       <<< RX chan1 11B: 800000078323dc51580000
[  44.097]       <<< RX chan1 11B: 800000078323e051580000
[  44.113]       <<< RX chan1 11B: 800000078323e451580000
[  44.130]       <<< RX chan1 11B: 800000078323e851580000
[  44.148]       <<< RX chan1 11B: 800000078323ec51580000
[  44.164]       <<< RX chan1 11B: 800000078323f051580000
[  44.182]       <<< RX chan1 11B: 800000078323f451580000
[  44.197]       <<< RX chan1 16B: 8000000c8323f451580023f851580000
[  44.214]       <<< RX chan1 11B: 800000078323fc51580000
[  44.230]       <<< RX chan1 11B: 8000000783230052580000
[  44.246]       <<< RX chan1 11B: 8000000783230452580000
[  44.264]       <<< RX chan1 11B: 8000000783230852580000
[  44.280]       <<< RX chan1 11B: 8000000783230c52580000
[quic] DATAGRAM 33B: 034053008305107959700100000000795970010000000000000000010000000000
[  44.297]       <<< RX chan1 38B: 8000002283051079597001000000007959700100000000000000000000000000...
[  44.313]       <<< RX chan1 11B: 8000000783231452580000
[  44.329]       <<< RX chan1 11B: 8000000783231852580000
[  44.346]       <<< RX chan1 11B: 8000000783231c52580000
[  44.364]       <<< RX chan1 11B: 8000000783232052580000
[  44.378]       <<< RX chan1 11B: 8000000783232452580000
[  44.396]       <<< RX chan1 11B: 8000000783232852580000
[  44.414]       <<< RX chan1 21B: 80000011831b010000000186df5300232c52580000
[  44.430]       <<< RX chan1 11B: 8000000783233052580000
[  44.447]       <<< RX chan1 11B: 8000000783233452580000
[  44.463]       <<< RX chan1 11B: 8000000783233852580000
[  44.480]       <<< RX chan1 11B: 8000000783233c52580000
[  44.496]       <<< RX chan1 11B: 8000000783234052580000
[  44.514]       <<< RX chan1 11B: 8000000783234452580000
[  44.531]       <<< RX chan1 11B: 8000000783234852580000
[  44.547]       <<< RX chan1 11B: 8000000783234c52580000
[  44.563]       <<< RX chan1 11B: 8000000783235052580000
[  44.579]       <<< RX chan1 11B: 8000000783235452580000
[  44.597]       <<< RX chan1 11B: 8000000783235852580000
[  44.613]       <<< RX chan1 11B: 8000000783235c52580000
[  44.630]       <<< RX chan1 11B: 8000000783236052580000
[  44.646]       <<< RX chan1 11B: 8000000783236452580000
[  44.663]       <<< RX chan1 11B: 8000000783236852580000
[  44.681]       <<< RX chan1 11B: 8000000783236c52580000
[  44.697]       <<< RX chan1 11B: 8000000783237052580000
[  44.713]       <<< RX chan1 11B: 8000000783237452580000
[  44.731]       <<< RX chan1 11B: 8000000783237852580000
[  44.746]       <<< RX chan1 11B: 8000000783237c52580000
[  44.764]       <<< RX chan1 11B: 8000000783238052580000
[  44.781]       <<< RX chan1 21B: 80000011831b010000000188df5300238452580000
[quic] DATAGRAM 33B: 034054008305106d5b7001000000006d5b70010000000000000000010000000000
[  44.797]       <<< RX chan1 38B: 800000228305106d5b7001000000006d5b700100000000000000000000000000...
[  44.812]       <<< RX chan1 11B: 8000000783238c52580000
[  44.830]       <<< RX chan1 11B: 8000000783239052580000
[  44.848]       <<< RX chan1 11B: 8000000783239452580000
[  44.865]       <<< RX chan1 11B: 8000000783239852580000
[  44.880]       <<< RX chan1 11B: 8000000783239c52580000
[  44.897]       <<< RX chan1 11B: 800000078323a052580000
[  44.914]       <<< RX chan1 11B: 800000078323a452580000
[  44.931]       <<< RX chan1 11B: 800000078323a852580000
[  44.949]       <<< RX chan1 11B: 800000078323ac52580000
[  44.963]       <<< RX chan1 11B: 800000078323b052580000
[  44.980]       <<< RX chan1 11B: 800000078323b452580000
[  44.996]       <<< RX chan1 11B: 800000078323b852580000
[  45.014]       <<< RX chan1 11B: 800000078323bc52580000
[  45.031]       <<< RX chan1 11B: 800000078323c052580000
[  45.047]       <<< RX chan1 11B: 800000078323c452580000
[  45.065]       <<< RX chan1 11B: 800000078323c852580000
[  45.081]       <<< RX chan1 11B: 800000078323cc52580000
[  45.098]       <<< RX chan1 11B: 800000078323d052580000
[  45.115]       <<< RX chan1 21B: 80000011831b01000000018edf530023d452580000
[  45.130]       <<< RX chan1 11B: 800000078323d852580000
[  45.147]       <<< RX chan1 11B: 800000078323dc52580000
[  45.164]       <<< RX chan1 11B: 800000078323e052580000
[  45.182]       <<< RX chan1 11B: 800000078323e452580000
[  45.197]       <<< RX chan1 16B: 8000000c8323e452580023e852580000
[  45.214]       <<< RX chan1 11B: 800000078323ec52580000
[  45.231]       <<< RX chan1 11B: 800000078323f052580000
[  45.248]       <<< RX chan1 11B: 800000078323f452580000
[  45.264]       <<< RX chan1 11B: 800000078323f852580000
[  45.281]       <<< RX chan1 11B: 800000078323fc52580000
[  45.297]       <<< RX chan1 11B: 8000000783230053580000
[quic] DATAGRAM 33B: 03405500830510725d700100000000725d70010000000000000000010000000000
[  45.313]       <<< RX chan1 38B: 80000022830510725d700100000000725d700100000000000000000000000000...
[  45.330]       <<< RX chan1 11B: 8000000783230853580000
[  45.348]       <<< RX chan1 11B: 8000000783230c53580000
[  45.364]       <<< RX chan1 11B: 8000000783231053580000
[  45.383]       <<< RX chan1 11B: 8000000783231453580000
[  45.397]       <<< RX chan1 11B: 8000000783231853580000
[  45.414]       <<< RX chan1 21B: 80000011831b01000000018fdf5300231c53580000
[  45.431]       <<< RX chan1 11B: 8000000783232053580000
[  45.447]       <<< RX chan1 277B: 800001118302048aad843b2b00ff00a085e9420058034000115741020615526f...
[  45.463]       <<< RX chan1 11B: 8000000783232853580000
[  45.480]       <<< RX chan1 11B: 8000000783232c53580000
[  45.496]       <<< RX chan1 11B: 8000000783233053580000
[  45.515]       <<< RX chan1 11B: 8000000783233453580000
[  45.530]       <<< RX chan1 11B: 8000000783233853580000
[  45.546]       <<< RX chan1 11B: 8000000783233c53580000
[  45.563]       <<< RX chan1 11B: 8000000783234053580000
[  45.582]       <<< RX chan1 11B: 8000000783234453580000
[  45.599]       <<< RX chan1 11B: 8000000783234853580000
[  45.613]       <<< RX chan1 11B: 8000000783234c53580000
[  45.630]       <<< RX chan1 11B: 8000000783235053580000
[  45.647]       <<< RX chan1 11B: 8000000783235453580000
[  45.664]       <<< RX chan1 11B: 8000000783235853580000
[  45.682]       <<< RX chan1 21B: 80000011831b010000000192df5300235c53580000
[  45.697]       <<< RX chan1 11B: 8000000783236053580000
[  45.715]       <<< RX chan1 11B: 8000000783236453580000
[  45.731]       <<< RX chan1 11B: 8000000783236853580000
[  45.748]       <<< RX chan1 11B: 8000000783236c53580000
[  45.764]       <<< RX chan1 11B: 8000000783237053580000
[  45.780]       <<< RX chan1 11B: 8000000783237453580000
[  45.797]       <<< RX chan1 11B: 8000000783237853580000
[  45.813]       <<< RX chan1 11B: 8000000783237c53580000
[quic] DATAGRAM 33B: 03405600830510765f700100000000765f70010000000000000000010000000000
[  45.831]       <<< RX chan1 38B: 80000022830510765f700100000000765f700100000000000000000000000000...
[  45.847]       <<< RX chan1 11B: 8000000783238453580000
[  45.864]       <<< RX chan1 11B: 8000000783238853580000
[  45.881]       <<< RX chan1 11B: 8000000783238c53580000
[  45.897]       <<< RX chan1 11B: 8000000783239053580000
[  45.914]       <<< RX chan1 11B: 8000000783239453580000
[  45.932]       <<< RX chan1 21B: 80000011831b01000000019fdf5300239853580000
[  45.946]       <<< RX chan1 11B: 8000000783239c53580000
[  45.964]       <<< RX chan1 11B: 800000078323a053580000
[  45.980]       <<< RX chan1 11B: 800000078323a453580000
[  45.997]       <<< RX chan1 11B: 800000078323a853580000
[  46.015]       <<< RX chan1 11B: 800000078323ac53580000
[  46.030]       <<< RX chan1 11B: 800000078323b053580000
[  46.048]       <<< RX chan1 11B: 800000078323b453580000
[  46.064]       <<< RX chan1 11B: 800000078323b853580000
[  46.079]       <<< RX chan1 11B: 800000078323bc53580000
[  46.098]       <<< RX chan1 11B: 800000078323c053580000
[  46.113]       <<< RX chan1 11B: 800000078323c453580000
[  46.130]       <<< RX chan1 11B: 800000078323c853580000
[  46.149]       <<< RX chan1 50B: 8000002e831b0100000001a2df53001b02000000016ddf5300016edf53000301...
[  46.163]       <<< RX chan1 11B: 800000078323d053580000
[  46.182]       <<< RX chan1 11B: 800000078323d453580000
[  46.197]       <<< RX chan1 362B: 800001668323d45358000d00000000000001feff0d05000000420100004b0100...
[  46.214]       <<< RX chan1 11B: 800000078323dc53580000
[  46.231]       <<< RX chan1 11B: 800000078323e053580000
[  46.246]       <<< RX chan1 11B: 800000078323e453580000
[  46.265]       <<< RX chan1 11B: 800000078323e853580000
[  46.280]       <<< RX chan1 11B: 800000078323ec53580000
[  46.297]       <<< RX chan1 11B: 800000078323f053580000
[  46.313]       <<< RX chan1 11B: 800000078323f453580000
[  46.330]       <<< RX chan1 11B: 800000078323f853580000
[quic] DATAGRAM 33B: 034057008305107b617001000000007c6170010000000000000000010000000000
[  46.347]       <<< RX chan1 48B: 8000002c831b0100000001a3df530005107b617001000000007c617001000000...
[  46.364]       <<< RX chan1 11B: 8000000783230054580000
[  46.381]       <<< RX chan1 11B: 8000000783230454580000
[  46.397]       <<< RX chan1 11B: 8000000783230854580000
[  46.414]       <<< RX chan1 11B: 8000000783230c54580000
[  46.431]       <<< RX chan1 11B: 8000000783231054580000
[  46.446]       <<< RX chan1 11B: 8000000783231454580000
[  46.463]       <<< RX chan1 11B: 8000000783231854580000
[  46.481]       <<< RX chan1 11B: 8000000783231c54580000
[  46.497]       <<< RX chan1 11B: 8000000783232054580000
[  46.515]       <<< RX chan1 11B: 8000000783232454580000
[  46.530]       <<< RX chan1 31B: 8000001b831b0100000001a9df53000d00000000000001fdff232854580000
[  46.547]       <<< RX chan1 11B: 8000000783232c54580000
[  46.563]       <<< RX chan1 11B: 8000000783233054580000
[  46.579]       <<< RX chan1 11B: 8000000783233454580000
[  46.599]       <<< RX chan1 11B: 8000000783233854580000
[  46.614]       <<< RX chan1 11B: 8000000783233c54580000
[  46.630]       <<< RX chan1 11B: 8000000783234054580000
[  46.647]       <<< RX chan1 11B: 8000000783234454580000
[  46.663]       <<< RX chan1 11B: 8000000783234854580000
[  46.682]       <<< RX chan1 11B: 8000000783234c54580000
[  46.697]       <<< RX chan1 21B: 80000011831b0100000001b4df5300235054580000
[  46.715]       <<< RX chan1 11B: 8000000783235454580000
[  46.731]       <<< RX chan1 11B: 8000000783235854580000
[  46.747]       <<< RX chan1 11B: 8000000783235c54580000
[  46.764]       <<< RX chan1 11B: 8000000783236054580000
[  46.781]       <<< RX chan1 21B: 80000011830d00000000000001fcff236454580000
[  46.798]       <<< RX chan1 11B: 8000000783236854580000
[  46.813]       <<< RX chan1 11B: 8000000783236c54580000
[  46.830]       <<< RX chan1 11B: 8000000783237054580000
[  46.848]       <<< RX chan1 21B: 80000011831b0100000001c0df5300237454580000
[quic] DATAGRAM 33B: 034058008305108163700100000000816370010000000000000000010000000000
[  46.865]       <<< RX chan1 38B: 8000002283051081637001000000008163700100000000000000000000000000...
[  46.881]       <<< RX chan1 11B: 8000000783237c54580000
[  46.896]       <<< RX chan1 11B: 8000000783238054580000
[  46.921]       <<< RX chan1 81B: 8000004d830201f2e05300cb00ff0000247449010000404104003e0c43003217...
[  46.928]       <<< RX chan1 11B: 8000000783238854580000
[  46.964]       <<< RX chan1 1154B: 8000051b830201f4e053007701ff00be1802000b4868747470733a2f2f617069...
[  46.964]       <<< RX chan1 157B: 134d6963726f47616d6570616442696e64696e67ff010be15300020111e15300...
[  46.964]       <<< RX chan1 1154B: 8000052583020115e153001501ff069b081a134d6963726f47616d6570616442...
[  46.964]       <<< RX chan1 167B: 00020138e153001501ff06f5071a0e47616d6570616442696e64696e67ff0136...
[  46.964]       <<< RX chan1 979B: 8000050f8302013de153001501ff1a0c546f75636842696e64696e67ff013ae1...
[  46.964]       <<< RX chan1 320B: 696e67ff0155e15300020157e153001501ff068a081a0c546f75636842696e64...
[  46.964]       <<< RX chan1 826B: 800005188302015fe153001301ff0203070c43616d657261416374696f6e0b02...
[  46.964]       <<< RX chan1 482B: 61726442696e64696e67ff0176e15300020178e153001501ff1a0d427574746f...
[  46.964]       <<< RX chan1 664B: 8000051e83020187e153001501ff1a0d427574746f6e42696e64696e67ff0185...
[  46.964]       <<< RX chan1 650B: 0196cc53000101a0cc530001019dcc53000101b6da530001019ccc530001019b...
[  46.964]       <<< RX chan1 1154B: 8000051f831b0100000001a7e153000201a8e153005b010001a6d65300ff0507...
[  46.965]       <<< RX chan1 161B: 000182cb53000180cb5300017ecb5300017bcb530001e9ca530001c8ca530001...
[  46.965]       <<< RX chan1 68B: 80000040830201c4e153005002ff000000c07f0000803f0000803f051b244174...
[  46.965]       <<< RX chan1 161B: 8000009d830301f2cb53007d1301010301f1cb53007d130101030126cc53007d...
[  46.981]       <<< RX chan1 143B: 8000008b831b0100000001c9df53000101c3e153000201c6e153004f0109014b...
[  47.000]       <<< RX chan1 327B: 80000143830701902300002f0992f0fb981bbceac79849010701902300002f09...
[  47.016]       <<< RX chan1 447B: 800001bb830301f4e053001e170136f4af9b7538c5671345aa92cd80d5b90701...
[  47.033]       <<< RX chan1 133B: 80000081830101d2e153000201d5e153004f0109014bcb53000a0172cc5300ff...
[  47.049]       <<< RX chan1 133B: 80000081830101d5e153000201eae153004f0109014bcb53000a0172cc5300ff...
[  47.064]       <<< RX chan1 133B: 80000081830101eae153000201ede153004f0109014bcb53000a0172cc5300ff...
[  47.082]       <<< RX chan1 133B: 80000081830101ede153000201f0e153004f0109014bcb53000a0172cc5300ff...
[  47.098]       <<< RX chan1 143B: 8000008b831b0100000001d1df53000101f0e153000201f3e153004f0109014b...
[  47.114]       <<< RX chan1 133B: 80000081830101f3e153000201f6e153004f0109014bcb53000a0172cc5300ff...
[  47.135]       <<< RX chan1 133B: 80000081830101f6e153000201d8e353004f0109014bcb53000a0172cc5300ff...
[  47.148]       <<< RX chan1 133B: 80000081830101d8e353000201dbe353004f0109014bcb53000a0172cc5300ff...
[  47.163]       <<< RX chan1 133B: 80000081830101dbe353000201dee353004f0109014bcb53000a0172cc5300ff...
[  47.182]       <<< RX chan1 143B: 8000008b830101dee353000201e1e353004f0109014bcb53000a0172cc5300ff...
[  47.197]       <<< RX chan1 164B: 800000a08323c45458000101e1e353000201eae353004f0109014bcb53000a01...
[  47.214]       <<< RX chan1 159B: 8000009b831b0100000001f0e053000101eae353000201ede353004f0109014b...
[  47.232]       <<< RX chan1 143B: 8000008b830101ede353000201f1e353004f0109014bcb53000a0172cc5300ff...
[  47.250]       <<< RX chan1 143B: 8000008b830101f1e353000201f4e353004f0109014bcb53000a0172cc5300ff...
[  47.264]       <<< RX chan1 143B: 8000008b830101f4e353000201f7e353004f0109014bcb53000a0172cc5300ff...
[  47.281]       <<< RX chan1 319B: 8000013b830701a56500006411011f010a333635303035393237331f07045374...
[  47.298]       <<< RX chan1 143B: 8000008b830101fae353000201fde353004f0109014bcb53000a0172cc5300ff...
[  47.315]       <<< RX chan1 158B: 8000009a831b0200000004f5ed447504b51e48250101fde35300020100e45300...
[  47.331]       <<< RX chan1 143B: 8000008b83010100e4530002012de453004f0109014bcb53000a0172cc5300ff...
[  47.348]       <<< RX chan1 153B: 800000958301012de45300020130e453004f0109014bcb53000a0172cc5300ff...
[  47.366]       <<< RX chan1 153B: 8000009583010130e45300020133e453004f0109014bcb53000a0172cc5300ff...
[quic] DATAGRAM 33B: 034059008305108865700100000000896570010000000000000000010000000000
[  47.386]       <<< RX chan1 1154B: 8000055b831b0100000001f6e05300020156e453005700ff080eff01f4e05300...
[  47.386]       <<< RX chan1 221B: 00803f0000803f28cdcc4c3e32003526b651230a784a3bb016ac233600000040...
[  47.386]       <<< RX chan1 1119B: 8000056383020164e453006301ff000001000a000c806be1c1aa00c7404df65f...
[  47.386]       <<< RX chan1 264B: e25300ff020000bac3f80700c0000000c0000000014000400a80000001400040...
[  47.386]       <<< RX chan1 882B: 80000519830201dce253001c00ff0001e80310010000803f000000003b155641...
[  47.386]       <<< RX chan1 427B: 99993fff0149e45300020154e453000100ff0004019cde92bc450402ff0149e4...
[  47.386]       <<< RX chan1 719B: 8000052283020104e453001100ff000118726278617373657469643a2f2f3131...
[  47.386]       <<< RX chan1 599B: 6d2f61737365742f3f69643d35303737373637323005840902ff01cce2530002...
[  47.386]       <<< RX chan1 547B: 800005438302011ee453001100ff00011c726278617373657469643a2f2f3133...
[  47.386]       <<< RX chan1 804B: 02ff019be253000201b6e253001100ff000129687474703a2f2f7777772e726f...
[  47.386]       <<< RX chan1 1154B: 80000633830201c4e353000000ff000301000000009a99993ecdcc4c3e020208...
[  47.386]       <<< RX chan1 437B: 6572617465644173736574731e000e67616d6541766174617254797065020c70...
[  47.386]       <<< RX chan1 640B: 8000027c830201d1e45300de00ff0616436c6173736963466f7263654669656c...
[  47.399]       <<< RX chan1 143B: 8000008b83010105e5530002011be553004f0109014bcb53000a0172cc5300ff...
[  47.417]       <<< RX chan1 149B: 800000918301011be5530002011ee553004f0109014bcb53000a0172cc5300ff...
[  47.431]       <<< RX chan1 328B: 8000014483030149e45300d40e01a8014170706c6175645e3539313537373930...
[  47.448]       <<< RX chan1 175B: 800000ab83010121e55300020125e553004f0109014bcb53000a0172cc5300ff...
[  47.465]       <<< RX chan1 149B: 8000009183010125e55300020128e553004f0109014bcb53000a0172cc5300ff...
[  47.480]       <<< RX chan1 143B: 8000008b83010128e5530002012be553004f0109014bcb53000a0172cc5300ff...
[  47.500]       <<< RX chan1 143B: 8000008b8301012be5530002012ee553004f0109014bcb53000a0172cc5300ff...
[  47.515]       <<< RX chan1 143B: 8000008b8301012ee55300020131e553004f0109014bcb53000a0172cc5300ff...
[  47.532]       <<< RX chan1 153B: 8000009583010131e55300020134e553004f0109014bcb53000a0172cc5300ff...
[  47.547]       <<< RX chan1 153B: 8000009583010134e55300020137e553004f0109014bcb53000a0172cc5300ff...
[  47.564]       <<< RX chan1 143B: 8000008b83010137e5530002015ee553004f0109014bcb53000a0172cc5300ff...
[  47.581]       <<< RX chan1 163B: 8000009f8301015ee55300020161e553004f0109014bcb53000a0172cc5300ff...
[  47.599]       <<< RX chan1 161B: 8000009d83070466a3fc3b5b1400070466a3fc3b561401010161e55300020169...
[  47.614]       <<< RX chan1 153B: 8000009583010169e5530002016ce553004f0109014bcb53000a0172cc5300ff...
[  47.631]       <<< RX chan1 153B: 800000958301016ce5530002016fe553004f0109014bcb53000a0172cc5300ff...
[  47.648]       <<< RX chan1 149B: 800000918301016fe5530001042ff40969020172e553004f0109014bcb53000a...
[  47.665]       <<< RX chan1 153B: 8000009583010172e55300020175e553004f0109014bcb53000a0172cc5300ff...
[  47.683]       <<< RX chan1 149B: 8000009183010175e55300020178e553004f0109014bcb53000a0172cc5300ff...
[  47.697]       <<< RX chan1 143B: 8000008b83010178e5530002017be553004f0109014bcb53000a0172cc5300ff...
[  47.715]       <<< RX chan1 159B: 8000009b831b010000000469fa900d01017be5530002017ee553004f0109014b...
[  47.731]       <<< RX chan1 153B: 800000958301017ee55300020182e553004f0109014bcb53000a0172cc5300ff...
[  47.749]       <<< RX chan1 153B: 8000009583010182e55300020185e553004f0109014bcb53000a0172cc5300ff...
[  47.764]       <<< RX chan1 149B: 8000009183010185e5530002018ae553004f0109014bcb53000a0172cc5300ff...
[  47.781]       <<< RX chan1 159B: 8000009b8301018ae5530002018de553004f0109014bcb53000a0172cc5300ff...
[  47.799]       <<< RX chan1 149B: 800000918301018de55300020199e553004f0109014bcb53000a0172cc5300ff...
[  47.815]       <<< RX chan1 143B: 8000008b83010199e5530002019de553004f0109014bcb53000a0172cc5300ff...
[  47.831]       <<< RX chan1 153B: 800000958301019de553000201a0e553004f0109014bcb53000a0172cc5300ff...
[  47.848]       <<< RX chan1 159B: 8000009b830101a0e553000201a3e553004f0109014bcb53000a0172cc5300ff...
[  47.865]       <<< RX chan1 143B: 8000008b830101a3e553000201a6e553004f0109014bcb53000a0172cc5300ff...
[  47.880]       <<< RX chan1 143B: 8000008b830101a6e553000201a9e553004f0109014bcb53000a0172cc5300ff...
[quic] DATAGRAM 33B: 03405a008305108a677001000000008a6770010000000000000000010000000000
[  47.897]       <<< RX chan1 237B: 800000e9830701dce25300190100000000000000000000200701dce253001901...
[  47.916]       <<< RX chan1 153B: 80000095830101ace553000201afe553004f0109014bcb53000a0172cc5300ff...
[  47.932]       <<< RX chan1 153B: 80000095830101afe553000201b2e553004f0109014bcb53000a0172cc5300ff...
[  47.948]       <<< RX chan1 153B: 80000095830101b2e553000201b5e553004f0109014bcb53000a0172cc5300ff...
[  47.965]       <<< RX chan1 245B: 800000f1830301a6d653001e1701827f97bff2b2f0543c4469bcdd2ac969827f...
[  47.981]       <<< RX chan1 420B: 800001a0830101b8e553000201bbe553004f0109014bcb53000a0172cc5300ff...
[  47.998]       <<< RX chan1 143B: 8000008b830101bbe553000201bee553004f0109014bcb53000a0172cc5300ff...
[  48.017]       <<< RX chan1 159B: 8000009b830101bee553000201c1e553004f0109014bcb53000a0172cc5300ff...
[  48.032]       <<< RX chan1 143B: 8000008b830101c1e553000201c4e553004f0109014bcb53000a0172cc5300ff...
[  48.048]       <<< RX chan1 149B: 80000091830101c4e553000201c7e553004f0109014bcb53000a0172cc5300ff...
[  48.064]       <<< RX chan1 143B: 8000008b830101c7e553000201cae553004f0109014bcb53000a0172cc5300ff...
[  48.084]       <<< RX chan1 153B: 80000095830101cae553000201cde553004f0109014bcb53000a0172cc5300ff...
[  48.098]       <<< RX chan1 143B: 8000008b830101cde553000201d0e553004f0109014bcb53000a0172cc5300ff...
[  48.114]       <<< RX chan1 143B: 8000008b830101d0e553000201d3e553004f0109014bcb53000a0172cc5300ff...
[  48.132]       <<< RX chan1 153B: 80000095830101d3e553000201d9e553004f0109014bcb53000a0172cc5300ff...
[  48.148]       <<< RX chan1 153B: 80000095830101d9e553000201dce553004f0109014bcb53000a0172cc5300ff...
[  48.166]       <<< RX chan1 284B: 80000118830101dce553000201dfe553004f0109014bcb53000a0172cc5300ff...
[  48.182]       <<< RX chan1 153B: 80000095830101dfe553000201e3e553004f0109014bcb53000a0172cc5300ff...
[  48.198]       <<< RX chan1 148B: 800000908323b45558000101e3e553000201e6e553004f0109014bcb53000a01...
[  48.215]       <<< RX chan1 431B: 800001ab830204b2c6a7752b00ff0000536b4200de834140893043020615526f...
[  48.233]       <<< RX chan1 153B: 80000095830101f1e553000201f4e553004f0109014bcb53000a0172cc5300ff...
[  48.248]       <<< RX chan1 143B: 8000008b830101f4e553000201f7e553004f0109014bcb53000a0172cc5300ff...
[  48.266]       <<< RX chan1 153B: 80000095830101f7e553000201fae553004f0109014bcb53000a0172cc5300ff...
[  48.282]       <<< RX chan1 153B: 80000095830101fae553000201fde553004f0109014bcb53000a0172cc5300ff...
[  48.300]       <<< RX chan1 169B: 800000a5830101fde55300020102e653004f0109014bcb53000a0172cc5300ff...
[  48.315]       <<< RX chan1 165B: 800000a183010102e65300020105e653004f0109014bcb53000a0172cc5300ff...
[  48.334]       <<< RX chan1 185B: 800000b583010105e65300020108e653004f0109014bcb53000a0172cc5300ff...
[  48.348]       <<< RX chan1 159B: 8000009b83010108e6530002010be653004f0109014bcb53000a0172cc5300ff...
[  48.366]       <<< RX chan1 149B: 800000918301010be6530002010ee653004f0109014bcb53000a0172cc5300ff...
[  48.380]       <<< RX chan1 159B: 8000009b8301010ee65300020111e653004f0109014bcb53000a0172cc5300ff...
[quic] DATAGRAM 33B: 03405b008305107f697001000000007f6970010000000000000000010000000000
[  48.400]       <<< RX chan1 176B: 800000ac83010111e65300020114e653004f0109014bcb53000a0172cc5300ff...
[  48.415]       <<< RX chan1 175B: 800000ab83010114e65300020117e653004f0109014bcb53000a0172cc5300ff...
[  48.431]       <<< RX chan1 143B: 8000008b83010117e6530002011ae653004f0109014bcb53000a0172cc5300ff...
[  48.450]       <<< RX chan1 143B: 8000008b8301011ae6530002011de653004f0109014bcb53000a0172cc5300ff...
[  48.464]       <<< RX chan1 163B: 8000009f8301011de65300020120e653004f0109014bcb53000a0172cc5300ff...
[  48.481]       <<< RX chan1 143B: 8000008b83010120e65300020123e653004f0109014bcb53000a0172cc5300ff...
[  48.498]       <<< RX chan1 163B: 8000009f83010123e65300020126e653004f0109014bcb53000a0172cc5300ff...
[  48.516]       <<< RX chan1 185B: 800000b583010126e65300020129e653004f0109014bcb53000a0172cc5300ff...
[  48.530]       <<< RX chan1 159B: 8000009b83010129e6530002012ce653004f0109014bcb53000a0172cc5300ff...
[  48.547]       <<< RX chan1 149B: 800000918301012ce6530002012fe653004f0109014bcb53000a0172cc5300ff...
[  48.565]       <<< RX chan1 143B: 8000008b8301012fe65300020132e653004f0109014bcb53000a0172cc5300ff...
[  48.581]       <<< RX chan1 169B: 800000a583010132e65300020135e653004f0109014bcb53000a0172cc5300ff...
[  48.599]       <<< RX chan1 300B: 8000012883010135e65300020138e653004f0109014bcb53000a0172cc5300ff...
[  48.614]       <<< RX chan1 149B: 8000009183010138e6530002013be653004f0109014bcb53000a0172cc5300ff...
[  48.632]       <<< RX chan1 163B: 8000009f8301013be6530002013ee653004f0109014bcb53000a0172cc5300ff...
[  48.648]       <<< RX chan1 163B: 8000009f8301013ee65300020141e653004f0109014bcb53000a0172cc5300ff...
[  48.666]       <<< RX chan1 159B: 8000009b83010141e65300020144e653004f0109014bcb53000a0172cc5300ff...
[  48.683]       <<< RX chan1 153B: 8000009583010144e65300020147e653004f0109014bcb53000a0172cc5300ff...
[  48.698]       <<< RX chan1 143B: 8000008b83010147e6530002014be653004f0109014bcb53000a0172cc5300ff...
[  48.716]       <<< RX chan1 397B: 800001898301014be65300030103da5300a1270101a3d7530002014fe6530029...
[  48.732]       <<< RX chan1 165B: 800000a183010153e65300020156e653004f0109014bcb53000a0172cc5300ff...
[  48.747]       <<< RX chan1 143B: 8000008b83010156e65300020158e653004f0109014bcb53000a0172cc5300ff...
[  48.768]       <<< RX chan1 163B: 8000009f83010158e6530002015ae653004f0109014bcb53000a0172cc5300ff...
[  48.781]       <<< RX chan1 153B: 800000958301015ae6530002015de653004f0109014bcb53000a0172cc5300ff...
[  48.798]       <<< RX chan1 153B: 800000958301015de6530002015fe653004f0109014bcb53000a0172cc5300ff...
[  48.816]       <<< RX chan1 143B: 8000008b8301015fe65300020161e653004f0109014bcb53000a0172cc5300ff...
[  48.833]       <<< RX chan1 263B: 8000010383010161e653001b01000000013cd553001b13000000013dd5530001...
[  48.848]       <<< RX chan1 259B: 800000ff83030147d45300f80001010380f2ccc5fae43c03014ed45300f80001...
[  48.864]       <<< RX chan1 149B: 8000009183010168e6530002016ae653004f0109014bcb53000a0172cc5300ff...
[  48.881]       <<< RX chan1 169B: 800000a58301016ae6530002016ce653004f0109014bcb53000a0172cc5300ff...
[  48.897]       <<< RX chan1 169B: 800000a58301016ce6530002016ee653004f0109014bcb53000a0172cc5300ff...
[quic] DATAGRAM 33B: 03405c00830510846b700100000000846b70010000000000000000010000000000
[  48.915]       <<< RX chan1 240B: 800000ec8301016ee65300020170e653004f0109014bcb53000a0172cc5300ff...
[  48.931]       <<< RX chan1 175B: 800000ab83010170e65300020172e653004f0109014bcb53000a0172cc5300ff...
[  48.948]       <<< RX chan1 153B: 8000009583010172e65300020174e653004f0109014bcb53000a0172cc5300ff...
[  48.965]       <<< RX chan1 511B: 800001fb830204d1ae5c135a01ff0000000040838ed740051224417474726962...
[  48.981]       <<< RX chan1 163B: 8000009f830304e7a28c635d15010101017ce65300020180e653004f0109014b...
[  48.999]       <<< RX chan1 153B: 8000009583010180e65300020182e653004f0109014bcb53000a0172cc5300ff...
[  49.015]       <<< RX chan1 153B: 8000009583010182e65300020184e653004f0109014bcb53000a0172cc5300ff...
[  49.031]       <<< RX chan1 143B: 8000008b83010184e65300020186e653004f0109014bcb53000a0172cc5300ff...
[  49.048]       <<< RX chan1 515B: 800001ff83010186e65300020188e653004f0109014bcb53000a0172cc5300ff...
[  49.065]       <<< RX chan1 153B: 8000009583010188e6530002018ae653004f0109014bcb53000a0172cc5300ff...
[  49.081]       <<< RX chan1 153B: 800000958301018ae6530002018ce653004f0109014bcb53000a0172cc5300ff...
[  49.098]       <<< RX chan1 153B: 800000958301018ce6530002018ee653004f0109014bcb53000a0172cc5300ff...
[  49.117]       <<< RX chan1 173B: 800000a98301018ee65300020190e653004f0109014bcb53000a0172cc5300ff...
[  49.131]       <<< RX chan1 169B: 800000a583010190e65300020192e653004f0109014bcb53000a0172cc5300ff...
[  49.148]       <<< RX chan1 153B: 8000009583010192e65300020194e653004f0109014bcb53000a0172cc5300ff...
[  49.164]       <<< RX chan1 159B: 8000009b83010194e65300020196e653004f0109014bcb53000a0172cc5300ff...
[  49.182]       <<< RX chan1 169B: 800000a583010196e65300020198e653004f0109014bcb53000a0172cc5300ff...
[  49.198]       <<< RX chan1 174B: 800000aa8323a4565800010198e6530002019ae653004f0109014bcb53000a01...
[  49.214]       <<< RX chan1 194B: 800000be830301a6d653001e1701cae66941d9efbd404e4d88758ea676700101...
[  49.231]       <<< RX chan1 153B: 800000958301019ce6530002019ee653004f0109014bcb53000a0172cc5300ff...
[  49.247]       <<< RX chan1 153B: 800000958301019ee653000201a0e653004f0109014bcb53000a0172cc5300ff...
[  49.265]       <<< RX chan1 169B: 800000a5830101a0e653000201a4e653004f0109014bcb53000a0172cc5300ff...
[  49.282]       <<< RX chan1 149B: 80000091830101a4e653000201a6e653004f0109014bcb53000a0172cc5300ff...
[  49.299]       <<< RX chan1 173B: 800000a9830101a6e653000201a8e653004f0109014bcb53000a0172cc5300ff...
[  49.315]       <<< RX chan1 179B: 800000af830101a8e653000201aae653004f0109014bcb53000a0172cc5300ff...
[  49.331]       <<< RX chan1 153B: 80000095830101aae653000201ace653004f0109014bcb53000a0172cc5300ff...
[  49.351]       <<< RX chan1 159B: 8000009b830101ace6530001047639b32e0201aee653004f0109014bcb53000a...
[  49.366]       <<< RX chan1 173B: 800000a9830101aee653000201b0e653004f0109014bcb53000a0172cc5300ff...
[  49.381]       <<< RX chan1 143B: 8000008b830101b0e653000201b2e653004f0109014bcb53000a0172cc5300ff...
[  49.399]       <<< RX chan1 153B: 80000095830101b2e653000201b4e653004f0109014bcb53000a0172cc5300ff...
[  49.415]       <<< RX chan1 153B: 80000095830101b4e653000201b6e653004f0109014bcb53000a0172cc5300ff...
[quic] DATAGRAM 33B: 03405d00830510876d700100000000876d70010000000000000000010000000000
[  49.431]       <<< RX chan1 180B: 800000b0830101b6e653000201b8e653004f0109014bcb53000a0172cc5300ff...
[  49.449]       <<< RX chan1 143B: 8000008b830101b8e653000201bae653004f0109014bcb53000a0172cc5300ff...
[  49.464]       <<< RX chan1 179B: 800000af830101bae653000201bce653004f0109014bcb53000a0172cc5300ff...
[  49.482]       <<< RX chan1 189B: 800000b9830101bce653000201bee653004f0109014bcb53000a0172cc5300ff...
[  49.499]       <<< RX chan1 179B: 800000af830101bee653000201c0e653004f0109014bcb53000a0172cc5300ff...
[  49.515]       <<< RX chan1 175B: 800000ab830101c0e653000201c2e653004f0109014bcb53000a0172cc5300ff...
[  49.530]       <<< RX chan1 149B: 80000091830101c2e653000201c4e653004f0109014bcb53000a0172cc5300ff...
[  49.547]       <<< RX chan1 143B: 8000008b830101c4e653000201c6e653004f0109014bcb53000a0172cc5300ff...
[  49.566]       <<< RX chan1 143B: 8000008b830101c6e653000201c8e653004f0109014bcb53000a0172cc5300ff...
[  49.582]       <<< RX chan1 143B: 8000008b830101c8e653000201cae653004f0109014bcb53000a0172cc5300ff...
[  49.598]       <<< RX chan1 153B: 80000095830101cae653000201cce653004f0109014bcb53000a0172cc5300ff...
[  49.614]       <<< RX chan1 173B: 800000a9830101cce653000201cee653004f0109014bcb53000a0172cc5300ff...
[  49.631]       <<< RX chan1 173B: 800000a9830101cee653000201d0e653004f0109014bcb53000a0172cc5300ff...
[  49.648]       <<< RX chan1 179B: 800000af830101d0e653000201d2e653004f0109014bcb53000a0172cc5300ff...
[  49.665]       <<< RX chan1 143B: 8000008b830101d2e653000201d4e653004f0109014bcb53000a0172cc5300ff...
[  49.681]       <<< RX chan1 173B: 800000a9830101d4e653000201d6e653004f0109014bcb53000a0172cc5300ff...
[  49.698]       <<< RX chan1 163B: 8000009f830101d6e653000201d8e653004f0109014bcb53000a0172cc5300ff...
[  49.714]       <<< RX chan1 153B: 80000095830101d8e653000201dae653004f0109014bcb53000a0172cc5300ff...
[  49.732]       <<< RX chan1 143B: 8000008b830101dae653000201dce653004f0109014bcb53000a0172cc5300ff...
[  49.748]       <<< RX chan1 149B: 80000091830101dce653000101328553000201dee653004f0109014bcb53000a...
[  49.766]       <<< RX chan1 153B: 80000095830101dee653000201e0e653004f0109014bcb53000a0172cc5300ff...
[  49.782]       <<< RX chan1 191B: 800000bb830101e0e653000104d95fbc380101d1e153000201e3e653004f0109...
[  49.798]       <<< RX chan1 149B: 80000091830101e3e653000201e5e653004f0109014bcb53000a0172cc5300ff...
[  49.815]       <<< RX chan1 315B: 80000137830101e5e653001b010000000148da53001b130000000149da530001...
[  49.831]       <<< RX chan1 143B: 8000008b830101e7e653000201e9e653004f0109014bcb53000a0172cc5300ff...
[  49.848]       <<< RX chan1 153B: 80000095830101e9e653000201ebe653004f0109014bcb53000a0172cc5300ff...
[  49.864]       <<< RX chan1 153B: 80000095830101ebe653000201ede653004f0109014bcb53000a0172cc5300ff...
[  49.881]       <<< RX chan1 169B: 800000a5830101ede653000101f2e053000201efe653004f0109014bcb53000a...
[  49.898]       <<< RX chan1 187B: 800000b7830101efe65300010112cb53000201f1e653004f0109014bcb53000a...
[  49.915]       <<< RX chan1 143B: 8000008b830101f1e653000201f3e653004f0109014bcb53000a0172cc5300ff...
[  49.931]       <<< RX chan1 143B: 8000008b830101f3e653000201f5e653004f0109014bcb53000a0172cc5300ff...
[quic] DATAGRAM 33B: 03405e008305108b6f7001000000008b6f70010000000000000000010000000000
[  49.948]       <<< RX chan1 170B: 800000a6830101f5e653000201f7e653004f0109014bcb53000a0172cc5300ff...
[  49.964]       <<< RX chan1 169B: 800000a5830101f7e653000201f9e653004f0109014bcb53000a0172cc5300ff...
[  49.981]       <<< RX chan1 173B: 800000a9830101f9e653000201fbe653004f0109014bcb53000a0172cc5300ff...
[  49.997]       <<< RX chan1 153B: 80000095830101fbe653000201fde653004f0109014bcb53000a0172cc5300ff...
[  50.014]       <<< RX chan1 143B: 8000008b830101fde653000201ffe653004f0109014bcb53000a0172cc5300ff...
[  50.030]       <<< RX chan1 153B: 80000095830101ffe65300020101e753004f0109014bcb53000a0172cc5300ff...
[  50.047]       <<< RX chan1 171B: 800000a783010101e75300020103e753004f0109014bcb53000a0172cc5300ff...
[  50.064]       <<< RX chan1 153B: 8000009583010103e75300020105e753004f0109014bcb53000a0172cc5300ff...
[  50.082]       <<< RX chan1 153B: 8000009583010105e75300020107e753004f0109014bcb53000a0172cc5300ff...
[  50.098]       <<< RX chan1 195B: 800000bf83010107e753000101aa84530002010be753004f0109014bcb53000a...
[  50.115]       <<< RX chan1 165B: 800000a18301010be7530002010ee753004f0109014bcb53000a0172cc5300ff...
[  50.131]       <<< RX chan1 159B: 8000009b8301010ee75300020110e753004f0109014bcb53000a0172cc5300ff...
[  50.150]       <<< RX chan1 432B: 800001ac83010110e753001b020000000151e653000152e65300030103da5300...
[  50.166]       <<< RX chan1 143B: 8000008b83010117e75300020119e753004f0109014bcb53000a0172cc5300ff...
[  50.181]       <<< RX chan1 153B: 8000009583010119e7530002011be753004f0109014bcb53000a0172cc5300ff...
[  50.200]       <<< RX chan1 158B: 8000009a83239457580001011be7530002011de753004f0109014bcb53000a01...
[  50.215]       <<< RX chan1 149B: 800000918301011de75300010111cb530002011fe753004f0109014bcb53000a...
[  50.231]       <<< RX chan1 143B: 8000008b8301011fe75300020121e753004f0109014bcb53000a0172cc5300ff...
[  50.248]       <<< RX chan1 163B: 8000009f83010121e75300020123e753004f0109014bcb53000a0172cc5300ff...
[  50.265]       <<< RX chan1 159B: 8000009b83010123e75300020125e753004f0109014bcb53000a0172cc5300ff...
[  50.282]       <<< RX chan1 143B: 8000008b83010125e75300020127e753004f0109014bcb53000a0172cc5300ff...
[  50.299]       <<< RX chan1 143B: 8000008b83010127e75300020129e753004f0109014bcb53000a0172cc5300ff...
[  50.314]       <<< RX chan1 173B: 800000a983010129e7530002012be753004f0109014bcb53000a0172cc5300ff...
[  50.331]       <<< RX chan1 163B: 8000009f8301012be7530002012de753004f0109014bcb53000a0172cc5300ff...
[  50.348]       <<< RX chan1 143B: 8000008b8301012de7530002012fe753004f0109014bcb53000a0172cc5300ff...
[  50.364]       <<< RX chan1 143B: 8000008b8301012fe75300020131e753004f0109014bcb53000a0172cc5300ff...
[  50.384]       <<< RX chan1 427B: 800001a783010131e753000301a3d75300c61301000101b3d75300010183d853...
[  50.398]       <<< RX chan1 524B: 8000020883010137e753001b480000000104d853000105d853000106d8530001...
[  50.416]       <<< RX chan1 159B: 8000009b83010139e7530002013be753004f0109014bcb53000a0172cc5300ff...
[  50.432]       <<< RX chan1 143B: 8000008b8301013be7530002013ee753004f0109014bcb53000a0172cc5300ff...
[  50.448]       <<< RX chan1 155B: 800000978301013ee7530001042adc0440020140e753004f0109014bcb53000a...
[quic] DATAGRAM 33B: 03405f008305109071700100000000907170010000000000000000010000000000
[  50.465]       <<< RX chan1 180B: 800000b083010140e75300020144e753004f0109014bcb53000a0172cc5300ff...
[  50.482]       <<< RX chan1 163B: 8000009f83010144e75300020146e753004f0109014bcb53000a0172cc5300ff...
[  50.498]       <<< RX chan1 143B: 8000008b83010146e75300020148e753004f0109014bcb53000a0172cc5300ff...
[  50.514]       <<< RX chan1 155B: 8000009783010148e75300010113cb530002014ae753004f0109014bcb53000a...
[  50.531]       <<< RX chan1 143B: 8000008b8301014ae7530002014ce753004f0109014bcb53000a0172cc5300ff...
[  50.548]       <<< RX chan1 143B: 8000008b8301014ce7530002014ee753004f0109014bcb53000a0172cc5300ff...
[  50.564]       <<< RX chan1 153B: 800000958301014ee75300020150e753004f0109014bcb53000a0172cc5300ff...
[  50.581]       <<< RX chan1 149B: 8000009183010150e75300010184cc5300020152e753004f0109014bcb53000a...
[  50.598]       <<< RX chan1 143B: 8000008b83010152e75300020154e753004f0109014bcb53000a0172cc5300ff...
[  50.614]       <<< RX chan1 143B: 8000008b83010154e75300020156e753004f0109014bcb53000a0172cc5300ff...
[  50.630]       <<< RX chan1 149B: 8000009183010156e75300020158e753004f0109014bcb53000a0172cc5300ff...
[  50.648]       <<< RX chan1 153B: 8000009583010158e7530002015ae753004f0109014bcb53000a0172cc5300ff...
[  50.663]       <<< RX chan1 143B: 8000008b8301015ae7530002015ce753004f0109014bcb53000a0172cc5300ff...
[  50.680]       <<< RX chan1 143B: 8000008b8301015ce7530002015ee753004f0109014bcb53000a0172cc5300ff...
[  50.698]       <<< RX chan1 143B: 8000008b8301015ee75300020160e753004f0109014bcb53000a0172cc5300ff...
[  50.715]       <<< RX chan1 159B: 8000009b83010160e75300020162e753004f0109014bcb53000a0172cc5300ff...
[  50.731]       <<< RX chan1 149B: 8000009183010162e75300020164e753004f0109014bcb53000a0172cc5300ff...
[  50.747]       <<< RX chan1 143B: 8000008b83010164e75300020166e753004f0109014bcb53000a0172cc5300ff...
[  50.765]       <<< RX chan1 149B: 8000009183010166e75300020168e753004f0109014bcb53000a0172cc5300ff...
[  50.780]       <<< RX chan1 149B: 8000009183010168e7530002016ae753004f0109014bcb53000a0172cc5300ff...
[  50.797]       <<< RX chan1 143B: 8000008b8301016ae7530002016ce753004f0109014bcb53000a0172cc5300ff...
[  50.814]       <<< RX chan1 153B: 800000958301016ce7530002016ee753004f0109014bcb53000a0172cc5300ff...
[  50.831]       <<< RX chan1 153B: 800000958301016ee75300020171e753004f0109014bcb53000a0172cc5300ff...
[  50.848]       <<< RX chan1 153B: 8000009583010171e75300020173e753004f0109014bcb53000a0172cc5300ff...
[  50.864]       <<< RX chan1 143B: 8000008b83010173e75300020175e753004f0109014bcb53000a0172cc5300ff...
[  50.881]       <<< RX chan1 143B: 8000008b83010175e75300020177e753004f0109014bcb53000a0172cc5300ff...
[  50.898]       <<< RX chan1 143B: 8000008b83010177e75300020179e753004f0109014bcb53000a0172cc5300ff...
[  50.915]       <<< RX chan1 143B: 8000008b83010179e7530002017ce753004f0109014bcb53000a0172cc5300ff...
[  50.932]       <<< RX chan1 149B: 800000918301017ce7530002017ee753004f0109014bcb53000a0172cc5300ff...
[  50.948]       <<< RX chan1 143B: 8000008b8301017ee75300020182e753004f0109014bcb53000a0172cc5300ff...
[  50.964]       <<< RX chan1 153B: 8000009583010182e75300020184e753004f0109014bcb53000a0172cc5300ff...
[quic] DATAGRAM 33B: 034060008305109473700100000000947370010000000000000000010000000000
[  50.980]       <<< RX chan1 182B: 800000b283010184e753000104366a1f660101f0e55300020186e753004f0109...
[  50.996]       <<< RX chan1 159B: 8000009b83010186e75300020188e753004f0109014bcb53000a0172cc5300ff...
[  51.013]       <<< RX chan1 165B: 800000a183010188e7530002018ae753004f0109014bcb53000a0172cc5300ff...
[  51.031]       <<< RX chan1 149B: 800000918301018ae7530002018ce753004f0109014bcb53000a0172cc5300ff...
[  51.047]       <<< RX chan1 143B: 8000008b8301018ce7530002018ee753004f0109014bcb53000a0172cc5300ff...
[  51.064]       <<< RX chan1 161B: 8000009d8301018ee7530001014ccc5300010148cc5300020190e753004f0109...
[  51.080]       <<< RX chan1 143B: 8000008b83010190e75300020192e753004f0109014bcb53000a0172cc5300ff...
[  51.097]       <<< RX chan1 143B: 8000008b83010192e75300020194e753004f0109014bcb53000a0172cc5300ff...
[  51.114]       <<< RX chan1 143B: 8000008b83010194e75300020196e753004f0109014bcb53000a0172cc5300ff...
[  51.130]       <<< RX chan1 149B: 8000009183010196e75300020198e753004f0109014bcb53000a0172cc5300ff...
[  51.147]       <<< RX chan1 143B: 8000008b83010198e7530002019ae753004f0109014bcb53000a0172cc5300ff...
[  51.164]       <<< RX chan1 143B: 8000008b8301019ae7530002019ce753004f0109014bcb53000a0172cc5300ff...
[  51.183]       <<< RX chan1 143B: 8000008b8301019ce7530002019ee753004f0109014bcb53000a0172cc5300ff...
[  51.199]       <<< RX chan1 154B: 8000009683238458580001019ee753000201a0e753004f0109014bcb53000a01...
[  51.215]       <<< RX chan1 143B: 8000008b830101a0e753000201a2e753004f0109014bcb53000a0172cc5300ff...
[  51.233]       <<< RX chan1 143B: 8000008b830101a2e753000201a4e753004f0109014bcb53000a0172cc5300ff...
[  51.248]       <<< RX chan1 143B: 8000008b830101a4e753000201a6e753004f0109014bcb53000a0172cc5300ff...
[  51.265]       <<< RX chan1 149B: 80000091830101a6e753000201a8e753004f0109014bcb53000a0172cc5300ff...
[  51.282]       <<< RX chan1 143B: 8000008b830101a8e753000201aae753004f0109014bcb53000a0172cc5300ff...
[  51.299]       <<< RX chan1 143B: 8000008b830101aae753000201ace753004f0109014bcb53000a0172cc5300ff...
[  51.315]       <<< RX chan1 149B: 80000091830101ace753000201aee753004f0109014bcb53000a0172cc5300ff...
[  51.331]       <<< RX chan1 149B: 80000091830101aee753000201b0e753004f0109014bcb53000a0172cc5300ff...
[  51.348]       <<< RX chan1 143B: 8000008b830101b0e753000201b2e753004f0109014bcb53000a0172cc5300ff...
[  51.364]       <<< RX chan1 143B: 8000008b830101b2e753000201b4e753004f0109014bcb53000a0172cc5300ff...
[  51.381]       <<< RX chan1 149B: 80000091830101b4e753000201b6e753004f0109014bcb53000a0172cc5300ff...
[  51.399]       <<< RX chan1 143B: 8000008b830101b6e753000201b8e753004f0109014bcb53000a0172cc5300ff...
[  51.415]       <<< RX chan1 143B: 8000008b830101b8e753000201bae753004f0109014bcb53000a0172cc5300ff...
[  51.432]       <<< RX chan1 143B: 8000008b830101bae753000201bce753004f0109014bcb53000a0172cc5300ff...
[  51.447]       <<< RX chan1 143B: 8000008b830101bce753000201bee753004f0109014bcb53000a0172cc5300ff...
[  51.465]       <<< RX chan1 48B: 8000002c830101bee7530001014bcb53000201c0e753002902ffff0172cc5300...
[quic] DATAGRAM 33B: 034061008305108875700100000000887570010000000000000000010000000000
[  51.481]       <<< RX chan1 38B: 8000002283051088757001000000008875700100000000000000000000000000...
[  51.497]       <<< RX chan1 11B: 800000078323d058580000
[  51.515]       <<< RX chan1 21B: 80000011830d000000000000dcf8f223d458580000
[  51.531]       <<< RX chan1 11B: 800000078323d858580000
[  51.548]       <<< RX chan1 23B: 8000001383010172cc5300010171cc530023dc58580000
[  51.565]       <<< RX chan1 11B: 800000078323e058580000
[  51.581]       <<< RX chan1 11B: 800000078323e458580000
[  51.597]       <<< RX chan1 11B: 800000078323e858580000
[  51.616]       <<< RX chan1 29B: 80000019830704088ffe355b14000704088ffe3556140123ec58580000
[  51.631]       <<< RX chan1 11B: 800000078323f058580000
[  51.647]       <<< RX chan1 11B: 800000078323f458580000
[  51.664]       <<< RX chan1 11B: 800000078323f858580000
[  51.680]       <<< RX chan1 11B: 800000078323fc58580000
[  51.698]       <<< RX chan1 11B: 8000000783230059580000
[  51.714]       <<< RX chan1 11B: 8000000783230459580000
[  51.730]       <<< RX chan1 11B: 8000000783230859580000
[  51.747]       <<< RX chan1 11B: 8000000783230c59580000
[  51.763]       <<< RX chan1 11B: 8000000783231059580000
[  51.782]       <<< RX chan1 11B: 8000000783231459580000
[  51.797]       <<< RX chan1 21B: 80000011830d000000000000f90003231859580000
[  51.814]       <<< RX chan1 11B: 8000000783231c59580000
[  51.832]       <<< RX chan1 11B: 8000000783232059580000
[  51.848]       <<< RX chan1 11B: 8000000783232459580000
[  51.864]       <<< RX chan1 11B: 8000000783232859580000
[  51.881]       <<< RX chan1 11B: 8000000783232c59580000
[  51.898]       <<< RX chan1 11B: 8000000783233059580000
[  51.915]       <<< RX chan1 11B: 8000000783233459580000
[  51.930]       <<< RX chan1 11B: 8000000783233859580000
[  51.948]       <<< RX chan1 11B: 8000000783233c59580000
[  51.965]       <<< RX chan1 11B: 8000000783234059580000
[quic] DATAGRAM 33B: 0340620083051088777001000000008a7770010000000000000000010000000000
[  51.995]       <<< RX chan1 1154B: 800005468301014cca53001b1e0000000169cc5300016acc5300016bcc530001...
[  51.995]       <<< RX chan1 200B: 7861737365743a2f2f54657874757265732f537570657262616c6c2e706e6713...
[  51.995]       <<< RX chan1 1119B: 8000054483020129ea53002502ff020000000000000000000000000306011c72...
[  51.995]       <<< RX chan1 233B: 65743a2f2f666f6e74732f73776f72642e6d6573680201247262786173736574...
[  51.995]       <<< RX chan1 913B: 8000053b830201b0e95300d101ff00012b687474703a2f2f7777772e726f626c...
[  51.995]       <<< RX chan1 430B: 020119ea53006600ff00faf4bac6220104020000803fcdcc4c3f9a99193fff01...
[  51.995]       <<< RX chan1 716B: 8000052c8302016ce85300f701ff00314d6f6f6473206172652063757272656e...
[  51.995]       <<< RX chan1 612B: 74703a2f2f7777772e726f626c6f782e636f6d2f61737365742f3f69643d3530...
[  51.995]       <<< RX chan1 534B: 8000056e830201fce95300f701ff0505636c696d620902ff0169e853000201fa...
[  51.995]       <<< RX chan1 860B: 0201f8e95300f701ff05047377696d0902ff0169e853000201f5e953001100ff...
[  51.996]       <<< RX chan1 566B: 8000023283020177e953006101ff00012e687474703a2f2f7777772e726f626c...
[  51.996]       <<< RX chan1 11B: 8000000783234859580000
[  52.014]       <<< RX chan1 11B: 8000000783234c59580000
[  52.031]       <<< RX chan1 11B: 8000000783235059580000
[  52.046]       <<< RX chan1 11B: 8000000783235459580000
[  52.064]       <<< RX chan1 11B: 8000000783235859580000
[  52.080]       <<< RX chan1 11B: 8000000783235c59580000
[  52.097]       <<< RX chan1 11B: 8000000783236059580000
[  52.114]       <<< RX chan1 11B: 8000000783236459580000
[  52.130]       <<< RX chan1 11B: 8000000783236859580000
[  52.147]       <<< RX chan1 11B: 8000000783236c59580000
[  52.165]       <<< RX chan1 11B: 8000000783237059580000
[  52.181]       <<< RX chan1 11B: 8000000783237459580000
[  52.198]       <<< RX chan1 16B: 8000000c832374595800237859580000
[  52.214]       <<< RX chan1 11B: 8000000783237c59580000
[  52.230]       <<< RX chan1 11B: 8000000783238059580000
[  52.247]       <<< RX chan1 11B: 8000000783238459580000
[  52.263]       <<< RX chan1 36B: 80000020831b04000000017fdf53000180df53000181df530001f1e053002388...
[  52.281]       <<< RX chan1 11B: 8000000783238c59580000
[  52.297]       <<< RX chan1 11B: 8000000783239059580000
[  52.315]       <<< RX chan1 11B: 8000000783239459580000
[  52.331]       <<< RX chan1 11B: 8000000783239859580000
[  52.347]       <<< RX chan1 11B: 8000000783239c59580000
[  52.365]       <<< RX chan1 1154B: 8000376e83030188d45300a127010171d35300020190ea53002902ffff0189d4...
[  52.365]       <<< RX chan1 1154B: 11d55300012dd51c42e13fe397a93fcc5df93f05c566d4530045010316899d3f...
[  52.365]       <<< RX chan1 1154B: 3819d5530001d1070901c1d453000a01cbd453000fa9e307eaed09bf7c8ed93e...
[  52.365]       <<< RX chan1 1154B: 00030901edd453000a0189d453000fd21302a3af67293f0206f2d60020fb39d5...
[  52.365]       <<< RX chan1 1154B: 3dd2082287d980c48e76e35cb10b951ce5c1e36e3bad406b3bf2df9004f61488...
[  52.365]       <<< RX chan1 1154B: f6cd086b6e4c7c360f16cde3202eb95bf4b975a668fe5307ec70953d3ba70a67...
[  52.365]       <<< RX chan1 1154B: c2db9e5c5ae603727d79c58ecb1e31fe5fd8e7e9abb69202dcb020fcbdf47c9f...
[  52.365]       <<< RX chan1 1154B: 43622c298f25af4461302e7180da786bfb91a57190fa9ded3853f2cab664ae81...
[  52.365]       <<< RX chan1 1154B: f9befb2e784fc532ecd86dc5df66c602797519fd24340afcb0b1c06a48d06cb6...
[  52.365]       <<< RX chan1 1154B: d780a2830bc8451a91c726cbc893f70c7aa196e28177f259a04b2d21731c5eb8...
[  52.365]       <<< RX chan1 1154B: 7dd5fc8480ec3cf81d53dd117c6df9a5315bb794800b7f00a0d15db6ff3bbbdb...
[  52.367]       <<< RX chan1 1154B: 45f6315f99a8d01f4afb7178024b20278784ca5965fbf9d6fe31e85207fa4b0d...
[  52.367]       <<< RX chan1 346B: a00b22f5143468d8887c3d206031b9ee333092036897ec7435781785102a0016...
[  52.367]       <<< RX chan1 11B: 800000078323a059580000
[  52.382]       <<< RX chan1 109B: 800000698302048caf9a135002ff000000c07f0000803f000000000518244174...
[  52.398]       <<< RX chan1 11B: 800000078323a859580000
[  52.415]       <<< RX chan1 11B: 800000078323ac59580000
[  52.431]       <<< RX chan1 11B: 800000078323b059580000
[  52.447]       <<< RX chan1 11B: 800000078323b459580000
[  52.464]       <<< RX chan1 11B: 800000078323b859580000
[  52.481]       <<< RX chan1 11B: 800000078323bc59580000
[quic] DATAGRAM 33B: 034063008305108079700100000000807970010000000000000000010000000000
[  52.497]       <<< RX chan1 38B: 8000002283051080797001000000008079700100000000000000000000000000...
[  52.514]       <<< RX chan1 11B: 800000078323c459580000
[  52.531]       <<< RX chan1 11B: 800000078323c859580000
[  52.548]       <<< RX chan1 11B: 800000078323cc59580000
[  52.563]       <<< RX chan1 11B: 800000078323d059580000
[  52.581]       <<< RX chan1 11B: 800000078323d459580000
[  52.598]       <<< RX chan1 11B: 800000078323d859580000
[  52.614]       <<< RX chan1 11B: 800000078323dc59580000
[  52.630]       <<< RX chan1 11B: 800000078323e059580000
[  52.647]       <<< RX chan1 11B: 800000078323e459580000
[  52.664]       <<< RX chan1 11B: 800000078323e859580000
[  52.681]       <<< RX chan1 11B: 800000078323ec59580000
[  52.698]       <<< RX chan1 11B: 800000078323f059580000
[  52.714]       <<< RX chan1 11B: 800000078323f459580000
[  52.730]       <<< RX chan1 11B: 800000078323f859580000
[  52.747]       <<< RX chan1 11B: 800000078323fc59580000
[  52.763]       <<< RX chan1 11B: 800000078323005a580000
[  52.782]       <<< RX chan1 1154B: 8000186a83030157e45300a12701013ae25300020198ea53002902ffff0158e4...
[  52.782]       <<< RX chan1 1154B: b31bfdc31f28a3e26b3aa06dc4ff3f1fc294da4d283c33afedbecf6f74776e64...
[  52.782]       <<< RX chan1 1154B: 168fef8b2c165f1dfcdf9c19d55b8f0cf005eeff7f9e7538907301fc7f661918...
[  52.782]       <<< RX chan1 1154B: 40559a9e6a22ccb0ee9924e38fef420b228619fafb5e9f156233cf0dbfa020c9...
[  52.782]       <<< RX chan1 1154B: 21f2a2fa6b4ddd0623a8ed9b017432724f3d6aaa86438d1ce161718490d4a336...
[  52.782]       <<< RX chan1 484B: 6213126bd8826d35a0776cb82e99378040a35641047b5af92d35ea6a86330c28...
[  52.782]       <<< RX chan1 11B: 800000078323045a580000
[  52.798]       <<< RX chan1 109B: 80000069830204078d01135002ff000000c07f0000803f000000000518244174...
[  52.815]       <<< RX chan1 11B: 8000000783230c5a580000
[  52.831]       <<< RX chan1 11B: 800000078323105a580000
[  52.849]       <<< RX chan1 11B: 800000078323145a580000
[  52.864]       <<< RX chan1 11B: 800000078323185a580000
[  52.881]       <<< RX chan1 11B: 8000000783231c5a580000
[  52.898]       <<< RX chan1 11B: 800000078323205a580000
[  52.916]       <<< RX chan1 11B: 800000078323245a580000
[  52.931]       <<< RX chan1 11B: 800000078323285a580000
[  52.948]       <<< RX chan1 11B: 8000000783232c5a580000
[  52.964]       <<< RX chan1 11B: 800000078323305a580000
[  52.983]       <<< RX chan1 11B: 800000078323345a580000
[quic] DATAGRAM 33B: 03406400830510757b700100000000757b70010000000000000000010000000000
[  52.997]       <<< RX chan1 38B: 80000022830510757b700100000000757b700100000000000000000000000000...
[  53.015]       <<< RX chan1 106B: 80000066830204332b28135a01ff0000000080868fd740051324417474726962...
[  53.032]       <<< RX chan1 121B: 80000075831b010000000110df53001b130000000111df53000112df53000113...
[  53.048]       <<< RX chan1 11B: 800000078323445a580000
[  53.064]       <<< RX chan1 11B: 800000078323485a580000
[  53.080]       <<< RX chan1 11B: 8000000783234c5a580000
[  53.098]       <<< RX chan1 11B: 800000078323505a580000
[  53.115]       <<< RX chan1 11B: 800000078323545a580000
[  53.130]       <<< RX chan1 11B: 800000078323585a580000
[  53.147]       <<< RX chan1 11B: 8000000783235c5a580000
[  53.164]       <<< RX chan1 11B: 800000078323605a580000
[  53.182]       <<< RX chan1 11B: 800000078323645a580000
[  53.198]       <<< RX chan1 16B: 8000000c8323645a580023685a580000
[  53.214]       <<< RX chan1 11B: 8000000783236c5a580000
[  53.231]       <<< RX chan1 11B: 800000078323705a580000
[  53.247]       <<< RX chan1 11B: 800000078323745a580000
[  53.265]       <<< RX chan1 11B: 800000078323785a580000
[  53.280]       <<< RX chan1 11B: 8000000783237c5a580000
[  53.297]       <<< RX chan1 11B: 800000078323805a580000
[  53.314]       <<< RX chan1 11B: 800000078323845a580000
[  53.332]       <<< RX chan1 11B: 800000078323885a580000
[  53.349]       <<< RX chan1 11B: 8000000783238c5a580000
[  53.364]       <<< RX chan1 11B: 800000078323905a580000
[  53.382]       <<< RX chan1 11B: 800000078323945a580000
[  53.398]       <<< RX chan1 11B: 800000078323985a580000
[  53.415]       <<< RX chan1 11B: 8000000783239c5a580000
[  53.434]       <<< RX chan1 11B: 800000078323a05a580000
[  53.447]       <<< RX chan1 11B: 800000078323a45a580000
[  53.464]       <<< RX chan1 11B: 800000078323a85a580000
[  53.480]       <<< RX chan1 11B: 800000078323ac5a580000
[quic] DATAGRAM 33B: 03406500830510697d700100000000697d70010000000000000000010000000000
[  53.499]       <<< RX chan1 38B: 80000022830510697d700100000000697d700100000000000000000000000000...
[  53.515]       <<< RX chan1 11B: 800000078323b45a580000
[  53.532]       <<< RX chan1 11B: 800000078323b85a580000
[  53.550]       <<< RX chan1 11B: 800000078323bc5a580000
[  53.564]       <<< RX chan1 11B: 800000078323c05a580000
[  53.583]       <<< RX chan1 11B: 800000078323c45a580000
[  53.598]       <<< RX chan1 11B: 800000078323c85a580000
[  53.615]       <<< RX chan1 11B: 800000078323cc5a580000
[  53.630]       <<< RX chan1 11B: 800000078323d05a580000
[  53.647]       <<< RX chan1 11B: 800000078323d45a580000
[  53.666]       <<< RX chan1 11B: 800000078323d85a580000
[  53.682]       <<< RX chan1 11B: 800000078323dc5a580000
[  53.697]       <<< RX chan1 11B: 800000078323e05a580000
[  53.714]       <<< RX chan1 11B: 800000078323e45a580000
[  53.731]       <<< RX chan1 21B: 80000011831b0100000001adea530023e85a580000
[  53.748]       <<< RX chan1 40B: 80000024831b020000000192ea53000193ea5300030188d45300a12700017bd4...
[  53.767]       <<< RX chan1 11B: 800000078323f05a580000
[  53.782]       <<< RX chan1 11B: 800000078323f45a580000
[  53.798]       <<< RX chan1 11B: 800000078323f85a580000
[  53.815]       <<< RX chan1 11B: 800000078323fc5a580000
[  53.832]       <<< RX chan1 11B: 800000078323005b580000
[  53.849]       <<< RX chan1 11B: 800000078323045b580000
[  53.866]       <<< RX chan1 11B: 800000078323085b580000
[  53.885]       <<< RX chan1 11B: 8000000783230c5b580000
[  53.899]       <<< RX chan1 11B: 800000078323105b580000
[  53.915]       <<< RX chan1 11B: 800000078323145b580000
[  53.933]       <<< RX chan1 11B: 800000078323185b580000
[  53.948]       <<< RX chan1 11B: 8000000783231c5b580000
[  53.965]       <<< RX chan1 40B: 80000024831b0200000001a4da530001a5da5300030188c75300a127010180c7...
[  53.984]       <<< RX chan1 11B: 800000078323245b580000
[  53.997]       <<< RX chan1 11B: 800000078323285b580000
[quic] DATAGRAM 33B: 034066008305106e7f7001000000006f7f70010000000000000000010000000000
[  54.016]       <<< RX chan1 38B: 800000228305106e7f7001000000006f7f700100000000000000000000000000...
[  54.031]       <<< RX chan1 11B: 800000078323305b580000
[  54.048]       <<< RX chan1 11B: 800000078323345b580000
[  54.064]       <<< RX chan1 11B: 800000078323385b580000
[  54.085]       <<< RX chan1 11B: 8000000783233c5b580000
[  54.099]       <<< RX chan1 21B: 80000011831b0100000001b0ea530023405b580000
[  54.115]       <<< RX chan1 11B: 800000078323445b580000
[  54.132]       <<< RX chan1 11B: 800000078323485b580000
[  54.149]       <<< RX chan1 11B: 8000000783234c5b580000
[  54.164]       <<< RX chan1 11B: 800000078323505b580000
[  54.182]       <<< RX chan1 11B: 800000078323545b580000
[  54.198]       <<< RX chan1 16B: 8000000c8323545b580023585b580000
[  54.216]       <<< RX chan1 11B: 8000000783235c5b580000
[  54.232]       <<< RX chan1 11B: 800000078323605b580000
[  54.248]       <<< RX chan1 11B: 800000078323645b580000
[  54.266]       <<< RX chan1 11B: 800000078323685b580000
[  54.281]       <<< RX chan1 11B: 8000000783236c5b580000
[  54.299]       <<< RX chan1 11B: 800000078323705b580000
[  54.317]       <<< RX chan1 1154B: 800016be83030124ea5300a127010108e853000201e7ea53002902ffff0125ea...
[  54.317]       <<< RX chan1 1154B: cf048586f0975aea32269441811ad4ec4a95a3adf55dcab5035456c8a9747d2c...
[  54.317]       <<< RX chan1 1154B: 2dbcae2edbc2af1c67fd5ed0392ddfe896a86b2cc7b2cf07afecebf3c5bf1efb...
[  54.317]       <<< RX chan1 1154B: 11ecebff37707919bdbcc4ae8a61c8afffc715c5ba88368a60c6a96418b16ba8...
[  54.317]       <<< RX chan1 1154B: 4f6a741b0867b061dbe5d9702222844d27eabd33c688ed797778f1ac601d4f2c...
[  54.317]       <<< RX chan1 56B: 6276b5167e6fe3193a8e6761029957e76c92015f0d39b2fe133236a9e1d2938c...
[  54.317]       <<< RX chan1 11B: 800000078323745b580000
[  54.333]       <<< RX chan1 109B: 800000698302045dc9a04a5002ff000000c07f0000803f000000000518244174...
[  54.347]       <<< RX chan1 11B: 8000000783237c5b580000
[  54.365]       <<< RX chan1 11B: 800000078323805b580000
[  54.381]       <<< RX chan1 11B: 800000078323845b580000
[  54.398]       <<< RX chan1 21B: 80000011830d000000000000f9000223885b580000
[  54.415]       <<< RX chan1 11B: 8000000783238c5b580000
[  54.433]       <<< RX chan1 21B: 80000011831b0100000001ceea530023905b580000
[  54.450]       <<< RX chan1 11B: 800000078323945b580000
[  54.465]       <<< RX chan1 11B: 800000078323985b580000
[  54.482]       <<< RX chan1 23B: 80000013830d00000000030d0000000002239c5b580000
[  54.497]       <<< RX chan1 11B: 800000078323a05b580000
[quic] DATAGRAM 33B: 034067008305106381700100000000648170010000000000000000010000000000
[  54.518]       <<< RX chan1 100B: 800000608302046aab26255a01ff0000000080e68fd740051224417474726962...
[  54.531]       <<< RX chan1 11B: 800000078323a85b580000
[  54.548]       <<< RX chan1 11B: 800000078323ac5b580000
[  54.564]       <<< RX chan1 11B: 800000078323b05b580000
[  54.581]       <<< RX chan1 11B: 800000078323b45b580000
[  54.599]       <<< RX chan1 11B: 800000078323b85b580000
[  54.615]       <<< RX chan1 11B: 800000078323bc5b580000
[  54.633]       <<< RX chan1 11B: 800000078323c05b580000
[  54.647]       <<< RX chan1 11B: 800000078323c45b580000
[  54.664]       <<< RX chan1 11B: 800000078323c85b580000
[  54.682]       <<< RX chan1 11B: 800000078323cc5b580000
[  54.698]       <<< RX chan1 11B: 800000078323d05b580000
[  54.715]       <<< RX chan1 11B: 800000078323d45b580000
[  54.731]       <<< RX chan1 21B: 80000011831b0100000001fcea530023d85b580000
[  54.749]       <<< RX chan1 11B: 800000078323dc5b580000
[  54.766]       <<< RX chan1 11B: 800000078323e05b580000
[  54.782]       <<< RX chan1 11B: 800000078323e45b580000
[  54.800]       <<< RX chan1 11B: 800000078323e85b580000
[  54.815]       <<< RX chan1 11B: 800000078323ec5b580000
[  54.831]       <<< RX chan1 11B: 800000078323f05b580000
[  54.850]       <<< RX chan1 11B: 800000078323f45b580000
[  54.865]       <<< RX chan1 11B: 800000078323f85b580000
[  54.883]       <<< RX chan1 29B: 800000198307044b7b57255b140007044b7b572556140123fc5b580000
[  54.898]       <<< RX chan1 11B: 800000078323005c580000
[  54.915]       <<< RX chan1 11B: 800000078323045c580000
[  54.933]       <<< RX chan1 29B: 8000001983070485b1f80e5b1400070485b1f80e56140123085c580000
[  54.949]       <<< RX chan1 11B: 8000000783230c5c580000
[  54.966]       <<< RX chan1 277B: 8000011183020498205a712b00ff0000fe4c4100ff8c41409b23c3020615526f...
[  54.981]       <<< RX chan1 11B: 800000078323145c580000
[  54.999]       <<< RX chan1 21B: 80000011831b010000000126eb530023185c580000
[  55.016]       <<< RX chan1 11B: 8000000783231c5c580000
[quic] DATAGRAM 33B: 034068008305106683700100000000678370010000000000000000010000000000
[  55.032]       <<< RX chan1 38B: 8000002283051066837001000000006783700100000000000000000000000000...
[  55.048]       <<< RX chan1 11B: 800000078323245c580000
[  55.064]       <<< RX chan1 11B: 800000078323285c580000
[  55.082]       <<< RX chan1 11B: 8000000783232c5c580000
[  55.099]       <<< RX chan1 11B: 800000078323305c580000
[  55.115]       <<< RX chan1 11B: 800000078323345c580000
[  55.132]       <<< RX chan1 11B: 800000078323385c580000
[  55.147]       <<< RX chan1 31B: 8000001b831b0100000004f9c23d770d000000000000fa0002233c5c580000
[  55.165]       <<< RX chan1 11B: 800000078323405c580000
[  55.183]       <<< RX chan1 11B: 800000078323445c580000
[  55.197]       <<< RX chan1 16B: 8000000c8323445c580023485c580000
[  55.214]       <<< RX chan1 29B: 8000001983070441b92b165b1400070441b92b16561401234c5c580000
[  55.231]       <<< RX chan1 11B: 800000078323505c580000
[  55.248]       <<< RX chan1 21B: 80000011831b010000000151eb530023545c580000
[  55.266]       <<< RX chan1 11B: 800000078323585c580000
[  55.282]       <<< RX chan1 11B: 8000000783235c5c580000
[  55.298]       <<< RX chan1 11B: 800000078323605c580000
[  55.315]       <<< RX chan1 11B: 800000078323645c580000
[  55.332]       <<< RX chan1 11B: 800000078323685c580000
[  55.349]       <<< RX chan1 11B: 8000000783236c5c580000
[  55.365]       <<< RX chan1 11B: 800000078323705c580000
[  55.381]       <<< RX chan1 21B: 80000011831b010000000400d3046023745c580000
[  55.406]       <<< RX chan1 11B: 800000078323785c580000
[  55.430]       <<< RX chan1 1154B: 80000555830101a3d753001b2100000001fbd9530001fcd9530001fdd9530001...
[  55.430]       <<< RX chan1 215B: 00020132ee53002502ff06012172627861737365743a2f2f5465787475726573...
[  55.430]       <<< RX chan1 1154B: 8000054a83020134ee53002502ff020000000000000000000000000306011c72...
[  55.430]       <<< RX chan1 204B: 74657874757265732f53776f7264546578747572652e706e67ff013bee530002...
[  55.430]       <<< RX chan1 942B: 8000051a830201cded5300d101ff00012a687474703a2f2f7777772e726f626c...
[  55.430]       <<< RX chan1 368B: ac3b040205000000000ad723be00000000ff011bee5300020165ee5300f601ff...
[  55.430]       <<< RX chan1 778B: 800005238302010eee5300f701ff0504706f73650902ff013cec5300020108ee...
[  55.430]       <<< RX chan1 541B: 0163ec53005a01ff00000000000000244005f8ff0148ec5300020149ec530011...
[  55.430]       <<< RX chan1 605B: 80000529830201eeed53001100ff00012b687474703a2f2f7777772e726f626c...
[  55.430]       <<< RX chan1 720B: ff00012b687474703a2f2f7777772e726f626c6f782e636f6d2f61737365742f...
[  55.431]       <<< RX chan1 1064B: 800004248302010bee53005a01ff00000000000000f03f05f8ff0107ee530002...
[  55.433]       <<< RX chan1 11B: 800000078323805c580000
[  55.449]       <<< RX chan1 11B: 800000078323845c580000
[  55.465]       <<< RX chan1 21B: 80000011831b010000000173eb530023885c580000
[  55.481]       <<< RX chan1 11B: 8000000783238c5c580000
[  55.499]       <<< RX chan1 11B: 800000078323905c580000
[  55.518]       <<< RX chan1 26B: 80000016831b02000000048aad843b043024fe7023945c580000
[  55.533]       <<< RX chan1 11B: 800000078323985c580000
[quic] DATAGRAM 33B: 034069008305106b857001000000006b8570010000000000000000010000000000
[  55.548]       <<< RX chan1 38B: 800000228305106b857001000000006b85700100000000000000000000000000...
[  55.565]       <<< RX chan1 11B: 800000078323a05c580000
[  55.581]       <<< RX chan1 29B: 80000019830704437ffc7e5b14000704437ffc7e56140123a45c580000
[  55.600]       <<< RX chan1 11B: 800000078323a85c580000
[  55.615]       <<< RX chan1 36B: 80000020831b0400000004d74ce44104b3c370560406dccd1704a93f962223ac...
[  55.633]       <<< RX chan1 11B: 800000078323b05c580000
[  55.648]       <<< RX chan1 11B: 800000078323b45c580000
[  55.665]       <<< RX chan1 21B: 80000011831b010000000194eb530023b85c580000
[  55.682]       <<< RX chan1 11B: 800000078323bc5c580000
[  55.699]       <<< RX chan1 11B: 800000078323c05c580000
[  55.716]       <<< RX chan1 11B: 800000078323c45c580000
[  55.732]       <<< RX chan1 11B: 800000078323c85c580000
[  55.750]       <<< RX chan1 21B: 80000011831b01000000044b7b572523cc5c580000
[  55.766]       <<< RX chan1 11B: 800000078323d05c580000
[  55.782]       <<< RX chan1 11B: 800000078323d45c580000
[  55.799]       <<< RX chan1 11B: 800000078323d85c580000
[  55.815]       <<< RX chan1 11B: 800000078323dc5c580000
[  55.831]       <<< RX chan1 11B: 800000078323e05c580000
[  55.850]       <<< RX chan1 21B: 80000011831b0100000001beee530023e45c580000
[  55.866]       <<< RX chan1 11B: 800000078323e85c580000
[  55.885]       <<< RX chan1 11B: 800000078323ec5c580000
[  55.899]       <<< RX chan1 354B: 8000015e830d00000000000000fefd0d050000003f0100004b01000028b52ffd...
[  55.915]       <<< RX chan1 11B: 800000078323f45c580000
[  55.934]       <<< RX chan1 29B: 80000019830704bae365635b14000704bae3656356140123f85c580000
[  55.949]       <<< RX chan1 11B: 800000078323fc5c580000
[  55.965]       <<< RX chan1 11B: 800000078323005d580000
[  55.981]       <<< RX chan1 11B: 800000078323045d580000
[  56.000]       <<< RX chan1 11B: 800000078323085d580000
[  56.016]       <<< RX chan1 21B: 80000011831b0100000001dcee5300230c5d580000
[  56.032]       <<< RX chan1 11B: 800000078323105d580000
[  56.048]       <<< RX chan1 11B: 800000078323145d580000
[quic] DATAGRAM 33B: 03406a008305106f877001000000006f8770010000000000000000010000000000
[  56.066]       <<< RX chan1 48B: 8000002c830d000000000000fd01fd05106f877001000000006f877001000000...
[  56.082]       <<< RX chan1 21B: 80000011831b010000000441b92b16231c5d580000
[  56.099]       <<< RX chan1 21B: 80000011830d000000000000fd01fd23205d580000
[  56.116]       <<< RX chan1 11B: 800000078323245d580000
[  56.132]       <<< RX chan1 11B: 800000078323285d580000
[  56.148]       <<< RX chan1 11B: 8000000783232c5d580000
[  56.165]       <<< RX chan1 21B: 80000011831b0100000001f2ee530023305d580000
[  56.184]       <<< RX chan1 83B: 8000004f830204d03813755a01ff00000000205190d740051224417474726962...
[  56.198]       <<< RX chan1 26B: 800000168323345d58000d00000000000000fdfd23385d580000
[  56.215]       <<< RX chan1 11B: 8000000783233c5d580000
[  56.232]       <<< RX chan1 81B: 8000004d83020133ef5300cb00ff00002474490100004041042032dcc200fe6f...
[  56.253]       <<< RX chan1 21B: 80000011830d000000000000fd01fd23445d580000
[  56.266]       <<< RX chan1 11B: 800000078323485d580000
[  56.282]       <<< RX chan1 36B: 80000020831b0400000004e1374f4504e1619076041aee354704af8a2b1a234c...
[  56.299]       <<< RX chan1 21B: 80000011831b01000000010cef530023505d580000
[  56.316]       <<< RX chan1 162B: 8000009e830704c73898455b14000704c73898455614010d000000000000fe01...
[  56.331]       <<< RX chan1 11B: 800000078323585d580000
[  56.350]       <<< RX chan1 144B: 8000008c830d000000000000fd01fd0d010000006d0000006400000028b52ffd...
[  56.366]       <<< RX chan1 11B: 800000078323605d580000
[  56.383]       <<< RX chan1 11B: 800000078323645d580000
[  56.399]       <<< RX chan1 128B: 8000007c830d01000000670000005e00000028b52ffd205ef1020001f2cf5300...
[  56.415]       <<< RX chan1 21B: 80000011831b01000000011bef5300236c5d580000
[  56.434]       <<< RX chan1 231B: 800000e3830d000000000000fd01fd0d000000000000fe01010d00000000030d...
[  56.449]       <<< RX chan1 31B: 8000001b831b0100000004437ffc7e0d00000000000000fcfd23745d580000
[  56.466]       <<< RX chan1 27B: 80000017830d000000000000fe02000d000000000223785d580000
[  56.484]       <<< RX chan1 11B: 8000000783237c5d580000
[  56.499]       <<< RX chan1 11B: 800000078323805d580000
[  56.516]       <<< RX chan1 21B: 80000011830d000000000000fd01fd23845d580000
[  56.532]       <<< RX chan1 21B: 80000011831b010000000131ef530023885d580000
[  56.547]       <<< RX chan1 11B: 8000000783238c5d580000
[  56.564]       <<< RX chan1 128B: 8000007c830d01000000670000005e00000028b52ffd205ef102000101d05300...
[quic] DATAGRAM 33B: 03406b008305107589700100000000758970010000000000000000010000000000
[  56.583]       <<< RX chan1 1154B: 8000192383030134ee5300a1270101dbeb530002016cef53002902ffff0135ee...
[  56.583]       <<< RX chan1 1154B: 16d66c7611758f5f2961c73841059371828c3a25bdf5d5772a941b3dfcac1dd2...
[  56.583]       <<< RX chan1 1154B: c9a2d9e56319c3421e40514368da621bdb0038f4f7b90b4c7f9fb1502501bd7c...
[  56.583]       <<< RX chan1 1154B: d1ce05278e6952cc84abcbe35784ea4c0253e5cb9f209069ff6278e9ef5330cf...
[  56.583]       <<< RX chan1 1154B: fd09369310a22239b0a05936dcd6537bc83864f99a42a7f5a4b5fd38ef6f526d...
[  56.583]       <<< RX chan1 669B: e526037b89f8e8b50632e7386d4d61293da44d0128e934c594658211cf5983e5...
[  56.583]       <<< RX chan1 11B: 800000078323945d580000
[  56.600]       <<< RX chan1 154B: 800000968302047fe34b615002ff000000c07f0000803f000000000518244174...
[  56.616]       <<< RX chan1 11B: 8000000783239c5d580000
[  56.632]       <<< RX chan1 53B: 80000031830d000000000000fe03000d00000000030d000000000000fe03010d...
[  56.649]       <<< RX chan1 21B: 80000011830d00000000000000fbfd23a45d580000
[  56.665]       <<< RX chan1 11B: 800000078323a85d580000
[  56.683]       <<< RX chan1 21B: 80000011830d000000000000fd01fd23ac5d580000
[  56.700]       <<< RX chan1 312B: 80000134830704772cbd3e5b14000704772cbd3e5614010d040000000d010000...
[  56.716]       <<< RX chan1 287B: 8000011b830304768494435d1501010204a7fc413f2b00ff00800a23c280b3c7...
[  56.733]       <<< RX chan1 11B: 800000078323b85d580000
[  56.749]       <<< RX chan1 11B: 800000078323bc5d580000
[  56.767]       <<< RX chan1 21B: 80000011830d000000000000fd01fd23c05d580000
[  56.782]       <<< RX chan1 11B: 800000078323c45d580000
[  56.799]       <<< RX chan1 31B: 8000001b831b0100000004bae365630d000000000000ff020023c85d580000
[  56.817]       <<< RX chan1 27B: 80000017830d000000000000ff04000d000000000223cc5d580000
[  56.833]       <<< RX chan1 33B: 8000001d830d00000000000000fafd0d00000000030d000000000123d05d5800...
[  56.849]       <<< RX chan1 21B: 80000011830d000000000000fd01fd23d45d580000
[  56.866]       <<< RX chan1 106B: 80000066830204cadfc3095a01ff00000000e07c90d740051324417474726962...
[  56.883]       <<< RX chan1 11B: 800000078323dc5d580000
[  56.899]       <<< RX chan1 27B: 80000017830d000000000000fe03000d000000000323e05d580000
[  56.915]       <<< RX chan1 11B: 800000078323e45d580000
[  56.935]       <<< RX chan1 148B: 80000090830d000000000000fd01fd0d000000000000ff01010d010000006700...
[  56.949]       <<< RX chan1 11B: 800000078323ec5d580000
[  56.966]       <<< RX chan1 11B: 800000078323f05d580000
[  56.983]       <<< RX chan1 11B: 800000078323f45d580000
[  57.000]       <<< RX chan1 70B: 80000042830204d666e23b5a01ff00000000608590d740051724417474726962...
[  57.016]       <<< RX chan1 84B: 80000050831b0200000004d06cd75c04fa22cd170d000000000000fd01fd0d00...
[  57.033]       <<< RX chan1 11B: 800000078323005e580000
[  57.051]       <<< RX chan1 313B: 80000135830704dc5812745b14000704dc5812745614010d040000000e010000...
[  57.067]       <<< RX chan1 56B: 800000348303049a28fd615d1501011b0400000004db1d544104dfbb964e04e8...
[  57.082]       <<< RX chan1 11B: 8000000783230c5e580000
[quic] DATAGRAM 33B: 03406c00830510798b7001000000007a8b70010000000000000000010000000000
[  57.100]       <<< RX chan1 48B: 8000002c830d000000000000fe01fd0510798b7001000000007a8b7001000000...
[  57.116]       <<< RX chan1 11B: 800000078323145e580000
[  57.132]       <<< RX chan1 11B: 800000078323185e580000
[  57.149]       <<< RX chan1 11B: 8000000783231c5e580000
[  57.167]       <<< RX chan1 239B: 800000eb83030188d45300a127010171d353000201d5ef53002902ffff0189d4...
[  57.184]       <<< RX chan1 47B: 8000002b831b0100000004c73898450d000000000000fd01fd0d00000000030d...
[  57.200]       <<< RX chan1 16B: 8000000c8323245e580023285e580000
[  57.216]       <<< RX chan1 36B: 80000020831b040000000411cc4c0004d199686004de8976320495df3c1b232c...
[  57.232]       <<< RX chan1 37B: 80000021830d000000000000ff01000d00000000020d000000000000ff03ff23...
[  57.249]       <<< RX chan1 11B: 800000078323345e580000
[  57.267]       <<< RX chan1 27B: 80000017830d000000000000fd01fd0d000000000323385e580000
[  57.282]       <<< RX chan1 17B: 8000000d830104a85ef61d233c5e580000
[  57.299]       <<< RX chan1 11B: 800000078323405e580000
[  57.316]       <<< RX chan1 11B: 800000078323445e580000
[  57.333]       <<< RX chan1 11B: 800000078323485e580000
[  57.349]       <<< RX chan1 37B: 80000021830d000000000000fd01fd0d00000000030d000000000000fb000223...
[  57.365]       <<< RX chan1 27B: 80000017830d000000000000ff04ff0d000000000223505e580000
[  57.385]       <<< RX chan1 137B: 80000085831b0100000001d0e453001b1300000001d1e4530001d2e4530001d3...
[  57.398]       <<< RX chan1 11B: 800000078323585e580000
[  57.417]       <<< RX chan1 315B: 80000137830704f4177c715b14000704f4177c715614010d0400000010010000...
[  57.432]       <<< RX chan1 31B: 8000001b830304bd2e08135d1501010d000000000000ff01fe23605e580000
[  57.449]       <<< RX chan1 60B: 80000038830204fb5f7d7a5a01ff0000000040a290d740051724417474726962...
[  57.467]       <<< RX chan1 11B: 800000078323685e580000
[  57.483]       <<< RX chan1 11B: 8000000783236c5e580000
[  57.499]       <<< RX chan1 11B: 800000078323705e580000
[  57.516]       <<< RX chan1 11B: 800000078323745e580000
[  57.532]       <<< RX chan1 11B: 800000078323785e580000
[  57.548]       <<< RX chan1 11B: 8000000783237c5e580000
[  57.567]       <<< RX chan1 21B: 80000011831b0100000004772cbd3e23805e580000
[  57.582]       <<< RX chan1 21B: 80000011831b0100000001e1ef530023845e580000
[  57.601]       <<< RX chan1 11B: 800000078323885e580000
[quic] DATAGRAM 33B: 03406d008305107e8d7001000000007e8d70010000000000000000010000000000
[  57.616]       <<< RX chan1 38B: 800000228305107e8d7001000000007e8d700100000000000000000000000000...
[  57.632]       <<< RX chan1 11B: 800000078323905e580000
[  57.649]       <<< RX chan1 11B: 800000078323945e580000
[  57.668]       <<< RX chan1 11B: 800000078323985e580000
[  57.684]       <<< RX chan1 369B: 8000016d830d0000000000000002ff0d000000000000fefe010d00000000030d...
[  57.700]       <<< RX chan1 11B: 800000078323a05e580000
[  57.716]       <<< RX chan1 21B: 80000011830d000000000000ff01fd23a45e580000
[  57.733]       <<< RX chan1 23B: 80000013830104f24e4f11010159eb530023a85e580000
[  57.749]       <<< RX chan1 11B: 800000078323ac5e580000
[  57.767]       <<< RX chan1 11B: 800000078323b05e580000
[  57.782]       <<< RX chan1 11B: 800000078323b45e580000
[  57.799]       <<< RX chan1 360B: 80000164830204a3cfcf145a01ff00000000a0b890d740051724417474726962...
[  57.816]       <<< RX chan1 21B: 80000011830304de67382d5d15010123bc5e580000
[  57.834]       <<< RX chan1 11B: 800000078323c05e580000
[  57.849]       <<< RX chan1 11B: 800000078323c45e580000
[  57.866]       <<< RX chan1 11B: 800000078323c85e580000
[  57.882]       <<< RX chan1 11B: 800000078323cc5e580000
[  57.900]       <<< RX chan1 11B: 800000078323d05e580000
[  57.915]       <<< RX chan1 21B: 80000011831b0100000004dc58127423d45e580000
[  57.932]       <<< RX chan1 11B: 800000078323d85e580000
[  57.950]       <<< RX chan1 21B: 80000011831b010000000104f0530023dc5e580000
[  57.966]       <<< RX chan1 31B: 8000001b830d0000000000000004ff0d000000000000fb000123e05e580000
[  57.984]       <<< RX chan1 21B: 80000011830d000000000000fefd0123e45e580000
[  58.000]       <<< RX chan1 11B: 800000078323e85e580000
[  58.017]       <<< RX chan1 11B: 800000078323ec5e580000
[  58.033]       <<< RX chan1 11B: 800000078323f05e580000
[  58.051]       <<< RX chan1 11B: 800000078323f45e580000
[  58.065]       <<< RX chan1 11B: 800000078323f85e580000
[  58.082]       <<< RX chan1 11B: 800000078323fc5e580000
[  58.100]       <<< RX chan1 11B: 800000078323005f580000
[quic] DATAGRAM 33B: 03406e00830510728f700100000000728f70010000000000000000010000000000
[  58.116]       <<< RX chan1 54B: 80000032830d000000000000ff03ff0d00000000030510728f70010000000072...
[  58.132]       <<< RX chan1 11B: 800000078323085f580000
[  58.149]       <<< RX chan1 11B: 8000000783230c5f580000
[  58.168]       <<< RX chan1 340B: 80000150830704dbbaab715b14000704dbbaab715614011b04000000043bd4fe...
[  58.183]       <<< RX chan1 21B: 80000011830304b3acf9785d15010123145f580000
[  58.200]       <<< RX chan1 65B: 8000003d8323145f580002040ae58f795a01ff0000000040d290d74005172441...
[  58.216]       <<< RX chan1 46B: 8000002a831b0200000004b2c6a77504bb69da3d0d0000000000000001ff0d00...
[  58.232]       <<< RX chan1 21B: 80000011830d000000000000fd010123205f580000
[  58.249]       <<< RX chan1 11B: 800000078323245f580000
[  58.265]       <<< RX chan1 11B: 800000078323285f580000
[  58.285]       <<< RX chan1 31B: 8000001b831b010000000124f053001b0100000004f4177c71232c5f580000
[  58.299]       <<< RX chan1 11B: 800000078323305f580000
[  58.316]       <<< RX chan1 27B: 80000017830d00000000000006ff060d000000000223345f580000
[  58.333]       <<< RX chan1 11B: 800000078323385f580000
[  58.349]       <<< RX chan1 41B: 80000025831b0500000004de67382d047692667e043cc1334904dbce2806040a...
[  58.366]       <<< RX chan1 11B: 800000078323405f580000
[  58.382]       <<< RX chan1 11B: 800000078323445f580000
[  58.401]       <<< RX chan1 11B: 800000078323485f580000
[  58.415]       <<< RX chan1 11B: 8000000783234c5f580000
[  58.433]       <<< RX chan1 31B: 8000001b830d000000000000fefb010d0000000000000003fe23505f580000
[  58.449]       <<< RX chan1 11B: 800000078323545f580000
[  58.466]       <<< RX chan1 11B: 800000078323585f580000
[  58.482]       <<< RX chan1 21B: 80000011830d0000000000000001fe235c5f580000
[  58.499]       <<< RX chan1 21B: 80000011830d00000000000007ff0723605f580000
[  58.518]       <<< RX chan1 21B: 80000011830d0000000000000101ff23645f580000
[  58.533]       <<< RX chan1 11B: 800000078323685f580000
[  58.550]       <<< RX chan1 313B: 80000135830704b8d201515b14000704b8d201515614010d040000000e010000...
[  58.565]       <<< RX chan1 21B: 80000011830304fb42c1015d15010123705f580000
[  58.582]       <<< RX chan1 21B: 80000011831b010000000144f0530023745f580000
[  58.600]       <<< RX chan1 11B: 800000078323785f580000
[quic] DATAGRAM 33B: 03406f008305106791700100000000679170010000000000000000010000000000
[  58.618]       <<< RX chan1 107B: 8000006783020429249d0f5a01ff00000000e0ec90d740051724417474726962...
[  58.632]       <<< RX chan1 11B: 800000078323805f580000
[  58.649]       <<< RX chan1 11B: 800000078323845f580000
[  58.666]       <<< RX chan1 31B: 8000001b831b01000000014af053000d00000000000007fe0823885f580000
[  58.683]       <<< RX chan1 11B: 8000000783238c5f580000
[  58.700]       <<< RX chan1 21B: 80000011830d0000000000000002fe23905f580000
[  58.716]       <<< RX chan1 36B: 80000020831b040000000476849443049ca0b53704a1f2914e04d666e23b2394...
[  58.734]       <<< RX chan1 11B: 800000078323985f580000
[  58.750]       <<< RX chan1 277B: 80000111830204cb88742e2b00ff0080078cc200fa774180af8b42020615526f...
[  58.770]       <<< RX chan1 1046B: 800004128301010cd55300010104d553000101fcd453000101d9d453000101a9...
[  58.784]       <<< RX chan1 313B: 800001358303013cd453007d130101030105d553007d1301010301fdd453007d...
[  58.799]       <<< RX chan1 133B: 8000008183010186f0530002018af053004f010901edd453000a0189d45300ff...
[  58.816]       <<< RX chan1 149B: 800000918301018af0530002018df053004f010901edd453000a0189d45300ff...
[  58.834]       <<< RX chan1 133B: 800000818301018df05300020190f053004f010901edd453000a0189d45300ff...
[  58.851]       <<< RX chan1 143B: 8000008b831b01000000015af05300010190f05300020193f053004f010901ed...
[  58.866]       <<< RX chan1 133B: 8000008183010193f05300020196f053004f010901edd453000a0189d45300ff...
[  58.883]       <<< RX chan1 133B: 8000008183010196f05300020199f053004f010901edd453000a0189d45300ff...
[  58.900]       <<< RX chan1 133B: 8000008183010199f0530002019cf053004f010901edd453000a0189d45300ff...
[  58.918]       <<< RX chan1 437B: 800001b183070403fd1a695b1400070403fd1a6956140101019cf053000201a3...
[  58.933]       <<< RX chan1 153B: 80000095830304c8fb997c5d1501010101a3f053000201a7f053004f010901ed...
[  58.951]       <<< RX chan1 133B: 80000081830101a7f053000201aaf053004f010901edd453000a0189d45300ff...
[  58.966]       <<< RX chan1 152B: 80000094830101aaf05300070113d45300190100000000000000000000040201...
[  58.982]       <<< RX chan1 133B: 80000081830101aff053000201b2f053004f010901edd453000a0189d45300ff...
[  59.000]       <<< RX chan1 204B: 800000c883020422c231175a01ff00000000600591d740051724417474726962...
[  59.017]       <<< RX chan1 168B: 800000a4831b0400000004e7a28c63049b01357f04ec41f11e017be653000101...
[  59.033]       <<< RX chan1 185B: 800000b5831b01000000016af053001b0100000004dbbaab710101baf0530002...
[  59.050]       <<< RX chan1 139B: 80000087830101bdf05300010443a34a340201c0f053004f010901edd453000a...
[  59.066]       <<< RX chan1 133B: 80000081830101c0f053000201c4f053004f010901edd453000a0189d45300ff...
[  59.082]       <<< RX chan1 133B: 80000081830101c4f053000201c7f053004f010901edd453000a0189d45300ff...
[  59.101]       <<< RX chan1 143B: 8000008b831b010000000189f053000101c7f053000201caf053004f010901ed...
[  59.115]       <<< RX chan1 158B: 8000009a831b04000000049a28fd6104b572817104d25b9e1b04fb5f7d7a0101...
[quic] DATAGRAM 33B: 034070008305106a937001000000006a9370010000000000000000010000000000
[  59.132]       <<< RX chan1 160B: 8000009c830101cdf053000201d0f053004f010901edd453000a0189d45300ff...
[  59.149]       <<< RX chan1 163B: 8000009f831b0500000004fb42c10104d8cc651e04943f465d04b8d201510422...
[  59.167]       <<< RX chan1 139B: 80000087830101d3f05300010133ef53000201d6f053004f010901edd453000a...
[  59.183]       <<< RX chan1 143B: 8000008b830101d6f053000201d9f053004f010901edd453000a0189d45300ff...
[  59.199]       <<< RX chan1 138B: 800000868323046058000101d9f053000201dcf053004f010901edd453000a01...
[  59.216]       <<< RX chan1 133B: 80000081830101dcf053000201e0f053004f010901edd453000a0189d45300ff...
[  59.232]       <<< RX chan1 133B: 80000081830101e0f053000201e3f053004f010901edd453000a0189d45300ff...
[  59.248]       <<< RX chan1 133B: 80000081830101e3f053000201e6f053004f010901edd453000a0189d45300ff...
[  59.268]       <<< RX chan1 438B: 800001b2830704451c5f595b14000704451c5f595614010101e6f053000201ed...
[  59.283]       <<< RX chan1 143B: 8000008b830304999757145d1501010101edf053000201f1f053004f010901ed...
[  59.299]       <<< RX chan1 133B: 80000081830101f1f053000201f4f053004f010901edd453000a0189d45300ff...
[  59.316]       <<< RX chan1 153B: 80000095831b0100000001b9f053000101f4f053000201f9f053004f010901ed...
[  59.332]       <<< RX chan1 133B: 80000081830101f9f053000201fcf053004f010901edd453000a0189d45300ff...
[  59.349]       <<< RX chan1 155B: 80000097830101fcf053000201fff053004f010901edd453000a0189d45300ff...
[  59.366]       <<< RX chan1 143B: 8000008b831b0100000001c3f053000101fff05300020103f153004f010901ed...
[  59.384]       <<< RX chan1 133B: 8000008183010103f15300020106f153004f010901edd453000a0189d45300ff...
[  59.400]       <<< RX chan1 143B: 8000008b83010106f1530002010af153004f010901edd453000a0189d45300ff...
[  59.417]       <<< RX chan1 207B: 800000cb83020496ae081e5a01ff00000000202091d740051724417474726962...
[  59.433]       <<< RX chan1 133B: 800000818301010ef15300020111f153004f010901edd453000a0189d45300ff...
[  59.449]       <<< RX chan1 133B: 8000008183010111f15300020114f153004f010901edd453000a0189d45300ff...
[  59.466]       <<< RX chan1 133B: 8000008183010114f15300020117f153004f010901edd453000a0189d45300ff...
[  59.482]       <<< RX chan1 145B: 8000008d83010117f153000104dd6b6f2e01018def530002011af153004f0109...
[  59.500]       <<< RX chan1 143B: 8000008b8301011af1530002011df153004f010901edd453000a0189d45300ff...
[  59.516]       <<< RX chan1 143B: 8000008b831b0100000001dff0530001011df15300020120f153004f010901ed...
[  59.533]       <<< RX chan1 133B: 8000008183010120f15300020123f153004f010901edd453000a0189d45300ff...
[  59.550]       <<< RX chan1 139B: 8000008783010123f15300020126f153004f010901edd453000a0189d45300ff...
[  59.566]       <<< RX chan1 506B: 800001f6831b0500000004c8fb997c0411587c2b04185d675c0403fd1a690496...
[  59.582]       <<< RX chan1 133B: 800000818301012af1530002012df153004f010901edd453000a0189d45300ff...
[  59.601]       <<< RX chan1 133B: 800000818301012df15300020130f153004f010901edd453000a0189d45300ff...
[  59.617]       <<< RX chan1 133B: 8000008183010130f15300020133f153004f010901edd453000a0189d45300ff...
[quic] DATAGRAM 33B: 034071008305105f957001000000005f9570010000000000000000010000000000
[  59.634]       <<< RX chan1 470B: 800001d28307045bb96e565b140007045bb96e56561401010133f1530002013c...
[  59.649]       <<< RX chan1 143B: 8000008b830304ffef8c0f5d15010101013cf15300020140f153004f010901ed...
[  59.666]       <<< RX chan1 143B: 8000008b831b010000000102f15300010140f15300020143f153004f010901ed...
[  59.683]       <<< RX chan1 149B: 8000009183010143f15300020148f153004f010901edd453000a0189d45300ff...
[  59.699]       <<< RX chan1 153B: 80000095831b010000000109f15300010148f1530002014bf153004f010901ed...
[  59.718]       <<< RX chan1 133B: 800000818301014bf1530002014ff153004f010901edd453000a0189d45300ff...
[  59.733]       <<< RX chan1 133B: 800000818301014ff15300020152f153004f010901edd453000a0189d45300ff...
[  59.750]       <<< RX chan1 155B: 8000009783010152f15300010185cf5300020155f153004f010901edd453000a...
[  59.767]       <<< RX chan1 293B: 8000012183010155f153001b010000000172f053001b010000000173f053001b...
[  59.782]       <<< RX chan1 133B: 8000008183010158f1530002015bf153004f010901edd453000a0189d45300ff...
[  59.799]       <<< RX chan1 133B: 800000818301015bf1530002015ff153004f010901edd453000a0189d45300ff...
[  59.816]       <<< RX chan1 133B: 800000818301015ff15300020162f153004f010901edd453000a0189d45300ff...
[  59.833]       <<< RX chan1 133B: 8000008183010162f15300020165f153004f010901edd453000a0189d45300ff...
[  59.849]       <<< RX chan1 182B: 800000b2830204a8a71a215a01ff00000000e03b91d740051724417474726962...
[  59.866]       <<< RX chan1 143B: 8000008b831b010000000129f1530001016af1530002016df153004f010901ed...
[  59.883]       <<< RX chan1 143B: 8000008b8301016df15300020171f153004f010901edd453000a0189d45300ff...
[  59.900]       <<< RX chan1 133B: 8000008183010171f15300020174f153004f010901edd453000a0189d45300ff...
[  59.916]       <<< RX chan1 133B: 8000008183010174f15300020177f153004f010901edd453000a0189d45300ff...
[  59.936]       <<< RX chan1 143B: 8000008b831b01000000013bf15300010177f1530002017af153004f010901ed...
[  59.949]       <<< RX chan1 133B: 800000818301017af1530002017ff153004f010901edd453000a0189d45300ff...
[  59.965]       <<< RX chan1 133B: 800000818301017ff15300020183f153004f010901edd453000a0189d45300ff...
[  59.982]       <<< RX chan1 145B: 8000008d83010183f15300020186f153004f010901edd453000a0189d45300ff...
[  60.002]       <<< RX chan1 477B: 800001d98307046788b3755b140007046788b3755614011b0500000004999757...
[  60.016]       <<< RX chan1 173B: 800000a9830304832d40765d1501011b01000000014ef1530001018df1530002...
[  60.034]       <<< RX chan1 143B: 8000008b83010191f15300020194f153004f010901edd453000a0189d45300ff...
[  60.051]       <<< RX chan1 143B: 8000008b83010194f15300020199f153004f010901edd453000a0189d45300ff...
[  60.067]       <<< RX chan1 143B: 8000008b83010199f1530002019cf153004f010901edd453000a0189d45300ff...
[  60.083]       <<< RX chan1 213B: 800000d18301019cf153000201a1f15300cb00ff000024744901000040410400...
[  60.105]       <<< RX chan1 1154B: 80000516830201a5f153005b010001a6d65300ff050763726561746f72ff01eb...
[  60.105]       <<< RX chan1 152B: 000201c2f153005b010001a6d65300ff050763726561746f72ff01cbeb53001b...
[  60.105]       <<< RX chan1 668B: 80000298831b0100000001c5f153000201c6f153005b010001a6d65300ff0507...
[  60.118]       <<< RX chan1 1154B: 80001532830101cdf153001b0200000001e9ea530001eaea5300030124ea5300...
[  60.118]       <<< RX chan1 1154B: a943a12a6d1ea6a03bcd0d99cd50e584d83137219af8d746435510d27611b8c9...
[  60.118]       <<< RX chan1 1154B: 3c25e2b317b848c02a3c8602bc4ae5929487844e6dabe30d705a2dfd2d8a6aa7...
[  60.118]       <<< RX chan1 1154B: 549c1c3568ff9917c38ffd3027b43640232cf53cf7d32f97cf2431fb5f8e7d59...
[  60.118]       <<< RX chan1 814B: dc78b2af6eef602edbf1edb3eb8cb318c0cb64012e795c319dd86ee9bcf23e8c...
[  60.118]       <<< RX chan1 11B: 800000078323e460580000
[  60.132]       <<< RX chan1 143B: 8000008b830101d5f153000201d8f153004f010901edd453000a0189d45300ff...
[quic] DATAGRAM 33B: 034072008305106397700100000000649770010000000000000000010000000000
[  60.149]       <<< RX chan1 180B: 800000b0831b010000000169f153000101d8f153000201dcf153004f010901ed...
[  60.167]       <<< RX chan1 133B: 80000081830101dcf153000201e0f153004f010901edd453000a0189d45300ff...
[  60.184]       <<< RX chan1 192B: 800000bc831b010000000170f1530002043fd6040c5a01ff00000000205191d7...
[  60.200]       <<< RX chan1 148B: 800000908323f46058000101e4f153000201e9f153004f010901edd453000a01...
[  60.217]       <<< RX chan1 168B: 800000a4831b0400000004b3acf97804abffaa3304bc85db280429249d0f0101...
[  60.233]       <<< RX chan1 143B: 8000008b830101ecf153000201eff153004f010901edd453000a0189d45300ff...
[  60.248]       <<< RX chan1 153B: 80000095830101eff153000201f2f153004f010901edd453000a0189d45300ff...
[  60.270]       <<< RX chan1 163B: 8000009f831b010000000182f153000101f2f153000201f5f153004f010901ed...
[  60.284]       <<< RX chan1 669B: 800002998307019ddd5300190100000000000000000000040101f5f153000201...
[  60.300]       <<< RX chan1 163B: 8000009f830101f8f153000201fcf153004f010901edd453000a0189d45300ff...
[  60.317]       <<< RX chan1 1154B: 80004c78830101fcf153000201fff153004f010901edd453000a0189d45300ff...
[  60.317]       <<< RX chan1 1154B: 0ca08e83c5cdebd031623f2905b5999ffcbc2b6e1baaa7a427ad18e7482b8f1b...
[  60.317]       <<< RX chan1 1154B: 646169615d65655551494541414d4d619d9cb05454572c2c77bf3ad0646555ad...
[  60.317]       <<< RX chan1 1154B: b12db0aab131aa292f272d56f62acb6a5565b292a2767551a3a0a092a0908cb0...
[  60.317]       <<< RX chan1 1154B: 773b0f1797605d4949493d55393965a9a6ac53d66a147529090aeac948abd54a...
[  60.317]       <<< RX chan1 1154B: 4e542ae30df853e3bf8970bb8849d1cb98960f23c79c971386f0e530f79f7c46...
[  60.317]       <<< RX chan1 1154B: 9d121dc3fa4763c1a0f88f4e2abd60f4306a493412ffb8e7b4e4d6d60f6ea188...
[  60.317]       <<< RX chan1 1154B: f18774338aab724678757890fa2f81deb89a29484ff79eb7e115196bd594d14f...
[  60.317]       <<< RX chan1 1154B: 694c2a61bd13a13426921a75b6e22c1fa2570d2bfc3fcaecc4da37145a431faa...
[  60.317]       <<< RX chan1 1154B: 67fa8e95127db829164f71f0e94c4126eeee4fb55924763ed1a133bb6835d566...
[  60.317]       <<< RX chan1 1154B: b41cd6b39218621f3562a8e5b0de560ad7975a80d472586fab0235af24486b39...
[  60.317]       <<< RX chan1 1154B: 0b1d5d00d7def7fd735bf1fae81e37da7e09d0dfbe0e85e91e857d1f1d83b8b1...
[  60.318]       <<< RX chan1 1154B: 114e7dc6bae9f5afbf7b58f14963ac9bfbd2cb533d6b73c413bb834e7ec0c257...
[  60.318]       <<< RX chan1 1154B: be8e5ce6f313becbd2d8e45bddceeba728efc4878781b7bd8b1e0e4bf07b22a2...
[  60.318]       <<< RX chan1 1154B: d0554ef4ea33177abb3d67980a3509adf167a0f8a670a998cbbdf2cb2d76c13c...
[  60.318]       <<< RX chan1 1154B: 129f86f56e7ef0b124af2e5471a3ddb3192cf78d98fd2b0ba08fe7716a7c98ff...
[  60.318]       <<< RX chan1 1116B: c78d66604e9e93da83e6273b31da785fa7ee701711b6afa09137df9aab95eb3e...
[  60.318]       <<< RX chan1 11B: 8000000783231461580000
[  60.332]       <<< RX chan1 656B: 8000028c830101fff15300020103f253004f010901edd453000a0189d45300ff...
[  60.351]       <<< RX chan1 149B: 8000009183010103f25300020106f253004f010901edd453000a0189d45300ff...
[  60.366]       <<< RX chan1 447B: 800001bb83070472fe421a5b1400070472fe421a561401010106f2530002010f...
[  60.384]       <<< RX chan1 163B: 8000009f830304f254276a5d1501011b01000000019ff1530001010ff2530002...
[  60.400]       <<< RX chan1 153B: 80000095831b0100000001ccf15300010113f25300020116f253004f010901ed...
[  60.416]       <<< RX chan1 610B: 8000025e83010116f2530002011bf253004f010901edd453000a0189d45300ff...
[  60.434]       <<< RX chan1 620B: 800002688301011bf2530002011ef253004f010901edd453000a0189d45300ff...
[  60.450]       <<< RX chan1 584B: 800002448301011ef25300020121f253004f010901edd453000a0189d45300ff...
[  60.466]       <<< RX chan1 153B: 8000009583010121f25300020124f253004f010901edd453000a0189d45300ff...
[  60.482]       <<< RX chan1 153B: 8000009583010124f25300020128f253004f010901edd453000a0189d45300ff...
[  60.500]       <<< RX chan1 153B: 80000095831b01000000045bb96e56010128f2530002012bf253004f010901ed...
[  60.518]       <<< RX chan1 169B: 800000a58301012bf2530002012ef253004f010901edd453000a0189d45300ff...
[  60.535]       <<< RX chan1 153B: 800000958301012ef25300020131f253004f010901edd453000a0189d45300ff...
[  60.551]       <<< RX chan1 149B: 8000009183010131f25300020134f253004f010901edd453000a0189d45300ff...
[  60.567]       <<< RX chan1 153B: 8000009583010134f25300020137f253004f010901edd453000a0189d45300ff...
[  60.583]       <<< RX chan1 192B: 800000bc830204395f27065a01ff00000000c06a91d740051724417474726962...
[  60.601]       <<< RX chan1 163B: 8000009f831b0100000001fbf1530001013bf2530002013ef253004f010901ed...
[  60.618]       <<< RX chan1 163B: 8000009f8301013ef25300020141f253004f010901edd453000a0189d45300ff...
[  60.634]       <<< RX chan1 143B: 8000008b83010141f25300020144f253004f010901edd453000a0189d45300ff...
[quic] DATAGRAM 33B: 034073008305105899700100000000589970010000000000000000010000000000
[  60.650]       <<< RX chan1 170B: 800000a683010144f25300020148f253004f010901edd453000a0189d45300ff...
[  60.666]       <<< RX chan1 153B: 8000009583010148f2530002014bf253004f010901edd453000a0189d45300ff...
[  60.684]       <<< RX chan1 159B: 8000009b8301014bf2530002014ff253004f010901edd453000a0189d45300ff...
[  60.700]       <<< RX chan1 159B: 8000009b8301014ff25300020152f253004f010901edd453000a0189d45300ff...
[  60.718]       <<< RX chan1 153B: 8000009583010152f25300020155f253004f010901edd453000a0189d45300ff...
[  60.733]       <<< RX chan1 159B: 8000009b83010155f25300020158f253004f010901edd453000a0189d45300ff...
[  60.751]       <<< RX chan1 467B: 800001cf830704c91ae66e5b14000704c91ae66e561401010158f2530002015f...
[  60.768]       <<< RX chan1 189B: 800000b9830304840acf465d15010101015ff25300020163f253004f010901ed...
[  60.784]       <<< RX chan1 173B: 800000a9831b010000000127f25300010163f25300020166f253004f010901ed...
[  60.801]       <<< RX chan1 143B: 8000008b83010166f2530002016cf253004f010901edd453000a0189d45300ff...
[  60.818]       <<< RX chan1 238B: 800000ea830204322597415a01ff00000000a07991d740051324417474726962...
[  60.833]       <<< RX chan1 163B: 8000009f83010174f25300020177f253004f010901edd453000a0189d45300ff...
[  60.852]       <<< RX chan1 169B: 800000a583010177f2530002017af253004f010901edd453000a0189d45300ff...
[  60.867]       <<< RX chan1 153B: 80000095831b01000000046788b37501017af2530002017df253004f010901ed...
[  60.884]       <<< RX chan1 143B: 8000008b8301017df25300020180f253004f010901edd453000a0189d45300ff...
[  60.899]       <<< RX chan1 143B: 8000008b83010180f25300020183f253004f010901edd453000a0189d45300ff...
[  60.916]       <<< RX chan1 143B: 8000008b83010183f25300020186f253004f010901edd453000a0189d45300ff...
[  60.935]       <<< RX chan1 173B: 800000a983010186f2530002018af253004f010901edd453000a0189d45300ff...
[  60.950]       <<< RX chan1 173B: 800000a9831b010000000147f2530001018af2530002018df253004f010901ed...
[  60.966]       <<< RX chan1 218B: 800000d68302045786fc345a01ff00000000408391d740051724417474726962...
[  60.983]       <<< RX chan1 153B: 8000009583010191f25300020194f253004f010901edd453000a0189d45300ff...
[  61.000]       <<< RX chan1 143B: 8000008b83010194f25300020197f253004f010901edd453000a0189d45300ff...
[  61.019]       <<< RX chan1 169B: 800000a583010197f2530002019af253004f010901edd453000a0189d45300ff...
[  61.035]       <<< RX chan1 153B: 800000958301019af2530002019df253004f010901edd453000a0189d45300ff...
[  61.050]       <<< RX chan1 143B: 8000008b8301019df253000201a1f253004f010901edd453000a0189d45300ff...
[  61.067]       <<< RX chan1 181B: 800000b1830101a1f2530001013cd45300010138d453000201a4f253004f0109...
[  61.084]       <<< RX chan1 153B: 80000095830101a4f253000201a7f253004f010901edd453000a0189d45300ff...
[  61.101]       <<< RX chan1 221B: 800000d9831b01000000016bf253000101a7f253001b0100000001b5f153001b...
[  61.116]       <<< RX chan1 143B: 8000008b830101aaf253000201adf253004f010901edd453000a0189d45300ff...
[  61.133]       <<< RX chan1 143B: 8000008b830101adf253000201b0f253004f010901edd453000a0189d45300ff...
[  61.151]       <<< RX chan1 153B: 80000095830101b0f253000201b3f253004f010901edd453000a0189d45300ff...
[quic] DATAGRAM 33B: 034074008305105d9b7001000000005e9b70010000000000000000010000000000
[  61.168]       <<< RX chan1 578B: 8000023e83070400db46655b1400070400db46655614010101b3f253000201bc...
[  61.189]       <<< RX chan1 85B: 8000005183030496653a165d1501010201c0f253005b01000169d25300ff0507...
[  61.202]       <<< RX chan1 16B: 8000000c8323e461580023e861580000
[  61.218]       <<< RX chan1 21B: 80000011830d00000000000007fc0123ec61580000
[  61.233]       <<< RX chan1 170B: 800000a6831b010000000189f253001b010000000472fe421a0d000000000000...
[  61.253]       <<< RX chan1 148B: 80000090830d000000000000ff04000d000000000000fef8000d010000006700...
[  61.268]       <<< RX chan1 560B: 8000022c830d000000000000fe01fe0d000000000000ff01000d0c0000000302...
[  61.284]       <<< RX chan1 589B: 80000249830d0b00000034020000a103000028b52ffd60a102551100c41c01eb...
[  61.300]       <<< RX chan1 31B: 8000001b830d000000000000fd02010d000000000000ff0101230062580000
[  61.318]       <<< RX chan1 11B: 8000000783230462580000
[  61.335]       <<< RX chan1 257B: 800000fd830d000000000000ff04000d000000000000fcf9fe0d000000000000...
[  61.352]       <<< RX chan1 80B: 8000004c831b0100000001a0f253000204952cd5545a01ff00000000e09b91d7...
[  61.368]       <<< RX chan1 39B: 800000238301012bd45300010128d453000d000000000000fe02000d00000000...
[  61.384]       <<< RX chan1 11B: 8000000783231462580000
[  61.402]       <<< RX chan1 278B: 80000112831b02000000019aea5300019bea5300030157e45300a127010156e4...
[  61.419]       <<< RX chan1 31B: 8000001b830d000000000000ff04000d000000000000ff0101231c62580000
[  61.434]       <<< RX chan1 158B: 8000009a830d000000000000ff02000d00000000020d000000000000fe02ff0d...
[  61.450]       <<< RX chan1 41B: 80000025830d00000000000007fa010d000000000000fc02010d000000000000...
[  61.466]       <<< RX chan1 43B: 80000027831b0100000001baf253000d00000000020d00000000010d00000000...
[  61.486]       <<< RX chan1 149B: 80000091830d000000000000fcf8fe0d000000000000fe01020d010000006800...
[  61.501]       <<< RX chan1 61B: 80000039831b0500000004840acf46043763d63004817c660004c91ae66e0495...
[  61.518]       <<< RX chan1 164B: 800000a0831b0100000001c7f25300010459efb217010171f053000d00000000...
[  61.534]       <<< RX chan1 11B: 8000000783233862580000
[  61.550]       <<< RX chan1 142B: 8000008a830d000000000000fd02ff0d010000006b0000006200000028b52ffd...
[  61.567]       <<< RX chan1 187B: 800000b7831b0400000001a6ea530001a7ea530001a8ea53000132ef53000d00...
[  61.585]       <<< RX chan1 37B: 80000021830d000000000000ff04000d00000000020d000000000000ff020123...
[  61.601]       <<< RX chan1 43B: 8000002783010166d45300010162d453000d000000000000fd01020d00000000...
[  61.618]       <<< RX chan1 21B: 80000011830d00000000000008f901234c62580000
[  61.633]       <<< RX chan1 53B: 80000031830d000000000000fc02020d000000000000fe03000d00000000030d...
[  61.651]       <<< RX chan1 41B: 80000025830d000000000000fe04010d000000000000fd04ff0d000000000000...
[quic] DATAGRAM 33B: 03407500830510519d700100000000529d70010000000000000000010000000000
[  61.668]       <<< RX chan1 74B: 80000046830d000000000000ff04010d00000000000007f8010d00000000030d...
[  61.683]       <<< RX chan1 11B: 8000000783235c62580000
[  61.700]       <<< RX chan1 21B: 80000011830d000000000000fc02fe236062580000
[  61.716]       <<< RX chan1 46B: 8000002a831b0400000004ffef8c0f04e043e4330403e2cf5a043fd6040c0d00...
[  61.733]       <<< RX chan1 76B: 80000048830204e69c1e3c5a01ff0000000060b491d740051724417474726962...
[  61.750]       <<< RX chan1 57B: 80000035830d000000000000fc03000d00000000000002ff040d000000000000...
[  61.769]       <<< RX chan1 389B: 80000181830204b6edad2c5a01ff0000000080b691d740051224417474726962...
[  61.783]       <<< RX chan1 31B: 8000001b8303044eebd75f5d1501010d000000000000fd03ff237462580000
[  61.800]       <<< RX chan1 51B: 8000002f830d000000000000fe05010d000000000000fd05fe0d000000000000...
[  61.816]       <<< RX chan1 21B: 80000011830d000000000000fc05fe237c62580000
[  61.835]       <<< RX chan1 57B: 80000035830d000000000000ff04010d000000000000fc03fe0d000000000000...
[  61.851]       <<< RX chan1 268B: 80000108831b0200000001d9f2530001daf2530003015ee45300a127000156e4...
[  61.869]       <<< RX chan1 41B: 80000025830d000000000000ff04000d000000000000fd01040d000000000000...
[  61.885]       <<< RX chan1 318B: 8000013a831b0100000001e6f253001b050000000496653a160489e9386e04f5...
[  61.902]       <<< RX chan1 11B: 8000000783239062580000
[  61.917]       <<< RX chan1 33B: 8000001d830d000000000000fc03ff0d00000000010d00000000022394625800...
[  61.917] == summary == challenge=yes answered=yes peer=yes resets=0 chan1_rx=934712 dummy_rx=0
[  61.917] == solved=yes answer=0xd1ddf3bd solve_ms=1 tx=3339 rx=4321 dropped=0 err=
[  61.917]   stream 0: rx=0 fin=0 reset=0 code=0
[  61.917]   stream 3: rx=69 fin=0 reset=0 code=0
[  61.917]   stream 4: rx=0 fin=0 reset=0 code=0
[  61.917]   stream 7: rx=13 fin=0 reset=0 code=0
[  61.917]   stream 8: rx=0 fin=0 reset=0 code=0
[  61.917]   stream 11: rx=7 fin=0 reset=0 code=0
[  61.917]   stream 15: rx=934719 fin=0 reset=0 code=0
[  61.917]   stream 19: rx=7 fin=0 reset=0 code=0
[  61.917]   stream 23: rx=7 fin=0 reset=0 code=0
[  61.917]   stream 27: rx=7 fin=0 reset=0 code=0
[  61.917]   stream 31: rx=7 fin=0 reset=0 code=0
[  61.917]   stream 35: rx=7 fin=0 reset=0 code=0
[  61.917]   stream 39: rx=7 fin=0 reset=0 code=0
[  61.917]   stream 43: rx=7 fin=0 reset=0 code=0
[  61.917]   stream 47: rx=7 fin=0 reset=0 code=0
