[   0.000] join: place=1818 ...
[   1.512] join: OK job=2718c55d-b845-4747-b287-12a6793e483a
[   1.512] == join: place=1818 job=2718c55d-b845-4747-b287-12a6793e483a udp=128.116.2.33:61269 rcc=10.37.8.91 alpn=rbx-rtcio caps=002dd3c750b70892 ==
[quic] server caps ext: len=8 present=1
[quic] handshake completed (ALPN=rbx-rtcio cipher=TLS_AES_256_GCM_SHA384)
[   1.835] -> open stream 0 app=4 chan=1668575852 ctrl
[   1.835] -> send ctrl hello 2B
[   1.835] -> send openU c3 10B
[   1.835] -> send openU c5 10B
[   1.835] -> send openU c6 10B
[   1.835] -> send openU c11 10B
[   1.835] -> open stream 4 app=4 chan=1 chan1
[   1.835] -> send EARLY-AUTH 103B
[   1.836] -> send A7-real(99B) 99B
[   1.837] -> send 90 10612B
[   1.837] -> send 92 11B
[   1.838] -> send 8A 1765B
[   1.838] -> send 8F 2B
[   1.838] handshake=OK alpn=rbx-rtcio cipher=TLS_AES_256_GCM_SHA384 peer_caps=022dd3ef52ff0892 present=1
[quic] server caps ext: len=8 present=1
[quic] handshake completed (ALPN=rbx-rtcio cipher=TLS_AES_256_GCM_SHA384)
[   2.158]   DUMMY -> open stream 0 app=6 chan=1668575852
[   2.158]   DUMMY -> send hello 2B
[   2.158]   DUMMY -> send openU c2 10B
[   2.158]   DUMMY -> send openU c3 10B
[   2.159]   DUMMY -> open stream 4 app=6 chan=1
[   2.159]   DUMMY -> open stream 8 app=6 chan=3
[   2.159]   DUMMY -> send sync#0 25B
[   2.159]   DUMMY -> send ping#0 77B
[   2.159] dummy handshake=OK
[quic] handshake confirmed
[   2.160]   <<< SERVER STREAM 3 app=4 chan=1668575852
[   2.160]   <<< SERVER STREAM 7 app=0 chan=1668575852
[   2.160]       <<< RX app=0 chan=1668575852 6B: 800000020000
[   2.160]       <<< RX app=4 chan=1668575852 6B: 800000020000
[   2.160]   <<< SERVER STREAM 11 app=4 chan=0
[   2.160]   <<< SERVER STREAM 15 app=4 chan=1
[   2.160]   <<< SERVER STREAM 19 app=4 chan=2
[   2.160]       <<< RX app=4 chan=1668575852 14B: 8000000a02040000000300000003
[   2.160]      ctrl OpenUnreliable app=4 chan=3 wire=3
[   2.160]   <<< SERVER STREAM 23 app=4 chan=4
[   2.160]   <<< SERVER STREAM 27 app=4 chan=7
[   2.160]   <<< SERVER STREAM 31 app=4 chan=8
[   2.160]   <<< SERVER STREAM 35 app=4 chan=9
[   2.160]   <<< SERVER STREAM 39 app=4 chan=10
[   2.160]   <<< SERVER STREAM 43 app=4 chan=12
[   2.160]   <<< SERVER STREAM 47 app=4 chan=13
[   2.160]       <<< RX app=4 chan=1668575852 14B: 8000000a02040000000500000005
[   2.160]      ctrl OpenUnreliable app=4 chan=5 wire=5
[   2.160]       <<< RX app=4 chan=1668575852 14B: 8000000a02040000000600000007
[   2.160]      ctrl OpenUnreliable app=4 chan=6 wire=7
[   2.160]       <<< RX app=4 chan=1668575852 14B: 8000000a02040000000b00000009
[   2.160]      ctrl OpenUnreliable app=4 chan=11 wire=9
[   2.160]       <<< RX chan1 1154B: 8000070f93002f000c00434c4931393837313856657201003320005573657250...
[   2.160]       <<< RX chan1 657B: 536372697074735265666163746f72310400747275651b00557365724162696c...
[   2.300]       <<< RX chan1 1156B: 8000079f9bd723f0860352e42a92070000f705d8b273e63e27c52bcd36f1789d...
[   2.300]       <<< RX chan1 799B: 803ceeb91af6102e11e0796672920cb1a551b10d9c167e0fbee99493b9bbed3c...
[   2.301]   *** CHALLENGE u1=0x86f023d7 u2=0x2ae45203 blob=1938B -> run/oracle_challenge.bin
[   2.302]   -> LOCAL ANSWER 0x3066e501 (solved in 1ms), sending
[   2.302] -> send 9B-LOCAL 9B
[quic] handshake confirmed
[quic] DATAGRAM 36B: 05010003fa4715010000000000000000000000008d4337bf5e5d0600d375fbbd05000000
[   2.303]   DUMMY <<< SERVER STREAM 3 app=6 chan=1668575852
[   2.303]   DUMMY <<< SERVER STREAM 7 app=0 chan=1668575852
[   2.303]   DUMMY <<< RX app=0 chan=1668575852 6B: 800000020000
[   2.303]   DUMMY <<< SERVER STREAM 11 app=6 chan=1
[   2.303]   DUMMY <<< RX app=6 chan=1668575852 6B: 800000020000
[   2.303]   DUMMY <<< RX app=6 chan=1668575852 14B: 8000000a02060000000200000003
[   2.303]   DUMMY <<< RX app=6 chan=1668575852 14B: 8000000a02060000000300000005
[   2.303]   DUMMY <<< RX app=6 chan=1 81B: 8000004d0858fbbded5ddc184000000001505050505050505050505050505050...
[   2.304]       <<< RX chan1 1156B: 8000cfac97a3cf00001460050028b52ffda014600500ac32027a7e0a7a55d094...
[   2.304]   *** POST-ANSWER TRAFFIC on chan1 — server kept the session (peer assignment / replication)
[   2.304]       <<< RX chan1 1156B: 1d693476e3d8d2d196b3bddf2a577f3a025dffc8fd8db6dcfdcdd855b9bf91a7...
[   2.354]       <<< RX chan1 1156B: 153e1d79321a054f8df6d960262ffff0616842cb7424d6d5a88df2c1ee0ab91a...
[   2.354]       <<< RX chan1 1156B: 1cc676b8f6fd15f894ab480ff11cedea3d374323f6e3aeb7ae731e8babc5d539...
[   2.354]       <<< RX chan1 1156B: d2b998ef8934b5c1a6dfeef09332db6c7b9ad02e3ed0b4ed621c41980bd20203...
[   2.355]       <<< RX chan1 1156B: c4618306bb2b14c1e96e48cbdc763ac20d82710e3708e8d9a46dd7662e0c439a...
[   2.355]       <<< RX chan1 1156B: 0643e6db99aa213d8c23c63862c61124f1517d602ca5628af6cf5651da21d98b...
[   2.355]       <<< RX chan1 1156B: f18b01e7b4432c2f82467de9529637a94a457436b375af68cb89d59eb82b468b...
[   2.355]       <<< RX chan1 1156B: b6512aa04d3ca3296d67a7052b6e2a5f5c1c3ad6faa3c6913a435ed8687e1dba...
[   2.355]       <<< RX chan1 1156B: abba66219c7986ad4b6ae4ccccf16ad091f9a548cc3f928b0bc9678f1489c6b4...
[   2.355]       <<< RX chan1 1156B: 4da464d14ffc03a6a570f441ce43d5e39931b038454e51dcdb672183636214e5...
[   2.355]       <<< RX chan1 1154B: f350c17ea15b2d8bcc1a2d9dcaa1490b627fc707385d4733c4802441c3c44e6b...
[   2.355]       <<< RX chan1 1154B: 7de4f43ba2e4aa1285e10cff94be584707b77dd637fd817898f72404e52b0205...
[   2.355]       <<< RX chan1 1154B: 5fc71fe4958e919211a0bb85b163f70f0b0dac2f68ebc259af1090e07a1cad59...
[   2.355]       <<< RX chan1 1154B: 879c393b5443cdfce032d08f79d715e68293b5e65f00457c683e25de92550973...
[   2.355]       <<< RX chan1 1154B: 534a6bc3345682cc4911f24fde18413cc666a387b84100232ad6a8740c944a6b...
[   2.355]       <<< RX chan1 1154B: 5a45ace73b93ef47eda91d66392410cd01298b5cfd152e45dd129d33c94f1047...
[   2.355]       <<< RX chan1 1154B: 7bafb4cc1923fbb04fd896213267102e6710492d510cd81a1a02d0f8fdf18964...
[   2.355]       <<< RX chan1 1154B: 504c321e5c664136caa492950e55b239f2496ccd110e4bcde37330ca03ca02ae...
[   2.355]       <<< RX chan1 1154B: c0fe271559374ecb8efbed0e1399dd81e5042faaf7428e03b974675d9743f91f...
[   2.355]       <<< RX chan1 1154B: a05569b310919e55b94344247cb5d1316a98df795e6762a4455d0ad25fcc199a...
[   2.355]       <<< RX chan1 1154B: 83928121d2a9f169d121aba62448ad8d52e2116511f284e80d9144259bbe96f1...
[   2.355]       <<< RX chan1 1154B: 8a3e4b6f38932920b892fa4aa145fa0fda7d3ba978cf4fea06379699089798ce...
[   2.355]       <<< RX chan1 1154B: 89176102ee6b7e4111ff96d12a3a5aa903c416ad024449c09cea7ac46d73e6dc...
[   2.405]       <<< RX chan1 1154B: f295cbd083d167d9aea8b4c9654ef5bb787e7d4be2ec1acc7b0a551a1ffc9424...
[   2.405]       <<< RX chan1 1154B: 4d0e159d930513a204662836501e3375b187987e0560fa5fa003db8740ecae50...
[   2.405]       <<< RX chan1 1154B: 4c2a3389cca423261931a9679298496126157166129849444cf23289e4c3241e...
[   2.405]       <<< RX chan1 1154B: 023874c5212b0e5571888a43531c92e2501487a038f4c45fa1001c6ae2101387...
[   2.405]       <<< RX chan1 1154B: febbefbce3ae737bedb4e33c76d86dfebaebadaf54a99f6e3ae9a07f968294c0...
[   2.405]       <<< RX chan1 1154B: b15667cca8d102faa0f1a2063613bdc68cb9856ed6ac417dcc1451260b181e1b...
[   2.406]       <<< RX chan1 1154B: 5f9afccae41726bf2ef965c9af0afca2c059af4a7e4df24b925f91fc82c0af47...
[   2.406]       <<< RX chan1 1154B: af5bad5bac5bab5baa5ba85ba75ba65ba55ba35ba25ba15b20d69a59afcc7265...
[   2.406]       <<< RX chan1 1154B: 691569d568956855681568d527b5e6d42ba75c39d5caa9119c12c1a910b4e414...
[   2.406]       <<< RX chan1 1154B: 6c8a6493043639b2a9914d8b6c526453229b10d9f4804d87246093033615b289...
[   2.406]       <<< RX chan1 1154B: 353daee5710d8f6b77bc849a1dd7eab846c7353928b9e6c6b5055c6be31a1bd7...
[   2.406]       <<< RX chan1 1154B: e390b908a7679c30e314310ece10e304310e10e3f870118e0ee3701967cb3839...
[   2.406]       <<< RX chan1 1154B: cdb233cbcc2c2bb38cccb231cb8e5866c4b29e656296855956c4329e6560967d...
[   2.406] -> open stream 8 app=4 chan=11 routes
[   2.406] -> send route(15B) 15B
[   2.406] -> send route(18B) 18B
[   2.406] -> send route(21B) 21B
[   2.406] -> send route(24B) 24B
[   2.443]       <<< RX chan1 1154B: 3b69bc938077ce78678c77c448e21d30de41c03b5ebcc3c53b5abc93c53b0278...
[   2.443]       <<< RX chan1 1154B: 67c8bd42ee11726f907b82dc0be41e20f7feb8e7c7bd3eeeed712f8f7b78dcbb...
[   2.443]       <<< RX chan1 1154B: b26e95751f58a74a05eb5259d78175a8ac3b659d06d691b26e94751958778175...
[   2.443]       <<< RX chan1 1154B: 1a07ba48e795755a596704eb84e0b4ce07d649651d0fac83ca3aa698d629651d...
[   2.443]       <<< RX chan1 1154B: 96aa49623be23c877c93964701e839caa14dde8d0ae2fa3babdc450b774f65a4...
[   2.443]       <<< RX chan1 1154B: a1c6d1049fd12442351294763184425e91795f3e0d22ebf2d5aedfd0bdcbd695...
[   2.443]       <<< RX chan1 1154B: b1a2e5aa58f1cbdaf7db51f45b55e1f667440e896fa776672375c885dee32ed8...
[   2.493]       <<< RX chan1 1154B: 7401b7600a7f87607a5f6222b1b434bbade368101e4ab295b3219a3eedfe054f...
[   2.493]       <<< RX chan1 1154B: e0a172cdd90a3a3ffdb89cc43a07036b2ac11a62e104fe35310aff0a4ca0b86c...
[   2.493]       <<< RX chan1 62B: a5ae663065c62ce555e70c4bc0ad3657b85402acf02299c1bafaa3e7e97c577f...
[   2.493]       <<< RX chan1 532B: 8000021081010101000100019a077c3b5a003901772300009f01000001c02e00...
[   2.493]       <<< RX chan1 9B: 800000058491030000
[   2.493]       <<< RX chan1 1154B: 80000fe9830201076855007701ff00a61e02000b4868747470733a2f2f617069...
[   2.493]       <<< RX chan1 1154B: 4c2cd2b86b1dc0a8ba2ad36bf8c8480cdc5f65a0ecf9421b98302ac816d5fab0...
[   2.493]       <<< RX chan1 1154B: 58b5d3adee571e1cf96c8cc259c63312e7c779a7fecd5d5fcccf1352314e5fd8...
[   2.493]       <<< RX chan1 615B: e429fafdd71fff9f9c7ebea99e1448cea64f30382d85cc153d4d507761e71101...
[   2.493]       <<< RX chan1 11B: 8000000783100c00000000
[   2.493]       <<< RX chan1 1154B: 80005ae2831601d65a0000cc5a000028b52ffd60cc5961d60245264080843d8a...
[   2.493]       <<< RX chan1 1154B: 9321e939195035b79d3f712e2238c2ad661face74f72f0f6411a6dbb313c5b72...
[   2.493]       <<< RX chan1 1154B: 2cd4be318a4e41b11e836cbbe829636f7d0cc1301a3fe5f29984e85b7151ce97...
[   2.493]       <<< RX chan1 1154B: f025af41c95fdbef329de7febe118eafaa145a6f173c69ef9eb97083c3284416...
[   2.493]       <<< RX chan1 1154B: 2decdf59c9cb9907ff1f2cb309b65598971de9cf97eb17808c29de9d02516bf9...
[   2.493]       <<< RX chan1 1154B: 2531fa59dbde44e83f82b2a943e9f5d195f120e7d2cf2f3e851ee866531a2347...
[quic] DATAGRAM 32B: 0301008305109051780100000000905178010000000000000000010000000000
[   2.544]       <<< RX chan1 1154B: c2d0cbd0813158e8d9b6543c732b7ad96758cd5d7c5a64762e2b4bfd78281acc...
[   2.544]       <<< RX chan1 1154B: bbea7bf588c5fb7388d000bfd52e0b972fd61eda63d161bcf33b87572965877b...
[   2.544]       <<< RX chan1 1154B: acbd0ab1cab1a188712443c94b1957026fa35bbf2c493b2fd47a588a55db66ee...
[   2.544]       <<< RX chan1 1154B: a320f0855abb112b49e8718d2346b258213f370842e1a4b28751543fa4a700de...
[   2.544]       <<< RX chan1 1154B: 52b6bcbee0482a0b97d0d23671e2afdf560b8d1384742da9a59e6f61c5ea003d...
[   2.544]       <<< RX chan1 1154B: f9d1d593492dd908802b0f6f41953a06000992f99e043e9034f111320a670dba...
[   2.544]       <<< RX chan1 1154B: 009940a5882cb99afbbfcce1737eb3e7d66ab8bd6d67b531e6d18aa16ba8d330...
[   2.544]       <<< RX chan1 1154B: f7990305133c80002d9e0db890340ae1ea3f3dd97d6adf0199957bdadf8faa51...
[   2.544]       <<< RX chan1 1154B: 166c6c9bcbc531885cc825f60481843092bf3c0bcef8c16d344efc9b6796898e...
[   2.544]       <<< RX chan1 1154B: 38b4d3ba3f92c40bd93d0cd14207ca412ea23630eaf25c8724adaa55b510eee9...
[   2.544]       <<< RX chan1 1154B: 5a2a43d9e21e31bc09dc39260d08f5ab10b0878b04c0506e3de59d161265d321...
[   2.544]       <<< RX chan1 1154B: dbe734a134443f86923cc395aeceb188ffbe4bebcf153d85fece066d76795c59...
[   2.544]       <<< RX chan1 1154B: b7885cc5837d3fac292caadb01337c724236a5af0e4e3a3c63fddaa4da6af807...
[   2.544]       <<< RX chan1 1154B: 416521d11cc51b086b51a871d4ce87e5d1ac05c570dc35987c090484c458f6c3...
[   2.544]       <<< RX chan1 190B: 9b956c05af5684c162514bc912ca412d10ee7eb30060314e9eaa6c958c6a0339...
[   2.544]       <<< RX chan1 1154B: 80005042831601365000002c50000028b52ffd602c4f6181029758370ad5af5a...
[   2.544]       <<< RX chan1 1154B: a1620d5619dbbb1f5e59022843b4f2ea6b9107463d13064cf98a7c859543af9d...
[   2.544]       <<< RX chan1 1154B: 8c56ad663541a1e4a76c67bef086cfeb64588b8b342077bef1fdb49dab24120b...
[   2.545]       <<< RX chan1 1154B: 9d6bf9cfb9ad632f862d3432db59b3b685f6e19339c94f39c1783049649af092...
[   2.545]       <<< RX chan1 1154B: 862f472fe747aed5d90d8e243ff33944f0d8bc8740a64a2af7027c8504fb9a6e...
[   2.545]       <<< RX chan1 1154B: bfda49921903eeab80dcbb5f000114cec0353deda8e9d8383537e6091149112c...
[   2.545]       <<< RX chan1 1154B: 838cffd5fe984339a254f492c5de5ddad53184d325012061f6d9d7221dee54fb...
[   2.545]       <<< RX chan1 1154B: f8e1e94cac00a71b884717605574fa8bbea3666baf83bd33d5558c0f7935b9db...
[   2.547]       <<< RX chan1 1154B: 514095dbda07762a448dc493bf2d8817124c846801b866cc1fe5605bf1550f19...
[   2.547]       <<< RX chan1 1154B: b015c32138c16886c7a7b67ed0868644568e9d296c8dba4721827c2d86cf7047...
[   2.598]       <<< RX chan1 1154B: 7003a46b785347f914df601375e31367cf67c72c488c5410e68682f4e6cbda09...
[   2.598]       <<< RX chan1 1154B: 3dba52952a7fa8d6cbe7b5e952d381115d65ca1bd4de8c04e8ea0ca124c5b897...
[   2.598]       <<< RX chan1 1154B: 4bb54106278f6c93359aee09d84d6eba277a61ed5113f4623c71b4b327b711cd...
[   2.598]       <<< RX chan1 1154B: a21546d11bdd2ac5e7903cb6d5440dfc97c84aba880d7cca791001027b12007d...
[   2.598]       <<< RX chan1 1154B: e26d85d3241f59082200aebbfb2c02193ed6db66d32d61e8db459048e290589e...
[   2.598]       <<< RX chan1 1154B: a99bc0b14c3e742587c3616846187970da6b16791713b8d7d1ac919e1388b390...
[   2.598]       <<< RX chan1 1154B: 4ff061c48f6017750e7c1baff1b7f84ed7b465c2b857762fe8498e00191e26e7...
[   2.598]       <<< RX chan1 932B: acc3e95d5e6d70a8fc6ddc978c059aa10b68dae7560cf51071131642c1654683...
[   2.598]       <<< RX chan1 1154B: 8000800c83160100800000f67f000028b52ffd60f67eb1ff03cfc36fe8bf841c...
[   2.598]       <<< RX chan1 1154B: 86c71c64440a10dd3b605b5b2a3c0c2cf4c215f3244f0aa1b84835cd4cc1a7c3...
[   2.598]       <<< RX chan1 1154B: 87f220d7174ccc1679599c6c2cce6bc08308f93507200289afcc170f7133d28d...
[   2.598]       <<< RX chan1 1154B: af0292703dd202001a7c413dd204f152d5f2824fb4208fc02330b2c41c0cf489...
[   2.598]       <<< RX chan1 1154B: 135564cd7d28080f7bad15d14489e6d5da07b11ec91852ff2fd726ea12160c7b...
[   2.598]       <<< RX chan1 1154B: 9f54ff4d8fa6bb380f749561b73af6ce4ff681f237290ebd5b8b398c8030405d...
[   2.598]       <<< RX chan1 1154B: 4548f5cb470456ab29916e7cd841cab5b1adde94f386c889e22d9d31722c8448...
[   2.598]       <<< RX chan1 1154B: fa834e1c64bf0ad2f00695b049938fcd0faccf840cc33407eb5e186153631228...
[   2.598]       <<< RX chan1 1154B: 46ae716b797cfdf2c642b7cc6e8aba84a3cf86e834c17e6a6decbe4a9f3e2ddf...
[   2.598]       <<< RX chan1 1154B: ecafbb2d7a45804f91336c5ad231dabd0218e8c34fb77923639658b6181ae3f5...
[   2.598]       <<< RX chan1 1154B: e6893b0762cd4fc6118e5f58e5d9c7a771b9105f89357524db9b733bdddafb3a...
[   2.598]       <<< RX chan1 1154B: e6b8f24be07ef0c3a21f2bc0ac465ccd34424402e4011521fe65ff215f53ce34...
[   2.598]       <<< RX chan1 1154B: f33fa92a51c0aae9bf2f6e2b2c013d320b5962ba60329445e265d051afa9acee...
[   2.598]       <<< RX chan1 1154B: a8d090c235fbacdb9fdf13f5337525a614da7319b42f4a2e4a9a27b6cc1e3fb3...
[   2.598]       <<< RX chan1 1154B: 013af5e781640940b5447927a34ac1687cad6dfb0375510140bd8c310aaf9d71...
[   2.598]       <<< RX chan1 1154B: e87ad631ff01e847997812784edcd98657fe79b884b9a02e6eb6f9416e5931e2...
[   2.598]       <<< RX chan1 1154B: 4032339434cba71cbeeab5daf0e24335d3b9b00a19ee7cb0b9d4861b5d932b83...
[   2.598]       <<< RX chan1 1154B: c340aa088267b1a5bb055e97afc6e29867cf2a4ee6697be85b096d86322cf09b...
[   2.598]       <<< RX chan1 1154B: 591536566cb634e9d5c9d7818d88c528a719e4207b85d3cd230d74bf50dfb75d...
[   2.598]       <<< RX chan1 1154B: 3f0668a9ffab44b314fd3d5b57c04788e2e95ac12906eeff903299406dcd6d42...
[   2.598]       <<< RX chan1 1154B: 389856a1cf2112b135391383480c6571bfb7884b187e165fb32b76eefa631859...
[   2.598]       <<< RX chan1 1154B: a912946fc52fb4d936156f24b1b6cef48b15678064830dedfdc2214a53e63713...
[   2.598]       <<< RX chan1 1154B: 7c1a84f8c068efae0cee271a2f24b0f848d83e7735aaced6898a100ad0fd70df...
[   2.598]       <<< RX chan1 1154B: 699a2883623d13fadf5f667c8ba2b04bcb5e6d0b83d7a83829a6554993829d22...
[   2.598]       <<< RX chan1 1154B: db8bedd20d77352f58bab6715b1eb4ef96972b9371b39f11752ea0be51770592...
[   2.598]       <<< RX chan1 1154B: 7b0d555e3fb28ad7cfd22c3b51a856822f8b1a7cffb8152335f84d7537081e16...
[   2.598]       <<< RX chan1 1154B: ed1a63a6084a6168f2249d13699b6b312f2e61eb7f25363104e5daec251e5862...
[   2.598]       <<< RX chan1 1154B: 91c828ceb54ef68d650a10d6bbe7d28a48f3f168df9eda2de08e1d71f8beabd0...
[   2.649]       <<< RX chan1 472B: ea5e441f97836a45a739e65bd0bc4854ee8c90fd61eb0a47f3267485495fd2c8...
[   2.649]       <<< RX chan1 1154B: 80005540831601345500002a55000028b52ffd602a5451a902be25ca5d0c2d8b...
[   2.649]       <<< RX chan1 1154B: f6bbf5df0ac73d65fc283547e42507231d6fca3dc0ec3368548e9c48a07f2beb...
[   2.649]       <<< RX chan1 1154B: 1876e3674a08d36e2a442ea3bc1af74f52aa2878be0afcc4c40e63bd984fd6c3...
[   2.649]       <<< RX chan1 1154B: abf34204bbbc6ba59eef8932ec3858e657b598bd46819501eb72e45755ea637c...
[   2.649]       <<< RX chan1 1154B: 333ded5bde10b7d629392723f9a3136e0e72f0298b9d51b7a9d8c2159b4fa42e...
[   2.649]       <<< RX chan1 1154B: 6aaa660e183cd8e4cc4e247277fadd423db159484a5c5fbaf50fbb62fc7563e8...
[   2.649]       <<< RX chan1 1154B: 5149c076e5c66e8e103564c1a5ca451ab83b4b67ef1ffcde205c459aa8f39569...
[   2.649]       <<< RX chan1 1154B: 84029493ebfcbbcdc2d46ccffc8fdc885f627788452940d27ab90a50ccc82261...
[   2.650]       <<< RX chan1 1154B: 9c517711a490cf1fec0db15c97e9a877823c8088f903c7ccf50fa42c844c09ed...
[   2.650]       <<< RX chan1 1154B: b103db5a5aed22d34f1adb41ae8e1750129ce7eaead2a46c920d4e2baa8a730d...
[   2.650]       <<< RX chan1 1154B: 0a5a72d3dc1810b9f4bccf078535598b716bae8dc336740fafd17428612fa3af...
[   2.650]       <<< RX chan1 1154B: aa257ff935b1665e531f00db2e1ee09cb8f7c4a3ea9f2aeb5c303eda5264c5ae...
[   2.650]       <<< RX chan1 1154B: bae7e0d4d6742b7274bc4f83a2c26736fa9e322e3432b34a24d35cc10b7e8356...
[   2.650]       <<< RX chan1 1154B: 75cb3638e60a38a98b6027b0f96b9664c807170dd1e18026fba6a4559d174fa8...
[   2.650]       <<< RX chan1 1154B: affb5dff95f42eda07f626cedf67a22fcb1aa2b90344b18bfe052809e4b4f9a6...
[   2.650]       <<< RX chan1 1154B: 48d4a8fe92c376d3f7ce6564edcee290b8bc305410b7f2f9409eed0e6cca23fc...
[   2.650]       <<< RX chan1 1154B: a6a7d0a8d06b2cd96ff89918a7777a1f8242765a48cc1b9f8b9ffdd4dfdef53d...
[   2.650]       <<< RX chan1 1154B: ea91262ef1d351c4e51a346cad822a6b6364f649167394b0e45ffc2a0fc2531c...
[   2.650]       <<< RX chan1 1056B: 2da5987ec8ffddc9d486f60d6c25ea604d818094d542e6584a9024068810f2f7...
[   2.650]       <<< RX chan1 1154B: 80005b878316017b5b0000715b000028b52ffd60715a89db02695390c0a74f6d...
[   2.650]       <<< RX chan1 1154B: e88ee50a6fa03d6ba740094cd78805865b8f87ce257abd8e2dc0b667abbe4602...
[   2.650]       <<< RX chan1 1154B: 3502fe51a70213b3388375a42bd2dbb4adc90fc928221c0836e62f80335e62c3...
[   2.650]       <<< RX chan1 1154B: 8a721c2d64223903f5e852c267ed3fa34909f29db94b7bbd7e753ee321a2fac5...
[   2.650]       <<< RX chan1 1154B: 46e3c437a68cad0a99d44781c603dd979ab9511e97e77819f2d1db9b37f6255e...
[   2.650]       <<< RX chan1 1154B: e6f0a4af691ddf570af803fd3421f52b4b416ec336b71e6d4f3aaeb34727ccb4...
[   2.650]       <<< RX chan1 1154B: 9ae4bd62fec689700ab8b9e9c383f5873862416b5cca380d5b4f2a832ad0b07a...
[   2.650]       <<< RX chan1 1154B: d1d2361bde644d73e954cceb9564f04fd2ce8e74ce815b1cee0391ade6850c5b...
[   2.650]       <<< RX chan1 1154B: 428beb4789557ef3ddf27945e4e09680c22ffd80236c12ff48d0271ef04215e1...
[   2.650]       <<< RX chan1 1154B: dbaa6d3e221d05d741b5374d0badb5956203db4ad804917a02b7de5b175277f2...
[   2.650]       <<< RX chan1 1154B: 467b9b5d5de75bfed3dc685df79ec37186c0d0a6707a89b0e9a773f8e7a1d111...
[   2.650]       <<< RX chan1 1154B: 535ad464478da8af9c690e7e4f02ec3fd9d13ebc8d449395e0fb78a8b2909560...
[   2.650]       <<< RX chan1 1154B: 6b08072c69830b00192f3b6d7b5b62541892691c84171de0d5600b8d860fdea9...
[   2.650]       <<< RX chan1 1154B: e690a7be885d0a217c159f64acc430635f2bd980588b91b5a9cf73ee0b83ffd6...
[   2.650]       <<< RX chan1 1154B: 908b34d69866620fd097c596731a19355a3f429726908baabda5b436bad9cde9...
[   2.650]       <<< RX chan1 1154B: 64609fc46ed853c956a3cbcaa4c5f2a23990efc805fe87cbb68b19bc788fc9e3...
[   2.701]       <<< RX chan1 1154B: b70d238c40590f349ceb75455afa884f506713c3731f069e75bedcec5add9dde...
[   2.701]       <<< RX chan1 1154B: 7388b29f344eb1f2e4ce1855e15b732d41b70b9243c0052212234141f199bbde...
[   2.701]       <<< RX chan1 1154B: 5a83b1c5bb0a2d0c8847b27faf06d1c4dff6dc6f08c3bb68099569b193e776e5...
[   2.701]       <<< RX chan1 1154B: c74c7f6a4f39d0fc08557a695e32225c286d87b254fea67f0f2ecb8b97c5c980...
[   2.701]       <<< RX chan1 355B: 45ced429153cb61fd985615d285b26ebfac34ebce7f9637a25e888bc6f4e6ebf...
[   2.701]       <<< RX chan1 1154B: 800057fd831601f1570000e757000028b52ffd60e75639bf02116cc489a29a2a...
[   2.701]       <<< RX chan1 1154B: f56d448f38c9af79156fd1520948e0e8dab594dab5a5639f3e56e0fdc328a6b9...
[   2.701]       <<< RX chan1 1154B: 668b5c1eb462c7e3b0ddde3328910445b4e1a7c866ad320dc01b6c4620f19a4e...
[   2.701]       <<< RX chan1 1154B: 346b9d19690dfd8d619e7f3a1d89be574d99a897cd52afd2d0eabb8a4e3a00e6...
[   2.701]       <<< RX chan1 1154B: 0789964c14e447879c54c871413f1fc7cfbaac678cd3bb95e1de9f9e3828abb7...
[   2.701]       <<< RX chan1 1154B: 206369e8dc8640ed79378ebaacbd22b845973d8aa650cf9ea86f6b6ac30aee85...
[   2.701]       <<< RX chan1 1154B: ef31f9408aa6c0cc0230b9746bbaecb2341a7a4c6872a6560f285242c8b42a6f...
[   2.701]       <<< RX chan1 1154B: 11697782a2af9771c442cb417758a7e267b9b04fb3168b6965655b6270e1586a...
[   2.701]       <<< RX chan1 1154B: 2b7cd4a3dea081c314b42f35db218fd2fad0886ef2cf024bd3813b40cd4afd22...
[   2.701]       <<< RX chan1 1154B: 11148b03cfb24e9c451832885cae2c234065e307844b64853968d899c6eb498f...
[   2.701]       <<< RX chan1 1154B: a7afbbdfdb491bfbdd785ae0f9ca81e21a3d4fd333c9f523243b5279dd0c107d...
[   2.701]       <<< RX chan1 1154B: cadbcb144cea1895c727145dcbc7a9a041f1e07a69e5407540770d3d4f5a7e9c...
[   2.701]       <<< RX chan1 1154B: c4fe977a89cf0b6bb5e35930a7a671f9eaff7f3f134bb675c7fb6c3b2ff4fd84...
[   2.701]       <<< RX chan1 1154B: af887bb7a2919b387120e4aceba671ef7dc75ad2f13d60fdd0d28ca146c1b967...
[   2.701]       <<< RX chan1 1154B: 619a4c3c1a348623307fc708ef0b00ae45de8d59887ac7f2265c90c1a409be36...
[   2.701]       <<< RX chan1 1154B: 3e286fc4e2005d1ecf2acbb21693c588a2b47153871ddfe319a277895492acd6...
[   2.701]       <<< RX chan1 1154B: 3a25365968b5155b66f6dd18630dae3dc48f0fc8f3592455f7164c92a2633885...
[   2.701]       <<< RX chan1 1154B: 011ebf6f952230690bdf57eafca2e8ada8215c75987e4b464886b06465f80a75...
[   2.701]       <<< RX chan1 1154B: 13cb83b73a0030231c3bca62d7d6c1a04f68dcf3ae7f4044918b93ecf32ea8c5...
[   2.701]       <<< RX chan1 603B: 71adf21de2944768408bebf89126e5dfaa834da06c2147cc7fa835f39b31d7df...
[   2.752]       <<< RX chan1 1154B: 80005464831601585400004e54000028b52ffd604e5371a202c0268806e36ec8...
[   2.752]       <<< RX chan1 1154B: b9b7e014265b8b76a9fe25e95e015f8591ff1516e1be639336be8e4ffea324bd...
[   2.752]       <<< RX chan1 1154B: dc6df92ebdbf9d63938b994df42f5115d7e751326ceeb11d3d57293b2259a929...
[   2.752]       <<< RX chan1 1154B: 6f7a83e152a27c527f6338af0864394d64288e273380cc4b5933cb4377ee58a4...
[   2.752]       <<< RX chan1 1154B: 889259e63e680ce770de1d6aad9c70f3a4ff776a4e881eaca5814055fecd2fda...
[   2.752]       <<< RX chan1 1154B: 7e95b225fba857978f83a53e5ee2f7567c63ad930e43b3044c90a0b583fc2cc8...
[   2.752]       <<< RX chan1 1154B: 0952a0d335a5c2d14b6cbc389e26773a91617384e9f37c6521b7e414841204f8...
[   2.752]       <<< RX chan1 1154B: ce51fb6fe02b65d209fbadc37430ad34e7e0934c98e9240aa17798f96e71b1f9...
[   2.753]       <<< RX chan1 1154B: 7eaf50026e1f784a227a1caf48c200558d28e1d1968566a71b504370cda7b6fa...
[   2.753]       <<< RX chan1 1154B: 0ef077c9a8cff84026a33f69bed99806ca68dd21ffc3d9091791052ece4ef518...
[   2.753]       <<< RX chan1 1154B: d7078ef8e42bd207ec339b3166385c98da7e8e101c0b86c1723430a4cddea40f...
[   2.753]       <<< RX chan1 1154B: 808c27356312b229a7b496cdecdd54b35dae1f595905d9edb4d53c460c86db3b...
[   2.753]       <<< RX chan1 1154B: c2ba3488b739ec91328f454b7c03d8e864781ad7092dfa72d96ad77c7d7a7d34...
[   2.753]       <<< RX chan1 1154B: 5f9b6599f28fef09500a22b1f0568f5fe35aca8a2a4ff89fa49b3c389d3fa838...
[   2.753]       <<< RX chan1 1154B: 924e4c6f2d0658bade2ac98c74c0948bf783c2ae9f704ea3aa552aaf9f6f9b61...
[   2.753]       <<< RX chan1 1154B: 22c06edef29bb86e410161857ea4258082f5f1286008ed914e41ff12e654b10a...
[   2.753]       <<< RX chan1 1154B: e9e7cd27c1b49e6b4a0b38bf884a1b2505478c1fccca78ba3d800cea922ff916...
[   2.753]       <<< RX chan1 1154B: 2eed7af87429512cba7e3067f6e0f18d5f0b17d54db73e7e84b5233a993505e2...
[   2.753]       <<< RX chan1 836B: 80bff6b710c9b46a27929089a113f21ed3ccea09b64475a8043701a064eb769e...
[   2.753]       <<< RX chan1 1154B: 80005208831601fc510000f251000028b52ffd60f250918f0258e5aa93cb0889...
[   2.753]       <<< RX chan1 1154B: 008ff751e1caae3094e26f0c544c102c5a59ad9de0e9c1bd4be26bc7b1de27da...
[   2.753]       <<< RX chan1 1154B: ab2e32a588d47f537d31c258a1d671a8703d3073acab47e81d04c1ffd0ee44aa...
[   2.753]       <<< RX chan1 1154B: 8df5fc1b8b808e9f85604f74ffe33f10b02387afacce52dd0991e64b772d5059...
[   2.753]       <<< RX chan1 1154B: 8d53169c6d2e1f7bcb6794c8db61fa23ba1477a03e388d66a37ebb03644f4652...
[   2.753]       <<< RX chan1 1154B: a9ba7dbdf4044e73fdf14b0b3e1cf840904071476538b31d1feee59e1ef69ee3...
[   2.753]       <<< RX chan1 1154B: 954861cfe6cb158bbded1130948c0948f7312567ac65e23ac7c2832d2d837dc1...
[   2.753]       <<< RX chan1 1154B: ebf34c3a66a50e8f1d47cd1839b273846529ab48e52af2201f2d01bcc308ec7d...
[   2.753]       <<< RX chan1 1154B: 6b1cd53ee2bb30e43c1294cd065cb29d7f5f57ad31600e3ed206a0400ee3c8f3...
[   2.753]       <<< RX chan1 1154B: f6eaa41765189f66f2e56bfad3d47305d2e0b64af6f881369d6ce6117722f882...
[   2.753]       <<< RX chan1 1154B: 9322a9686850989c2b4a085a756dcebdbd8925933f012814ffec82ad86f21a98...
[   2.753]       <<< RX chan1 1154B: 96ae1db61335eef0804083a7fa1554328e91f056d9960ea20a14450f58dadbd2...
[   2.753]       <<< RX chan1 1154B: 60beb50235d93ec070b9301034eaf29a0d5279b23088f1055cbf6046d2cc4206...
[   2.753]       <<< RX chan1 1154B: 25e710411a92f3ae849889444e89f4dc7a1c2d5a1981b619ed6ed7322494b888...
[   2.753]       <<< RX chan1 1154B: db4c41430670e5f7cec5927296d5f672d3cb3abfe2dd2d6049c616f8d997cfc2...
[   2.753]       <<< RX chan1 1154B: 63b12a4f15f3939b2b27f016b3a589bdbe81d2965b733a6fce0e8dc62e7b8c52...
[   2.753]       <<< RX chan1 1154B: 9e40f04a6e8a7f5cf0fd77475e30e343ea8ac8c8b7492d79da4db48d49329b05...
[   2.753]       <<< RX chan1 1154B: 92dea0b20bb331c8ea9a48634d38abef7d6dd26ba320b1b6a8e2d84d1b078ce9...
[   2.753]       <<< RX chan1 232B: 1cb3c9a7f5aa1fe6e32fc262d3e3ff9b89c7cf52744bb5934a08c4e652dc60bc...
[   2.753]       <<< RX chan1 1154B: 800065d1831601c5650000bb65000028b52ffd60bb64d92d0301b7dcbaabb5ea...
[   2.753]       <<< RX chan1 1154B: 0d9136077112ebbedc8373497f2bc921911220f0834369fe40f14289bfb05bf5...
[   2.753]       <<< RX chan1 1154B: b2dab069e9c9f9c5c68af66ad71ad61a34a2a953d3f32dda04446e3b96c491e1...
[   2.753]       <<< RX chan1 1154B: e3ce1ab40e5ef725f02cfc69e6e22ad8a77ff80016cba8433da3be6f9c08b7fa...
[   2.753]       <<< RX chan1 1154B: 23905cb4c075c05532a3f47819daa38b6cf5aea1700f844a8593f37aa8740895...
[   2.753]       <<< RX chan1 1154B: 42665ec6dddd3cff71de0c2971a0df33817a74b01095ff7b2a34e1e6e698ac15...
[   2.753]       <<< RX chan1 1154B: a6688b0b3d9b5e8f3e2daf70f69f0d835ef26c0ce15f4c2694c2f0c37a1e3eff...
[   2.753]       <<< RX chan1 1154B: d67c77d53f243d2682b6ac0f8a6929041e436c55fe5e0b81f3fc5cef3ec434c1...
[   2.805]       <<< RX chan1 1154B: 8a32dd1f6c27e4bc18d8a75a382b21d4ab32a035ba1076b0989d4c909234847c...
[   2.805]       <<< RX chan1 1154B: 1220669ed8cc9b461fd38d51af7a9fb80af03734203dbf43d9488c0cfd85a2bd...
[   2.805]       <<< RX chan1 1154B: 8eba40cfad770f17df8fb98a18c3219a2100271ccf2e13c3d787ba4d10504154...
[   2.805]       <<< RX chan1 1154B: ef4ead0ef2e7984901bc7b5ecb84f1003a054a84e5a214d566eed701b4747e62...
[   2.805]       <<< RX chan1 1154B: f1a49d68cbaa866bcd3957d19c2939793c903cc8d0a51df3e036ed698c8e08a4...
[   2.805]       <<< RX chan1 1154B: 99786f95ea58f8b0c6bdc53ece5b9288c80992b2a84eedf54ddd6f9ff09a9b11...
[   2.805]       <<< RX chan1 1154B: bcf97602e1337a470c68ee19fcc10894b15a442fb6ec67ff7537bef4666ad8ba...
[   2.805]       <<< RX chan1 1154B: f5611b501b748a5bd4977d3bd4e6c76be39cddcdad7fde4589fb3ef1a3295084...
[   2.805]       <<< RX chan1 1154B: f3c6972c05aa646dc2678b0acead4154e02956fa2e0d86efb4510141ebcffa54...
[   2.805]       <<< RX chan1 1154B: 9db7cee5c618e73bd9d9dbe3cb6f6f3923a331b154ceefbd11dcdc37da921eea...
[   2.805]       <<< RX chan1 1154B: 2d9c47b2e8665ea73cf7b6538a9b5c528d3fc5b06b935a70e368f84512175ba9...
[   2.805]       <<< RX chan1 1154B: e3b16e480eadec6aa4d54b11217cad735997a2f50627b340b5b63d3df9430015...
[   2.805]       <<< RX chan1 1154B: 6c7c0bb38b9f6b8a116fa1df446d6dc25f8bb8e5e424626bab6b779f438864a1...
[   2.805]       <<< RX chan1 1154B: 294b3346159fe77f322bb389151dc6e9791c9d5e952a26becc82322b2060a2d2...
[   2.805]       <<< RX chan1 681B: 6cf23f47c4d121db335fda2d227f2b7b772c775643084fd8c2f9124552361b51...
[   2.805]       <<< RX chan1 1154B: 800051be831601b2510000a851000028b52ffd60a850418d021642117aafaaa7...
[   2.805]       <<< RX chan1 1154B: a09b66cdce7e1f7c2103ba604e3de18dcec4a50a92e673db672ef376c9d40960...
[   2.805]       <<< RX chan1 1154B: 2a5eebd62ad2c626bfc159e4b180cc502908c41a63752b1845eb57c3845d01b8...
[   2.805]       <<< RX chan1 1154B: 1e62aa1e0f9fa2b9e8f5b2315321da85f93a2ff6201de8e5298e46fe11a3e7c7...
[   2.805]       <<< RX chan1 1154B: 4591f13c6afea98b433b8c1d7ed3e5dc03df7b7644fa6f7bba716f1eb8658efc...
[   2.805]       <<< RX chan1 1154B: 518621039310c4c783df8b7f419d8b0dcf7d27969ccabfbcb28c7eea6a41410a...
[   2.805]       <<< RX chan1 1154B: 25c6810ffd2e2d8a34a2003077440ec928be18d32fb0881a85f4ce713553dcce...
[   2.805]       <<< RX chan1 1154B: 3c42cca4984c2de04a4e0f0fb0713612a82b44efc2972dc0f8fb136724f0ea22...
[   2.805]       <<< RX chan1 1154B: 077fbc87b172a8664c0b54f59106cc937a95db636b0f32900bb64eff6b56928f...
[   2.805]       <<< RX chan1 1154B: 294bfd700931982e5fc029779ad57d442bfad14d84c04f932465fcd3f37cb0c1...
[   2.805]       <<< RX chan1 1154B: 983395befc9344d3618b8d3ab3f7e12e35035791945c891ae095b27a4515ed42...
[   2.805]       <<< RX chan1 1154B: ec7e41d844658a677fc79a1001bc9f83c1249c83dc3f45d0c8c424672b50e53c...
[   2.805]       <<< RX chan1 1154B: a41b42a19762b085dce06f9c130bc726f5cac550759ec701f6e8bb0cfc5c6ac4...
[   2.805]       <<< RX chan1 1154B: 50dd2841e05b2526793f0b889a68e5dd6ee63c6ce688ff8f6e6e0a3345b836b7...
[   2.805]       <<< RX chan1 1154B: b80c7e5806ae24a77d179aa7b7c4f7eed6f6776989f0293456f82dc592e37bc1...
[   2.805]       <<< RX chan1 1154B: d8508b6cabfde4708d7c33494f22521ed76c3d5fed8b9eede56badcb63342d20...
[   2.805]       <<< RX chan1 1154B: 24aa358bacedc5654db02b409dd1a3e8d75aba58e44a1d24349cfb613385ef4a...
[   2.806]       <<< RX chan1 1154B: 8f207adce4e15105d0c461d707fcf2c6959bdb191c744d70908c6d95250cb5d0...
[   2.806]       <<< RX chan1 158B: 772d6b7cb1eb770d5c6fd9eff22cb2163c1a3d835d4656ad873a7d5e6ca7ed94...
[   2.806]       <<< RX chan1 1154B: 80007b498316013d7b0000337b000028b52ffd60337a99d903b021b571537329...
[   2.806]       <<< RX chan1 1154B: bf5f68d33506f1304a22bef22fe02734697d7f326a517e2a8d97823288739fed...
[   2.806]       <<< RX chan1 1154B: 0fa7772cd99dfa930bfdcdce81cc60a9a253833bfd4e349bf77b5c9b7328f0a1...
[   2.806]       <<< RX chan1 1154B: 054b3cf54826dc2fa7c5fec9c932c1b42e0928b98a0debc46fe089ae4cae1228...
[   2.806]       <<< RX chan1 1154B: 694d96b0590afc28c649163e304ac422c26d700eb3e7c04bbb830f6c1603ac42...
[   2.806]       <<< RX chan1 1154B: 7a0331cd4e85f2e3b86216aaa581125b720719f94bc7149b2c1a9023d70e8ff1...
[   2.806]       <<< RX chan1 1154B: c736e2cec3fff8669d1b9f09888b6f2731a508827bb871972c0df23b93a25303...
[   2.806]       <<< RX chan1 1154B: 62cbe1d7f02348d873731111291d8835e2a62482456b71813fc15d505927ce3f...
[   2.806]       <<< RX chan1 1154B: d36e40ac4600c080b98f00e4932685c0680ed799610915b53920fb5802eec3dc...
[   2.806]       <<< RX chan1 1154B: 1aaefc885ba6d1942cc53072c962e376b02095912d6edb1470529188d7b59d46...
[   2.806]       <<< RX chan1 1154B: 4790d374bc5f8c84a0fade1a4d8d16c124682b886c8f79a096c3c51409784962...
[   2.806]       <<< RX chan1 1154B: 98f56c58da727ebd5174891b25fd873f24eeeef705d34d9bae699e0d74480613...
[   2.806]       <<< RX chan1 1154B: 9c8eadfe40545bcf8c85303951c13d844c164cce83cfc559f82b9534e595df39...
[   2.806]       <<< RX chan1 1154B: c6387f5f9201878924dc4e4408a4e2b68b16830484eb0ef9e6608a198137ebbd...
[   2.806]       <<< RX chan1 1154B: d3adb722678672b0c6ede07024c2f21259781fd7e9e134d5fe686782ca40ad83...
[   2.806]       <<< RX chan1 1154B: 95d696f31b853d28aa6f78ad63fb90edc5c6b29b65fbac94175a45bdf51a85f1...
[   2.806]       <<< RX chan1 1154B: 1aa5f2ff98207369e75860c405ee019db96c3994dce759c8ccdd0421a02a687e...
[   2.806]       <<< RX chan1 1154B: 52eb233f72bbcedb94d7dc55b44dc99524632e0f93712c66e47b976e15cf94d9...
[   2.806]       <<< RX chan1 1154B: ae78d019f19022037459376d7b276087182a50f157751067b5d667451913c6d9...
[   2.806]       <<< RX chan1 1154B: c46eb7cffbc34ee09e025f16b50f79d1f7c68044587b4400d81f146aba841312...
[   2.806]       <<< RX chan1 1154B: a911e101a6674553e08cdfc576a9e395eabf5411284ab7360ed5e19dbe3f7000...
[   2.806]       <<< RX chan1 1153B: 6618d8ab3d0ff45ec421a412b832c581ff3eb827dd5ba9624fca2dc873156982...
[   2.807]       <<< RX chan1 1153B: 4129d53b9eb7daddea428c2e602689150b7c49bfdadaef969ece70a4dfb74184...
[   2.807]       <<< RX chan1 1153B: 81076aa006dd654e14454fd47781c9de064b4593563f120a71f05f4468066803...
[   2.807]       <<< RX chan1 1153B: abf30fd0fb699c267adf2dcd9dc7b892159ba2377c5bfa8bfc75b5eac253f226...
[   2.807]       <<< RX chan1 1153B: 7ec59a38cf54b6bad6da820a936bcb4696a5e9ccd1727cecaec94208c5db74e6...
[   2.807]       <<< RX chan1 1153B: 900b3d48df912106fb18225e1306743ce057ac5adc9bec5e08a7a150b011429e...
[   2.807]       <<< RX chan1 413B: d4a3bbcdb3c66dd9fe0a60bb8a9e66e7fcaf05529a69a6f4c8176472f1307a68...
[   2.807]       <<< RX chan1 1153B: 80000d2a8316011e0d0000140d000028b52ffd60140ca16800b6582d9e1ca57d...
[   2.807]       <<< RX chan1 1153B: 914ce26d37468dfa8ec3c9b0d86d16f5d36ddb5ca01efdc1db351b1676a10d7f...
[   2.807]       <<< RX chan1 1068B: e0041b776d0a6f6ce46caab81c1734e40bfe107fe3426557556d5cfa7bb85611...
[   2.807]       <<< RX chan1 1153B: 800017f9831603e81700007f29000028b52ffd607f28f5be00ea74f54f5220ca...
[   2.807]       <<< RX chan1 1153B: 0b4a68b05a62d334a5431be65ad22ea9706452c46d2bb1872024631569d83471...
[   2.807]       <<< RX chan1 1153B: cb88a141de943288784810d25cc065062449499ba625216d553e8a669d0782b8...
[   2.807]       <<< RX chan1 1153B: 17d638c327504108068e2cdca0b35c73ef6eddcdfc5ebff727a8e953acefefdd...
[   2.807]       <<< RX chan1 1153B: 10c21d2429b1cd45bec526feca38e66a02855f4f460e55849be92ee59455e36f...
[   2.807]       <<< RX chan1 376B: a324c8da1bd90f98abffcab07912b00e2507c0b9bc8f5b18f844badb00aca8a2...
[   2.807]       <<< RX chan1 1153B: 800071da831601ce710000c471000028b52ffd60c470218e03838a92de01ae4d...
[   2.807]       <<< RX chan1 1153B: 28bdc1f898fd9139c9a54f81939171367e5ee0dd7f955f173c412d26454757a4...
[   2.807]       <<< RX chan1 1153B: 51a815a1978d6e32265e6bf73a79ec6d720894d316671b07de6df32f3d72fb1c...
[   2.807]       <<< RX chan1 1153B: 8453ae97afe4d24fa045bc801de8bfe5d183ad71cedd0e8ffb891568138799ed...
[   2.807]       <<< RX chan1 1153B: 6e5ad200ee1482a76e48448bd01d30895b3cdcd00a803284e6ab8c37373d3add...
[   2.807]       <<< RX chan1 1153B: 1d7f44e581d63b835930869512d7a8547e58217bd6e0e0a1737d27603d815854...
[   2.807]       <<< RX chan1 1153B: d9dbee93caed49efe21f4412c660286047be3dec69dffcf1890346df82782b50...
[   2.807]       <<< RX chan1 1153B: 1b44e6e577ac40e583368b5d29c38f08c0bb63a6f9212a897426cec78b25e1a3...
[   2.844]       <<< RX chan1 1153B: ab0c48f93ece4a040d5990141073afd56945286a45f6d5ef0e70a4096fd0cf6e...
[   2.844]       <<< RX chan1 1153B: 7dd6c8493354feb8a6fcdb5ce6cc1e53f2432d5f4a3041b3dabfcaea36d208e0...
[   2.844]       <<< RX chan1 1153B: 2f9f412b121f03b0e6878c9a1a5da806aae9024d07d2cce967dde9eca3aecb0f...
[   2.844]       <<< RX chan1 1153B: c3e5e1d2b3a0b2c763feedcd01a146bdfd73b4ad1c63f8edc1efaa5492a82122...
[   2.844]       <<< RX chan1 1153B: 466b3d6c224c1328cf82a2ec3f531b74ffe1277c928dfa1a935d97eb869e17e1...
[   2.844]       <<< RX chan1 1153B: 6dcb5f0bc4a4dd3cf1b7a1ce803c579c9837b5c4b6ed92fe4e8fa371b49b8e87...
[   2.844]       <<< RX chan1 1153B: 34f68e05d4be55022bd8479ebf89c739b91202abb90ce888abca2eba62eb83ab...
[   2.844]       <<< RX chan1 1153B: 7564ec90116c884145b486642e8c14658a288e3dd9405dd484b6966eab3e9462...
[   2.844]       <<< RX chan1 1153B: cf0dbf086a25797eda0740ddc9d0f76335c706cb8e73745f1dba1dcd8f208cf5...
[   2.844]       <<< RX chan1 1153B: 0915c3589894c71adb41d0ff066cd59a8d8764dbb568908d9aea08c168dd21dc...
[   2.844]       <<< RX chan1 1153B: 1579225553a2dc26b91684036c3d199fda47d99162e973eb8008e53323d63e6c...
[   2.844]       <<< RX chan1 1153B: e6468dccd863d27e24cbd137b7172571791194c83ecead38e0d008a47008a5db...
[   2.844]       <<< RX chan1 1153B: e2873ce9a0b22ec169174ebcd56c89edc457a8e2b9d75b581138c7152649fa52...
[   2.844]       <<< RX chan1 1153B: 34193e040581f45b6bd12e1b014068fe78115e62abaf9aee8931a301264d0a51...
[   2.844]       <<< RX chan1 1153B: 693bfb57d194193d0f4bb48f016934ecc812a2ac6712a79b18467d45086bef9d...
[   2.844]       <<< RX chan1 1153B: f1fb7458a7bc012ff92a86bef1e1e8127b3536958007886b0638fbd2cd488b40...
[   2.844]       <<< RX chan1 1153B: 8157ed96d7795720bb954ab36174bd74b6e0bfe8daceaa0296360b938dd1c31f...
[   2.844]       <<< RX chan1 325B: 75872fa271ba1827af3c8f889f2ef8931faadfab540b3217a1589cdebebdeb3a...
[   2.844]       <<< RX chan1 1153B: 8000698d831601816900007769000028b52ffd607768b94b0352f294cb2e695a...
[   2.844]       <<< RX chan1 1153B: 097505b9f1cf2f13805b755032be1f494d4f3e1a3b12e228d53f8b3e2fa6bb68...
[   2.844]       <<< RX chan1 1153B: 54279175581b217121c4bcf6fae387332fe0490c77955464057efaa62d41dc98...
[   2.844]       <<< RX chan1 1153B: ea197eb3bb88adeaa33c72dfb0b15a5aa4f3fae5e1089a1a455426cfb24c0ed1...
[   2.844]       <<< RX chan1 1153B: 8f8f5b3b62eb57e61ef82c31e8e920d377ca05993b3a26f26bc19896321856c5...
[   2.844]       <<< RX chan1 1153B: 9f0c1bcd0a1fe6bcd2b4f72e3084a44dae1e20ddf1b988fcd6f573c8bc19de80...
[   2.844]       <<< RX chan1 1153B: b4a32e56eea58d0ff6a48fddb51af15fc1ae745d0f3eea5520f4f08825b77ff3...
[   2.844]       <<< RX chan1 1153B: a6727878c0e18c0d18fca3019c465e5a6a2b3a50d0b0c630cef54c0554702603...
[   2.844]       <<< RX chan1 1153B: b0e05546500856c768422fe0a7bf5c0af85237a6394dc656dd0a7b23279f4b5b...
[   2.844]       <<< RX chan1 1153B: 1e8d174d72cd70d921aaeb5593a74cabc50699981dd8dee3a8c5a1b144fa27d4...
[   2.844]       <<< RX chan1 1153B: 7a902c5be9462b3651431b2ede5af3160779c2752780b54bdf51532067f7a51a...
[   2.844]       <<< RX chan1 1153B: 22a1726fb9c023a9714cf572ec4aad8ef7797ec5e9788a7feff3fde65f81f0af...
[   2.844]       <<< RX chan1 1153B: e3f16ea80f54f5084ae05d29491cfd7b84f1c93f90a5bed169399ebad1817c54...
[   2.844]       <<< RX chan1 1153B: c65c966979d208d50b83741f82a5d643082be261b70133abc1042f0ee27bb538...
[   2.844]       <<< RX chan1 1153B: 9a4e89e419ecccaf7ba91b6f1bbc1d15cfb27d18e1faa1d7220c5efeeae812a1...
[   2.844]       <<< RX chan1 1153B: 0c47ed94123d616b4059b55ce6d21b4a6362659c7a95641471c755317732626f...
[   2.844]       <<< RX chan1 1153B: 0316cd0d7f38c5c4a75988e039c190a9e6afbf8abc00a9fbbcc9f99e2e4cadbb...
[   2.844]       <<< RX chan1 1153B: e7c39ade3abea14aec157bd242790967adad8dfe0ddc341b7523514f8c1d915c...
[   2.844]       <<< RX chan1 1153B: 75608830600ba8d76b295aa58804e973de8abf28a3a68cc1505a9eb64a2607e5...
[   2.844]       <<< RX chan1 1153B: 13b9f25a8780e86940101fa9af855b5cc28e12b3a34b1707da0e66f546c33e7d...
[   2.844]       <<< RX chan1 1153B: 79008dec1a75da54a3e70330fd6786b0692fa0796b6e67c3b4eb910004f6e9b8...
[   2.844]       <<< RX chan1 1153B: f5dd37420729249c4dff9316e48fc3f90196b6c68f28c2db46a09d550396d8bf...
[   2.844]       <<< RX chan1 1153B: 39af672c5e95fd12a6fe51b7f13adcdbddb6f98fbca44fafcd5542bbdee57de8...
[   2.844]       <<< RX chan1 506B: ab532d1a05a061ea965320590e8dcd1e2f91097bc6ea0e436b9f7ea45e219622...
[   2.844]       <<< RX chan1 1153B: 800053e2831601d6530000cc53000028b52ffd60cc52619e020bac862f473dd6...
[   2.844]       <<< RX chan1 1153B: e4c79aeb18f2c8a74228dfa3eee133eb62576da9d980aa4c95f793068056cd69...
[   2.844]       <<< RX chan1 1153B: de2037fedbee3b27d3cdfc40dc3b12ba88d78a7012b2eac14d067b3353f67daa...
[   2.844]       <<< RX chan1 1153B: b4c670fa1b53241835b7944a590b32bcb2671ffee1217f881b96eb4b7eb96103...
[   2.844]       <<< RX chan1 1153B: f67b37698a64db4ac49cd235139456913e2abf0f4d5996c37e7ede9a2d106972...
[   2.844]       <<< RX chan1 1153B: 71d079e556cf4dac41b15bdc2211ccef7a1c24fa55e379b0a37c8b7c05f2678b...
[   2.844]       <<< RX chan1 1153B: 7b5d6c0c5f0ac144e2c6ffbeb4572b84166e7837b9327d7157c96f3fb570e403...
[   2.844]       <<< RX chan1 1153B: 0e725ded8ba53312577f1552aadf638c81699b87ada7a641e54814be8a0e34fd...
[   2.844]       <<< RX chan1 1153B: 208851cee6c3f85927a4ce0b01015443f50f210b792b74d37ab889ff017156dc...
[   2.844]       <<< RX chan1 1153B: b50ebd7373f203c5e89c30969b9d348f654e3885c277bb0bfc323152d75be08d...
[   2.844]       <<< RX chan1 1153B: c072f4961218623573885ca1289c4ae29ac132f085922b0b5404541a7737a2db...
[   2.844]       <<< RX chan1 1153B: 3bb20ef7059e692bc26596f606899c6f991c263fac820adc5a5d1f1ebb3b6381...
[   2.844]       <<< RX chan1 1153B: 27977f0ca4abff8d6478dd6eee55efeeb230ea5696c2168c0335a9b7bf5d9ab3...
[   2.844]       <<< RX chan1 1153B: 842898724ab4231b149bb27e9a1a9dc1289a449ba30b780e13731aa77cccafd9...
[   2.844]       <<< RX chan1 1153B: 211bc9c9ff0088c6acc743cce1df408e9d8b02e77bfa09dfaa6d653da36aa371...
[   2.844]       <<< RX chan1 1153B: 8820276efe1305560c05ca6ff6ff1d72b5f200e24e46b1b939c8980bfaf8015d...
[   2.844]       <<< RX chan1 1153B: 77e8753a375dba7299a26e936f91af689b0e850a0ed805f450b2ab1fc77b574c...
[   2.844]       <<< RX chan1 1153B: b1792235181d20401eaa1989ca0c204b5e4031b0cd280602fd35405e7d9bb3ff...
[   2.844]       <<< RX chan1 724B: 0ea9eb1639a0b239feb4b37306a11c330372e22311fdc7552961dbb6ad514df8...
[   2.844]       <<< RX chan1 1153B: 80004f4e831601424f0000384f000028b52ffd60384ec17902ccee9fe03ec45e...
[   2.844]       <<< RX chan1 1153B: 840c1d4e612c40961edc1fb9bbace3acbb153481fb548ee5a0e88af59df168d5...
[   2.844]       <<< RX chan1 1153B: 4bee776ecb78758f6c7b18352fb948d40d29996065f8e2c98491aa815f3f9b5b...
[   2.845]       <<< RX chan1 1153B: 719d79a7711f91a58b5eb75b77bca5df59b3df57f7eb380495d500bc7f3533df...
[   2.896]       <<< RX chan1 1153B: b713742ec131b4bb036e92cadc7ca41f92411418da5d50a11d78b93c2989ae7a...
[   2.896]       <<< RX chan1 1153B: f12dc3f17d76968e3cb810ccb4c7c216e71b867ac6ff82c75107822e8cf03e18...
[   2.896]       <<< RX chan1 1153B: cbd2c41ba9cd7113b202a4b97d3969d94286341e39048c6e7aa1eb71081a6b76...
[   2.896]       <<< RX chan1 1153B: e0d0c4944562cc7a747e141958f6c4d324b4049e3421fbd77c6787e9053d6529...
[   2.896]       <<< RX chan1 1153B: 03c89594a02493538d0db286e294e6581523372058717ba914a342c6bd8751f0...
[   2.896]       <<< RX chan1 1153B: 964227fbd38cab5e9b364d0cd10f34ba6ee0a3b4abcf4142caf2e4ff0c0f73f4...
[   2.896]       <<< RX chan1 1153B: 377fff924125f1399e2ee0150dd740be1f8c7de17789bc5fdac91248d582868f...
[   2.896]       <<< RX chan1 1153B: 35891ab50017ecbeaa8cf00c22f5726336aa704b2cd084dd6c1176ab8344fce0...
[   2.896]       <<< RX chan1 1153B: 478ad3d21fd21ad24e96a7201c08891c63f891fb52543fd65af33e756cc22fe0...
[   2.896]       <<< RX chan1 1153B: f7b2c368fcdd571965c3f7450d409bf31ddd87a8a291ac9d7a058de6916fe490...
[   2.896]       <<< RX chan1 1153B: 0abea1cb6bb797c3f0d82ecf0177482ea7bbb0e33597932e30ef5cfe98108ea5...
[   2.896]       <<< RX chan1 1153B: 14e98157c346edfdaacb91181b8e99670c9e3a933963c5859ed0096b514274f2...
[   2.896]       <<< RX chan1 1153B: 166e88e836e3461499f030ea9a80ecbdbd6ccc603d97774022a292b7a2daca04...
[   2.896]       <<< RX chan1 705B: 0f14a8f806ef8e6d8d3a1dec2934d5c0f8d7ecb6053f0e8ca1d992a5bee7e6e7...
[   2.896]       <<< RX chan1 1153B: 80006730831601246700001a67000028b52ffd601a66d13803506f1892e88bcd...
[   2.896]       <<< RX chan1 1153B: 0cc441c52fab4857f44c8c76a2477bfc97c50e6f523ba86b8c7f0f6c3c847c23...
[   2.896]       <<< RX chan1 1153B: ab11f219258372ebc305990868618e236de5f98735fe1eb1d7033d47a0bcc4b8...
[   2.896]       <<< RX chan1 1153B: f8d8502b84c0f1727af4a0ec23833d2b7f25de02ab07c6f3914518cf0d8eedfe...
[   2.896]       <<< RX chan1 1153B: 2bdbc1d72e498746de04cf04f0ade226c554824d98ee43e29f0d1218e4d0a055...
[   2.896]       <<< RX chan1 1153B: c4c4bed07890b41150803280afa2a152cc94b9a21b9819a4872eeb83b1f6988d...
[   2.896]       <<< RX chan1 1153B: 419444d2f2a819305a46d267d290e63639c591993a20625e775259b5628825f2...
[   2.896]       <<< RX chan1 1153B: 072ddfdeef43a77cd3ff46394e814e8a8655f15f145005165061ff6f95aafc46...
[   2.896]       <<< RX chan1 1153B: 4cb21846cd640401c32be625f491e095055a10abe81ec75c40fd401c0b8882b2...
[   2.896]       <<< RX chan1 1153B: 9c4b27883a748dbf0eb764e29d2393d23231ea723c760647a6aff5ee39b5e30b...
[   2.896]       <<< RX chan1 1153B: 16c03ef710a6b8cc1e1bac405f60df8d50ed13f122f92f568b7b0570c892b65e...
[   2.896]       <<< RX chan1 1153B: c50cc951efcbaf032b7af420972a44fe8e96e2ebca23c566dd49f18059ab9a95...
[   2.896]       <<< RX chan1 1153B: 8587954c90adf55cac8078a96548bcfd8bb2f649b3d1b3796b984669ecb2387e...
[   2.896]       <<< RX chan1 1153B: ed505d79df9338b1f580515a16a4a11897c457dcb4e6733b2067f18c95d902de...
[   2.896]       <<< RX chan1 1153B: 6d2bf26578e76f39d7fca51cc9daf7b8cd5a63ee35452e65d86403ed287c9495...
[   2.896]       <<< RX chan1 1153B: e2a2d942b965eceae1c7448d992a7fbd310f58a9e9f3fb47cb268f6fddbbc76b...
[   2.896]       <<< RX chan1 1153B: a53b2a0e183396e65de3469b38a3c0f10abf9db0b2f8c91b3f7c6d133adf8cdf...
[   2.896]       <<< RX chan1 1153B: 799c2ad4877f8c7f6ebe043469373a4ea6b2a2d13dc64c42fab7f9a891ee8d39...
[   2.896]       <<< RX chan1 1153B: d34fda05debc8e51837721ad05ccd7f50ce69eaff706bdcf053a2d2f2cdca134...
[   2.896]       <<< RX chan1 1153B: 570df2d957e8b741dd207b19463b3fea06ad9ea88f24bacbdb3a23f28212347c...
[   2.896]       <<< RX chan1 1153B: cd84ee487a4ca1389cea6422d6161b969c277d5d06c702bfd812e290040a8499...
[   2.896]       <<< RX chan1 1153B: e5c63bc417b6bc376a9a523f3c6f056007ea4f058be7d5a5c45423df63fbb4df...
[   2.896]       <<< RX chan1 1054B: 334faaa8702977c3d6188478b402140497029b64e2772f53da41d94198bb94b3...
[   2.896]       <<< RX chan1 1153B: 8000520e83160102520000f851000028b52ffd60f850c18f026a3eeeb707fd4b...
[   2.896]       <<< RX chan1 1153B: 54400b537e504eb3deb2ff14b5eef79d3e571cb542a80e8059a01d2f494dfb90...
[   2.896]       <<< RX chan1 1153B: fc5bb23a4e017780cdfddca44ca574c74da38d401d6bd4cfd8daa38b454991b1...
[   2.896]       <<< RX chan1 1153B: 653c990407994698f33cf385329944ae666200b9376b0d967541d7ba6c8f056d...
[   2.896]       <<< RX chan1 1153B: e637269778e79b1271efb7017f58c233f69206f975dc5fed9e029f1cae316906...
[   2.896]       <<< RX chan1 1153B: 73ce4c83f6fdc45dd62b485b208c6f6a34e9645a6ef5392970177442f8409d29...
[   2.896]       <<< RX chan1 1153B: 3c3bc531f8a80cebce2148ff8f1d25810210e51410d474e9cff994c98d03c26b...
[   2.896]       <<< RX chan1 1153B: 84b3fc65ff064127849f2c14654cbedf34fb547bebd83c8386ab4f4e4d546e67...
[   2.896]       <<< RX chan1 1153B: e4387d45c06bf63cdfeb86373546eef57a544362346f2d08fa79e4ce2366d7eb...
[   2.896]       <<< RX chan1 1153B: 4feb976a662c565e415a116cdcfeddb6ba2d698318fac7a9281395b07484ed78...
[   2.896]       <<< RX chan1 1153B: 10cc6d00760ac701bc6c7cdab4ebdfc704a2d4202f3002571cd6517d0934e440...
[   2.896]       <<< RX chan1 1153B: 7e1d98c45e6942141a839b3fa44801ce9323a875d8725517913504a6488e9255...
[   2.903]       <<< RX chan1 1153B: b306047d02f9942c271c6f36ef4d567c35b4593061a4e38583b547f267452f81...
[   2.903]       <<< RX chan1 1153B: 602108d3aacf18b006c98c2e18155af300fd1005ab888cc18f6e61b7f53df823...
[   2.903]       <<< RX chan1 1153B: c256d4039be4124d5f434ceff0848e74c82ed55b2c74d22acd1806de45b4f991...
[   2.903]       <<< RX chan1 1153B: 9eba3f24dbd881f128e2367e3b87858ca391e1c251525e8df7fcc034d031b99f...
[   2.903]       <<< RX chan1 1153B: 36a5060eb18596a0aeea869bfb62d31fd7055081a49b0ecdf40580f271d28bce...
[   2.903]       <<< RX chan1 1153B: c1adc2156e4d45c292abc058ae4b97bffb6074077dd8be9dfbe7a7492cc34e34...
[   2.903]       <<< RX chan1 256B: 2da85748512da93bc719b52559ff0fc9e58309eaba13c832fa5f8c99d95b4a9f...
[   2.903]       <<< RX chan1 1153B: 80004a65831601594a00004f4a000028b52ffd604f4979520277a56408840065...
[   2.903]       <<< RX chan1 1153B: 5eab348dab0b7088c50d948c7259de086179308abe93486f21381c05ca166556...
[   2.903]       <<< RX chan1 1153B: 18b277d8ae28db463a2375a9324309e74dab72b7fd1a5661f3e19ed5c66e432d...
[   2.903]       <<< RX chan1 1153B: bc1f28bbe73939f7932596a9633d2f04ff6f6dcb5e1af22b9ae2a16f7601b10c...
[   2.903]       <<< RX chan1 1153B: 0ba83dd536b245c1009b300d711561407a50b6e9945d5f865b8785cd56a59feb...
[   2.903]       <<< RX chan1 1153B: 0d16f3036efe2b338e35a6fbc16f875d40e212bb6a50f6463809326bc54b6654...
[   2.903]       <<< RX chan1 1153B: 0a298e2e03a1b726b76e05f94c3d730fdec322aeb7cacf40685f012af5c47d83...
[   2.903]       <<< RX chan1 1153B: c54228bfbc5a254f52bd63b31bfdfb9e9c36a38b08d4b0aba4cdbadf9f88d953...
[   2.903]       <<< RX chan1 1153B: e8486c9471f8584bb58d6031e88d23a81f73c7e5da7d99b04ac8f2c8b52db5a7...
[   2.903]       <<< RX chan1 1153B: 7529e85d194b77688d7999335eef743711dcf2cfd1cb2fbc6aff46d4fb1a37aa...
[   2.955]       <<< RX chan1 1153B: cd905ca945b6a470239d1ac0e1ddde4eec7a9b12a72d0c84d5e5bed3f14cb59d...
[   2.955]       <<< RX chan1 1153B: c8d26e8ea5d9c3cc6693525d99cbf35b9b2d4b9e26e2894d8f85b5bf733edb3c...
[   2.955]       <<< RX chan1 1153B: 7f1cf475d18b57010485d46244216796b656f792bb90abcd96622667c70ec11a...
[   2.955]       <<< RX chan1 1153B: 6eb3cabdfe6a4321f27c381fb5b7e8d9db80f2d1a67dd516753973af89606ab8...
[   2.955]       <<< RX chan1 1153B: 5b6ae44891a4b3e472f02ecb519f638529522e84d79cb2b3e0d089516f7c2a61...
[   2.955]       <<< RX chan1 1153B: 02855026e7a7d59fd3b51d8779bd1503289aa73784ba9f05ee366cf2285f2b67...
[   2.955]       <<< RX chan1 601B: 41d8333a67ca6a17972c9ec1645fadcb06855bd24151b18ff9ab733684aa454d...
[   2.955]       <<< RX chan1 1153B: 80000fe2831603d10f00007121000028b52ffd6071203d7e003ae6f8334a2058...
[   2.955]       <<< RX chan1 1153B: 0894843b2378f890e220062509bcded5cd11f928d061d0d3526a46c81c375c00...
[   2.955]       <<< RX chan1 1153B: 0258a28e9417a40a3dc6dc481cbb2c2cf0e11332c62a4cf3544414ba198f1a19...
[   2.955]       <<< RX chan1 611B: a89cbe08ae072974ec39bd3e79d29fb3d0f95112902bdc33b4511c1e546bfde6...
[   2.955]       <<< RX chan1 228B: 800000e0831601d4000000cb00000028b52ffd20cb5906005ab67fa05acc3a4c...
[   2.955]       <<< RX chan1 1153B: 800086df8316028c830000c88a010028b52ffda0c88a0100051c04eef845c214...
[   2.955]       <<< RX chan1 1153B: e07e4353d4428b2462801ab085024135942c0074b3591f1a1a74e12953a3e2b1...
[   2.955]       <<< RX chan1 1153B: d82328c47532c80b06b94e0679c1df7532c80b1e5d2783bca0ef3a19e4057bd7...
[   2.955]       <<< RX chan1 1153B: 5987656091420a1ad0d0dc4ed496c9135298216284992328ae935d267ea458a7...
[   2.955]       <<< RX chan1 1153B: b39b36e169a6860e74402784a02c503fec90e2eb45d4ce110ae72a430726c460...
[   2.955]       <<< RX chan1 1153B: 3af42eeccc9cbb71e153f45d8871e3c26f9ca3b14d9c4bf3af403e9bb93c9485...
[   2.955]       <<< RX chan1 1153B: c265e1eebe8226c3bd26068f26ebf0996635071528dcdd4f54e561936273c59d...
[   2.955]       <<< RX chan1 1153B: dc63f0dc3d3871afdf70cf03b8ee2db0dcb10e6ad46caeb5146f5c441301c58c...
[   2.955]       <<< RX chan1 1153B: e49d0ddd3e865274a77a88054db9652544d6759f792f6bbeae973549dcb1ab84...
[   2.955]       <<< RX chan1 1153B: 01fad9c9c10152571f9f1e9e9c9e1f1c1c9fa09f2075dd71669c1d1f1e1e1d9d...
[   2.955]       <<< RX chan1 1153B: c504b6c48588250a581730c426bc24a0784904e181f1a4c08a7854618543ac84...
[   2.955]       <<< RX chan1 1153B: 81ecaca659288beb73ce86d31df9a7fe5baa8d7ee39c6dfbc8e5a7b906eed4b7...
[   2.955]       <<< RX chan1 1153B: 3529be1127452b4b8a46f88a4bbd619253d811df50c9d1708a6f68e568f87434...
[   2.955]       <<< RX chan1 1153B: f35e738aee737dac4d1cba7f0623a7e8c63654e35e7cdeab2eeffe670fe3cff5...
[   2.955]       <<< RX chan1 1153B: e88d8d73344048e126ee6d401041342519ed2d4bc421505e5796883cab2956d8...
[   2.955]       <<< RX chan1 1153B: c7eb7eac85749806ba3fc51b17e1efc9a9fd0a4408ebd67791e28d8b6830f4e4...
[   2.955]       <<< RX chan1 1153B: 6fa8c4c90bcaef8b05adaa5997e6dd6bfc280a447f267a35ab44f84f4cb4f10e...
[   2.955]       <<< RX chan1 1153B: 7a615fb08847505e4a594a3c61faca52f2b515c66b885ed85316a210a730605f...
[   2.955]       <<< RX chan1 1153B: 0ff5b38f15bf15ae536f35df7ed390cd64e910d6d8fc7cfb1f8f7579ab5a7d33...
[   2.955]       <<< RX chan1 1153B: 5d6d979f614a9828e77a88e4189440a581f4a61cd51ff7efa9d8fda856b1e7ac...
[   2.955]       <<< RX chan1 1153B: 097e38794490cb43a34bb4d5e99c701547cf95a82bb5a1e775dfda182a26352a...
[   2.955]       <<< RX chan1 1153B: e5a32807941c2a20f75630b129110d6e038f154c7790c0bc8242c50b428a15ca...
[   2.956]       <<< RX chan1 1153B: e75d3ad6ce87fb432807943b9f63c60470e76f8f9bca5b4e8b58695a3ff84aba...
[   2.956]       <<< RX chan1 1153B: d290e72d2bead7d4828038ba66adf82675be59b49321bf5d35cc5619cf77d038...
[   2.956]       <<< RX chan1 1153B: c3417a58f518a3faa6707d6ca51206bf15b09b0323dfa6a1cc13670e1f2c7b8c...
[   2.956]       <<< RX chan1 1153B: e9a58556bc1f81f3353eef5bbf1967093bc5e561d312dac2083ec323cf32a43c...
[   2.956]       <<< RX chan1 1153B: 7845e105596fabd1bf078e89a543aecce99ad1372028a8183e3fccffceddf5de...
[   2.956]       <<< RX chan1 1153B: 1be35e6d5e632846128e2277ea80f50d943508f9c5a166a524bc061d913e18af...
[   2.956]       <<< RX chan1 1153B: 2f4b341c66f167e31f47526e4e345cba8a835036e3b05479d5808bd88b6aa780...
[   2.956]       <<< RX chan1 1094B: 55de34ca02f6937c71c704ea4ae2faebbd04ad327e7fa67d54114f2b1928ccc8...
[   2.956]       <<< RX chan1 280B: 8000011483160108010000ff00000028b52ffd20fff9070036f4af9b7538c567...
[   2.956]       <<< RX chan1 1153B: 800038b8831602a738000037a6000028b52ffd6037a5edc401ba3dbfae551020...
[   2.956]       <<< RX chan1 1153B: f37a50151149e4ffcf7f0680035b6cd84d29c03820f8fa8252c356f4c4338133...
[   2.956]       <<< RX chan1 1153B: 7258f817a8030ffc0bd4a18b1df817a8c3d595a41c900efc0bb42107fe05daf0...
[   2.956]       <<< RX chan1 1153B: 63540db7e50945528357962a3f4bbc5c6ec7a494734aba06d8807ba020f00b91...
[   2.956]       <<< RX chan1 1153B: 134fa763da39e52040a5452c0e69c124f8374a8d0eff4af5ec744c4d6af837ea...
[   2.956]       <<< RX chan1 1153B: 7f833c70dbfb3fbb326e1df9e0132ba96a1d2591924ae3d10a0733edbce637d8...
[   2.956]       <<< RX chan1 1153B: d62e182c4eb8e1d3e8ed400ffe7b3fdc0e89c562aa54b58cb28669f177db390a...
[   2.956]       <<< RX chan1 1153B: ffde6edc70f0efade876837f6f356e00e0df5b8d9b0dfebd15dd6af02fdae456...
[   2.956]       <<< RX chan1 1153B: b01ff09bf5629df09bed80f580df6c076c137eb35e6c07fc6eaa61bdf8dd54d3...
[   2.956]       <<< RX chan1 1153B: 9d9c620c820f0c664c14086a81ff232fdcfe84b286c7a9ac615afcf100fdd4fc...
[   2.956]       <<< RX chan1 1153B: 4c0f9c95be595638b15c60e4a55afc21b90c39847a993cb0975d386957a4f2d7...
[   2.956]       <<< RX chan1 1153B: c1597fb747e7cebf0932321736485879135ff78b4d79da1af3f2ca7fefcd6dcc...
[   2.956]       <<< RX chan1 688B: 6ecf2d3860c82bce1b4f75c79bec5d3167cf26fbf344a72e88b0ed6083b8bf30...
[   2.956]       <<< RX chan1 25B: 80000015831601090000000000000028b52ffd200001000000
[   2.956]       <<< RX chan1 1153B: 800037c4831602b3370000c9bd000028b52ffd60c9bc4dbd017af666a3501010...
[   2.956]       <<< RX chan1 1153B: 06e196cf107edf0988b0cb6490a6130b5a6c41dbf57cc29497a6bf1d8d20cfe6...
[   2.956]       <<< RX chan1 1153B: dcd201cdc132ac27aba5e3b9e3096536ad0e60a69debbc6f93df378bdbd952fb...
[   2.956]       <<< RX chan1 1153B: 9597df49cf162e4f378e489cb88c1863cb16a24d080bc9865eff2f8b6aa0fdd3...
[   2.956]       <<< RX chan1 1153B: b1246ee5d09c909c4095c8e69235e25c59a652c87fa3ff7c806c0cc69f3b96c4...
[   2.956]       <<< RX chan1 1153B: fc4e2f285ec0efdd1b6ea9d078c1df2efd0979be1d50b80bd6e89d1b7ea750bd...
[   2.956]       <<< RX chan1 1153B: 7001e3e70532634246aa20d048f53352f98c54aa91aa67a4e219a9765cc2cc48...
[   2.956]       <<< RX chan1 1153B: 44a31cfe54645cf23360c48a1d32b3f7101c6e0cc98165373e59f4c9ba59017b...
[   2.956]       <<< RX chan1 1153B: 79c19e8f17ec1d79f0fb48e78887df473ac729f87dac53430a7e1fd91ce9f0fb...
[   2.956]       <<< RX chan1 1153B: c6f2ecc9a17ae1776f2ccf9e1caa01f8dd1b53bbf0bb37a61680df3d386a09fc...
[   2.956]       <<< RX chan1 1153B: 3aba598bcc1a224e1d0db2cc6505bb518c3267d58036049779f0095cbed9bfc6...
[   2.956]       <<< RX chan1 1153B: b7d901ae5578887e7857a2a4c59d07cbcce9eec33caaf7ccedbd7b32200757df...
[   2.956]       <<< RX chan1 444B: d4fa0b570d232e53a183bb424cb4306886bd33192a328d84933122efe94b9203...
[   2.956]       <<< RX chan1 71B: 80000043831601370000002e00000028b52ffd202e71010046e810e87f2b810f...
[   2.956]       <<< RX chan1 744B: 800002e4831604d3020000fc07000028b52ffd60fc064d160046e5864aa0544e...
[   2.956]       <<< RX chan1 167B: 800000a3831601970000009c00000028b52ffd209c7504003408455fc95c68d0...
[   2.956]       <<< RX chan1 1153B: 8000052383160412050000d80a000028b52ffd60d809452800ca43500f425068...
[   2.956]       <<< RX chan1 166B: 1605d63084c8328d90dc544b8acfa16da4f6703eb8cec5fddf172598b644ce2f...
[   2.956]       <<< RX chan1 25B: 80000015831601090000000000000028b52ffd200001000000
[   2.956]       <<< RX chan1 258B: 800000fe831602ed000000af01000028b52ffd60af001d0700b40b01774b5500...
[   2.956]       <<< RX chan1 25B: 80000015831601090000000000000028b52ffd200001000000
[   2.956]       <<< RX chan1 244B: 800000f0831602df0000006501000028b52ffd606500ad0600140b01eac75400...
[   2.956]       <<< RX chan1 1153B: 8000055d83100d000000020108685500ef01ffff010768550002010968550057...
[   2.956]       <<< RX chan1 224B: 496e7465726e09000541646d696e0900195370616e6973684c6f63616c697a61...
[   2.956]       <<< RX chan1 1153B: 8000053d830701a9650000641102020b31303635333230313539351f01196973...
[   2.956]       <<< RX chan1 192B: 6f6e0b0eff010f6855000201176855001501ff047307610d6413771a164b6579...
[   2.956]       <<< RX chan1 1153B: 8000051c8302011b6855001501ff10011a22436c61737369635468756d627374...
[   2.956]       <<< RX chan1 159B: 013c6855001501ff1a0c546f75636842696e64696e67ff013968550002013d68...
[   2.956]       <<< RX chan1 1153B: 80000520830201416855001301ff070e4162696c697479416374696f6e380b06...
[   2.956]       <<< RX chan1 163B: 020e000000401a0f4b6579626f61726442696e64696e67ff0161685500020163...
[   2.956]       <<< RX chan1 1153B: 80000523830201666855001501ff069908144df38e3c62be3c3c1a0c546f7563...
[   2.956]       <<< RX chan1 166B: 696e67ff01836855000201866855001301ff070a4571756970536c6f74330b04...
[   2.956]       <<< RX chan1 1153B: 800004d78302018b6855001501ff1a0d427574746f6e42696e64696e67ff0189...
[   2.956]       <<< RX chan1 90B: 72646461746173746f726504756e697402094b6e6f636b6f7574732003000000...
[   2.956]       <<< RX chan1 29B: 800000198323843b5a0007010e000000bf1a010768550023843b5a0000
[   2.956]       <<< RX chan1 281B: 80000115830701a9650000641102020a323635353838363531381f0119697349...
[   2.956]       <<< RX chan1 373B: 800001718307017c230000e31607456e61626c65640701902300002f09ecf2ec...
[   2.956]       <<< RX chan1 21B: 800000118307015e41000011039e0123903b5a0000
[   2.956]       <<< RX chan1 11B: 800000078323943b5a0000
[   2.956]       <<< RX chan1 11B: 800000078323983b5a0000
[   2.956]       <<< RX chan1 11B: 8000000783239c3b5a0000
[   2.956]       <<< RX chan1 11B: 800000078323a03b5a0000
[   2.956]       <<< RX chan1 11B: 800000078323a43b5a0000
[   2.956]       <<< RX chan1 11B: 800000078323a83b5a0000
[   2.956]       <<< RX chan1 21B: 80000011830d000000000000fe03f923ac3b5a0000
[   2.956]       <<< RX chan1 171B: 800000a7830d000000000000fd01010510905178010000000090517801000000...
[   2.956]       <<< RX chan1 11B: 800000078323b43b5a0000
[   2.956]       <<< RX chan1 11B: 800000078323b83b5a0000
[   2.956]       <<< RX chan1 11B: 800000078323bc3b5a0000
[   2.956]       <<< RX chan1 171B: 800000a7830701a56500006411011f010a323635353838363531381f07045374...
[   2.956]       <<< RX chan1 11B: 800000078323c43b5a0000
[   2.956]       <<< RX chan1 33B: 8000001d830d0000000000000001fa0d00000000010d000000000223c83b5a00...
[   2.956]       <<< RX chan1 11B: 800000078323cc3b5a0000
[   2.956]       <<< RX chan1 11B: 800000078323d03b5a0000
[   2.956]       <<< RX chan1 11B: 800000078323d43b5a0000
[   2.956]       <<< RX chan1 142B: 8000008a830d000000000000ff01fd0d010000006b0000006200000028b52ffd...
[   2.956]       <<< RX chan1 41B: 80000025830d000000000000fe01010d000000000000fe03f80d000000000000...
[   2.956]       <<< RX chan1 27B: 80000017830d0000000000000101fa0d000000000123e03b5a0000
[   2.956]       <<< RX chan1 21B: 80000011830d000000000000fe04f823e43b5a0000
[   2.956]       <<< RX chan1 11B: 800000078323e83b5a0000
[quic] DATAGRAM 32B: 0302008305109553780100000000955378010000000000000000010000000000
[   3.102]       <<< RX chan1 1154B: 800000078323ec3b5a0000800000078323f03b5a00008000040b831b17000000...
[   3.102]       <<< RX chan1 32B: 143c5a000080000017830d0000000000000101f90d000000000123183c5a0000
[   3.131]       <<< RX chan1 11B: 8000000783231c3c5a0000
[   3.131]       <<< RX chan1 162B: 800000078323203c5a0000800000078323243c5a0000800000078323283c5a00...
[   3.131]       <<< RX chan1 11B: 800000078323443c5a0000
[   3.181]   DUMMY -> send ping 77B
[   3.181]       <<< RX chan1 21B: 80000011830d0000000000000002fd23483c5a0000
[   3.181]       <<< RX chan1 11B: 8000000783234c3c5a0000
[   3.181]       <<< RX chan1 11B: 800000078323503c5a0000
[   3.232]       <<< RX chan1 11B: 800000078323543c5a0000
[   3.232]       <<< RX chan1 11B: 800000078323583c5a0000
[   3.232]       <<< RX chan1 27B: 80000017830d0000000000000101fd0d0000000001235c3c5a0000
[   3.282]       <<< RX chan1 11B: 800000078323603c5a0000
[   3.283]       <<< RX chan1 21B: 80000011830d0000000000000201f823643c5a0000
[   3.283]       <<< RX chan1 11B: 800000078323683c5a0000
[   3.297]   DUMMY <<< RX app=6 chan=1 81B: 8000004d0858fbbded5ddc184000000001505050505050505050505050505050...
[   3.297]       <<< RX chan1 21B: 80000011830d000000000000fe04f5236c3c5a0000
[   3.314]       <<< RX chan1 11B: 800000078323703c5a0000
[   3.364]       <<< RX chan1 11B: 800000078323743c5a0000
[   3.364]       <<< RX chan1 16B: 8000000c8323743c5a0023783c5a0000
[   3.364]       <<< RX chan1 11B: 8000000783237c3c5a0000
[   3.414]       <<< RX chan1 11B: 800000078323803c5a0000
[   3.414]       <<< RX chan1 11B: 800000078323843c5a0000
[   3.414]       <<< RX chan1 11B: 800000078323883c5a0000
[   3.464]       <<< RX chan1 11B: 8000000783238c3c5a0000
[   3.464]       <<< RX chan1 11B: 800000078323903c5a0000
[   3.464]       <<< RX chan1 33B: 8000001d830d0000000000000200f80d00000000030d000000000123943c5a00...
[   3.515]       <<< RX chan1 11B: 800000078323983c5a0000
[   3.515]       <<< RX chan1 21B: 80000011830d000000000000fe04f4239c3c5a0000
[   3.515]       <<< RX chan1 11B: 800000078323a03c5a0000
[quic] DATAGRAM 32B: 0303008305109955780100000000995578010000000000000000010000000000
[   3.565]       <<< RX chan1 11B: 800000078323a43c5a0000
[   3.565]       <<< RX chan1 38B: 8000002283051099557801000000009955780100000000000000000000000000...
[   3.565]       <<< RX chan1 11B: 800000078323ac3c5a0000
[   3.616]       <<< RX chan1 27B: 80000017830d00000000030d0000000000000300f723b03c5a0000
[   3.616]       <<< RX chan1 11B: 800000078323b43c5a0000
[   3.616]       <<< RX chan1 11B: 800000078323b83c5a0000
[   3.666]       <<< RX chan1 11B: 800000078323bc3c5a0000
[   3.666]       <<< RX chan1 11B: 800000078323c03c5a0000
[   3.666]       <<< RX chan1 11B: 800000078323c43c5a0000
[   3.717]       <<< RX chan1 21B: 80000011830d000000000000ff04f323c83c5a0000
[   3.717]       <<< RX chan1 11B: 800000078323cc3c5a0000
[   3.717]       <<< RX chan1 11B: 800000078323d03c5a0000
[   3.733]       <<< RX chan1 11B: 800000078323d43c5a0000
[   3.755]       <<< RX chan1 21B: 80000011830d0000000000000202fd23d83c5a0000
[   3.755]       <<< RX chan1 11B: 800000078323dc3c5a0000
[   3.773]       <<< RX chan1 11B: 800000078323e03c5a0000
[   3.824]       <<< RX chan1 11B: 800000078323e43c5a0000
[   3.824]       <<< RX chan1 11B: 800000078323e83c5a0000
[   3.824]       <<< RX chan1 33B: 8000001d830d00000000000003fff70d00000000030d000000000123ec3c5a00...
[   3.874]       <<< RX chan1 11B: 800000078323f03c5a0000
[   3.874]       <<< RX chan1 11B: 800000078323f43c5a0000
[   3.874]       <<< RX chan1 31B: 8000001b830d000000000000ff04f20d0000000000000202fc23f83c5a0000
[   3.925]       <<< RX chan1 27B: 80000017830d00000000000003fff60d000000000323fc3c5a0000
[   3.925]       <<< RX chan1 11B: 800000078323003d5a0000
[   3.925]       <<< RX chan1 11B: 800000078323043d5a0000
[   3.972]       <<< RX chan1 11B: 800000078323083d5a0000
[   3.972]       <<< RX chan1 11B: 8000000783230c3d5a0000
[   3.972]       <<< RX chan1 11B: 800000078323103d5a0000
[   3.991]       <<< RX chan1 11B: 800000078323143d5a0000
[quic] DATAGRAM 32B: 0304008305108d577801000000008d5778010000000000000000010000000000
[   4.042]       <<< RX chan1 11B: 800000078323183d5a0000
[   4.042]       <<< RX chan1 11B: 8000000783231c3d5a0000
[   4.042]       <<< RX chan1 48B: 8000002c830d000000000000ff03f205108d577801000000008d577801000000...
[   4.092]       <<< RX chan1 11B: 800000078323243d5a0000
[   4.092]       <<< RX chan1 21B: 80000011830d000000000000ff03f123283d5a0000
[   4.092]       <<< RX chan1 21B: 80000011830d00000000000004fef6232c3d5a0000
[   4.110]       <<< RX chan1 11B: 800000078323303d5a0000
[   4.160]   DUMMY -> send ping 77B
[   4.161]       <<< RX chan1 11B: 800000078323343d5a0000
[   4.161]       <<< RX chan1 11B: 800000078323383d5a0000
[   4.161]       <<< RX chan1 11B: 8000000783233c3d5a0000
[   4.212]       <<< RX chan1 11B: 800000078323403d5a0000
[   4.212]       <<< RX chan1 17B: 8000000d830d000000000323443d5a0000
[   4.212]       <<< RX chan1 11B: 800000078323483d5a0000
[   4.249]       <<< RX chan1 27B: 80000017830d00000000000004fef50d0000000003234c3d5a0000
[   4.249]       <<< RX chan1 11B: 800000078323503d5a0000
[   4.282]   DUMMY <<< RX app=6 chan=1 81B: 8000004d0858fbbded5ddc184000000001505050505050505050505050505050...
[   4.282]       <<< RX chan1 11B: 800000078323543d5a0000
[   4.282]       <<< RX chan1 21B: 80000011830d000000000000ff03f023583d5a0000
[   4.333]       <<< RX chan1 21B: 80000011830d00000000000000ff04235c3d5a0000
[   4.333]       <<< RX chan1 37B: 80000021830d00000000000005fdf50d000000000000ff01ff0d000000000323...
[   4.333]       <<< RX chan1 11B: 800000078323643d5a0000
[   4.383]       <<< RX chan1 16B: 8000000c8323643d5a0023683d5a0000
[   4.383]       <<< RX chan1 11B: 8000000783236c3d5a0000
[   4.383]       <<< RX chan1 11B: 800000078323703d5a0000
[   4.434]       <<< RX chan1 11B: 800000078323743d5a0000
[   4.434]       <<< RX chan1 11B: 800000078323783d5a0000
[   4.434]       <<< RX chan1 21B: 80000011830d000000000000ff02f0237c3d5a0000
[   4.479]       <<< RX chan1 11B: 800000078323803d5a0000
[   4.479]       <<< RX chan1 11B: 800000078323843d5a0000
[   4.479]       <<< RX chan1 21B: 80000011830d000000000000ff02ef23883d5a0000
[   4.530]       <<< RX chan1 11B: 8000000783238c3d5a0000
[   4.530]       <<< RX chan1 21B: 80000011830d00000000000005fcf523903d5a0000
[   4.530]       <<< RX chan1 11B: 800000078323943d5a0000
[quic] DATAGRAM 32B: 0305008305108159780100000000815978010000000000000000010000000000
[   4.580]       <<< RX chan1 48B: 8000002c830d00000000000005fcf40510815978010000000081597801000000...
[   4.580]       <<< RX chan1 11B: 8000000783239c3d5a0000
[   4.581]       <<< RX chan1 23B: 80000013830d00000000030d000000000223a03d5a0000
[   4.620]       <<< RX chan1 17B: 8000000d830101a166550023a43d5a0000
[   4.620]       <<< RX chan1 21B: 80000011830d00000000000000fe0423a83d5a0000
[   4.620]       <<< RX chan1 11B: 800000078323ac3d5a0000
[   4.671]       <<< RX chan1 11B: 800000078323b03d5a0000
[   4.671]       <<< RX chan1 11B: 800000078323b43d5a0000
[   4.671]       <<< RX chan1 31B: 8000001b830d000000000000ff02ee0d00000000000006fbf423b83d5a0000
[   4.721]       <<< RX chan1 21B: 80000011830d000000000000ff01ee23bc3d5a0000
[   4.721]       <<< RX chan1 11B: 800000078323c03d5a0000
[   4.721]       <<< RX chan1 11B: 800000078323c43d5a0000
[   4.772]       <<< RX chan1 11B: 800000078323c83d5a0000
[   4.772]       <<< RX chan1 151B: 80000093831b1b000000043f33381204b62bce4c048510936304a0d4b91c01db...
[   4.772]       <<< RX chan1 11B: 800000078323d03d5a0000
[   4.822]       <<< RX chan1 11B: 800000078323d43d5a0000
[   4.822]       <<< RX chan1 1154B: 80000534830201fb6955004a010601116a5500ff0a8c3433f3c2bc251c41cacc...
[   4.822]       <<< RX chan1 182B: 8fc11304ff017d6a55000201886a55004a0106018c6a5500ff0a82020010c2ce...
[   4.822]       <<< RX chan1 1067B: 80000427830201a46a55004a010601a86a5500ff0a97fcff0d423433b741ff7f...
[   4.822]       <<< RX chan1 21B: 80000011830d0000000000000400fc23dc3d5a0000
[   4.873]       <<< RX chan1 21B: 80000011830d00000000000006faf423e03d5a0000
[   4.873]       <<< RX chan1 37B: 80000021830d00000000000004fffc0d00000000000006faf30d000000000123...
[   4.873]       <<< RX chan1 21B: 80000011830d000000000000ff01ed23e83d5a0000
[   4.923]       <<< RX chan1 21B: 80000011830d00000000000000fd0423ec3d5a0000
[   4.923]       <<< RX chan1 11B: 800000078323f03d5a0000
[   4.923]       <<< RX chan1 21B: 80000011830d000000000000ff00ed23f43d5a0000
[   4.944]       <<< RX chan1 21B: 80000011830d00000000000007faf323f83d5a0000
[   4.978]       <<< RX chan1 11B: 800000078323fc3d5a0000
[   4.978]       <<< RX chan1 11B: 800000078323003e5a0000
[   5.028]       <<< RX chan1 45B: 8000002983070467dd84205b1400070467dd84205614010d00000000000006f9...
[   5.028]       <<< RX chan1 11B: 800000078323083e5a0000
[   5.028]       <<< RX chan1 11B: 8000000783230c3e5a0000
[quic] DATAGRAM 32B: 030600830510765b780100000000765b78010000000000000000010000000000
[   5.079]       <<< RX chan1 48B: 8000002c830d00000000000004fffb0510765b780100000000765b7801000000...
[   5.079]       <<< RX chan1 21B: 80000011830d00000000000001fd0423143e5a0000
[   5.079]       <<< RX chan1 21B: 80000011830d000000000000ff00ec23183e5a0000
[   5.091]       <<< RX chan1 11B: 8000000783231c3e5a0000
[   5.142]       <<< RX chan1 11B: 800000078323203e5a0000
[   5.142]       <<< RX chan1 47B: 8000002b830d000000000000ffffec0d00000000000004fefb0d00000000020d...
[   5.142]       <<< RX chan1 21B: 80000011830d00000000000001fc0423283e5a0000
[   5.192]   DUMMY -> send ping 77B
[   5.192]       <<< RX chan1 11B: 8000000783232c3e5a0000
[   5.192]       <<< RX chan1 21B: 80000011830d00000000000007f8f223303e5a0000
[   5.192]       <<< RX chan1 21B: 80000011830d00000000000001fc0523343e5a0000
[   5.204]       <<< RX chan1 11B: 800000078323383e5a0000
[   5.254]       <<< RX chan1 11B: 8000000783233c3e5a0000
[   5.254]       <<< RX chan1 27B: 8000001783030185375500c61301000101a937550023403e5a0000
[   5.254]       <<< RX chan1 11B: 800000078323443e5a0000
[   5.282]       <<< RX chan1 21B: 80000011830d000000000000ffffeb23483e5a0000
[   5.318]   DUMMY <<< RX app=6 chan=1 81B: 8000004d0858fbbded5ddc184000000001505050505050505050505050505050...
[   5.318]       <<< RX chan1 11B: 8000000783234c3e5a0000
[   5.318]       <<< RX chan1 21B: 80000011830d000000000000fffeeb23503e5a0000
[   5.369]       <<< RX chan1 11B: 800000078323543e5a0000
[   5.369]       <<< RX chan1 36B: 800000208323543e5a000d00000000000001fb050d00000000000004fdfb2358...
[   5.369]       <<< RX chan1 26B: 80000016831b02000000041ad4d65204a6afeb57235c3e5a0000
[   5.369]       <<< RX chan1 17B: 8000000d830d000000000323603e5a0000
[   5.403]       <<< RX chan1 11B: 800000078323643e5a0000
[   5.403]       <<< RX chan1 11B: 800000078323683e5a0000
[   5.420]       <<< RX chan1 11B: 8000000783236c3e5a0000
[   5.470]       <<< RX chan1 11B: 800000078323703e5a0000
[   5.470]       <<< RX chan1 161B: 8000009d831b1b000000047ae6c47b04afb8827a042428c3460478f860740187...
[   5.470]       <<< RX chan1 21B: 80000011830d000000000000fffdea23783e5a0000
[   5.521]       <<< RX chan1 11B: 8000000783237c3e5a0000
[   5.521]       <<< RX chan1 11B: 800000078323803e5a0000
[   5.521]       <<< RX chan1 21B: 80000011830d00000000000001fa0523843e5a0000
[   5.543]       <<< RX chan1 31B: 8000001b830d00000000000000fdea0d00000000000005fcfb23883e5a0000
[quic] DATAGRAM 32B: 0307008305107b5d7801000000007b5d78010000000000000000010000000000
[   5.593]       <<< RX chan1 38B: 800000228305107b5d7801000000007b5d780100000000000000000000000000...
[   5.593]       <<< RX chan1 11B: 800000078323903e5a0000
[   5.593]       <<< RX chan1 11B: 800000078323943e5a0000
[   5.644]       <<< RX chan1 11B: 800000078323983e5a0000
[   5.644]       <<< RX chan1 21B: 80000011830d00000000000000fcea239c3e5a0000
[   5.644]       <<< RX chan1 11B: 800000078323a03e5a0000
[   5.696]       <<< RX chan1 11B: 800000078323a43e5a0000
[   5.696]       <<< RX chan1 297B: 80000125830204232b2f2a2b00ff00e023094300ca1f4280e6ea42020615526f...
[   5.698]       <<< RX chan1 816B: 8000032c830201596b55005b010001e8fb5400ff050763726561746f72ff01da...
[   5.748]       <<< RX chan1 11B: 800000078323b03e5a0000
[   5.748]       <<< RX chan1 21B: 80000011830d00000000000005fbfb23b43e5a0000
[   5.748]       <<< RX chan1 11B: 800000078323b83e5a0000
[   5.799]       <<< RX chan1 21B: 80000011830d00000000000000fbe923bc3e5a0000
[   5.799]       <<< RX chan1 11B: 800000078323c03e5a0000
[   5.799]       <<< RX chan1 11B: 800000078323c43e5a0000
[   5.832]       <<< RX chan1 56B: 80000034830301216655009a130123546f7563682074686520626561636f6e20...
[   5.832]       <<< RX chan1 11B: 800000078323cc3e5a0000
[   5.883]       <<< RX chan1 40B: 800000248307018cc85400190100000000000000000000040d00000000000001...
[   5.883]       <<< RX chan1 11B: 800000078323d43e5a0000
[   5.883]       <<< RX chan1 37B: 80000021830d00000000030d00000000000000fbe80d00000000000005fafb23...
[   5.933]       <<< RX chan1 21B: 80000011830d00000000000000fae823dc3e5a0000
[   5.933]       <<< RX chan1 11B: 800000078323e03e5a0000
[   5.933]       <<< RX chan1 11B: 800000078323e43e5a0000
[   5.937]       <<< RX chan1 11B: 800000078323e83e5a0000
[   5.973]       <<< RX chan1 39B: 80000023830101bb3755000d00000000000005fafa0d00000000030d00000000...
[   5.973]       <<< RX chan1 11B: 800000078323f03e5a0000
[   5.989]       <<< RX chan1 11B: 800000078323f43e5a0000
[   6.031]       <<< RX chan1 11B: 800000078323f83e5a0000
[   6.031]       <<< RX chan1 37B: 80000021830d00000000000000f9e80d00000000000006f9fa0d000000000223...
[quic] DATAGRAM 32B: 0308008305107f5f7801000000007f5f78010000000000000000010000000000
[   6.082]       <<< RX chan1 11B: 800000078323003f5a0000
[   6.082]       <<< RX chan1 11B: 800000078323043f5a0000
[   6.082]       <<< RX chan1 48B: 8000002c830d00000000000000f9e705107f5f7801000000007f5f7801000000...
[   6.132]       <<< RX chan1 11B: 8000000783230c3f5a0000
[   6.132]       <<< RX chan1 11B: 800000078323103f5a0000
[   6.132]       <<< RX chan1 11B: 800000078323143f5a0000
[   6.149]       <<< RX chan1 21B: 80000011830d00000000000000f8e723183f5a0000
[   6.199]   DUMMY -> send ping 77B
[   6.200]       <<< RX chan1 1154B: 80005f7a831b02000000015861550001596155000301011a5500a1270101001a...
[   6.200]       <<< RX chan1 1154B: 4b014160ef660379524edb40a9d139da60eda3b0c945e173c907c9e3cc588541...
[   6.200]       <<< RX chan1 1154B: a8cd32b8d52d2bd0dcdd65edd95ce8ae1583b1309dcb62d1e1e218ab8c5c08ce...
[   6.200]       <<< RX chan1 1154B: bd1bdb81430badde8df7e0a977633bb034baedf144e6ac2f61b4ea08028a46b5...
[   6.200]       <<< RX chan1 1154B: c761b37b0a5d9cde8f6101ff8648bfa1e2dc8eae007d3c7d093cf62af47a2ae7...
[   6.200]       <<< RX chan1 1154B: 9996a8960a149092824a8ae3a4ec93515497d69611d6a8e86a6562aa2e2d4985...
[   6.200]       <<< RX chan1 1154B: 30addd5d96dd1dcd8b8dcdddb75b775f5b73773535ae34ad2c34342cac2b3331...
[   6.200]       <<< RX chan1 1154B: eb1df58bdf0048a51050fe31b389868187c7166284f04b3a7be8c3ba382ff904...
[   6.200]       <<< RX chan1 1154B: 8584a4585fbbcb90c1dd1ba8a93511356e69dc45c6987e9134ee22df1b02c727...
[   6.200]       <<< RX chan1 1154B: 230f6b519f326ff02bc7883df271ffcb22ec573a7279e4e39e5a241e011801bc...
[   6.200]       <<< RX chan1 1154B: 0ba4e8a720dadebbb9dd58232dde904d8af76e6ea3ec3e4808215bca03fb8666...
[   6.200]       <<< RX chan1 1154B: 8209b0fed77db01741c29fdf850a7c16fa306cd083c081431e1ede9d9f5f830c...
[   6.200]       <<< RX chan1 1154B: 721a8a8786ae4b4bd423a99090d55a544414c58001850972606054a13f5f2924...
[   6.200]       <<< RX chan1 1154B: 3053d92a7c0910da0079e83e5ffb40f93282d46f0c2f6d736c19bf0f412a5ec4...
[   6.200]       <<< RX chan1 1154B: 9bf66e7267ff72dcd90757b477932b3be1a4dbd83812fa8a8950b342f7f71a18...
[   6.200]       <<< RX chan1 1154B: b1c5e95bdce6f3e7649772b83af497a8d1673474deafdf434b96ed5fed1f349b...
[   6.200]       <<< RX chan1 1154B: c467e7c995d126038b49322178c8f365feefd0c488ebf9bbb29ef21a5b293daf...
[   6.200]       <<< RX chan1 1154B: 29e85471f163c8fd3d7c01e946a60288ec415d5d2bc87d8729ca30f123419da3...
[   6.200]       <<< RX chan1 1154B: dd9b24793186ff0c7aa8cd41c1f77e7fc33fcada8d2ce2de81fc6440bc59f9ec...
[   6.200]       <<< RX chan1 1154B: f9849e76afd47ecff8e2645d7eb5f276f4db7e3c386452f77bb6473dc10e3ccc...
[   6.200]       <<< RX chan1 1154B: 8df2aa8dbbbfb3924c46e924ce7c55c5e85b6ee4f71b6587d0248e47937fc526...
[   6.200]       <<< RX chan1 212B: c8b33beb77e8f665f4c0ee369aaa2c2ff71d017ce25817317c556f45bde3f46e...
[   6.200]       <<< RX chan1 11B: 8000000783231c3f5a0000
[   6.200]       <<< RX chan1 728B: 800002d4830d0000000000000201ff0d00000000000006f8fa0d0c000000ab02...
[   6.200]       <<< RX chan1 149B: 80000091830101eb6b55000201ef6b55004f010901e7c854000a01f3c95400ff...
[   6.251]       <<< RX chan1 149B: 80000091830101ef6b55000201f36b55004f010901e7c854000a01f3c95400ff...
[   6.251]       <<< RX chan1 149B: 80000091830101f36b55000201f76b55004f010901e7c854000a01f3c95400ff...
[   6.251]       <<< RX chan1 149B: 80000091830101f76b55000101cf3755000201fb6b55004f010901e7c854000a...
[   6.302]       <<< RX chan1 143B: 8000008b830101fb6b55000201ff6b55004f010901e7c854000a01f3c95400ff...
[   6.302]       <<< RX chan1 143B: 8000008b830101ff6b55000201036c55004f010901e7c854000a01f3c95400ff...
[   6.302]       <<< RX chan1 149B: 80000091830101036c55000101273855000201076c55004f010901e7c854000a...
[   6.323]   DUMMY <<< RX app=6 chan=1 81B: 8000004d0858fbbded5ddc184000000001505050505050505050505050505050...
[   6.323]       <<< RX chan1 143B: 8000008b830101076c550002010b6c55004f010901e7c854000a01f3c95400ff...
[   6.323]       <<< RX chan1 143B: 8000008b8301010b6c550002010f6c55004f010901e7c854000a01f3c95400ff...
[   6.339]       <<< RX chan1 148B: 800000908323443f5a0001010f6c55000201136c55004f010901e7c854000a01...
[   6.391]       <<< RX chan1 143B: 8000008b830101136c55000201176c55004f010901e7c854000a01f3c95400ff...
[   6.391]       <<< RX chan1 1154B: 8000ee6d830101176c550002011b6c55004f010901e7c854000a01f3c95400ff...
[   6.391]       <<< RX chan1 1154B: f1c630e6fbad83a3dc313d2d9d637a7a5ad98aad74b36837755a07b2738e1830...
[   6.391]       <<< RX chan1 1154B: e522c19262087f4014714c8637d54adc8a30e6072da00c3c308e4044445f3720...
[   6.391]       <<< RX chan1 1154B: a29483f7b2aa60407c23c266ce8eb315eb158992cf68b9a785a130a89134b36a...
[   6.391]       <<< RX chan1 1154B: df48ae0d0b7a71b6ab95af52643f8385021865194bd202d849004dad3aca15a0...
[   6.391]       <<< RX chan1 1154B: 960b9b9ca7011dbc5e3fb640e7c068fc548dcfc0501816e8756baace53400a70...
[   6.391]       <<< RX chan1 1154B: 82df8b12c808311c7a1d8f2e517204ce0cda085ae57560217ab164952763e30a...
[   6.391]       <<< RX chan1 1154B: eb261d401099ce424253e57d4bd6a277f5cebdd70b4ea4c0b1452630f4b22f2e...
[   6.391]       <<< RX chan1 1154B: a82befa104aff62ecbae7e297f6dbc0b5c33d692c5f5174b07eb95850eac8620...
[   6.391]       <<< RX chan1 1154B: b403b58fa7bd2656d8a12feb1ac33b5c4d72bd2b1b2c5931e5a87a607bb02bbe...
[   6.391]       <<< RX chan1 1154B: c4e395dee4ef153073ac8d77a1f2c28c66692265c19a3ae1c6c6ad28b5b91285...
[   6.391]       <<< RX chan1 1154B: 30b04aa9c9c75425013f7904fda231f0e2be085c571c82bf4f14ea672811086f...
[   6.391]       <<< RX chan1 1154B: 2e82025619e9c4aab3a687b7898d606dce7ebf249a25bc9d3b026fc735f50967...
[   6.391]       <<< RX chan1 1154B: d47544baea9e1906e81b8afe74d29d033a698b87fe493be0ad2382b29ef95461...
[   6.391]       <<< RX chan1 1154B: 010a479744a03777251dd32511e8e93b7cd0f39713a77aa3bee1b73e46a0b295...
[   6.391]       <<< RX chan1 1154B: bcf7de7b0fe2bd577befbdf7feeacfa7e43f9796c153e4affff329f95fc41379...
[   6.391]       <<< RX chan1 1154B: fc46e86a409900be9aaa9f9010473402678cc20a002b5c7184b8522c0ac04546...
[   6.391]       <<< RX chan1 1154B: 60443848317b2e75471881f3881303dd547c205625ce7d1daa590d0d9b2d1ca1...
[   6.391]       <<< RX chan1 1154B: 38d806e93bb19177b76334765480db001bacf45a059303d488e045d220d8844e...
[   6.391]       <<< RX chan1 1154B: 2564c46d78daa8115757b662026d3a1ba741abe002efb3748d371bdb03c19b72...
[   6.391]       <<< RX chan1 1154B: b8c989c2ea5f8df0d4aea19141ab8bd46ada0888bf4d0fb9928ed3442a1afc61...
[   6.391]       <<< RX chan1 1154B: ab6e781c9b38bc95aedca2a187a145c8c48bdf200905580cd2f882c3c1c08d87...
[   6.391]       <<< RX chan1 1154B: cd2ec13b88707b4e4a2cb9af9b91bfb4aa04d7dfc1ef2712e23eb0ed875767e0...
[   6.391]       <<< RX chan1 1154B: 6b7fb363d60f81daf53f093bfce465d6af22b9fd37bdee7eb2fbf9f38291fe4d...
[   6.391]       <<< RX chan1 1154B: 8dc0dd592e6cfecae19eef8284f36f8744fccae11ed6bc63ff47cc40fd0126a0...
[   6.391]       <<< RX chan1 1154B: 72bb7a1fc2e7db2015cddf5f406ccb00187f829deba7ec5af09ded723ea305b6...
[   6.391]       <<< RX chan1 1154B: 79efd5d4bcf76bf02099f586dd630ff4570e0fe9918496fb075ae9af1c1ed221...
[   6.391]       <<< RX chan1 1154B: d4761e3d14ef2d689d682b7477981417bfb1c6796f01969a4308e0bcb733a4ea...
[   6.391]       <<< RX chan1 1154B: dd8439efb785ed741002ae9fd901ec6f1703d029ab747f659cf00fa350413fa4...
[   6.391]       <<< RX chan1 1154B: 0b6f2fbd1c7d50418b6fc9814c01effe419ae676f55eb700cdb3976c3278e744...
[   6.391]       <<< RX chan1 1154B: 95da3f52c4f44a05287a05d817bb488f019d503db68b7432e9950a50f440dec0...
[   6.391]       <<< RX chan1 1154B: e1eb9f3840dd53a69574b891d93fd742b79bdce2e9091a20838dd02b09c8fe08...
[   6.391]       <<< RX chan1 1154B: e5c7fda4c3abacaea69a9c7c4e3cd6389ec8138584187200f98181702d3a026b...
[   6.391]       <<< RX chan1 1154B: 9b66033b8272a8944cb23a8394d265418f5840f6a083f49e13b2f1dc48c79b0d...
[   6.391]       <<< RX chan1 1154B: 03402b9557c22f618e589dec0007c7627f55fcb0eac20891ec1a8015b7e119c5...
[   6.391]       <<< RX chan1 1154B: 50a1eada9c14e5004b84c7b22fef49e5b2879a313fa8f587dd5ad0b10a3e467f...
[   6.391]       <<< RX chan1 1154B: ef00870cb659a681d432285b3d8e7c17d94bb99a372eda24783d46d5207e13f2...
[   6.391]       <<< RX chan1 1154B: 3441224d8933852874402e23288d49c7acbcea15efaa562196ecd69441e31518...
[   6.391]       <<< RX chan1 1154B: 15a76b4fc61306142c1be23d3faab1ac5e79fd1c7927627a6227a583e2bcf181...
[   6.391]       <<< RX chan1 1154B: ae3c04c30319d922369894f1928ff5ab29c213c6e4f11ec65bcf704bb68548aa...
[   6.391]       <<< RX chan1 1154B: 353d3866b200fa8c26f93e1c812cb8a57d4d5afdad60d39c09823b3a80a151ec...
[   6.391]       <<< RX chan1 1154B: ae842496728347d138db6c26b40e673ea0d0031b06e24524310ef68a65e9011e...
[   6.391]       <<< RX chan1 1154B: d8a397366920d1774bcc74c60745b70936aa1a8d785c08211a485531603a527c...
[   6.391]       <<< RX chan1 1154B: 10803b8c4ee3f714529b4fb588dd5d6e877e0663f69cd64db4b364c20a41d859...
[   6.391]       <<< RX chan1 1154B: 3309967ad69f5af5f044e5f4e828f64a6f33c6c3873c09cec0df7109ec6ac333...
[   6.391]       <<< RX chan1 1154B: 82d09db477047cf36258a6ab5743650b459ce8099637c4a07527c5fbf7bf04c0...
[   6.391]       <<< RX chan1 1154B: de2e2628ba936c6f0feac2d2edcc7874b7a44618e6dffebee1e8e3dd5c569ae5...
[   6.391]       <<< RX chan1 1154B: 2bf1285cc113469467753e9bfbae3e692fb617ca5f3cebd23bb2864b2db718fc...
[   6.391]       <<< RX chan1 1154B: b71572c6c1055aa4757fad493fcc7c60e1d07f1466feb7407bf87f101ce6ecb3...
[   6.391]       <<< RX chan1 1154B: a9ce5a58f071576add97f1ff261d61ca34832698bb4c1a8a897a6d7d59981611...
[   6.391]       <<< RX chan1 1154B: 62f70d86dbfee683df4333c5a813f9901be00a910b24fd7daf27f92d53f9f213...
[   6.391]       <<< RX chan1 1154B: c2df327c1006a9cdb7dfe322a4f1daf61fc918a53c0d581e49c492ac199b13ac...
[   6.391]       <<< RX chan1 1033B: 59f851b08a836f4be2c11a089006bdb5fcfdadcb7b8358d1bdcc2683e815f601...
[   6.391]       <<< RX chan1 11B: 800000078323503f5a0000
[   6.391]       <<< RX chan1 143B: 8000008b8301011b6c550002011f6c55004f010901e7c854000a01f3c95400ff...
[   6.442]       <<< RX chan1 149B: 800000918301011f6c55000201236c55004f010901e7c854000a01f3c95400ff...
[   6.442]       <<< RX chan1 149B: 80000091830101236c55000201276c55004f010901e7c854000a01f3c95400ff...
[   6.442]       <<< RX chan1 143B: 8000008b830101276c550002012b6c55004f010901e7c854000a01f3c95400ff...
[   6.492]       <<< RX chan1 143B: 8000008b8301012b6c55000201316c55004f010901e7c854000a01f3c95400ff...
[   6.492]       <<< RX chan1 143B: 8000008b830101316c55000201366c55004f010901e7c854000a01f3c95400ff...
[   6.492]       <<< RX chan1 143B: 8000008b830101366c550002013a6c55004f010901e7c854000a01f3c95400ff...
[   6.542]       <<< RX chan1 143B: 8000008b8301013a6c550002013e6c55004f010901e7c854000a01f3c95400ff...
[   6.542]       <<< RX chan1 143B: 8000008b8301013e6c55000201436c55004f010901e7c854000a01f3c95400ff...
[   6.543]       <<< RX chan1 143B: 8000008b830101436c55000201476c55004f010901e7c854000a01f3c95400ff...
[   6.553]       <<< RX chan1 143B: 8000008b830101476c550002014b6c55004f010901e7c854000a01f3c95400ff...
[quic] DATAGRAM 32B: 0309008305107361780100000000736178010000000000000000010000000000
[   6.603]       <<< RX chan1 170B: 800000a68301014b6c550002014f6c55004f010901e7c854000a01f3c95400ff...
[   6.603]       <<< RX chan1 143B: 8000008b8301014f6c55000201536c55004f010901e7c854000a01f3c95400ff...
[   6.603]       <<< RX chan1 143B: 8000008b830101536c55000201576c55004f010901e7c854000a01f3c95400ff...
[   6.654]       <<< RX chan1 143B: 8000008b830101576c550002015b6c55004f010901e7c854000a01f3c95400ff...
[   6.654]       <<< RX chan1 143B: 8000008b8301015b6c550002015f6c55004f010901e7c854000a01f3c95400ff...
[   6.704]       <<< RX chan1 143B: 8000008b8301015f6c55000201636c55004f010901e7c854000a01f3c95400ff...
[   6.705]       <<< RX chan1 149B: 80000091830101636c55000201676c55004f010901e7c854000a01f3c95400ff...
[   6.705]       <<< RX chan1 309B: 80000131830101676c55001b0100000001596b55001b01000000015a6b55001b...
[   6.755]       <<< RX chan1 143B: 8000008b8301016b6c550002016f6c55004f010901e7c854000a01f3c95400ff...
[   6.755]       <<< RX chan1 143B: 8000008b8301016f6c55000201736c55004f010901e7c854000a01f3c95400ff...
[   6.755]       <<< RX chan1 143B: 8000008b830101736c55000201776c55004f010901e7c854000a01f3c95400ff...
[   6.755]       <<< RX chan1 490B: 800001e6830101776c550002017b6c55004f010901e7c854000a01f3c95400ff...
[   6.806]       <<< RX chan1 143B: 8000008b8301017b6c550002017f6c55004f010901e7c854000a01f3c95400ff...
[   6.806]       <<< RX chan1 143B: 8000008b8301017f6c55000201836c55004f010901e7c854000a01f3c95400ff...
[   6.856]       <<< RX chan1 172B: 800000a8830101836c55001b0200000001de6b550001df6b55000301081a5500...
[   6.857]       <<< RX chan1 143B: 8000008b830101876c550002018b6c55004f010901e7c854000a01f3c95400ff...
[   6.857]       <<< RX chan1 143B: 8000008b8301018b6c55000201906c55004f010901e7c854000a01f3c95400ff...
[   6.857]       <<< RX chan1 143B: 8000008b830101906c55000201956c55004f010901e7c854000a01f3c95400ff...
[   6.907]       <<< RX chan1 143B: 8000008b830101956c550002019a6c55004f010901e7c854000a01f3c95400ff...
[   6.907]       <<< RX chan1 143B: 8000008b8301019a6c55000201b66d55004f010901e7c854000a01f3c95400ff...
[   6.907]       <<< RX chan1 497B: 800001ed830101b66d55000201bb6d55004f010901e7c854000a01f3c95400ff...
[   6.957]       <<< RX chan1 149B: 80000091830101bb6d55000201c06d55004f010901e7c854000a01f3c95400ff...
[   6.958]       <<< RX chan1 165B: 800000a1830101c06d55000201c56d55004f010901e7c854000a01f3c95400ff...
[   6.958]       <<< RX chan1 164B: 800000a0831b0200000004b6ea885604dfeb70320101c56d55000201ca6d5500...
[   7.008]       <<< RX chan1 1154B: 80000533830201cc6d55007701ff003402000b4968747470733a2f2f6170692e...
[   7.008]       <<< RX chan1 181B: 6e64696e67ff01e36d55000201e96d55001301ff070e4162696c697479416374...
[   7.008]       <<< RX chan1 1154B: 8000051b830201ee6d55001301ff070e4162696c697479416374696f6e320b06...
[   7.008]       <<< RX chan1 157B: 55001501ff1a0c546f75636842696e64696e67ff010e6e55000201126e550013...
[   7.008]       <<< RX chan1 989B: 80000513830201166e55001301ff070f4f766572666c6f77416374696f6e310b...
[   7.008]       <<< RX chan1 314B: 55000201306e55001301ff010007154d6f7573654c6f636b5377697463684163...
[   7.008]       <<< RX chan1 832B: 80000515830201386e55001501ff10011a1743616d6572615363726970746162...
[   7.008]       <<< RX chan1 473B: 67ff014e6e55000201516e55001301ff070a4571756970536c6f74350b04ff01...
[   7.008]       <<< RX chan1 735B: 800002db830201606e55001301ff070b4571756970536c6f7431300b04ff0144...
[   7.008]       <<< RX chan1 174B: 800000aa831b040000000129655500012a655500012b65550001a06655000101...
[   7.008]       <<< RX chan1 201B: 800000c5830701a9650000641102020b31313635383834333439371f01196973...
[   7.059]       <<< RX chan1 344B: 80000154830701902300002f09bc86b9be54d2d5deee56010701902300002f09...
[   7.059]       <<< RX chan1 159B: 8000009b830101836e55000201886e55004f010901e7c854000a01f3c95400ff...
[   7.059]       <<< RX chan1 143B: 8000008b830101886e550002018d6e55004f010901e7c854000a01f3c95400ff...
[quic] DATAGRAM 32B: 030a008305106763780100000000676378010000000000000000010000000000
[   7.109]       <<< RX chan1 170B: 800000a68301018d6e55000201926e55004f010901e7c854000a01f3c95400ff...
[   7.109]       <<< RX chan1 143B: 8000008b830101926e55000201976e55004f010901e7c854000a01f3c95400ff...
[   7.109]       <<< RX chan1 143B: 8000008b830101976e550002019c6e55004f010901e7c854000a01f3c95400ff...
[   7.160]   DUMMY -> send ping 77B
[   7.160]   DUMMY -> send sync 25B
[   7.160]       <<< RX chan1 143B: 8000008b8301019c6e55000201a16e55004f010901e7c854000a01f3c95400ff...
[   7.160]       <<< RX chan1 143B: 8000008b830101a16e55000201a66e55004f010901e7c854000a01f3c95400ff...
[   7.160]       <<< RX chan1 143B: 8000008b830101a66e55000201ab6e55004f010901e7c854000a01f3c95400ff...
[   7.210]       <<< RX chan1 143B: 8000008b830101ab6e55000201b06e55004f010901e7c854000a01f3c95400ff...
[   7.210]       <<< RX chan1 153B: 80000095830101b06e55000201b56e55004f010901e7c854000a01f3c95400ff...
[   7.210]       <<< RX chan1 149B: 80000091830101b56e55000201ba6e55004f010901e7c854000a01f3c95400ff...
[   7.261]       <<< RX chan1 143B: 8000008b830101ba6e55000201bf6e55004f010901e7c854000a01f3c95400ff...
[   7.261]       <<< RX chan1 614B: 80000262830101bf6e55000201c46e55004f010901e7c854000a01f3c95400ff...
[   7.261]       <<< RX chan1 143B: 8000008b830101c46e55000201c96e55004f010901e7c854000a01f3c95400ff...
[   7.278]   DUMMY <<< RX app=6 chan=1 81B: 8000004d0858fbbded5ddc184000000001505050505050505050505050505050...
[   7.278]       <<< RX chan1 314B: 80000136830701a56500006411011f010b31313635383834333439371f070453...
[quic] DATAGRAM 36B: 05020003fa471501000000000600000000000000c46f83bf5e5d06000ba247be05000000
[   7.288]       <<< RX chan1 143B: 8000008b830101ce6e55000201d36e55004f010901e7c854000a01f3c95400ff...
[   7.305]       <<< RX chan1 149B: 80000091830101d36e55000201d86e55004f010901e7c854000a01f3c95400ff...
[   7.355]       <<< RX chan1 149B: 80000091830101d86e55000201dd6e55004f010901e7c854000a01f3c95400ff...
[   7.355]       <<< RX chan1 154B: 80000096832334405a000101dd6e55000201e26e55004f010901e7c854000a01...
[   7.355]       <<< RX chan1 143B: 8000008b830101e26e55000201f56e55004f010901e7c854000a01f3c95400ff...
[   7.406]       <<< RX chan1 143B: 8000008b830101f56e55000201006f55004f010901e7c854000a01f3c95400ff...
[   7.406]       <<< RX chan1 143B: 8000008b830101006f55000201056f55004f010901e7c854000a01f3c95400ff...
[   7.406]       <<< RX chan1 153B: 80000095830101056f550002010a6f55004f010901e7c854000a01f3c95400ff...
[   7.457]       <<< RX chan1 143B: 8000008b8301010a6f550002010f6f55004f010901e7c854000a01f3c95400ff...
[   7.457]       <<< RX chan1 143B: 8000008b8301010f6f55000201146f55004f010901e7c854000a01f3c95400ff...
[   7.457]       <<< RX chan1 143B: 8000008b830101146f55000201196f55004f010901e7c854000a01f3c95400ff...
[   7.507]       <<< RX chan1 159B: 8000009b830101196f550002011e6f55004f010901e7c854000a01f3c95400ff...
[   7.507]       <<< RX chan1 143B: 8000008b8301011e6f55000201236f55004f010901e7c854000a01f3c95400ff...
[   7.507]       <<< RX chan1 143B: 8000008b830101236f55000201286f55004f010901e7c854000a01f3c95400ff...
[   7.558]       <<< RX chan1 1154B: 800037f2830101286f550003018a265500a12701014425550002012e6f550029...
[   7.558]       <<< RX chan1 1154B: 70d83e4002265500010d7cdbbd25773768b995f222bf0206950a02ea35370200...
[   7.558]       <<< RX chan1 1154B: 51724072f5dcc200dd087b067e52a50388be0b6916913fb2329d452032cc19c1...
[   7.558]       <<< RX chan1 1154B: 00013effff8f38e0e5a33e0050b9bd0626550001316f00c07f051b2441747472...
[   7.558]       <<< RX chan1 1154B: a582cfd59f7a567186003f357ae8ef4c19f651106f002bec276e31e2a73e2f78...
[   7.558]       <<< RX chan1 1154B: 549fac35268692a18beff1ee6b2539fb388a801fd683abaa88c51c835b0d038e...
[   7.558]       <<< RX chan1 1154B: e2be48b6dd402691c5ab365cd15d62f0688884f238a606575696b76e43ea0523...
[   7.558]       <<< RX chan1 1154B: a24911728b78c712b29ccc934b37a8f34e23609c8f3d35433cbff2094640a4b4...
[   7.558]       <<< RX chan1 1154B: dfe63a8ec690eebcc15fc6c91d0ec54755da437fe0ec6f7d75b6690bee1f40ac...
[   7.558]       <<< RX chan1 1154B: cd7ec1bcd96c36cc850a2f2166b68ae52601e3c3d69569ebb4df322d978fc9c9...
[   7.558]       <<< RX chan1 1154B: fb81f91e9233c98b8059b975d2ac76d4ca005ca4fd63a4b3777cbc3eac66f695...
[   7.558]       <<< RX chan1 1154B: 933f3a4d2df3c4bb74e5e78edad2212daf887272fffbebdeeac7b9b24865ce8a...
[   7.558]       <<< RX chan1 478B: b11871b2671d62f6b6bb9f71f3a4248a0dd6165a4be383827ee25106d706d1d7...
[   7.558]       <<< RX chan1 11B: 80000007832364405a0000
[   7.558]       <<< RX chan1 143B: 8000008b830101326f55000201386f55004f010901e7c854000a01f3c95400ff...
[   7.558]       <<< RX chan1 153B: 80000095830101386f550002013c6f55004f010901e7c854000a01f3c95400ff...
[quic] DATAGRAM 32B: 030b008305106b657801000000006b6578010000000000000000010000000000
[   7.609]       <<< RX chan1 153B: 800000958301013c6f55000201416f55004f010901e7c854000a01f3c95400ff...
[   7.609]       <<< RX chan1 170B: 800000a6830101416f55000201456f55004f010901e7c854000a01f3c95400ff...
[   7.609]       <<< RX chan1 143B: 8000008b830101456f55000201496f55004f010901e7c854000a01f3c95400ff...
[   7.660]       <<< RX chan1 143B: 8000008b830101496f550002014d6f55004f010901e7c854000a01f3c95400ff...
[   7.660]       <<< RX chan1 143B: 8000008b8301014d6f55000201516f55004f010901e7c854000a01f3c95400ff...
[   7.660]       <<< RX chan1 159B: 8000009b830101516f55000201556f55004f010901e7c854000a01f3c95400ff...
[   7.710]       <<< RX chan1 143B: 8000008b830101556f55000201596f55004f010901e7c854000a01f3c95400ff...
[   7.710]       <<< RX chan1 143B: 8000008b830101596f550002015d6f55004f010901e7c854000a01f3c95400ff...
[   7.710]       <<< RX chan1 143B: 8000008b8301015d6f55000201616f55004f010901e7c854000a01f3c95400ff...
[   7.761]       <<< RX chan1 143B: 8000008b830101616f55000201656f55004f010901e7c854000a01f3c95400ff...
[   7.761]       <<< RX chan1 165B: 800000a1830101656f55000201696f55004f010901e7c854000a01f3c95400ff...
[   7.761]       <<< RX chan1 171B: 800000a7830101696f550002016d6f55004f010901e7c854000a01f3c95400ff...
[   7.811]       <<< RX chan1 143B: 8000008b8301016d6f55000201716f55004f010901e7c854000a01f3c95400ff...
[   7.811]       <<< RX chan1 159B: 8000009b830101716f55000201756f55004f010901e7c854000a01f3c95400ff...
[   7.811]       <<< RX chan1 143B: 8000008b830101756f55000201796f55004f010901e7c854000a01f3c95400ff...
[   7.861]       <<< RX chan1 153B: 80000095830101796f550002017d6f55004f010901e7c854000a01f3c95400ff...
[   7.861]       <<< RX chan1 153B: 800000958301017d6f55000201816f55004f010901e7c854000a01f3c95400ff...
[   7.861]       <<< RX chan1 143B: 8000008b830101816f55000201856f55004f010901e7c854000a01f3c95400ff...
[   7.912]       <<< RX chan1 143B: 8000008b830101856f550002018b6f55004f010901e7c854000a01f3c95400ff...
[   7.912]       <<< RX chan1 143B: 8000008b8301018b6f550002018f6f55004f010901e7c854000a01f3c95400ff...
[   7.912]       <<< RX chan1 143B: 8000008b8301018f6f55000201946f55004f010901e7c854000a01f3c95400ff...
[   7.962]       <<< RX chan1 187B: 800000b78302040df9582a5a01ff00000000604411d840051224417474726962...
[   7.963]       <<< RX chan1 143B: 8000008b8301019c6f55000201a06f55004f010901e7c854000a01f3c95400ff...
[   7.963]       <<< RX chan1 153B: 80000095830101a06f55000201a46f55004f010901e7c854000a01f3c95400ff...
[   8.013]       <<< RX chan1 153B: 80000095830101a46f55000201a86f55004f010901e7c854000a01f3c95400ff...
[   8.013]       <<< RX chan1 143B: 8000008b830101a86f55000201ac6f55004f010901e7c854000a01f3c95400ff...
[   8.013]       <<< RX chan1 1154B: 8000f649830101ac6f55001b02000000016064550001616455000301c34d5500...
[   8.013]       <<< RX chan1 1154B: 02ff01c54c550001c492d6a63fab6fd93f7690573f0411c8dd3408ce3cbf7313...
[   8.013]       <<< RX chan1 1154B: bcc2c0305640a2beb01e00cc43244148f9aa3ccc8042c14790acac3f9ec91c40...
[   8.013]       <<< RX chan1 1154B: 4104000000b5e00330bf0038d9bb073232333837383833383639383735085725...
[   8.013]       <<< RX chan1 1154B: ac466b4011f70806ff017bd24cae93a8bea64c550001f508d62e3ed48e76be77...
[   8.013]       <<< RX chan1 1154B: 00ce00070204018c4d55000580ff018c4d55000155dac21b3f05c551f032ae3c...
[   8.013]       <<< RX chan1 1154B: 223e23b2d4beb4f8133fb808193d4c41d300000000658fdcbef34310bffc92d1...
[   8.013]       <<< RX chan1 1154B: 004c0000004d4d354e4e36374d0000004f4f0000005050385151000000525239...
[   8.013]       <<< RX chan1 1154B: 2a1b2b2b2d2d2e1e32213131212233222524243425252e2e25373738282a2a2a...
[   8.013]       <<< RX chan1 1154B: f500bfade6a0bea07d173cfbaf04bfbddb97be0000aa3613b207bfdde6f71d2e...
[   8.013]       <<< RX chan1 1154B: 183f7ed69abeb816423d8e3e193f7ed69abe014e033fc8d49c3e7ed69abe0579...
[   8.013]       <<< RX chan1 1154B: bd32963e3417ed3ed06fe6be84ae6e3e05d2ec3eb0f4f7be9833563e611cc83e...
[   8.013]       <<< RX chan1 1154B: 3ea926e9be0d1cce3e4069293e9446e9be42cfc53e1d003c3e569bf0be3f85b9...
[   8.013]       <<< RX chan1 1154B: 82a096bed4d411bf1c7a383e54e599bea6191163ab01bf94de2e93ef463e54e5...
[   8.013]       <<< RX chan1 1154B: 3ef2ee99be660ac1bee0d1933b40e799beef48f2ee99bed800725505bf98b3fa...
[   8.013]       <<< RX chan1 1154B: 983e87a319bfccd67cbd043a983ea6e605bf6abacabe90de13bf90698eec0e16...
[   8.013]       <<< RX chan1 1154B: 6c8047bd94e619be5ebe16bf75d18bbd94e619be3a5116bf145d4abd0000aa36...
[   8.013]       <<< RX chan1 1154B: ca19bf00000000013a18bff0eefd4499be18c89f4198be2bc619bf08efdabc9f...
[   8.013]       <<< RX chan1 1154B: 98be98f7efbe29dae0be303698bea775fcbee47ed7be303698be89e505bfa7c8...
[   8.013]       <<< RX chan1 1154B: 370e8a47791703e5af177801fbfc356a892ad8975506bb8cb2efa5aba48b324e...
[   8.013]       <<< RX chan1 1154B: ef087e28091bbe23b4bc290729bb32fc53cd317e4060df9a018bdb0ecdbc6b95...
[   8.013]       <<< RX chan1 1154B: 0c134ced0b6cec6b32e7096687f2a522d8ad11178c6d9a3b271868f110425a32...
[   8.013]       <<< RX chan1 1154B: 966fc1a1e9fb84c07ddf130f172d17ad3c3317cc72a8150067d24733d0263536...
[   8.013]       <<< RX chan1 1154B: 459bfc5105b0d775d833b45285d035c97f3eb6ab60975e7420552fd5dd05f981...
[   8.013]       <<< RX chan1 1154B: 36a01600047a8b3dc9fff8a659d7d8c5de6114e7af0c75e05e6ea73bbcc6f3a2...
[   8.013]       <<< RX chan1 1154B: c884df42ebc40b48e191a10ca56933e91b819e00f1eee6162703d6f04dac0def...
[   8.013]       <<< RX chan1 1154B: 03f1e39b1aaad40a340e1211bd9aea156185ce5f2303f4429dca87508bddd3c7...
[   8.013]       <<< RX chan1 1154B: 68b7cc15119fb705d6cf534cf780b227e2e7dd3d3e147ce2689df30dc172e730...
[   8.013]       <<< RX chan1 1154B: 8b2b70d5da2a2f597a83c3c8088bcb98db89357b4eeb29661fcafdb9a1e7d99f...
[   8.013]       <<< RX chan1 1154B: 8518ef2813e0ff1ce5be6fb48f76cb7b59e07c4927546eb12d8f1f12c069f4cd...
[   8.013]       <<< RX chan1 1154B: c25ff696ea7e7179f7f7e730d52c674fff4fbdbac9f35afd1bb63af34f4c81da...
[   8.013]       <<< RX chan1 1154B: fd68ff244773fd5227923e78a8b9097bab10deebde4f3de10397eaf93d6b4b9e...
[   8.013]       <<< RX chan1 1154B: adbf0a07f0bb08fbd78feffca319bbe6cb798fd3fec941eed673187e573764d0...
[   8.013]       <<< RX chan1 1154B: 3b3f90b9bb7ccfed17ee788d75bb82b13e8e7218770bee386baf46d94f47d13d...
[   8.013]       <<< RX chan1 1154B: ece9b08ea8788924aaf62174d36034535c49694e072d592b7503453134511c18...
[   8.013]       <<< RX chan1 1154B: f1bd1ce40d310ed447c96af86cbff85968d3cf07b4bc8fafce4f9fd4ea0167b3...
[   8.064]       <<< RX chan1 1154B: 044cf0636d80ba921a465ff2d3f5b27c65bca7aad19fd4423d17c9dcf1e28339...
[   8.064]       <<< RX chan1 1154B: 00541def2e8dd69180e6961b9838e88b271715cfd0022e8471cc9d06da260a93...
[   8.064]       <<< RX chan1 1154B: 23bce607244d41d1d0e601249ffbdbbab5343bb69328581680bcb297025c7939...
[   8.064]       <<< RX chan1 1154B: c93bfc00c7bf1c94b7baccb095a4ccf8514eaaf71198b4c344798fe9677eef5b...
[   8.064]       <<< RX chan1 1154B: 250299eef2cc73c6f991ed261ddf9c47852c4506d58e950cf7632ed20ab03cf7...
[   8.064]       <<< RX chan1 1154B: c478a2c15960f837fd18eab01a05bf3ca3e0490ca0a0c36d13340fe18d87ada9...
[   8.064]       <<< RX chan1 1154B: 77c4327382206e1c70d27c2149394b8da27311e56e1d4b03414c047880c79cbf...
[   8.064]       <<< RX chan1 1154B: a837f19becd9d710327abf1d1e5f00bcae883d53070006a473150eaf81d60923...
[   8.064]       <<< RX chan1 1154B: a75a1e37ad30fc3947ee5f897a51114ec85fcc37c7253911826b82849e5796eb...
[   8.064]       <<< RX chan1 1154B: f9769966f9fd259bb61efe752ef5f1f82903f21512ac1056a28415bfbba94ba2...
[   8.064]       <<< RX chan1 1154B: ca593d353156746df59f618203adc83eb609201d3204f94619cc1565948c1fa2...
[   8.064]       <<< RX chan1 1154B: d257e41f86c13f9df976cbbe884042fae9727c970f8cefb63786c6d2f46ef7da...
[   8.064]       <<< RX chan1 1154B: c7da7e760bbbabf2f940fc3417fc4c66fc1855d22d4ad1c2dd85a67f43cbe76a...
[   8.064]       <<< RX chan1 1154B: 724fb2a8ec8b0b9789d7d6485e1af35f66de0ef203d7e77cffccb6ca512adcc5...
[   8.064]       <<< RX chan1 1154B: 0d68f9668d966d10b8e2d476bbd1bd83b2981f24ac876ddf95beccd0eb247a94...
[   8.064]       <<< RX chan1 1154B: 4ad766efbf7864db8025c664680e6c81f5e323b82ed88767adede2168f80ade4...
[   8.064]       <<< RX chan1 1154B: c3bcb17f0195b75c86f797d0798afcbe2b579055b8f0f82739747a82b7ef37bf...
[   8.064]       <<< RX chan1 1154B: abddcb31c9e7ac9c46dccfa3b94ce3dde7c65c4c22eecfa35ca6f1dde6632ea6...
[   8.064]       <<< RX chan1 737B: 6f0be4c05aabdf8e88c0e75d193b5799dd85fe3fddc8a9908eee1ce9e7e454f1...
[   8.064]       <<< RX chan1 11B: 800000078323d8405a0000
[   8.064]       <<< RX chan1 143B: 8000008b830101b56f55000201ba6f55004f010901e7c854000a01f3c95400ff...
[   8.064]       <<< RX chan1 149B: 80000091830101ba6f55000201c06f55004f010901e7c854000a01f3c95400ff...
[   8.064]       <<< RX chan1 143B: 8000008b830101c06f55000201c46f55004f010901e7c854000a01f3c95400ff...
[quic] DATAGRAM 32B: 030c008305107067780100000000706778010000000000000000010000000000
[   8.114]       <<< RX chan1 153B: 80000095830101c46f55000201c86f55004f010901e7c854000a01f3c95400ff...
[   8.114]       <<< RX chan1 149B: 80000091830101c86f550001049073b0350201cc6f55004f010901e7c854000a...
[   8.114]       <<< RX chan1 180B: 800000b0830101cc6f55000201d06f55004f010901e7c854000a01f3c95400ff...
[   8.164]   DUMMY -> send ping 77B
[   8.165]       <<< RX chan1 143B: 8000008b830101d06f55000201d46f55004f010901e7c854000a01f3c95400ff...
[   8.165]       <<< RX chan1 143B: 8000008b830101d46f55000201d86f55004f010901e7c854000a01f3c95400ff...
[   8.165]       <<< RX chan1 143B: 8000008b830101d86f55000201dc6f55004f010901e7c854000a01f3c95400ff...
[   8.215]       <<< RX chan1 143B: 8000008b830101dc6f55000201e06f55004f010901e7c854000a01f3c95400ff...
[   8.215]       <<< RX chan1 143B: 8000008b830101e06f55000201e46f55004f010901e7c854000a01f3c95400ff...
[   8.216]       <<< RX chan1 143B: 8000008b830101e46f55000201e96f55004f010901e7c854000a01f3c95400ff...
[   8.266]       <<< RX chan1 165B: 800000a1830101e96f55000101dac954000101d7c954000201ed6f55004f0109...
[   8.266]       <<< RX chan1 143B: 8000008b830101ed6f55000201f36f55004f010901e7c854000a01f3c95400ff...
[   8.266]       <<< RX chan1 149B: 80000091830101f36f55000201f76f55004f010901e7c854000a01f3c95400ff...
[   8.284]   DUMMY <<< RX app=6 chan=1 81B: 8000004d0858fbbded5ddc184000000001505050505050505050505050505050...
[   8.284]       <<< RX chan1 175B: 800000ab830101f76f55000201fb6f55004f010901e7c854000a01f3c95400ff...
[   8.301]       <<< RX chan1 143B: 8000008b830101fb6f55000201ff6f55004f010901e7c854000a01f3c95400ff...
[   8.351]       <<< RX chan1 143B: 8000008b830101ff6f55000201047055004f010901e7c854000a01f3c95400ff...
[   8.352]       <<< RX chan1 143B: 8000008b8301010470550002010a7055004f010901e7c854000a01f3c95400ff...
[   8.352]       <<< RX chan1 148B: 80000090832324415a0001010a70550002010e7055004f010901e7c854000a01...
[   8.402]       <<< RX chan1 143B: 8000008b8301010e7055000201127055004f010901e7c854000a01f3c95400ff...
[   8.402]       <<< RX chan1 143B: 8000008b830101127055000201167055004f010901e7c854000a01f3c95400ff...
[   8.402]       <<< RX chan1 143B: 8000008b8301011670550002011a7055004f010901e7c854000a01f3c95400ff...
[   8.452]       <<< RX chan1 143B: 8000008b8301011a70550002011e7055004f010901e7c854000a01f3c95400ff...
[   8.453]       <<< RX chan1 143B: 8000008b8301011e7055000201227055004f010901e7c854000a01f3c95400ff...
[   8.453]       <<< RX chan1 155B: 800000978301012270550001047a6810270101546b55000201267055004f0109...
[   8.503]       <<< RX chan1 296B: 80000124830204aece5a0e5a01ff00000000806611d840051224417474726962...
[   8.503]       <<< RX chan1 165B: 800000a1830101327055000201367055004f010901e7c854000a01f3c95400ff...
[   8.503]       <<< RX chan1 149B: 800000918301013670550002013b7055004f010901e7c854000a01f3c95400ff...
[   8.503]       <<< RX chan1 149B: 800000918301013b70550002013f7055004f010901e7c854000a01f3c95400ff...
[   8.553]       <<< RX chan1 165B: 800000a18301013f7055000201437055004f010901e7c854000a01f3c95400ff...
[   8.554]       <<< RX chan1 217B: 800000d5830101525255000301820d5500ec1601001b0100000001850d550001...
[   8.554]       <<< RX chan1 149B: 80000091830101527055000201567055004f010901e7c854000a01f3c95400ff...
[quic] DATAGRAM 32B: 030d008305106469780100000000656978010000000000000000010000000000
[   8.604]       <<< RX chan1 149B: 800000918301015670550002015a7055004f010901e7c854000a01f3c95400ff...
[   8.604]       <<< RX chan1 143B: 8000008b8301015a70550002015e7055004f010901e7c854000a01f3c95400ff...
[   8.604]       <<< RX chan1 170B: 800000a68301015e7055000201697055004f010901e7c854000a01f3c95400ff...
[   8.654]       <<< RX chan1 159B: 8000009b8301016970550002016d7055004f010901e7c854000a01f3c95400ff...
[   8.654]       <<< RX chan1 143B: 8000008b8301016d7055000201717055004f010901e7c854000a01f3c95400ff...
[   8.654]       <<< RX chan1 149B: 80000091830101717055000201757055004f010901e7c854000a01f3c95400ff...
[   8.705]       <<< RX chan1 153B: 80000095831b0100000004a560fa590101757055000201797055004f010901e7...
[   8.705]       <<< RX chan1 143B: 8000008b8301017970550002017d7055004f010901e7c854000a01f3c95400ff...
[   8.705]       <<< RX chan1 143B: 8000008b8301017d7055000201817055004f010901e7c854000a01f3c95400ff...
[   8.755]       <<< RX chan1 143B: 8000008b830101817055000201867055004f010901e7c854000a01f3c95400ff...
[   8.755]       <<< RX chan1 143B: 8000008b8301018670550002018a7055004f010901e7c854000a01f3c95400ff...
[   8.755]       <<< RX chan1 143B: 8000008b8301018a70550002018e7055004f010901e7c854000a01f3c95400ff...
[   8.806]       <<< RX chan1 159B: 8000009b8301018e7055000201927055004f010901e7c854000a01f3c95400ff...
[   8.806]       <<< RX chan1 149B: 80000091830101927055000201967055004f010901e7c854000a01f3c95400ff...
[   8.806]       <<< RX chan1 143B: 8000008b8301019670550002019a7055004f010901e7c854000a01f3c95400ff...
[   8.856]       <<< RX chan1 149B: 800000918301019a70550002019e7055004f010901e7c854000a01f3c95400ff...
[   8.856]       <<< RX chan1 143B: 8000008b8301019e7055000201a27055004f010901e7c854000a01f3c95400ff...
[   8.856]       <<< RX chan1 143B: 8000008b830101a27055000201a67055004f010901e7c854000a01f3c95400ff...
[   8.907]       <<< RX chan1 143B: 8000008b830101a67055000201aa7055004f010901e7c854000a01f3c95400ff...
[   8.907]       <<< RX chan1 149B: 80000091830101aa705500010126c954000201ae7055004f010901e7c854000a...
[   8.907]       <<< RX chan1 143B: 8000008b830101ae7055000201b27055004f010901e7c854000a01f3c95400ff...
[   8.957]       <<< RX chan1 143B: 8000008b830101b27055000201b67055004f010901e7c854000a01f3c95400ff...
[   8.957]       <<< RX chan1 153B: 80000095831b0100000004aca9f71f0101b67055000201ba7055004f010901e7...
[   8.957]       <<< RX chan1 143B: 8000008b830101ba7055000201be7055004f010901e7c854000a01f3c95400ff...
[   9.008]       <<< RX chan1 149B: 80000091830101be7055000201c27055004f010901e7c854000a01f3c95400ff...
[   9.008]       <<< RX chan1 143B: 8000008b830101c27055000201c77055004f010901e7c854000a01f3c95400ff...
[   9.008]       <<< RX chan1 143B: 8000008b830101c77055000201cb7055004f010901e7c854000a01f3c95400ff...
[   9.058]       <<< RX chan1 242B: 800000ee830204f033ae74e201ff01012072627861737365743a2f2f736f756e...
[   9.058]       <<< RX chan1 143B: 8000008b830101d67055000201da7055004f010901e7c854000a01f3c95400ff...
[   9.058]       <<< RX chan1 149B: 80000091830101da7055000201de7055004f010901e7c854000a01f3c95400ff...
[   9.109]       <<< RX chan1 143B: 8000008b830101de7055000201e37055004f010901e7c854000a01f3c95400ff...
[   9.109]       <<< RX chan1 143B: 8000008b830101e37055000201e77055004f010901e7c854000a01f3c95400ff...
[   9.109]       <<< RX chan1 143B: 8000008b830101e77055000201ed7055004f010901e7c854000a01f3c95400ff...
[   9.159]   DUMMY -> send ping 77B
[quic] DATAGRAM 32B: 030e00830510696b780100000000696b78010000000000000000010000000000
[   9.160]       <<< RX chan1 180B: 800000b0831b0100000004534713360101ed7055000201f17055004f010901e7...
[   9.160]       <<< RX chan1 143B: 8000008b830101f17055000201f57055004f010901e7c854000a01f3c95400ff...
[   9.160]       <<< RX chan1 143B: 8000008b830101f57055000201f97055004f010901e7c854000a01f3c95400ff...
[   9.210]       <<< RX chan1 143B: 8000008b830101f97055000201047155004f010901e7c854000a01f3c95400ff...
[   9.210]       <<< RX chan1 143B: 8000008b830101047155000201087155004f010901e7c854000a01f3c95400ff...
[   9.210]       <<< RX chan1 143B: 8000008b8301010871550002010c7155004f010901e7c854000a01f3c95400ff...
[   9.261]       <<< RX chan1 143B: 8000008b8301010c7155000201117155004f010901e7c854000a01f3c95400ff...
[   9.261]       <<< RX chan1 143B: 8000008b830101117155000201157155004f010901e7c854000a01f3c95400ff...
[   9.261]       <<< RX chan1 149B: 80000091830101157155000201197155004f010901e7c854000a01f3c95400ff...
[   9.279]   DUMMY <<< RX app=6 chan=1 81B: 8000004d0858fbbded5ddc184000000001505050505050505050505050505050...
[   9.279]       <<< RX chan1 143B: 8000008b8301011971550002011d7155004f010901e7c854000a01f3c95400ff...
[   9.295]       <<< RX chan1 143B: 8000008b8301011d7155000201217155004f010901e7c854000a01f3c95400ff...
[   9.346]       <<< RX chan1 143B: 8000008b830101217155000201257155004f010901e7c854000a01f3c95400ff...
[   9.346]       <<< RX chan1 149B: 800000918301012571550002012a7155004f010901e7c854000a01f3c95400ff...
[   9.346]       <<< RX chan1 148B: 80000090832314425a0001012a71550002012e7155004f010901e7c854000a01...
[   9.396]       <<< RX chan1 45B: 80000029831b0100000004d0a3a17b01012e7155000101f3c954000101e7c854...
[   9.396]       <<< RX chan1 21B: 80000011831b0100000004b8116d4a2320425a0000
[   9.396]       <<< RX chan1 11B: 80000007832324425a0000
[   9.447]       <<< RX chan1 11B: 80000007832328425a0000
[   9.447]       <<< RX chan1 11B: 8000000783232c425a0000
[   9.447]       <<< RX chan1 11B: 80000007832330425a0000
[   9.497]       <<< RX chan1 11B: 80000007832334425a0000
[   9.497]       <<< RX chan1 11B: 80000007832338425a0000
[   9.497]       <<< RX chan1 11B: 8000000783233c425a0000
[   9.548]       <<< RX chan1 11B: 80000007832340425a0000
[   9.548]       <<< RX chan1 11B: 80000007832344425a0000
[   9.548]       <<< RX chan1 11B: 80000007832348425a0000
[   9.598]       <<< RX chan1 11B: 8000000783234c425a0000
[   9.598]       <<< RX chan1 11B: 80000007832350425a0000
[   9.598]       <<< RX chan1 11B: 80000007832354425a0000
[quic] DATAGRAM 32B: 030f008305106d6d7801000000006d6d78010000000000000000010000000000
[   9.649]       <<< RX chan1 46B: 8000002a831b0600000004dc71e61804118fa215046bc3276a0440290975049c...
[   9.649]       <<< RX chan1 21B: 80000011831b0100000004372ed775235c425a0000
[   9.649]       <<< RX chan1 38B: 800000228305106d6d7801000000006d6d780100000000000000000000000000...
[   9.699]       <<< RX chan1 11B: 80000007832364425a0000
[   9.699]       <<< RX chan1 11B: 80000007832368425a0000
[   9.699]       <<< RX chan1 11B: 8000000783236c425a0000
[   9.749]       <<< RX chan1 11B: 80000007832370425a0000
[   9.750]       <<< RX chan1 11B: 80000007832374425a0000
[   9.750]       <<< RX chan1 11B: 80000007832378425a0000
[   9.800]       <<< RX chan1 11B: 8000000783237c425a0000
[   9.800]       <<< RX chan1 11B: 80000007832380425a0000
[   9.800]       <<< RX chan1 11B: 80000007832384425a0000
[   9.851]       <<< RX chan1 110B: 8000006a830204fecf296fe201ff01012072627861737365743a2f2f736f756e...
[   9.851]       <<< RX chan1 11B: 8000000783238c425a0000
[   9.851]       <<< RX chan1 11B: 80000007832390425a0000
[   9.901]       <<< RX chan1 21B: 80000011831b0100000004b250a10b2394425a0000
[   9.901]       <<< RX chan1 11B: 80000007832398425a0000
[   9.901]       <<< RX chan1 11B: 8000000783239c425a0000
[   9.952]       <<< RX chan1 11B: 800000078323a0425a0000
[   9.952]       <<< RX chan1 11B: 800000078323a4425a0000
[   9.952]       <<< RX chan1 21B: 80000011831b0100000004f033ae7423a8425a0000
[  10.002]       <<< RX chan1 11B: 800000078323ac425a0000
[  10.002]       <<< RX chan1 11B: 800000078323b0425a0000
[  10.002]       <<< RX chan1 11B: 800000078323b4425a0000
[  10.002]       <<< RX chan1 11B: 800000078323b8425a0000
[  10.053]       <<< RX chan1 11B: 800000078323bc425a0000
[  10.053]       <<< RX chan1 21B: 80000011831b0100000004c3f6b04923c0425a0000
[  10.053]       <<< RX chan1 11B: 800000078323c4425a0000
[  10.103]       <<< RX chan1 11B: 800000078323c8425a0000
[  10.103]       <<< RX chan1 11B: 800000078323cc425a0000
[  10.103]       <<< RX chan1 11B: 800000078323d0425a0000
[quic] DATAGRAM 32B: 031000830510626f780100000000626f78010000000000000000010000000000
[  10.154]       <<< RX chan1 11B: 800000078323d4425a0000
[  10.154]       <<< RX chan1 38B: 80000022830510626f780100000000626f780100000000000000000000000000...
[  10.154]       <<< RX chan1 11B: 800000078323dc425a0000
[  10.204]   DUMMY -> send ping 77B
[  10.205]       <<< RX chan1 46B: 8000002a831b06000000047ac3210c04ea39896d046ebd5a69042b593e4104d3...
[  10.205]       <<< RX chan1 11B: 800000078323e4425a0000
[  10.205]       <<< RX chan1 11B: 800000078323e8425a0000
[  10.255]       <<< RX chan1 11B: 800000078323ec425a0000
[  10.255]       <<< RX chan1 11B: 800000078323f0425a0000
[  10.255]       <<< RX chan1 11B: 800000078323f4425a0000
[  10.306]       <<< RX chan1 11B: 800000078323f8425a0000
[  10.306]       <<< RX chan1 11B: 800000078323fc425a0000
[  10.306]       <<< RX chan1 11B: 80000007832300435a0000
[  10.324]   DUMMY <<< RX app=6 chan=1 81B: 8000004d0858fbbded5ddc184000000001505050505050505050505050505050...
[  10.324]       <<< RX chan1 11B: 80000007832304435a0000
[  10.340]       <<< RX chan1 16B: 8000000c832304435a002308435a0000
[  10.391]       <<< RX chan1 11B: 8000000783230c435a0000
[  10.391]       <<< RX chan1 11B: 80000007832310435a0000
[  10.391]       <<< RX chan1 11B: 80000007832314435a0000
[  10.441]       <<< RX chan1 11B: 80000007832318435a0000
[  10.441]       <<< RX chan1 11B: 8000000783231c435a0000
[  10.441]       <<< RX chan1 11B: 80000007832320435a0000
[  10.492]       <<< RX chan1 11B: 80000007832324435a0000
[  10.492]       <<< RX chan1 11B: 80000007832328435a0000
[  10.492]       <<< RX chan1 11B: 8000000783232c435a0000
[  10.542]       <<< RX chan1 11B: 80000007832330435a0000
[  10.542]       <<< RX chan1 11B: 80000007832334435a0000
[  10.542]       <<< RX chan1 11B: 80000007832338435a0000
[  10.593]       <<< RX chan1 11B: 8000000783233c435a0000
[  10.593]       <<< RX chan1 11B: 80000007832340435a0000
[  10.593]       <<< RX chan1 11B: 80000007832344435a0000
[  10.643]       <<< RX chan1 11B: 80000007832348435a0000
[  10.643]       <<< RX chan1 11B: 8000000783234c435a0000
[  10.643]       <<< RX chan1 11B: 80000007832350435a0000
[quic] DATAGRAM 32B: 0311008305106571780100000000657178010000000000000000010000000000
[  10.694]       <<< RX chan1 38B: 8000002283051065717801000000006571780100000000000000000000000000...
[  10.694]       <<< RX chan1 11B: 80000007832358435a0000
[  10.694]       <<< RX chan1 11B: 8000000783235c435a0000
[  10.744]       <<< RX chan1 11B: 80000007832360435a0000
[  10.745]       <<< RX chan1 1154B: 80000550830101eac754001b2000000001eac9540001ebc9540001ecc9540001...
[  10.745]       <<< RX chan1 210B: 55002502ff06012172627861737365743a2f2f54657874757265732f53757065...
[  10.745]       <<< RX chan1 1154B: 800005488302013d7455002502ff020000000000000000000000000306011c72...
[  10.745]       <<< RX chan1 202B: 74657874757265732f53776f7264546578747572652e706e67ff014474550002...
[  10.745]       <<< RX chan1 944B: 800005248302010f745500d101ff000129687474703a2f2f7777772e726f626c...
[  10.745]       <<< RX chan1 376B: 010d1152756e416e696d6174652e536572766572ff0191725500020193725500...
[  10.745]       <<< RX chan1 770B: 80000513830201c1725500f701ff050564616e63650906ff0191725500020199...
[  10.745]       <<< RX chan1 533B: 005a01ff00000000000000244005f8ff01a07255000201a17255001100ff0001...
[  10.745]       <<< RX chan1 1154B: 80000527830201a77255001100ff000129687474703a2f2f7777772e726f626c...
[  10.745]       <<< RX chan1 169B: 107455000000ff000201000000000000803e0000803e020208070850616c2048...
[  10.745]       <<< RX chan1 353B: 8000015d830201ae7455005a01ff00000000004032d740051f24417474726962...
[  10.745]       <<< RX chan1 11B: 80000007832368435a0000
[  10.795]       <<< RX chan1 11B: 8000000783236c435a0000
[  10.795]       <<< RX chan1 11B: 80000007832370435a0000
[  10.795]       <<< RX chan1 41B: 80000025830204d55511035b01000169d25300ff050763726561746f72ff0167...
[  10.846]       <<< RX chan1 11B: 80000007832378435a0000
[  10.846]       <<< RX chan1 21B: 80000011831b010000000121665500237c435a0000
[  10.846]       <<< RX chan1 11B: 80000007832380435a0000
[  10.897]       <<< RX chan1 11B: 80000007832384435a0000
[  10.897]       <<< RX chan1 11B: 80000007832388435a0000
[  10.897]       <<< RX chan1 11B: 8000000783238c435a0000
[  10.947]       <<< RX chan1 68B: 80000040830701d2725500190100000000000000000000200701d27255001901...
[  10.947]       <<< RX chan1 11B: 80000007832394435a0000
[  10.947]       <<< RX chan1 11B: 80000007832398435a0000
[  10.997]       <<< RX chan1 258B: 800000fe831b0200000001b36f550001b46f55000301b54d5500a1270101b04d...
[  10.997]       <<< RX chan1 46B: 8000002a831b0600000004e1d0ba1b0436c1a85104aec28b3104d9174b63049c...
[  10.998]       <<< RX chan1 11B: 800000078323a4435a0000
[  11.048]       <<< RX chan1 11B: 800000078323a8435a0000
[  11.048]       <<< RX chan1 11B: 800000078323ac435a0000
[  11.048]       <<< RX chan1 11B: 800000078323b0435a0000
[  11.098]       <<< RX chan1 11B: 800000078323b4435a0000
[  11.098]       <<< RX chan1 29B: 80000019830701c54d55005b14000701c54d550056140123b8435a0000
[  11.098]       <<< RX chan1 11B: 800000078323bc435a0000
[  11.149]       <<< RX chan1 11B: 800000078323c0435a0000
[  11.149]       <<< RX chan1 11B: 800000078323c4435a0000
[  11.149]       <<< RX chan1 29B: 80000019830701c54d55005b14000701c54d550056140123c8435a0000
[  11.199]   DUMMY -> send ping 77B
[quic] DATAGRAM 32B: 0312008305105a737801000000005a7378010000000000000000010000000000
[  11.199]       <<< RX chan1 56B: 80000034830701c54d55005b14000701c54d550056140105105a737801000000...
[  11.199]       <<< RX chan1 11B: 800000078323d0435a0000
[  11.199]       <<< RX chan1 11B: 800000078323d4435a0000
[  11.250]       <<< RX chan1 11B: 800000078323d8435a0000
[  11.250]       <<< RX chan1 11B: 800000078323dc435a0000
[  11.250]       <<< RX chan1 11B: 800000078323e0435a0000
[  11.300]       <<< RX chan1 11B: 800000078323e4435a0000
[  11.300]       <<< RX chan1 29B: 80000019830701c54d55005b14000701c54d550056140123e8435a0000
[  11.300]       <<< RX chan1 11B: 800000078323ec435a0000
[  11.319]   DUMMY <<< RX app=6 chan=1 81B: 8000004d0858fbbded5ddc184000000001505050505050505050505050505050...
[  11.320]       <<< RX chan1 11B: 800000078323f0435a0000
[  11.320]       <<< RX chan1 11B: 800000078323f4435a0000
[  11.335]       <<< RX chan1 16B: 8000000c8323f4435a0023f8435a0000
[  11.386]       <<< RX chan1 11B: 800000078323fc435a0000
[  11.386]       <<< RX chan1 11B: 80000007832300445a0000
[  11.386]       <<< RX chan1 11B: 80000007832304445a0000
[  11.436]       <<< RX chan1 11B: 80000007832308445a0000
[  11.436]       <<< RX chan1 21B: 80000011831b010000000406282e51230c445a0000
[  11.436]       <<< RX chan1 11B: 80000007832310445a0000
[  11.487]       <<< RX chan1 11B: 80000007832314445a0000
[  11.487]       <<< RX chan1 11B: 80000007832318445a0000
[  11.487]       <<< RX chan1 11B: 8000000783231c445a0000
[  11.537]       <<< RX chan1 11B: 80000007832320445a0000
[  11.537]       <<< RX chan1 11B: 80000007832324445a0000
[  11.537]       <<< RX chan1 11B: 80000007832328445a0000
[  11.587]       <<< RX chan1 11B: 8000000783232c445a0000
[  11.588]       <<< RX chan1 11B: 80000007832330445a0000
[  11.588]       <<< RX chan1 11B: 80000007832334445a0000
[  11.638]       <<< RX chan1 11B: 80000007832338445a0000
[  11.638]       <<< RX chan1 11B: 8000000783233c445a0000
[  11.638]       <<< RX chan1 29B: 80000019830701c54d55005b14000701c54d55005614012340445a0000
[quic] DATAGRAM 32B: 0313008305105e757801000000005e7578010000000000000000010000000000
[  11.689]       <<< RX chan1 11B: 80000007832344445a0000
[  11.689]       <<< RX chan1 38B: 800000228305105e757801000000005e75780100000000000000000000000000...
[  11.689]       <<< RX chan1 21B: 80000011831b0100000004d946fb38234c445a0000
[  11.739]       <<< RX chan1 11B: 80000007832350445a0000
[  11.739]       <<< RX chan1 11B: 80000007832354445a0000
[  11.739]       <<< RX chan1 11B: 80000007832358445a0000
[  11.790]       <<< RX chan1 11B: 8000000783235c445a0000
[  11.790]       <<< RX chan1 11B: 80000007832360445a0000
[  11.790]       <<< RX chan1 21B: 80000011831b0100000004d55511032364445a0000
[  11.840]       <<< RX chan1 11B: 80000007832368445a0000
[  11.840]       <<< RX chan1 11B: 8000000783236c445a0000
[  11.840]       <<< RX chan1 11B: 80000007832370445a0000
[  11.890]       <<< RX chan1 11B: 80000007832374445a0000
[  11.891]       <<< RX chan1 11B: 80000007832378445a0000
[  11.891]       <<< RX chan1 21B: 80000011831b01000000043ee1e35a237c445a0000
[  11.941]       <<< RX chan1 40B: 80000024831b0200000001306f550001316f550003018a265500a12701017f26...
[  11.941]       <<< RX chan1 11B: 80000007832384445a0000
[  11.941]       <<< RX chan1 11B: 80000007832388445a0000
[  11.991]       <<< RX chan1 11B: 8000000783238c445a0000
[  11.991]       <<< RX chan1 11B: 80000007832390445a0000
[  11.991]       <<< RX chan1 11B: 80000007832394445a0000
[  12.042]       <<< RX chan1 11B: 80000007832398445a0000
[  12.042]       <<< RX chan1 11B: 8000000783239c445a0000
[  12.042]       <<< RX chan1 11B: 800000078323a0445a0000
[  12.092]       <<< RX chan1 116B: 80000070831b140000000454a453590420ba0747048acba348049c98b61a04e4...
[  12.092]       <<< RX chan1 11B: 800000078323a8445a0000
[  12.092]       <<< RX chan1 11B: 800000078323ac445a0000
[  12.143]       <<< RX chan1 11B: 800000078323b0445a0000
[  12.143]       <<< RX chan1 21B: 80000011831b010000000433ad953a23b4445a0000
[  12.143]       <<< RX chan1 11B: 800000078323b8445a0000
[  12.193]   DUMMY -> send ping 77B
[  12.193]   DUMMY -> send sync 25B
[quic] DATAGRAM 32B: 0314008305105277780100000000537778010000000000000000010000000000
[  12.194]       <<< RX chan1 11B: 800000078323bc445a0000
[  12.194]       <<< RX chan1 38B: 8000002283051052777801000000005377780100000000000000000000000000...
[  12.194]       <<< RX chan1 11B: 800000078323c4445a0000
[  12.244]       <<< RX chan1 11B: 800000078323c8445a0000
[  12.244]       <<< RX chan1 1154B: 800004b8831b0100000001cf7555000201d075550068020401615c55000501b9...
[  12.244]       <<< RX chan1 58B: bbbddf94f13f04717faed9c5f53557fdcbe8c5ffa4059cde0b4bd9a35c3a9731...
[  12.244]       <<< RX chan1 11B: 800000078323d0445a0000
[  12.295]       <<< RX chan1 11B: 800000078323d4445a0000
[  12.295]       <<< RX chan1 11B: 800000078323d8445a0000
[  12.295]       <<< RX chan1 11B: 800000078323dc445a0000
[quic] DATAGRAM 36B: 05030003fa471501000000000300000000000000b525d0bf5e5d0600fb5794be05000000
[  12.316]   DUMMY <<< RX app=6 chan=1 81B: 8000004d0858fbbded5ddc184000000001505050505050505050505050505050...
[  12.316]       <<< RX chan1 21B: 80000011831b0100000004fd054f1f23e0445a0000
[  12.366]       <<< RX chan1 11B: 800000078323e4445a0000
[  12.366]       <<< RX chan1 16B: 8000000c8323e4445a0023e8445a0000
[  12.366]       <<< RX chan1 11B: 800000078323ec445a0000
[  12.417]       <<< RX chan1 11B: 800000078323f0445a0000
[  12.417]       <<< RX chan1 11B: 800000078323f4445a0000
[  12.417]       <<< RX chan1 11B: 800000078323f8445a0000
[  12.467]       <<< RX chan1 11B: 800000078323fc445a0000
[  12.467]       <<< RX chan1 11B: 80000007832300455a0000
[  12.467]       <<< RX chan1 11B: 80000007832304455a0000
[  12.517]       <<< RX chan1 11B: 80000007832308455a0000
[  12.517]       <<< RX chan1 11B: 8000000783230c455a0000
[  12.517]       <<< RX chan1 21B: 80000011831b0100000004d50f1e732310455a0000
[  12.568]       <<< RX chan1 11B: 80000007832314455a0000
[  12.568]       <<< RX chan1 1154B: 8000055b831b0100000001ce6d55000201657855005700ff080eff01cc6d5500...
[  12.568]       <<< RX chan1 221B: 00803f0000803f28cdcc4c3e32003526b651230a784a3bb016ac233600000040...
[  12.568]       <<< RX chan1 1154B: 8000050d830201737855006301ff000001000a000c806be1c1aa00c7404df65f...
[  12.568]       <<< RX chan1 143B: 00db420b000f0f736865646c6574736b7932313132301330ff010e0000000201...
[  12.568]       <<< RX chan1 1003B: 8000050f830201e97655001c00ffff01377655000201567855005a01ff058dff...
[  12.568]       <<< RX chan1 296B: 7474703a2f2f7777772e726f626c6f782e636f6d2f61737365742f3f69643d35...
[  12.568]       <<< RX chan1 850B: 80000525830201cc7655005a01ff00000000000000244005f8ff01b176550002...
[  12.568]       <<< RX chan1 471B: 742f3f69643d3530373736373936380596ff0185785500020187785500f701ff...
[  12.568]       <<< RX chan1 1154B: 80000822830201e1765500f701ff05037369740902ff01a87655000201c07655...
[  12.568]       <<< RX chan1 932B: 6473416e644163636573736f7269657309010d6170706c696564417373657473...
[  12.568]       <<< RX chan1 11B: 80000007832318455a0000
[  12.568]       <<< RX chan1 607B: 8000025b83030188785500f800010103929ef6f8cde93a03018a785500f80001...
[  12.618]       <<< RX chan1 11B: 80000007832320455a0000
[  12.618]       <<< RX chan1 11B: 80000007832324455a0000
[  12.618]       <<< RX chan1 324B: 800001408303015d785500d40e014b48656c6c6f5e333537363638363434365e...
[  12.669]       <<< RX chan1 11B: 8000000783232c455a0000
[  12.669]       <<< RX chan1 11B: 80000007832330455a0000
[  12.669]       <<< RX chan1 11B: 80000007832334455a0000
[quic] DATAGRAM 32B: 0315008305104779780100000000477978010000000000000000010000000000
[  12.720]       <<< RX chan1 48B: 8000002c831b01000000048cead8650510477978010000000047797801000000...
[  12.720]       <<< RX chan1 11B: 8000000783233c455a0000
[  12.720]       <<< RX chan1 11B: 80000007832340455a0000
[  12.720]       <<< RX chan1 11B: 80000007832344455a0000
[  12.770]       <<< RX chan1 11B: 80000007832348455a0000
[  12.770]       <<< RX chan1 11B: 8000000783234c455a0000
[  12.770]       <<< RX chan1 11B: 80000007832350455a0000
[  12.821]       <<< RX chan1 11B: 80000007832354455a0000
[  12.821]       <<< RX chan1 11B: 80000007832358455a0000
[  12.821]       <<< RX chan1 11B: 8000000783235c455a0000
[  12.871]       <<< RX chan1 11B: 80000007832360455a0000
[  12.871]       <<< RX chan1 11B: 80000007832364455a0000
[  12.871]       <<< RX chan1 21B: 80000011831b0100000004003fa5392368455a0000
[  12.922]       <<< RX chan1 11B: 8000000783236c455a0000
[  12.922]       <<< RX chan1 11B: 80000007832370455a0000
[  12.922]       <<< RX chan1 11B: 80000007832374455a0000
[  12.972]       <<< RX chan1 11B: 80000007832378455a0000
[  12.972]       <<< RX chan1 36B: 80000020831b040000000491f69871040ef60c2c0402e17f4304516b155c237c...
[  12.972]       <<< RX chan1 11B: 80000007832380455a0000
[  13.023]       <<< RX chan1 11B: 80000007832384455a0000
[  13.023]       <<< RX chan1 11B: 80000007832388455a0000
[  13.023]       <<< RX chan1 11B: 8000000783238c455a0000
[  13.073]       <<< RX chan1 11B: 80000007832390455a0000
[  13.073]       <<< RX chan1 11B: 80000007832394455a0000
[  13.073]       <<< RX chan1 11B: 80000007832398455a0000
[  13.123]       <<< RX chan1 11B: 8000000783239c455a0000
[  13.124]       <<< RX chan1 339B: 8000014f830204d51cb7375a01ff00000000209012d840051224417474726962...
[  13.174]   DUMMY -> send ping 77B
[quic] DATAGRAM 32B: 0316008305103d7b7801000000003d7b78010000000000000000010000000000
[  13.174]       <<< RX chan1 1096B: 80000444830101094e55000301854d55007d1301010101ec4d55000101e34d55...
[  13.174]       <<< RX chan1 303B: 8000012b8303017c4c55007d1301010301554d55007d1301010301534d55007d...
[  13.174]       <<< RX chan1 133B: 80000081830101617955000201657955004f010901084d55000a01c44d5500ff...
[  13.174]       <<< RX chan1 160B: 8000009c830101657955000201697955004f010901084d55000a01c44d5500ff...
[  13.225]       <<< RX chan1 133B: 800000818301016979550002016d7955004f010901084d55000a01c44d5500ff...
[  13.225]       <<< RX chan1 133B: 800000818301016d7955000201717955004f010901084d55000a01c44d5500ff...
[  13.225]       <<< RX chan1 133B: 80000081830101717955000201757955004f010901084d55000a01c44d5500ff...
[  13.276]       <<< RX chan1 133B: 80000081830101757955000201797955004f010901084d55000a01c44d5500ff...
[  13.276]       <<< RX chan1 133B: 800000818301017979550002017d7955004f010901084d55000a01c44d5500ff...
[  13.276]       <<< RX chan1 133B: 800000818301017d7955000201817955004f010901084d55000a01c44d5500ff...
[  13.293]   DUMMY <<< RX app=6 chan=1 81B: 8000004d0858fbbded5ddc184000000001505050505050505050505050505050...
[  13.293]       <<< RX chan1 133B: 80000081830101817955000201857955004f010901084d55000a01c44d5500ff...
[  13.309]       <<< RX chan1 133B: 80000081830101857955000201897955004f010901084d55000a01c44d5500ff...
[  13.359]       <<< RX chan1 133B: 800000818301018979550002018d7955004f010901084d55000a01c44d5500ff...
[  13.359]       <<< RX chan1 138B: 800000868323d4455a0001018d7955000201917955004f010901084d55000a01...
[  13.359]       <<< RX chan1 133B: 80000081830101917955000201957955004f010901084d55000a01c44d5500ff...
[  13.410]       <<< RX chan1 133B: 80000081830101957955000201997955004f010901084d55000a01c44d5500ff...
[  13.410]       <<< RX chan1 143B: 8000008b8301019979550002019d7955004f010901084d55000a01c44d5500ff...
[  13.410]       <<< RX chan1 133B: 800000818301019d7955000201a17955004f010901084d55000a01c44d5500ff...
[  13.460]       <<< RX chan1 133B: 80000081830101a17955000201a57955004f010901084d55000a01c44d5500ff...
[  13.460]       <<< RX chan1 139B: 80000087830101a57955000201a97955004f010901084d55000a01c44d5500ff...
[  13.460]       <<< RX chan1 133B: 80000081830101a97955000201ad7955004f010901084d55000a01c44d5500ff...
[  13.511]       <<< RX chan1 133B: 80000081830101ad7955000201b17955004f010901084d55000a01c44d5500ff...
[  13.511]       <<< RX chan1 133B: 80000081830101b17955000201b57955004f010901084d55000a01c44d5500ff...
[  13.511]       <<< RX chan1 133B: 80000081830101b57955000201b97955004f010901084d55000a01c44d5500ff...
[  13.561]       <<< RX chan1 133B: 80000081830101b97955000201bd7955004f010901084d55000a01c44d5500ff...
[  13.561]       <<< RX chan1 133B: 80000081830101bd7955000201c17955004f010901084d55000a01c44d5500ff...
[  13.561]       <<< RX chan1 133B: 80000081830101c17955000201c57955004f010901084d55000a01c44d5500ff...
[  13.612]       <<< RX chan1 133B: 80000081830101c57955000201c97955004f010901084d55000a01c44d5500ff...
[  13.612]       <<< RX chan1 139B: 80000087830101c97955000201cd7955004f010901084d55000a01c44d5500ff...
[  13.612]       <<< RX chan1 143B: 8000008b830101cd7955000201d17955004f010901084d55000a01c44d5500ff...
[  13.662]       <<< RX chan1 1154B: 80001663830101d1795500030138745500a1270101307255000201d679550029...
[  13.662]       <<< RX chan1 1154B: 32147e979b9b28f83aaf4c95e11dce44b739b60b00778aef33d7fe2e7f89dbdf...
[  13.662]       <<< RX chan1 1154B: c404260f982902337167ccee94e8a028a230e19e8960515c267d57bd3736fe65...
[  13.662]       <<< RX chan1 1154B: 04c0fef14130d4f0294070703a500d4381ae797ea0a5d5fd8aecefd73bda0f54...
[  13.662]       <<< RX chan1 1119B: 7d64fdb015973eddeaff37ee26cd3aa82e2abbbc6bdfb0c8aa920e13cc78ebf5...
[  13.662]       <<< RX chan1 11B: 8000000783231c465a0000
[  13.662]       <<< RX chan1 231B: 800000e38302040f96aa0e5002ff000000c07f0000803f000000000518244174...
[  13.662]       <<< RX chan1 133B: 80000081830101e37955000201e77955004f010901084d55000a01c44d5500ff...
[quic] DATAGRAM 32B: 031700830510407d780100000000407d78010000000000000000010000000000
[  13.713]       <<< RX chan1 143B: 8000008b830101e77955000201eb7955004f010901084d55000a01c44d5500ff...
[  13.713]       <<< RX chan1 170B: 800000a6830101eb7955000201ef7955004f010901084d55000a01c44d5500ff...
[  13.713]       <<< RX chan1 133B: 80000081830101ef7955000201f37955004f010901084d55000a01c44d5500ff...
[  13.764]       <<< RX chan1 133B: 80000081830101f37955000201f77955004f010901084d55000a01c44d5500ff...
[  13.764]       <<< RX chan1 143B: 8000008b830101f77955000201fb7955004f010901084d55000a01c44d5500ff...
[  13.764]       <<< RX chan1 143B: 8000008b830101fb7955000201ff7955004f010901084d55000a01c44d5500ff...
[  13.814]       <<< RX chan1 133B: 80000081830101ff7955000201047a55004f010901084d55000a01c44d5500ff...
[  13.814]       <<< RX chan1 133B: 80000081830101047a55000201087a55004f010901084d55000a01c44d5500ff...
[  13.814]       <<< RX chan1 153B: 80000095830101087a550002010c7a55004f010901084d55000a01c44d5500ff...
[  13.865]       <<< RX chan1 133B: 800000818301010c7a55000201107a55004f010901084d55000a01c44d5500ff...
[  13.865]       <<< RX chan1 139B: 80000087830101107a55000201147a55004f010901084d55000a01c44d5500ff...
[  13.865]       <<< RX chan1 133B: 80000081830101147a55000201187a55004f010901084d55000a01c44d5500ff...
[  13.915]       <<< RX chan1 133B: 80000081830101187a550002011c7a55004f010901084d55000a01c44d5500ff...
[  13.915]       <<< RX chan1 133B: 800000818301011c7a55000201207a55004f010901084d55000a01c44d5500ff...
[  13.915]       <<< RX chan1 475B: 800001d7830101207a55000201247a55004f010901084d55000a01c44d5500ff...
[  13.965]       <<< RX chan1 163B: 8000009f830101247a55000201287a55004f010901084d55000a01c44d5500ff...
[  13.965]       <<< RX chan1 133B: 80000081830101287a550002012c7a55004f010901084d55000a01c44d5500ff...
[  13.965]       <<< RX chan1 151B: 80000093830701c54d55005b14000701c54d550056140101012c7a5500020139...
[  14.016]       <<< RX chan1 133B: 80000081830101397a550002013d7a55004f010901084d55000a01c44d5500ff...
[  14.016]       <<< RX chan1 143B: 8000008b8301013d7a55000201417a55004f010901084d55000a01c44d5500ff...
[  14.016]       <<< RX chan1 143B: 8000008b830101417a55000201457a55004f010901084d55000a01c44d5500ff...
[  14.066]       <<< RX chan1 133B: 80000081830101457a55000201497a55004f010901084d55000a01c44d5500ff...
[  14.066]       <<< RX chan1 133B: 80000081830101497a550002014d7a55004f010901084d55000a01c44d5500ff...
[  14.066]       <<< RX chan1 143B: 8000008b8301014d7a55000201517a55004f010901084d55000a01c44d5500ff...
[  14.117]       <<< RX chan1 143B: 8000008b830101517a55000201557a55004f010901084d55000a01c44d5500ff...
[  14.117]       <<< RX chan1 133B: 80000081830101557a55000201597a55004f010901084d55000a01c44d5500ff...
[  14.117]       <<< RX chan1 149B: 80000091830101597a550002015d7a55004f010901084d55000a01c44d5500ff...
[  14.167]   DUMMY -> send ping 77B
[  14.167]       <<< RX chan1 253B: 800000f98301015d7a55001b01000000014b7955001b01000000014c7955001b...
[  14.167]       <<< RX chan1 153B: 80000095830101617a55000201657a55004f010901084d55000a01c44d5500ff...
[  14.167]       <<< RX chan1 133B: 80000081830101657a55000201697a55004f010901084d55000a01c44d5500ff...
[quic] DATAGRAM 32B: 031800830510457f780100000000457f78010000000000000000010000000000
[  14.218]       <<< RX chan1 133B: 80000081830101697a55000201707a55004f010901084d55000a01c44d5500ff...
[  14.218]       <<< RX chan1 133B: 80000081830101707a55000201747a55004f010901084d55000a01c44d5500ff...
[  14.218]       <<< RX chan1 166B: 800000a2830101747a55000201787a55004f010901084d55000a01c44d5500ff...
[  14.268]       <<< RX chan1 133B: 80000081830101787a550002017c7a55004f010901084d55000a01c44d5500ff...
[  14.268]       <<< RX chan1 143B: 8000008b8301017c7a55000201807a55004f010901084d55000a01c44d5500ff...
[  14.268]       <<< RX chan1 153B: 80000095830101807a55000201847a55004f010901084d55000a01c44d5500ff...
[  14.288]   DUMMY <<< RX app=6 chan=1 81B: 8000004d0858fbbded5ddc184000000001505050505050505050505050505050...
[  14.288]       <<< RX chan1 153B: 80000095830101847a55000201897a55004f010901084d55000a01c44d5500ff...
[  14.288]       <<< RX chan1 143B: 8000008b830101897a550002018d7a55004f010901084d55000a01c44d5500ff...
[  14.304]       <<< RX chan1 133B: 800000818301018d7a55000201957a55004f010901084d55000a01c44d5500ff...
[  14.354]       <<< RX chan1 133B: 80000081830101957a55000201997a55004f010901084d55000a01c44d5500ff...
[  14.354]       <<< RX chan1 164B: 800000a08323c4465a000101997a550002019d7a55004f010901084d55000a01...
[  14.354]       <<< RX chan1 143B: 8000008b8301019d7a55000201a17a55004f010901084d55000a01c44d5500ff...
[  14.405]       <<< RX chan1 143B: 8000008b830101a17a55000201a57a55004f010901084d55000a01c44d5500ff...
[  14.405]       <<< RX chan1 143B: 8000008b830101a57a55000201a97a55004f010901084d55000a01c44d5500ff...
[  14.405]       <<< RX chan1 153B: 80000095830101a97a55000201ad7a55004f010901084d55000a01c44d5500ff...
[  14.456]       <<< RX chan1 143B: 8000008b830101ad7a55000201b17a55004f010901084d55000a01c44d5500ff...
[  14.456]       <<< RX chan1 159B: 8000009b830101b17a55000201b57a55004f010901084d55000a01c44d5500ff...
[  14.456]       <<< RX chan1 143B: 8000008b830101b57a55000201ba7a55004f010901084d55000a01c44d5500ff...
[  14.506]       <<< RX chan1 153B: 80000095830101ba7a55000201be7a55004f010901084d55000a01c44d5500ff...
[  14.506]       <<< RX chan1 169B: 800000a5830101be7a55000201c47a55004f010901084d55000a01c44d5500ff...
[  14.506]       <<< RX chan1 143B: 8000008b830101c47a55000201c87a55004f010901084d55000a01c44d5500ff...
[  14.557]       <<< RX chan1 153B: 80000095830101c87a55000201cc7a55004f010901084d55000a01c44d5500ff...
[  14.557]       <<< RX chan1 143B: 8000008b830101cc7a55000201d07a55004f010901084d55000a01c44d5500ff...
[  14.557]       <<< RX chan1 200B: 800000c4830101d07a550001017f4d550001017b4d55001b0200000001597955...
[  14.607]       <<< RX chan1 143B: 8000008b830101d47a55000201d87a55004f010901084d55000a01c44d5500ff...
[  14.607]       <<< RX chan1 143B: 8000008b830101d87a55000201dd7a55004f010901084d55000a01c44d5500ff...
[  14.607]       <<< RX chan1 143B: 8000008b830101dd7a55000201e27a55004f010901084d55000a01c44d5500ff...
[  14.658]       <<< RX chan1 153B: 80000095830101e27a55000201e77a55004f010901084d55000a01c44d5500ff...
[  14.658]       <<< RX chan1 143B: 8000008b830101e77a55000201ec7a55004f010901084d55000a01c44d5500ff...
[  14.658]       <<< RX chan1 175B: 800000ab830101ec7a55000201f17a55004f010901084d55000a01c44d5500ff...
[  14.708]       <<< RX chan1 143B: 8000008b830101f17a55000201f67a55004f010901084d55000a01c44d5500ff...
[  14.708]       <<< RX chan1 143B: 8000008b830101f67a55000201fb7a55004f010901084d55000a01c44d5500ff...
[  14.708]       <<< RX chan1 163B: 8000009f830101fb7a55000201007b55004f010901084d55000a01c44d5500ff...
[quic] DATAGRAM 32B: 0319008305104981780100000000498178010000000000000000010000000000
[  14.758]       <<< RX chan1 170B: 800000a6830101007b55000201057b55004f010901084d55000a01c44d5500ff...
[  14.758]       <<< RX chan1 153B: 80000095830101057b550002010b7b55004f010901084d55000a01c44d5500ff...
[  14.758]       <<< RX chan1 143B: 8000008b8301010b7b55000201107b55004f010901084d55000a01c44d5500ff...
[  14.809]       <<< RX chan1 153B: 80000095830101107b55000201177b55004f010901084d55000a01c44d5500ff...
[  14.809]       <<< RX chan1 143B: 8000008b830101177b550002011c7b55004f010901084d55000a01c44d5500ff...
[  14.809]       <<< RX chan1 159B: 8000009b8301011c7b55000201217b55004f010901084d55000a01c44d5500ff...
[  14.859]       <<< RX chan1 159B: 8000009b830101217b55000201267b55004f010901084d55000a01c44d5500ff...
[  14.859]       <<< RX chan1 149B: 80000091830101267b550002012b7b55004f010901084d55000a01c44d5500ff...
[  14.859]       <<< RX chan1 149B: 800000918301012b7b55000201307b55004f010901084d55000a01c44d5500ff...
[  14.910]       <<< RX chan1 159B: 8000009b830101307b55000201357b55004f010901084d55000a01c44d5500ff...
[  14.910]       <<< RX chan1 175B: 800000ab830101357b550002013a7b55004f010901084d55000a01c44d5500ff...
[  14.910]       <<< RX chan1 159B: 8000009b8301013a7b550002013f7b55004f010901084d55000a01c44d5500ff...
[  14.960]       <<< RX chan1 159B: 8000009b8301013f7b55000201447b55004f010901084d55000a01c44d5500ff...
[  14.960]       <<< RX chan1 149B: 80000091830101447b55000201497b55004f010901084d55000a01c44d5500ff...
[  14.960]       <<< RX chan1 165B: 800000a1830101497b550002014e7b55004f010901084d55000a01c44d5500ff...
[  15.011]       <<< RX chan1 175B: 800000ab8301014e7b55000201547b55004f010901084d55000a01c44d5500ff...
[  15.011]       <<< RX chan1 153B: 80000095830101547b55000201597b55004f010901084d55000a01c44d5500ff...
[  15.011]       <<< RX chan1 143B: 8000008b830101597b55000201607b55004f010901084d55000a01c44d5500ff...
[  15.061]       <<< RX chan1 143B: 8000008b830101607b55000201657b55004f010901084d55000a01c44d5500ff...
[  15.061]       <<< RX chan1 143B: 8000008b830101657b550002016a7b55004f010901084d55000a01c44d5500ff...
[  15.061]       <<< RX chan1 153B: 800000958301016a7b550002016f7b55004f010901084d55000a01c44d5500ff...
[  15.111]       <<< RX chan1 163B: 8000009f8301016f7b55000201747b55004f010901084d55000a01c44d5500ff...
[  15.111]       <<< RX chan1 143B: 8000008b830101747b55000201797b55004f010901084d55000a01c44d5500ff...
[  15.111]       <<< RX chan1 161B: 8000009d830101797b55000101974d55000101934d550002017e7b55004f0109...
[  15.162]   DUMMY -> send ping 77B
[  15.162]       <<< RX chan1 143B: 8000008b8301017e7b55000201837b55004f010901084d55000a01c44d5500ff...
[  15.162]       <<< RX chan1 153B: 80000095830101837b55000201887b55004f010901084d55000a01c44d5500ff...
[  15.162]       <<< RX chan1 143B: 8000008b830101887b550002018d7b55004f010901084d55000a01c44d5500ff...
[  15.212]       <<< RX chan1 143B: 8000008b8301018d7b55000201927b55004f010901084d55000a01c44d5500ff...
[  15.212]       <<< RX chan1 155B: 80000097830101927b550001018c4d55000101884d55000201987b55004f0109...
[  15.212]       <<< RX chan1 143B: 8000008b830101987b550002019d7b55004f010901084d55000a01c44d5500ff...
[quic] DATAGRAM 32B: 031a008305103d837801000000003e8378010000000000000000010000000000
[  15.262]       <<< RX chan1 180B: 800000b08301019d7b55000201a27b55004f010901084d55000a01c44d5500ff...
[  15.262]       <<< RX chan1 143B: 8000008b830101a27b55000201a87b55004f010901084d55000a01c44d5500ff...
[  15.262]       <<< RX chan1 155B: 80000097830101a87b55000101854d55000101814d55000201ae7b55004f0109...
[  15.284]   DUMMY <<< RX app=6 chan=1 81B: 8000004d0858fbbded5ddc184000000001505050505050505050505050505050...
[  15.284]       <<< RX chan1 149B: 80000091830101ae7b55000201b37b55004f010901084d55000a01c44d5500ff...
[  15.300]       <<< RX chan1 149B: 80000091830101b37b55000201b87b55004f010901084d55000a01c44d5500ff...
[  15.350]       <<< RX chan1 143B: 8000008b830101b87b55000201bd7b55004f010901084d55000a01c44d5500ff...
[  15.350]       <<< RX chan1 143B: 8000008b830101bd7b55000201c27b55004f010901084d55000a01c44d5500ff...
[  15.350]       <<< RX chan1 148B: 800000908323b4475a000101c27b55000201c77b55004f010901084d55000a01...
[  15.401]       <<< RX chan1 149B: 80000091830101c77b55000104a1d35a600201cc7b55004f010901084d55000a...
[  15.401]       <<< RX chan1 167B: 800000a3830101cc7b55000101914d55000101794d550001018f4d5500010177...
[  15.401]       <<< RX chan1 143B: 8000008b830101d17b55000201d67b55004f010901084d55000a01c44d5500ff...
[  15.451]       <<< RX chan1 143B: 8000008b830101d67b55000201db7b55004f010901084d55000a01c44d5500ff...
[  15.451]       <<< RX chan1 143B: 8000008b830101db7b55000201e07b55004f010901084d55000a01c44d5500ff...
[  15.451]       <<< RX chan1 143B: 8000008b830101e07b55000201e57b55004f010901084d55000a01c44d5500ff...
[  15.502]       <<< RX chan1 149B: 80000091830101e57b55000201ea7b55004f010901084d55000a01c44d5500ff...
[  15.502]       <<< RX chan1 143B: 8000008b830101ea7b55000201ef7b55004f010901084d55000a01c44d5500ff...
[  15.502]       <<< RX chan1 143B: 8000008b830101ef7b55000201f47b55004f010901084d55000a01c44d5500ff...
[  15.552]       <<< RX chan1 143B: 8000008b830101f47b55000201f97b55004f010901084d55000a01c44d5500ff...
[  15.552]       <<< RX chan1 143B: 8000008b830101f97b55000201fe7b55004f010901084d55000a01c44d5500ff...
[  15.552]       <<< RX chan1 143B: 8000008b830101fe7b55000201037c55004f010901084d55000a01c44d5500ff...
[  15.552]       <<< RX chan1 143B: 8000008b830101037c55000201097c55004f010901084d55000a01c44d5500ff...
[  15.603]       <<< RX chan1 143B: 8000008b830101097c550002010e7c55004f010901084d55000a01c44d5500ff...
[  15.603]       <<< RX chan1 149B: 800000918301010e7c55000201157c55004f010901084d55000a01c44d5500ff...
[  15.603]       <<< RX chan1 143B: 8000008b830101157c550002011a7c55004f010901084d55000a01c44d5500ff...
[  15.653]       <<< RX chan1 143B: 8000008b8301011a7c550002011f7c55004f010901084d55000a01c44d5500ff...
[  15.653]       <<< RX chan1 143B: 8000008b8301011f7c55000201247c55004f010901084d55000a01c44d5500ff...
[  15.653]       <<< RX chan1 143B: 8000008b830101247c55000201297c55004f010901084d55000a01c44d5500ff...
[  15.703]       <<< RX chan1 143B: 8000008b830101297c550002012e7c55004f010901084d55000a01c44d5500ff...
[  15.703]       <<< RX chan1 143B: 8000008b8301012e7c55000201337c55004f010901084d55000a01c44d5500ff...
[  15.703]       <<< RX chan1 143B: 8000008b830101337c55000201387c55004f010901084d55000a01c44d5500ff...
[quic] DATAGRAM 32B: 031b008305104285780100000000428578010000000000000000010000000000
[  15.754]       <<< RX chan1 143B: 8000008b830101387c550002013d7c55004f010901084d55000a01c44d5500ff...
[  15.754]       <<< RX chan1 62B: 8000003a8301013d7c55000101c44d55000101084d55000101c34d5500051042...
[  15.754]       <<< RX chan1 51B: 8000002f831b0400000004fa033c130409020b0704cc6da75c0449bdd02f1b02...
[  15.804]       <<< RX chan1 11B: 80000007832320485a0000
[  15.804]       <<< RX chan1 11B: 80000007832324485a0000
[  15.804]       <<< RX chan1 11B: 80000007832328485a0000
[  15.855]       <<< RX chan1 11B: 8000000783232c485a0000
[  15.855]       <<< RX chan1 11B: 80000007832330485a0000
[  15.855]       <<< RX chan1 11B: 80000007832334485a0000
[  15.905]       <<< RX chan1 23B: 80000013830104fde3d7440101487955002338485a0000
[  15.905]       <<< RX chan1 11B: 8000000783233c485a0000
[  15.905]       <<< RX chan1 11B: 80000007832340485a0000
[  15.955]       <<< RX chan1 11B: 80000007832344485a0000
[  15.956]       <<< RX chan1 11B: 80000007832348485a0000
[  15.956]       <<< RX chan1 11B: 8000000783234c485a0000
[  16.006]       <<< RX chan1 11B: 80000007832350485a0000
[  16.006]       <<< RX chan1 11B: 80000007832354485a0000
[  16.006]       <<< RX chan1 11B: 80000007832358485a0000
[  16.056]       <<< RX chan1 11B: 8000000783235c485a0000
[  16.056]       <<< RX chan1 11B: 80000007832360485a0000
[  16.056]       <<< RX chan1 11B: 80000007832364485a0000
[  16.107]       <<< RX chan1 11B: 80000007832368485a0000
[  16.107]       <<< RX chan1 11B: 8000000783236c485a0000
[  16.107]       <<< RX chan1 11B: 80000007832370485a0000
[  16.157]       <<< RX chan1 11B: 80000007832374485a0000
[  16.158]       <<< RX chan1 11B: 80000007832378485a0000
[  16.158]       <<< RX chan1 11B: 8000000783237c485a0000
[  16.208]   DUMMY -> send ping 77B
[  16.208]       <<< RX chan1 11B: 80000007832380485a0000
[  16.208]       <<< RX chan1 11B: 80000007832384485a0000
[  16.208]       <<< RX chan1 29B: 80000019830704d1499d625b14000704d1499d625614012388485a0000
[quic] DATAGRAM 32B: 031c008305103687780100000000368778010000000000000000010000000000
[  16.259]       <<< RX chan1 11B: 8000000783238c485a0000
[  16.259]       <<< RX chan1 38B: 8000002283051036877801000000003687780100000000000000000000000000...
[  16.259]       <<< RX chan1 11B: 80000007832394485a0000
[  16.309]       <<< RX chan1 11B: 80000007832398485a0000
[  16.309]       <<< RX chan1 11B: 8000000783239c485a0000
[  16.309]       <<< RX chan1 11B: 800000078323a0485a0000
[  16.332]   DUMMY <<< RX app=6 chan=1 81B: 8000004d0858fbbded5ddc184000000001505050505050505050505050505050...
[  16.333]       <<< RX chan1 11B: 800000078323a4485a0000
[  16.348]       <<< RX chan1 16B: 8000000c8323a4485a0023a8485a0000
[  16.399]       <<< RX chan1 11B: 800000078323ac485a0000
[  16.399]       <<< RX chan1 11B: 800000078323b0485a0000
[  16.399]       <<< RX chan1 11B: 800000078323b4485a0000
[  16.449]       <<< RX chan1 11B: 800000078323b8485a0000
[  16.449]       <<< RX chan1 11B: 800000078323bc485a0000
[  16.449]       <<< RX chan1 11B: 800000078323c0485a0000
[  16.500]       <<< RX chan1 11B: 800000078323c4485a0000
[  16.500]       <<< RX chan1 11B: 800000078323c8485a0000
[  16.500]       <<< RX chan1 11B: 800000078323cc485a0000
[  16.550]       <<< RX chan1 11B: 800000078323d0485a0000
[  16.550]       <<< RX chan1 11B: 800000078323d4485a0000
[  16.550]       <<< RX chan1 11B: 800000078323d8485a0000
[  16.600]       <<< RX chan1 11B: 800000078323dc485a0000
[  16.600]       <<< RX chan1 11B: 800000078323e0485a0000
[  16.600]       <<< RX chan1 11B: 800000078323e4485a0000
[  16.600]       <<< RX chan1 11B: 800000078323e8485a0000
[  16.651]       <<< RX chan1 11B: 800000078323ec485a0000
[  16.651]       <<< RX chan1 11B: 800000078323f0485a0000
[  16.701]       <<< RX chan1 11B: 800000078323f4485a0000
[  16.701]       <<< RX chan1 11B: 800000078323f8485a0000
[  16.701]       <<< RX chan1 11B: 800000078323fc485a0000
[  16.752]       <<< RX chan1 11B: 80000007832300495a0000
[  16.752]       <<< RX chan1 229B: 800000e1830301051a5500a1270101e11755000201017d55002902ffff01061a...
[  16.752]       <<< RX chan1 11B: 80000007832308495a0000
[quic] DATAGRAM 32B: 031d008305103a897801000000003a8978010000000000000000010000000000
[  16.802]       <<< RX chan1 38B: 800000228305103a897801000000003a89780100000000000000000000000000...
[  16.802]       <<< RX chan1 11B: 80000007832310495a0000
[  16.802]       <<< RX chan1 11B: 80000007832314495a0000
[  16.802]       <<< RX chan1 11B: 80000007832318495a0000
[  16.853]       <<< RX chan1 11B: 8000000783231c495a0000
[  16.853]       <<< RX chan1 11B: 80000007832320495a0000
[  16.853]       <<< RX chan1 11B: 80000007832324495a0000
[  16.903]       <<< RX chan1 11B: 80000007832328495a0000
[  16.903]       <<< RX chan1 11B: 8000000783232c495a0000
[  16.903]       <<< RX chan1 11B: 80000007832330495a0000
[  16.953]       <<< RX chan1 11B: 80000007832334495a0000
[  16.953]       <<< RX chan1 11B: 80000007832338495a0000
[  16.953]       <<< RX chan1 11B: 8000000783233c495a0000
[  17.004]       <<< RX chan1 11B: 80000007832340495a0000
[  17.004]       <<< RX chan1 11B: 80000007832344495a0000
[  17.004]       <<< RX chan1 11B: 80000007832348495a0000
[  17.054]       <<< RX chan1 11B: 8000000783234c495a0000
[  17.054]       <<< RX chan1 11B: 80000007832350495a0000
[  17.054]       <<< RX chan1 11B: 80000007832354495a0000
[  17.105]       <<< RX chan1 11B: 80000007832358495a0000
[  17.105]       <<< RX chan1 11B: 8000000783235c495a0000
[  17.105]       <<< RX chan1 11B: 80000007832360495a0000
[  17.155]       <<< RX chan1 11B: 80000007832364495a0000
[  17.155]       <<< RX chan1 11B: 80000007832368495a0000
[  17.155]       <<< RX chan1 11B: 8000000783236c495a0000
[  17.206]   DUMMY -> send ping 77B
[  17.206]   DUMMY -> send sync 25B
[  17.206]       <<< RX chan1 11B: 80000007832370495a0000
[  17.206]       <<< RX chan1 11B: 80000007832374495a0000
[  17.206]       <<< RX chan1 11B: 80000007832378495a0000
[  17.256]       <<< RX chan1 11B: 8000000783237c495a0000
[  17.256]       <<< RX chan1 40B: 80000024830301e57555009a1301134d6178204865616c746820446f75626c65...
[  17.256]       <<< RX chan1 11B: 80000007832384495a0000
[quic] DATAGRAM 32B: 031e008305103e8b7801000000003e8b78010000000000000000010000000000
[  17.307]       <<< RX chan1 38B: 800000228305103e8b7801000000003e8b780100000000000000000000000000...
[  17.307]       <<< RX chan1 11B: 8000000783238c495a0000
[  17.307]       <<< RX chan1 11B: 80000007832390495a0000
[quic] DATAGRAM 36B: 05040003fa47150100000000020000000000000005a01cc05e5d06004bd2e0be05000000
[  17.328]   DUMMY <<< RX app=6 chan=1 81B: 8000004d0858fbbded5ddc184000000001505050505050505050505050505050...
[  17.328]       <<< RX chan1 11B: 80000007832394495a0000
[  17.378]       <<< RX chan1 16B: 8000000c832394495a002398495a0000
[  17.378]       <<< RX chan1 11B: 8000000783239c495a0000
[  17.378]       <<< RX chan1 11B: 800000078323a0495a0000
[  17.429]       <<< RX chan1 11B: 800000078323a4495a0000
[  17.429]       <<< RX chan1 11B: 800000078323a8495a0000
[  17.429]       <<< RX chan1 11B: 800000078323ac495a0000
[  17.479]       <<< RX chan1 11B: 800000078323b0495a0000
[  17.479]       <<< RX chan1 11B: 800000078323b4495a0000
[  17.479]       <<< RX chan1 11B: 800000078323b8495a0000
[  17.530]       <<< RX chan1 11B: 800000078323bc495a0000
[  17.530]       <<< RX chan1 11B: 800000078323c0495a0000
[  17.530]       <<< RX chan1 11B: 800000078323c4495a0000
[  17.580]       <<< RX chan1 11B: 800000078323c8495a0000
[  17.580]       <<< RX chan1 11B: 800000078323cc495a0000
[  17.580]       <<< RX chan1 11B: 800000078323d0495a0000
[  17.631]       <<< RX chan1 11B: 800000078323d4495a0000
[  17.631]       <<< RX chan1 11B: 800000078323d8495a0000
[  17.631]       <<< RX chan1 11B: 800000078323dc495a0000
[  17.681]       <<< RX chan1 11B: 800000078323e0495a0000
[  17.681]       <<< RX chan1 11B: 800000078323e4495a0000
[  17.681]       <<< RX chan1 11B: 800000078323e8495a0000
[  17.732]       <<< RX chan1 11B: 800000078323ec495a0000
[  17.732]       <<< RX chan1 11B: 800000078323f0495a0000
[  17.732]       <<< RX chan1 11B: 800000078323f4495a0000
[quic] DATAGRAM 32B: 031f00830510328d780100000000328d78010000000000000000010000000000
[  17.782]       <<< RX chan1 73B: 80000045830204104f97135a01ff00000000a0b813d840051224417474726962...
[  17.782]       <<< RX chan1 11B: 800000078323fc495a0000
[  17.782]       <<< RX chan1 38B: 80000022830510328d780100000000328d780100000000000000000000000000...
[  17.832]       <<< RX chan1 11B: 800000078323044a5a0000
[  17.832]       <<< RX chan1 11B: 800000078323084a5a0000
[  17.832]       <<< RX chan1 11B: 8000000783230c4a5a0000
[  17.883]       <<< RX chan1 11B: 800000078323104a5a0000
[  17.883]       <<< RX chan1 11B: 800000078323144a5a0000
[  17.883]       <<< RX chan1 11B: 800000078323184a5a0000
[  17.933]       <<< RX chan1 11B: 8000000783231c4a5a0000
[  17.933]       <<< RX chan1 11B: 800000078323204a5a0000
[  17.933]       <<< RX chan1 11B: 800000078323244a5a0000
[  17.983]       <<< RX chan1 11B: 800000078323284a5a0000
[  17.983]       <<< RX chan1 11B: 8000000783232c4a5a0000
[  17.984]       <<< RX chan1 11B: 800000078323304a5a0000
[  18.034]       <<< RX chan1 11B: 800000078323344a5a0000
[  18.034]       <<< RX chan1 11B: 800000078323384a5a0000
[  18.034]       <<< RX chan1 11B: 8000000783233c4a5a0000
[  18.084]       <<< RX chan1 11B: 800000078323404a5a0000
[  18.084]       <<< RX chan1 11B: 800000078323444a5a0000
[  18.084]       <<< RX chan1 11B: 800000078323484a5a0000
[  18.084]       <<< RX chan1 11B: 8000000783234c4a5a0000
[  18.135]       <<< RX chan1 11B: 800000078323504a5a0000
[  18.135]       <<< RX chan1 11B: 800000078323544a5a0000
[  18.186]   DUMMY -> send ping 77B
[  18.186]       <<< RX chan1 11B: 800000078323584a5a0000
[  18.186]       <<< RX chan1 1154B: 8000053c830101774b55001b1c00000001b04d550001b14d550001b24d550001...
[  18.186]       <<< RX chan1 190B: 657874757265732f537570657262616c6c2e706e67131c010000000b00000048...
[  18.186]       <<< RX chan1 1154B: 80000546830201428055002502ff020000000000000000000000000306011c72...
[  18.186]       <<< RX chan1 200B: 74657874757265732f53776f7264546578747572652e706e67ff014980550002...
[  18.186]       <<< RX chan1 946B: 8000054c830201f97f5500d101ff00012b687474703a2f2f7777772e726f626c...
[  18.186]       <<< RX chan1 414B: bae99be7280404ff01288055000201338055000100ff000f01a0c5c49c99e12e...
[  18.186]       <<< RX chan1 732B: 80000520830201887e55005e00ff04c7ff01687e550002018a7e55005a01ff00...
[  18.186]       <<< RX chan1 584B: 737365742f3f69643d35303737373638373905850902ff01997e55000201907e...
[  18.186]       <<< RX chan1 1154B: 800005388302015a8055001100ff00011c726278617373657469643a2f2f3132...
[  18.186]       <<< RX chan1 186B: ff01648055000201278055006300ff00650001d2d1513f9897173ffbfafa3e02...
[  18.186]       <<< RX chan1 915B: 8000038f8302010e805500d201ff01012b687474703a2f2f7777772e726f626c...
[  18.186]       <<< RX chan1 11B: 800000078323604a5a0000
[  18.186]       <<< RX chan1 11B: 800000078323644a5a0000
[  18.237]       <<< RX chan1 11B: 800000078323684a5a0000
[  18.237]       <<< RX chan1 11B: 8000000783236c4a5a0000
[  18.237]       <<< RX chan1 11B: 800000078323704a5a0000
[quic] DATAGRAM 32B: 032000830510368f780100000000368f78010000000000000000010000000000
[  18.288]       <<< RX chan1 11B: 800000078323744a5a0000
[  18.288]       <<< RX chan1 11B: 800000078323784a5a0000
[  18.288]       <<< RX chan1 38B: 80000022830510368f780100000000368f780100000000000000000000000000...
[  18.313]   DUMMY <<< RX app=6 chan=1 81B: 8000004d0858fbbded5ddc184000000001505050505050505050505050505050...
[  18.313]       <<< RX chan1 11B: 800000078323804a5a0000
[  18.329]       <<< RX chan1 11B: 800000078323844a5a0000
[  18.379]       <<< RX chan1 16B: 8000000c8323844a5a0023884a5a0000
[  18.379]       <<< RX chan1 11B: 8000000783238c4a5a0000
[  18.380]       <<< RX chan1 11B: 800000078323904a5a0000
[  18.430]       <<< RX chan1 11B: 800000078323944a5a0000
[  18.430]       <<< RX chan1 11B: 800000078323984a5a0000
[  18.430]       <<< RX chan1 11B: 8000000783239c4a5a0000
[  18.480]       <<< RX chan1 11B: 800000078323a04a5a0000
[  18.481]       <<< RX chan1 11B: 800000078323a44a5a0000
[  18.481]       <<< RX chan1 11B: 800000078323a84a5a0000
[  18.531]       <<< RX chan1 11B: 800000078323ac4a5a0000
[  18.531]       <<< RX chan1 11B: 800000078323b04a5a0000
[  18.531]       <<< RX chan1 11B: 800000078323b44a5a0000
[  18.582]       <<< RX chan1 277B: 800001118302049a8a1b432b00ff0080da42430088cd4000abcac1020615526f...
[  18.582]       <<< RX chan1 11B: 800000078323bc4a5a0000
[  18.582]       <<< RX chan1 11B: 800000078323c04a5a0000
[  18.632]       <<< RX chan1 11B: 800000078323c44a5a0000
[  18.632]       <<< RX chan1 11B: 800000078323c84a5a0000
[  18.632]       <<< RX chan1 11B: 800000078323cc4a5a0000
[  18.683]       <<< RX chan1 11B: 800000078323d04a5a0000
[  18.683]       <<< RX chan1 11B: 800000078323d44a5a0000
[  18.683]       <<< RX chan1 11B: 800000078323d84a5a0000
[  18.733]       <<< RX chan1 11B: 800000078323dc4a5a0000
[  18.733]       <<< RX chan1 11B: 800000078323e04a5a0000
[  18.733]       <<< RX chan1 11B: 800000078323e44a5a0000
[  18.784]       <<< RX chan1 11B: 800000078323e84a5a0000
[  18.784]       <<< RX chan1 11B: 800000078323ec4a5a0000
[  18.784]       <<< RX chan1 11B: 800000078323f04a5a0000
[quic] DATAGRAM 32B: 0321008305102b917801000000002b9178010000000000000000010000000000
[  18.834]       <<< RX chan1 38B: 800000228305102b917801000000002b91780100000000000000000000000000...
[  18.834]       <<< RX chan1 11B: 800000078323f84a5a0000
[  18.834]       <<< RX chan1 11B: 800000078323fc4a5a0000
[  18.885]       <<< RX chan1 11B: 800000078323004b5a0000
[  18.885]       <<< RX chan1 11B: 800000078323044b5a0000
[  18.885]       <<< RX chan1 11B: 800000078323084b5a0000
[  18.935]       <<< RX chan1 11B: 8000000783230c4b5a0000
[  18.935]       <<< RX chan1 11B: 800000078323104b5a0000
[  18.935]       <<< RX chan1 11B: 800000078323144b5a0000
[  18.935]       <<< RX chan1 11B: 800000078323184b5a0000
[  18.986]       <<< RX chan1 11B: 8000000783231c4b5a0000
[  18.986]       <<< RX chan1 11B: 800000078323204b5a0000
[  18.986]       <<< RX chan1 11B: 800000078323244b5a0000
[  19.036]       <<< RX chan1 11B: 800000078323284b5a0000
[  19.036]       <<< RX chan1 11B: 8000000783232c4b5a0000
[  19.036]       <<< RX chan1 11B: 800000078323304b5a0000
[  19.086]       <<< RX chan1 11B: 800000078323344b5a0000
[  19.086]       <<< RX chan1 11B: 800000078323384b5a0000
[  19.086]       <<< RX chan1 11B: 8000000783233c4b5a0000
[  19.137]       <<< RX chan1 11B: 800000078323404b5a0000
[  19.137]       <<< RX chan1 11B: 800000078323444b5a0000
[  19.137]       <<< RX chan1 11B: 800000078323484b5a0000
[  19.187]   DUMMY -> send ping 77B
[  19.187]       <<< RX chan1 11B: 8000000783234c4b5a0000
[  19.187]       <<< RX chan1 11B: 800000078323504b5a0000
[  19.187]       <<< RX chan1 11B: 800000078323544b5a0000
[  19.238]       <<< RX chan1 277B: 8000011183020455a2b26b2b00ff0000d46bc280d782414029d442020615526f...
[  19.238]       <<< RX chan1 11B: 8000000783235c4b5a0000
[  19.238]       <<< RX chan1 11B: 800000078323604b5a0000
[quic] DATAGRAM 32B: 0322008305101f937801000000001f9378010000000000000000010000000000
[  19.288]       <<< RX chan1 11B: 800000078323644b5a0000
[  19.289]       <<< RX chan1 11B: 800000078323684b5a0000
[  19.289]       <<< RX chan1 38B: 800000228305101f937801000000001f93780100000000000000000000000000...
[  19.309]   DUMMY <<< RX app=6 chan=1 81B: 8000004d0858fbbded5ddc184000000001505050505050505050505050505050...
[  19.309]       <<< RX chan1 11B: 800000078323704b5a0000
[  19.324]       <<< RX chan1 11B: 800000078323744b5a0000
[  19.374]       <<< RX chan1 359B: 800001638323744b5a000d00000000000003feff0d050000003f0100004b0100...
[  19.374]       <<< RX chan1 11B: 8000000783237c4b5a0000
[  19.374]       <<< RX chan1 11B: 800000078323804b5a0000
[  19.425]       <<< RX chan1 11B: 800000078323844b5a0000
[  19.425]       <<< RX chan1 11B: 800000078323884b5a0000
[  19.425]       <<< RX chan1 11B: 8000000783238c4b5a0000
[  19.475]       <<< RX chan1 11B: 800000078323904b5a0000
[  19.475]       <<< RX chan1 11B: 800000078323944b5a0000
[  19.475]       <<< RX chan1 11B: 800000078323984b5a0000
[  19.526]       <<< RX chan1 11B: 8000000783239c4b5a0000
[  19.526]       <<< RX chan1 11B: 800000078323a04b5a0000
[  19.526]       <<< RX chan1 11B: 800000078323a44b5a0000
[  19.576]       <<< RX chan1 11B: 800000078323a84b5a0000
[  19.576]       <<< RX chan1 11B: 800000078323ac4b5a0000
[  19.576]       <<< RX chan1 11B: 800000078323b04b5a0000
[  19.627]       <<< RX chan1 11B: 800000078323b44b5a0000
[  19.627]       <<< RX chan1 11B: 800000078323b84b5a0000
[  19.627]       <<< RX chan1 11B: 800000078323bc4b5a0000
[  19.677]       <<< RX chan1 11B: 800000078323c04b5a0000
[  19.677]       <<< RX chan1 21B: 80000011830d00000000000003fdff23c44b5a0000
[  19.677]       <<< RX chan1 11B: 800000078323c84b5a0000
[  19.728]       <<< RX chan1 11B: 800000078323cc4b5a0000
[  19.728]       <<< RX chan1 11B: 800000078323d04b5a0000
[  19.728]       <<< RX chan1 11B: 800000078323d44b5a0000
[  19.778]       <<< RX chan1 11B: 800000078323d84b5a0000
[  19.778]       <<< RX chan1 11B: 800000078323dc4b5a0000
[  19.778]       <<< RX chan1 11B: 800000078323e04b5a0000
[quic] DATAGRAM 32B: 0323008305101495780100000000149578010000000000000000010000000000
[  19.829]       <<< RX chan1 38B: 8000002283051014957801000000001495780100000000000000000000000000...
[  19.829]       <<< RX chan1 11B: 800000078323e84b5a0000
[  19.829]       <<< RX chan1 11B: 800000078323ec4b5a0000
[  19.879]       <<< RX chan1 11B: 800000078323f04b5a0000
[  19.879]       <<< RX chan1 11B: 800000078323f44b5a0000
[  19.879]       <<< RX chan1 11B: 800000078323f84b5a0000
[  19.930]       <<< RX chan1 11B: 800000078323fc4b5a0000
[  19.930]       <<< RX chan1 37B: 80000021830d00000000000003fcfe0d00000000010d00000000000003fcff23...
[  19.930]       <<< RX chan1 11B: 800000078323044c5a0000
[  19.980]       <<< RX chan1 11B: 800000078323084c5a0000
[  19.980]       <<< RX chan1 11B: 8000000783230c4c5a0000
[  19.980]       <<< RX chan1 11B: 800000078323104c5a0000
[  20.031]       <<< RX chan1 351B: 8000015b830d000000000000fffe010d050000003c0100004b01000028b52ffd...
[  20.031]       <<< RX chan1 11B: 800000078323184c5a0000
[  20.031]       <<< RX chan1 11B: 8000000783231c4c5a0000
[  20.081]       <<< RX chan1 11B: 800000078323204c5a0000
[  20.081]       <<< RX chan1 11B: 800000078323244c5a0000
[  20.081]       <<< RX chan1 11B: 800000078323284c5a0000
[  20.131]       <<< RX chan1 11B: 8000000783232c4c5a0000
[  20.131]       <<< RX chan1 11B: 800000078323304c5a0000
[  20.131]       <<< RX chan1 21B: 80000011830d00000000000003fbfe23344c5a0000
[  20.181]   DUMMY -> send ping 77B
[  20.182]       <<< RX chan1 11B: 800000078323384c5a0000
[  20.182]       <<< RX chan1 11B: 8000000783233c4c5a0000
[  20.182]       <<< RX chan1 11B: 800000078323404c5a0000
[  20.232]       <<< RX chan1 11B: 800000078323444c5a0000
[  20.232]       <<< RX chan1 11B: 800000078323484c5a0000
[  20.232]       <<< RX chan1 11B: 8000000783234c4c5a0000
[  20.283]       <<< RX chan1 11B: 800000078323504c5a0000
[  20.283]       <<< RX chan1 11B: 800000078323544c5a0000
[  20.283]       <<< RX chan1 11B: 800000078323584c5a0000
[  20.303]   DUMMY <<< RX app=6 chan=1 81B: 8000004d0858fbbded5ddc184000000001505050505050505050505050505050...
[quic] DATAGRAM 32B: 0324008305101897780100000000189778010000000000000000010000000000
[  20.303]       <<< RX chan1 21B: 80000011830d000000000000fffd01235c4c5a0000
[  20.303]       <<< RX chan1 48B: 8000002c830d00000000000003fafe0510189778010000000018977801000000...
[  20.318]       <<< RX chan1 11B: 800000078323644c5a0000
[  20.369]       <<< RX chan1 57B: 800000358323644c5a000201f88155006900ff00000000008096184b00000000...
[  20.369]       <<< RX chan1 11B: 8000000783236c4c5a0000
[  20.369]       <<< RX chan1 11B: 800000078323704c5a0000
[  20.419]       <<< RX chan1 11B: 800000078323744c5a0000
[  20.419]       <<< RX chan1 11B: 800000078323784c5a0000
[  20.419]       <<< RX chan1 11B: 8000000783237c4c5a0000
[  20.469]       <<< RX chan1 11B: 800000078323804c5a0000
[  20.470]       <<< RX chan1 11B: 800000078323844c5a0000
[  20.470]       <<< RX chan1 11B: 800000078323884c5a0000
[  20.520]       <<< RX chan1 21B: 80000011830d00000000000003f9fe238c4c5a0000
[  20.520]       <<< RX chan1 11B: 800000078323904c5a0000
[  20.520]       <<< RX chan1 11B: 800000078323944c5a0000
[  20.571]       <<< RX chan1 21B: 80000011830d000000000000fffc0123984c5a0000
[  20.571]       <<< RX chan1 11B: 8000000783239c4c5a0000
[  20.571]       <<< RX chan1 11B: 800000078323a04c5a0000
[  20.621]       <<< RX chan1 53B: 80000031831b0100000001f88155000d000000000000fd01fe0d00000000030d...
[  20.621]       <<< RX chan1 11B: 800000078323a84c5a0000
[  20.621]       <<< RX chan1 11B: 800000078323ac4c5a0000
[  20.672]       <<< RX chan1 21B: 80000011830d00000000000003f8fe23b04c5a0000
[  20.672]       <<< RX chan1 11B: 800000078323b44c5a0000
[  20.672]       <<< RX chan1 11B: 800000078323b84c5a0000
[  20.722]       <<< RX chan1 11B: 800000078323bc4c5a0000
[  20.722]       <<< RX chan1 11B: 800000078323c04c5a0000
[  20.722]       <<< RX chan1 11B: 800000078323c44c5a0000
[  20.773]       <<< RX chan1 1154B: 80001b0a831b01000000017d7455001b13000000017e745500017f7455000180...
[  20.773]       <<< RX chan1 1154B: 2fb02362db21ccfa4fc0f799cafe4e47ed2ede8fc7e1d1e23d826b780ba421ed...
[  20.773]       <<< RX chan1 1154B: 7a454156ada658faff22a9d98d14d26bf4faff4b4fd26bf4eac4ea2209934acd...
[  20.773]       <<< RX chan1 1154B: be7b14bab25c9c69824de640cd06df6248bbc5ed8380893607b0a83c7d689540...
[  20.773]       <<< RX chan1 1154B: 040ecfd364a4032ff5146b8ee945f189ad33059d62fa8ebeefd8bda652110878...
[  20.773]       <<< RX chan1 1154B: 810bc453e70968e7f1a82c35ed9cccaaf4a40212be26ab9fd0b3c71201432db7...
[  20.773]       <<< RX chan1 2B: 0400
[  20.773]       <<< RX chan1 11B: 800000078323c84c5a0000
[  20.773]       <<< RX chan1 372B: 80000170830204d5cb064f5002ff000000c07f0000803f000000000518244174...
[  20.773]       <<< RX chan1 11B: 800000078323d04c5a0000
[quic] DATAGRAM 32B: 0325008305101c997801000000001c9978010000000000000000010000000000
[  20.823]       <<< RX chan1 11B: 800000078323d44c5a0000
[  20.823]       <<< RX chan1 11B: 800000078323d84c5a0000
[  20.823]       <<< RX chan1 38B: 800000228305101c997801000000001c99780100000000000000000000000000...
[  20.874]       <<< RX chan1 11B: 800000078323e04c5a0000
[  20.874]       <<< RX chan1 29B: 800000198307014a8055005b140007014a80550056140123e44c5a0000
[  20.874]       <<< RX chan1 11B: 800000078323e84c5a0000
[  20.924]       <<< RX chan1 47B: 8000002b8307014a8055005b140007014a80550056140107014a8055005b1400...
[  20.924]       <<< RX chan1 11B: 800000078323f04c5a0000
[  20.924]       <<< RX chan1 11B: 800000078323f44c5a0000
[  20.975]       <<< RX chan1 21B: 80000011830d000000000000fffa0123f84c5a0000
[  20.975]       <<< RX chan1 11B: 800000078323fc4c5a0000
[  20.975]       <<< RX chan1 11B: 800000078323004d5a0000
[  21.025]       <<< RX chan1 27B: 80000017830d000000000000fd02fe0d000000000223044d5a0000
[  21.025]       <<< RX chan1 11B: 800000078323084d5a0000
[  21.025]       <<< RX chan1 11B: 8000000783230c4d5a0000
[  21.076]       <<< RX chan1 29B: 800000198307014a8055005b140007014a80550056140123104d5a0000
[  21.076]       <<< RX chan1 11B: 800000078323144d5a0000
[  21.076]       <<< RX chan1 29B: 800000198307014a8055005b140007014a80550056140123184d5a0000
[  21.126]       <<< RX chan1 29B: 800000198307014a8055005b140007014a805500561401231c4d5a0000
[  21.126]       <<< RX chan1 21B: 80000011830d000000000000fff90123204d5a0000
[  21.126]       <<< RX chan1 11B: 800000078323244d5a0000
[  21.176]   DUMMY -> send ping 77B
[  21.176]       <<< RX chan1 11B: 800000078323284d5a0000
[  21.176]       <<< RX chan1 29B: 800000198307014a8055005b140007014a805500561401232c4d5a0000
[  21.176]       <<< RX chan1 11B: 800000078323304d5a0000
[  21.226]       <<< RX chan1 11B: 800000078323344d5a0000
[  21.227]       <<< RX chan1 11B: 800000078323384d5a0000
[  21.227]       <<< RX chan1 11B: 8000000783233c4d5a0000
[  21.277]       <<< RX chan1 11B: 800000078323404d5a0000
[  21.277]       <<< RX chan1 21B: 80000011830d000000000000fff80123444d5a0000
[  21.277]       <<< RX chan1 11B: 800000078323484d5a0000
[  21.301]   DUMMY <<< RX app=6 chan=1 81B: 8000004d0858fbbded5ddc184000000001505050505050505050505050505050...
[  21.302]       <<< RX chan1 11B: 8000000783234c4d5a0000
[  21.302]       <<< RX chan1 280B: 80000114830104179f0c2a0101058155001b0200000001318255000132825500...
[quic] DATAGRAM 32B: 032600830510109b780100000000109b78010000000000000000010000000000
[  21.318]       <<< RX chan1 38B: 80000022830510109b780100000000109b780100000000000000000000000000...
[  21.368]       <<< RX chan1 16B: 8000000c8323544d5a0023584d5a0000
[  21.368]       <<< RX chan1 11B: 8000000783235c4d5a0000
[  21.368]       <<< RX chan1 11B: 800000078323604d5a0000
[  21.418]       <<< RX chan1 17B: 8000000d8301047ec8a85123644d5a0000
[  21.419]       <<< RX chan1 11B: 800000078323684d5a0000
[  21.419]       <<< RX chan1 11B: 8000000783236c4d5a0000
[  21.469]       <<< RX chan1 11B: 800000078323704d5a0000
[  21.469]       <<< RX chan1 11B: 800000078323744d5a0000
[  21.469]       <<< RX chan1 11B: 800000078323784d5a0000
[  21.519]       <<< RX chan1 11B: 8000000783237c4d5a0000
[  21.520]       <<< RX chan1 11B: 800000078323804d5a0000
[  21.520]       <<< RX chan1 11B: 800000078323844d5a0000
[  21.570]       <<< RX chan1 11B: 800000078323884d5a0000
[  21.570]       <<< RX chan1 11B: 8000000783238c4d5a0000
[  21.570]       <<< RX chan1 11B: 800000078323904d5a0000
[  21.621]       <<< RX chan1 11B: 800000078323944d5a0000
[  21.621]       <<< RX chan1 11B: 800000078323984d5a0000
[  21.671]       <<< RX chan1 11B: 8000000783239c4d5a0000
[  21.671]       <<< RX chan1 11B: 800000078323a04d5a0000
[  21.671]       <<< RX chan1 11B: 800000078323a44d5a0000
[  21.671]       <<< RX chan1 11B: 800000078323a84d5a0000
[  21.721]       <<< RX chan1 11B: 800000078323ac4d5a0000
[  21.722]       <<< RX chan1 11B: 800000078323b04d5a0000
[  21.722]       <<< RX chan1 11B: 800000078323b44d5a0000
[  21.772]       <<< RX chan1 11B: 800000078323b84d5a0000
[  21.772]       <<< RX chan1 11B: 800000078323bc4d5a0000
[  21.772]       <<< RX chan1 11B: 800000078323c04d5a0000
[  21.822]       <<< RX chan1 11B: 800000078323c44d5a0000
[  21.822]       <<< RX chan1 11B: 800000078323c84d5a0000
[  21.822]       <<< RX chan1 11B: 800000078323cc4d5a0000
[quic] DATAGRAM 32B: 032700830510149d780100000000149d78010000000000000000010000000000
[  21.873]       <<< RX chan1 38B: 80000022830510149d780100000000149d780100000000000000000000000000...
[  21.873]       <<< RX chan1 11B: 800000078323d44d5a0000
[  21.873]       <<< RX chan1 11B: 800000078323d84d5a0000
[  21.923]       <<< RX chan1 11B: 800000078323dc4d5a0000
[  21.923]       <<< RX chan1 11B: 800000078323e04d5a0000
[  21.923]       <<< RX chan1 11B: 800000078323e44d5a0000
[  21.974]       <<< RX chan1 11B: 800000078323e84d5a0000
[  21.974]       <<< RX chan1 11B: 800000078323ec4d5a0000
[  21.974]       <<< RX chan1 23B: 800000138301040f0cbf6301016481550023f04d5a0000
[  22.024]       <<< RX chan1 11B: 800000078323f44d5a0000
[  22.024]       <<< RX chan1 29B: 800000198307049468ee1a5b140007049468ee1a56140123f84d5a0000
[  22.024]       <<< RX chan1 11B: 800000078323fc4d5a0000
[  22.075]       <<< RX chan1 11B: 800000078323004e5a0000
[  22.075]       <<< RX chan1 11B: 800000078323044e5a0000
[  22.075]       <<< RX chan1 35B: 8000001f8307014a8055005a140000000000000000000000000000000023084e...
[  22.125]       <<< RX chan1 11B: 8000000783230c4e5a0000
[  22.125]       <<< RX chan1 11B: 800000078323104e5a0000
[  22.125]       <<< RX chan1 277B: 80000111830204960113082b00ff00400d454300385140806c06c2020615526f...
[  22.176]   DUMMY -> send ping 77B
[  22.176]   DUMMY -> send sync 25B
[  22.176]       <<< RX chan1 1049B: 80000415830101281a55000101291a550001012b1a550001012c1a5500010127...
[  22.176]       <<< RX chan1 299B: 800001278303012f1955007d1301010301301955007d1301010301fb1855007d...
[  22.176]       <<< RX chan1 133B: 80000081830101108355000201148355004f0109016f1955000a01091a5500ff...
[  22.227]       <<< RX chan1 133B: 80000081830101148355000201188355004f0109016f1955000a01091a5500ff...
[  22.227]       <<< RX chan1 133B: 800000818301011883550002011c8355004f0109016f1955000a01091a5500ff...
[  22.227]       <<< RX chan1 133B: 800000818301011c8355000201208355004f0109016f1955000a01091a5500ff...
[  22.277]       <<< RX chan1 133B: 80000081830101208355000201248355004f0109016f1955000a01091a5500ff...
[  22.277]       <<< RX chan1 143B: 8000008b831b0100000001e57555000101248355000201288355004f0109016f...
[  22.277]       <<< RX chan1 133B: 800000818301012883550002012c8355004f0109016f1955000a01091a5500ff...
[quic] DATAGRAM 36B: 05050003fa471501000000000100000000000000777368c05e5d0600bea52cbf05000000
[  22.296]   DUMMY <<< RX app=6 chan=1 81B: 8000004d0858fbbded5ddc184000000001505050505050505050505050505050...
[  22.296]       <<< RX chan1 133B: 800000818301012c8355000201308355004f0109016f1955000a01091a5500ff...
[  22.312]       <<< RX chan1 133B: 80000081830101308355000201348355004f0109016f1955000a01091a5500ff...
[quic] DATAGRAM 32B: 032800830510099f780100000000099f78010000000000000000010000000000
[  22.362]       <<< RX chan1 133B: 80000081830101348355000201388355004f0109016f1955000a01091a5500ff...
[  22.362]       <<< RX chan1 165B: 800000a18323444e5a0001013883550002013c8355004f0109016f1955000a01...
[  22.362]       <<< RX chan1 133B: 800000818301013c8355000201408355004f0109016f1955000a01091a5500ff...
[  22.413]       <<< RX chan1 133B: 80000081830101408355000201448355004f0109016f1955000a01091a5500ff...
[  22.413]       <<< RX chan1 133B: 80000081830101448355000201488355004f0109016f1955000a01091a5500ff...
[  22.413]       <<< RX chan1 133B: 800000818301014883550002014c8355004f0109016f1955000a01091a5500ff...
[  22.463]       <<< RX chan1 133B: 800000818301014c8355000201508355004f0109016f1955000a01091a5500ff...
[  22.463]       <<< RX chan1 133B: 80000081830101508355000201548355004f0109016f1955000a01091a5500ff...
[  22.463]       <<< RX chan1 133B: 80000081830101548355000201588355004f0109016f1955000a01091a5500ff...
[  22.514]       <<< RX chan1 133B: 800000818301015883550002015e8355004f0109016f1955000a01091a5500ff...
[  22.514]       <<< RX chan1 133B: 800000818301015e8355000201628355004f0109016f1955000a01091a5500ff...
[  22.514]       <<< RX chan1 133B: 80000081830101628355000201668355004f0109016f1955000a01091a5500ff...
[  22.565]       <<< RX chan1 133B: 800000818301016683550002016a8355004f0109016f1955000a01091a5500ff...
[  22.565]       <<< RX chan1 133B: 800000818301016a83550002016e8355004f0109016f1955000a01091a5500ff...
[  22.565]       <<< RX chan1 243B: 800000ef8301016e8355001b0100000001b27855001b1300000001b678550001...
[  22.615]       <<< RX chan1 133B: 80000081830101728355000201768355004f0109016f1955000a01091a5500ff...
[  22.615]       <<< RX chan1 133B: 800000818301017683550002017a8355004f0109016f1955000a01091a5500ff...
[  22.615]       <<< RX chan1 133B: 800000818301017a83550002017e8355004f0109016f1955000a01091a5500ff...
[  22.666]       <<< RX chan1 133B: 800000818301017e8355000201828355004f0109016f1955000a01091a5500ff...
[  22.666]       <<< RX chan1 133B: 80000081830101828355000201868355004f0109016f1955000a01091a5500ff...
[  22.666]       <<< RX chan1 133B: 800000818301018683550002018a8355004f0109016f1955000a01091a5500ff...
[  22.717]       <<< RX chan1 133B: 800000818301018a83550002018e8355004f0109016f1955000a01091a5500ff...
[  22.717]       <<< RX chan1 133B: 800000818301018e8355000201928355004f0109016f1955000a01091a5500ff...
[  22.717]       <<< RX chan1 133B: 80000081830101928355000201988355004f0109016f1955000a01091a5500ff...
[  22.767]       <<< RX chan1 133B: 800000818301019883550002019c8355004f0109016f1955000a01091a5500ff...
[  22.767]       <<< RX chan1 133B: 800000818301019c8355000201a08355004f0109016f1955000a01091a5500ff...
[  22.767]       <<< RX chan1 366B: 8000016a8307015f41000069122435366238336433322d666334332d34323466...
[  22.818]       <<< RX chan1 133B: 80000081830101a48355000201a88355004f0109016f1955000a01091a5500ff...
[  22.818]       <<< RX chan1 133B: 80000081830101a88355000201ac8355004f0109016f1955000a01091a5500ff...
[  22.818]       <<< RX chan1 133B: 80000081830101ac8355000201b08355004f0109016f1955000a01091a5500ff...
[quic] DATAGRAM 32B: 0329008305100ea17801000000000ea178010000000000000000010000000000
[  22.868]       <<< RX chan1 133B: 80000081830101b08355000201b58355004f0109016f1955000a01091a5500ff...
[  22.868]       <<< RX chan1 133B: 80000081830101b58355000201b98355004f0109016f1955000a01091a5500ff...
[  22.868]       <<< RX chan1 160B: 8000009c830101b98355000201bd8355004f0109016f1955000a01091a5500ff...
[  22.868]       <<< RX chan1 143B: 8000008b830101bd8355000201c18355004f0109016f1955000a01091a5500ff...
[  22.919]       <<< RX chan1 143B: 8000008b830101c18355000201c58355004f0109016f1955000a01091a5500ff...
[  22.919]       <<< RX chan1 143B: 8000008b830101c58355000201c98355004f0109016f1955000a01091a5500ff...
[  22.969]       <<< RX chan1 483B: 800001df830101c98355000201ce8355004f0109016f1955000a01091a5500ff...
[  22.969]       <<< RX chan1 143B: 8000008b830101ce8355000201d28355004f0109016f1955000a01091a5500ff...
[  22.969]       <<< RX chan1 149B: 80000091830101d28355000201d68355004f0109016f1955000a01091a5500ff...
[  22.969]       <<< RX chan1 149B: 80000091830101d68355000201da8355004f0109016f1955000a01091a5500ff...
[  23.019]       <<< RX chan1 143B: 8000008b830101da8355000201de8355004f0109016f1955000a01091a5500ff...
[  23.020]       <<< RX chan1 143B: 8000008b830101de8355000201e28355004f0109016f1955000a01091a5500ff...
[  23.020]       <<< RX chan1 143B: 8000008b830101e28355000201e68355004f0109016f1955000a01091a5500ff...
[  23.070]       <<< RX chan1 143B: 8000008b830101e68355000201ea8355004f0109016f1955000a01091a5500ff...
[  23.070]       <<< RX chan1 143B: 8000008b830101ea8355000201ef8355004f0109016f1955000a01091a5500ff...
[  23.070]       <<< RX chan1 143B: 8000008b830101ef8355000201f38355004f0109016f1955000a01091a5500ff...
[  23.120]       <<< RX chan1 143B: 8000008b830101f38355000201f78355004f0109016f1955000a01091a5500ff...
[  23.120]       <<< RX chan1 143B: 8000008b830101f78355000201fb8355004f0109016f1955000a01091a5500ff...
[  23.120]       <<< RX chan1 143B: 8000008b830101fb8355000201ff8355004f0109016f1955000a01091a5500ff...
[  23.171]   DUMMY -> send ping 77B
[  23.171]       <<< RX chan1 303B: 8000012b830101ff8355001b0100000001fa8255001b0100000001fb8255001b...
[  23.171]       <<< RX chan1 158B: 8000009a831b02000000046ab6eb3304c5ed8024010103845500020107845500...
[  23.171]       <<< RX chan1 143B: 8000008b8301010784550002010b8455004f0109016f1955000a01091a5500ff...
[  23.221]       <<< RX chan1 143B: 8000008b8301010b84550002010f8455004f0109016f1955000a01091a5500ff...
[  23.221]       <<< RX chan1 143B: 8000008b8301010f8455000201138455004f0109016f1955000a01091a5500ff...
[  23.221]       <<< RX chan1 149B: 80000091830101138455000201178455004f0109016f1955000a01091a5500ff...
[  23.272]       <<< RX chan1 169B: 800000a58301011784550002011b8455004f0109016f1955000a01091a5500ff...
[  23.272]       <<< RX chan1 143B: 8000008b8301011b8455000201208455004f0109016f1955000a01091a5500ff...
[  23.272]       <<< RX chan1 143B: 8000008b830101208455000201248455004f0109016f1955000a01091a5500ff...
[  23.293]   DUMMY <<< RX app=6 chan=1 81B: 8000004d0858fbbded5ddc184000000001505050505050505050505050505050...
[  23.293]       <<< RX chan1 143B: 8000008b830101248455000201288455004f0109016f1955000a01091a5500ff...
[  23.309]       <<< RX chan1 149B: 800000918301012884550002012c8455004f0109016f1955000a01091a5500ff...
[  23.359]       <<< RX chan1 149B: 800000918301012c8455000201308455004f0109016f1955000a01091a5500ff...
[  23.359]       <<< RX chan1 148B: 800000908323344f5a000101308455000201348455004f0109016f1955000a01...
[  23.359]       <<< RX chan1 143B: 8000008b830101348455000201388455004f0109016f1955000a01091a5500ff...
[quic] DATAGRAM 32B: 032a0083051013a378010000000013a378010000000000000000010000000000
[  23.410]       <<< RX chan1 170B: 800000a68301013884550002013c8455004f0109016f1955000a01091a5500ff...
[  23.410]       <<< RX chan1 143B: 8000008b8301013c8455000201408455004f0109016f1955000a01091a5500ff...
[  23.410]       <<< RX chan1 143B: 8000008b830101408455000201448455004f0109016f1955000a01091a5500ff...
[  23.460]       <<< RX chan1 143B: 8000008b830101448455000201488455004f0109016f1955000a01091a5500ff...
[  23.460]       <<< RX chan1 143B: 8000008b8301014884550002014d8455004f0109016f1955000a01091a5500ff...
[  23.460]       <<< RX chan1 143B: 8000008b8301014d8455000201518455004f0109016f1955000a01091a5500ff...
[  23.511]       <<< RX chan1 143B: 8000008b830101518455000201558455004f0109016f1955000a01091a5500ff...
[  23.511]       <<< RX chan1 143B: 8000008b830101558455000201598455004f0109016f1955000a01091a5500ff...
[  23.511]       <<< RX chan1 153B: 800000958301015984550002015e8455004f0109016f1955000a01091a5500ff...
[  23.561]       <<< RX chan1 143B: 8000008b8301015e8455000201628455004f0109016f1955000a01091a5500ff...
[  23.561]       <<< RX chan1 143B: 8000008b830101628455000201668455004f0109016f1955000a01091a5500ff...
[  23.561]       <<< RX chan1 153B: 800000958301016684550002016a8455004f0109016f1955000a01091a5500ff...
[  23.612]       <<< RX chan1 143B: 8000008b8301016a84550002016e8455004f0109016f1955000a01091a5500ff...
[  23.612]       <<< RX chan1 149B: 800000918301016e8455000201728455004f0109016f1955000a01091a5500ff...
[  23.612]       <<< RX chan1 149B: 80000091830101728455000201768455004f0109016f1955000a01091a5500ff...
[  23.662]       <<< RX chan1 143B: 8000008b8301017684550002017a8455004f0109016f1955000a01091a5500ff...
[  23.662]       <<< RX chan1 143B: 8000008b8301017a84550002017e8455004f0109016f1955000a01091a5500ff...
[  23.662]       <<< RX chan1 149B: 800000918301017e8455000201828455004f0109016f1955000a01091a5500ff...
[  23.713]       <<< RX chan1 149B: 80000091830101828455000201868455004f0109016f1955000a01091a5500ff...
[  23.713]       <<< RX chan1 143B: 8000008b8301018684550002018a8455004f0109016f1955000a01091a5500ff...
[  23.713]       <<< RX chan1 143B: 8000008b8301018a84550002018e8455004f0109016f1955000a01091a5500ff...
[  23.763]       <<< RX chan1 159B: 8000009b8301018e8455000201928455004f0109016f1955000a01091a5500ff...
[  23.763]       <<< RX chan1 143B: 8000008b830101928455000201968455004f0109016f1955000a01091a5500ff...
[  23.763]       <<< RX chan1 143B: 8000008b8301019684550002019a8455004f0109016f1955000a01091a5500ff...
[  23.814]       <<< RX chan1 205B: 800000c9830204e223284c5a01ff00000000c03a15d840051224417474726962...
[  23.814]       <<< RX chan1 143B: 8000008b830101a48455000201a88455004f0109016f1955000a01091a5500ff...
[  23.814]       <<< RX chan1 153B: 80000095830101a88455000201ac8455004f0109016f1955000a01091a5500ff...
[  23.864]       <<< RX chan1 143B: 8000008b830101ac8455000201b08455004f0109016f1955000a01091a5500ff...
[  23.864]       <<< RX chan1 149B: 80000091830101b08455000201b48455004f0109016f1955000a01091a5500ff...
[  23.864]       <<< RX chan1 149B: 80000091830101b48455000201b88455004f0109016f1955000a01091a5500ff...
[quic] DATAGRAM 32B: 032b0083051017a578010000000018a578010000000000000000010000000000
[  23.915]       <<< RX chan1 143B: 8000008b830101b88455000201bc8455004f0109016f1955000a01091a5500ff...
[  23.915]       <<< RX chan1 180B: 800000b0830101bc8455000201c08455004f0109016f1955000a01091a5500ff...
[  23.915]       <<< RX chan1 153B: 80000095830101c08455000201c48455004f0109016f1955000a01091a5500ff...
[  23.965]       <<< RX chan1 143B: 8000008b830101c48455000201c88455004f0109016f1955000a01091a5500ff...
[  23.965]       <<< RX chan1 143B: 8000008b830101c88455000201cc8455004f0109016f1955000a01091a5500ff...
[  23.965]       <<< RX chan1 149B: 80000091830101cc8455000201d08455004f0109016f1955000a01091a5500ff...
[  24.016]       <<< RX chan1 149B: 80000091830101d08455000201d48455004f0109016f1955000a01091a5500ff...
[  24.016]       <<< RX chan1 143B: 8000008b830101d48455000201d98455004f0109016f1955000a01091a5500ff...
[  24.016]       <<< RX chan1 149B: 80000091830101d98455000201dd8455004f0109016f1955000a01091a5500ff...
[  24.066]       <<< RX chan1 153B: 80000095830101dd8455000201e18455004f0109016f1955000a01091a5500ff...
[  24.066]       <<< RX chan1 143B: 8000008b830101e18455000201e58455004f0109016f1955000a01091a5500ff...
[  24.066]       <<< RX chan1 143B: 8000008b830101e58455000201e98455004f0109016f1955000a01091a5500ff...
[  24.117]       <<< RX chan1 153B: 80000095830101e98455000201ed8455004f0109016f1955000a01091a5500ff...
[  24.117]       <<< RX chan1 143B: 8000008b830101ed8455000201f18455004f0109016f1955000a01091a5500ff...
[  24.117]       <<< RX chan1 143B: 8000008b830101f18455000201f58455004f0109016f1955000a01091a5500ff...
[  24.167]   DUMMY -> send ping 77B
[  24.167]       <<< RX chan1 143B: 8000008b830101f58455000201f98455004f0109016f1955000a01091a5500ff...
[  24.168]       <<< RX chan1 143B: 8000008b830101f98455000201fd8455004f0109016f1955000a01091a5500ff...
[  24.168]       <<< RX chan1 143B: 8000008b830101fd8455000201018555004f0109016f1955000a01091a5500ff...
[  24.218]       <<< RX chan1 143B: 8000008b830101018555000201058555004f0109016f1955000a01091a5500ff...
[  24.218]       <<< RX chan1 143B: 8000008b830101058555000201098555004f0109016f1955000a01091a5500ff...
[  24.218]       <<< RX chan1 159B: 8000009b8301010985550002010d8555004f0109016f1955000a01091a5500ff...
[  24.218]       <<< RX chan1 149B: 800000918301010d8555000201118555004f0109016f1955000a01091a5500ff...
[  24.269]       <<< RX chan1 153B: 80000095830101118555000201158555004f0109016f1955000a01091a5500ff...
[  24.269]       <<< RX chan1 143B: 8000008b830101158555000201198555004f0109016f1955000a01091a5500ff...
[  24.269]       <<< RX chan1 143B: 8000008b8301011985550002011d8555004f0109016f1955000a01091a5500ff...
[  24.287]   DUMMY <<< RX app=6 chan=1 81B: 8000004d0858fbbded5ddc184000000001505050505050505050505050505050...
[  24.287]       <<< RX chan1 143B: 8000008b8301011d8555000201218555004f0109016f1955000a01091a5500ff...
[  24.303]       <<< RX chan1 143B: 8000008b830101218555000201258555004f0109016f1955000a01091a5500ff...
[  24.353]       <<< RX chan1 149B: 80000091830101258555000201298555004f0109016f1955000a01091a5500ff...
[  24.353]       <<< RX chan1 170B: 800000a6832324505a0001012985550002012d8555004f0109016f1955000a01...
[  24.353]       <<< RX chan1 155B: 800000978301012d8555000104bc7c12320201318555004f0109016f1955000a...
[quic] DATAGRAM 32B: 032c008305101ba77801000000001ba778010000000000000000010000000000
[  24.404]       <<< RX chan1 153B: 80000095830101318555000201358555004f0109016f1955000a01091a5500ff...
[  24.404]       <<< RX chan1 143B: 8000008b830101358555000201398555004f0109016f1955000a01091a5500ff...
[  24.404]       <<< RX chan1 170B: 800000a68301013985550002013d8555004f0109016f1955000a01091a5500ff...
[  24.454]       <<< RX chan1 143B: 8000008b8301013d8555000201418555004f0109016f1955000a01091a5500ff...
[  24.454]       <<< RX chan1 143B: 8000008b830101418555000201458555004f0109016f1955000a01091a5500ff...
[  24.454]       <<< RX chan1 143B: 8000008b830101458555000201498555004f0109016f1955000a01091a5500ff...
[  24.505]       <<< RX chan1 143B: 8000008b8301014985550002014d8555004f0109016f1955000a01091a5500ff...
[  24.505]       <<< RX chan1 149B: 800000918301014d8555000201518555004f0109016f1955000a01091a5500ff...
[  24.505]       <<< RX chan1 143B: 8000008b830101518555000201558555004f0109016f1955000a01091a5500ff...
[  24.555]       <<< RX chan1 143B: 8000008b830101558555000201598555004f0109016f1955000a01091a5500ff...
[  24.555]       <<< RX chan1 153B: 800000958301015985550002015d8555004f0109016f1955000a01091a5500ff...
[  24.555]       <<< RX chan1 143B: 8000008b8301015d8555000201618555004f0109016f1955000a01091a5500ff...
[  24.606]       <<< RX chan1 143B: 8000008b830101618555000201658555004f0109016f1955000a01091a5500ff...
[  24.606]       <<< RX chan1 143B: 8000008b830101658555000201698555004f0109016f1955000a01091a5500ff...
[  24.606]       <<< RX chan1 143B: 8000008b8301016985550002016d8555004f0109016f1955000a01091a5500ff...
[  24.656]       <<< RX chan1 143B: 8000008b8301016d8555000201738555004f0109016f1955000a01091a5500ff...
[  24.657]       <<< RX chan1 143B: 8000008b830101738555000201778555004f0109016f1955000a01091a5500ff...
[  24.657]       <<< RX chan1 155B: 80000097830101778555000101f01955000101ed19550002017b8555004f0109...
[  24.707]       <<< RX chan1 143B: 8000008b8301017b85550002017f8555004f0109016f1955000a01091a5500ff...
[  24.707]       <<< RX chan1 165B: 800000a18301017f8555000201838555004f0109016f1955000a01091a5500ff...
[  24.707]       <<< RX chan1 165B: 800000a1830101838555000201878555004f0109016f1955000a01091a5500ff...
[  24.757]       <<< RX chan1 149B: 800000918301018785550002018b8555004f0109016f1955000a01091a5500ff...
[  24.758]       <<< RX chan1 143B: 8000008b8301018b85550002018f8555004f0109016f1955000a01091a5500ff...
[  24.758]       <<< RX chan1 143B: 8000008b8301018f8555000201938555004f0109016f1955000a01091a5500ff...
[  24.808]       <<< RX chan1 143B: 8000008b830101938555000201978555004f0109016f1955000a01091a5500ff...
[  24.808]       <<< RX chan1 143B: 8000008b8301019785550002019b8555004f0109016f1955000a01091a5500ff...
[  24.808]       <<< RX chan1 143B: 8000008b8301019b8555000201a18555004f0109016f1955000a01091a5500ff...
[  24.858]       <<< RX chan1 143B: 8000008b830101a18555000201a58555004f0109016f1955000a01091a5500ff...
[  24.858]       <<< RX chan1 143B: 8000008b830101a58555000201a98555004f0109016f1955000a01091a5500ff...
[  24.858]       <<< RX chan1 656B: 8000028c8302040a06d8132b00ff00800a3a430098524000a850c0020615526f...
[quic] DATAGRAM 32B: 032d0083051010a978010000000010a978010000000000000000010000000000
[  24.909]       <<< RX chan1 143B: 8000008b830101b88555000201bc8555004f0109016f1955000a01091a5500ff...
[  24.909]       <<< RX chan1 155B: 80000097830101bc8555000104fd2b93160101f98255000201c08555004f0109...
[  24.909]       <<< RX chan1 176B: 800000ac830101c08555000201c48555004f0109016f1955000a01091a5500ff...
[  24.959]       <<< RX chan1 143B: 8000008b830101c48555000201c88555004f0109016f1955000a01091a5500ff...
[  24.959]       <<< RX chan1 143B: 8000008b830101c88555000201cc8555004f0109016f1955000a01091a5500ff...
[  24.959]       <<< RX chan1 143B: 8000008b830101cc8555000201d08555004f0109016f1955000a01091a5500ff...
[  25.010]       <<< RX chan1 143B: 8000008b830101d08555000201d48555004f0109016f1955000a01091a5500ff...
[  25.010]       <<< RX chan1 143B: 8000008b830101d48555000201d88555004f0109016f1955000a01091a5500ff...
[  25.010]       <<< RX chan1 161B: 8000009d8307014a8055005b140007014a8055005614010101d88555000201dc...
[  25.060]       <<< RX chan1 143B: 8000008b830101dc8555000201e08555004f0109016f1955000a01091a5500ff...
[  25.061]       <<< RX chan1 400B: 8000018c8307014a8055005b140007014a80550056140107015f410000691224...
[  25.061]       <<< RX chan1 165B: 800000a1830101e48555000201e88555004f0109016f1955000a01091a5500ff...
[  25.111]       <<< RX chan1 143B: 8000008b830101e88555000201ec8555004f0109016f1955000a01091a5500ff...
[  25.111]       <<< RX chan1 149B: 80000091830101ec8555000201f08555004f0109016f1955000a01091a5500ff...
[  25.111]       <<< RX chan1 143B: 8000008b830101f08555000201f48555004f0109016f1955000a01091a5500ff...
[  25.161]   DUMMY -> send ping 77B
[  25.162]       <<< RX chan1 161B: 8000009d8307014a8055005b140007014a8055005614010101f48555000201f8...
[  25.162]       <<< RX chan1 143B: 8000008b830101f88555000201fc8555004f0109016f1955000a01091a5500ff...
[  25.162]       <<< RX chan1 143B: 8000008b830101fc8555000201018655004f0109016f1955000a01091a5500ff...
[  25.212]       <<< RX chan1 161B: 8000009d8307014a8055005b140007014a805500561401010101865500020105...
[  25.212]       <<< RX chan1 161B: 8000009d8307014a8055005b140007014a805500561401010105865500020109...
[  25.212]       <<< RX chan1 143B: 8000008b8301010986550002010d8655004f0109016f1955000a01091a5500ff...
[  25.262]       <<< RX chan1 143B: 8000008b8301010d8655000201118655004f0109016f1955000a01091a5500ff...
[  25.262]       <<< RX chan1 161B: 8000009d8307014a8055005b140007014a805500561401010111865500020115...
[  25.262]       <<< RX chan1 167B: 800000a38307014a8055005b140007014a805500561401010115865500020119...
[  25.283]   DUMMY <<< RX app=6 chan=1 81B: 8000004d0858fbbded5ddc184000000001505050505050505050505050505050...
[  25.283]       <<< RX chan1 143B: 8000008b8301011986550002011d8655004f0109016f1955000a01091a5500ff...
[  25.298]       <<< RX chan1 143B: 8000008b8301011d8655000201218655004f0109016f1955000a01091a5500ff...
[  25.348]       <<< RX chan1 143B: 8000008b830101218655000201258655004f0109016f1955000a01091a5500ff...
[  25.348]       <<< RX chan1 143B: 8000008b830101258655000201298655004f0109016f1955000a01091a5500ff...
[  25.348]       <<< RX chan1 148B: 80000090832314515a0001012986550002012d8655004f0109016f1955000a01...
[  25.399]       <<< RX chan1 143B: 8000008b8301012d8655000201318655004f0109016f1955000a01091a5500ff...
[  25.399]       <<< RX chan1 143B: 8000008b830101318655000201358655004f0109016f1955000a01091a5500ff...
[  25.399]       <<< RX chan1 149B: 80000091830101358655000201398655004f0109016f1955000a01091a5500ff...
[quic] DATAGRAM 32B: 032e0083051014ab78010000000014ab78010000000000000000010000000000
[  25.450]       <<< RX chan1 149B: 800000918301013986550002013d8655004f0109016f1955000a01091a5500ff...
[  25.450]       <<< RX chan1 176B: 800000ac8301013d8655000201418655004f0109016f1955000a01091a5500ff...
[  25.450]       <<< RX chan1 143B: 8000008b830101418655000201458655004f0109016f1955000a01091a5500ff...
[  25.500]       <<< RX chan1 143B: 8000008b830101458655000201498655004f0109016f1955000a01091a5500ff...
[  25.500]       <<< RX chan1 143B: 8000008b8301014986550002014d8655004f0109016f1955000a01091a5500ff...
[  25.500]       <<< RX chan1 143B: 8000008b8301014d8655000201518655004f0109016f1955000a01091a5500ff...
[  25.500]       <<< RX chan1 143B: 8000008b830101518655000201558655004f0109016f1955000a01091a5500ff...
[  25.551]       <<< RX chan1 143B: 8000008b830101558655000201598655004f0109016f1955000a01091a5500ff...
[  25.551]       <<< RX chan1 149B: 800000918301015986550002015d8655004f0109016f1955000a01091a5500ff...
[  25.551]       <<< RX chan1 143B: 8000008b8301015d8655000201628655004f0109016f1955000a01091a5500ff...
[  25.601]       <<< RX chan1 143B: 8000008b830101628655000201688655004f0109016f1955000a01091a5500ff...
[  25.601]       <<< RX chan1 143B: 8000008b8301016886550002016c8655004f0109016f1955000a01091a5500ff...
[  25.652]       <<< RX chan1 485B: 800001e18301016c8655000201708655004f0109016f1955000a01091a5500ff...
[  25.652]       <<< RX chan1 48B: 8000002c8301017086550001016f1955000201748655002902ffff01091a5500...
[  25.652]       <<< RX chan1 11B: 80000007832360515a0000
[  25.652]       <<< RX chan1 23B: 80000013830101091a55000101081a55002364515a0000
[  25.702]       <<< RX chan1 11B: 80000007832368515a0000
[  25.702]       <<< RX chan1 229B: 800000e18303018c265500a12701014425550002017e8655002902ffff018d26...
[  25.753]       <<< RX chan1 11B: 80000007832370515a0000
[  25.753]       <<< RX chan1 11B: 80000007832374515a0000
[  25.753]       <<< RX chan1 11B: 80000007832378515a0000
[  25.753]       <<< RX chan1 11B: 8000000783237c515a0000
[  25.803]       <<< RX chan1 11B: 80000007832380515a0000
[  25.803]       <<< RX chan1 11B: 80000007832384515a0000
[  25.804]       <<< RX chan1 11B: 80000007832388515a0000
[  25.854]       <<< RX chan1 11B: 8000000783238c515a0000
[  25.854]       <<< RX chan1 11B: 80000007832390515a0000
[  25.854]       <<< RX chan1 11B: 80000007832394515a0000
[  25.904]       <<< RX chan1 11B: 80000007832398515a0000
[  25.905]       <<< RX chan1 11B: 8000000783239c515a0000
[  25.905]       <<< RX chan1 11B: 800000078323a0515a0000
[quic] DATAGRAM 32B: 032f0083051018ad78010000000019ad78010000000000000000010000000000
[  25.955]       <<< RX chan1 11B: 800000078323a4515a0000
[  25.955]       <<< RX chan1 48B: 8000002c830d00000000000003fd00051018ad78010000000019ad7801000000...
[  25.955]       <<< RX chan1 11B: 800000078323ac515a0000
[  26.005]       <<< RX chan1 11B: 800000078323b0515a0000
[  26.006]       <<< RX chan1 11B: 800000078323b4515a0000
[  26.006]       <<< RX chan1 11B: 800000078323b8515a0000
[  26.056]       <<< RX chan1 11B: 800000078323bc515a0000
[  26.056]       <<< RX chan1 11B: 800000078323c0515a0000
[  26.056]       <<< RX chan1 11B: 800000078323c4515a0000
[  26.106]       <<< RX chan1 11B: 800000078323c8515a0000
[  26.106]       <<< RX chan1 11B: 800000078323cc515a0000
[  26.106]       <<< RX chan1 11B: 800000078323d0515a0000
[  26.157]       <<< RX chan1 11B: 800000078323d4515a0000
[  26.157]       <<< RX chan1 11B: 800000078323d8515a0000
[  26.157]       <<< RX chan1 11B: 800000078323dc515a0000
[  26.207]   DUMMY -> send ping 77B
[  26.207]       <<< RX chan1 11B: 800000078323e0515a0000
[  26.207]       <<< RX chan1 11B: 800000078323e4515a0000
[  26.207]       <<< RX chan1 21B: 80000011830d00000000000003fc0023e8515a0000
[  26.258]       <<< RX chan1 11B: 800000078323ec515a0000
[  26.258]       <<< RX chan1 11B: 800000078323f0515a0000
[  26.258]       <<< RX chan1 11B: 800000078323f4515a0000
[  26.308]       <<< RX chan1 11B: 800000078323f8515a0000
[  26.308]       <<< RX chan1 11B: 800000078323fc515a0000
[  26.308]       <<< RX chan1 11B: 80000007832300525a0000
[  26.328]   DUMMY <<< RX app=6 chan=1 81B: 8000004d0858fbbded5ddc184000000001505050505050505050505050505050...
[  26.328]       <<< RX chan1 11B: 80000007832304525a0000
[  26.344]       <<< RX chan1 16B: 8000000c832304525a002308525a0000
[  26.394]       <<< RX chan1 11B: 8000000783230c525a0000
[  26.394]       <<< RX chan1 11B: 80000007832310525a0000
[  26.394]       <<< RX chan1 11B: 80000007832314525a0000
[  26.445]       <<< RX chan1 21B: 80000011830d00000000000003fb002318525a0000
[  26.445]       <<< RX chan1 11B: 8000000783231c525a0000
[  26.445]       <<< RX chan1 11B: 80000007832320525a0000
[quic] DATAGRAM 32B: 0330008305101daf7801000000001daf78010000000000000000010000000000
[  26.495]       <<< RX chan1 38B: 800000228305101daf7801000000001daf780100000000000000000000000000...
[  26.495]       <<< RX chan1 11B: 80000007832328525a0000
[  26.495]       <<< RX chan1 35B: 8000001f8307014a8055005a1400000000000000000000000000000000232c52...
[  26.545]       <<< RX chan1 11B: 80000007832330525a0000
[  26.546]       <<< RX chan1 11B: 80000007832334525a0000
[  26.546]       <<< RX chan1 11B: 80000007832338525a0000
[  26.596]       <<< RX chan1 11B: 8000000783233c525a0000
[  26.596]       <<< RX chan1 11B: 80000007832340525a0000
[  26.596]       <<< RX chan1 11B: 80000007832344525a0000
[  26.646]       <<< RX chan1 21B: 80000011830d00000000000003fa002348525a0000
[  26.646]       <<< RX chan1 11B: 8000000783234c525a0000
[  26.646]       <<< RX chan1 11B: 80000007832350525a0000
[  26.697]       <<< RX chan1 1154B: 80004f1883030100325500a1270101e92f55000201c68655002902ffff010132...
[  26.697]       <<< RX chan1 1154B: 4370009bfb1018b41af91c9bbb36722b343827351caeb13e5dd1898308b65722...
[  26.697]       <<< RX chan1 1154B: a3357a5db60eb222fae28c25a39cc588530263ca432bb8d7e56b9e77138e4e3e...
[  26.697]       <<< RX chan1 1154B: 1991eed469d48c4877e90eb241c9a6cb2d137d32b0916ba2684a23a8179a66c5...
[  26.697]       <<< RX chan1 1154B: e7af2992f7780425d074bef6bc19a91eef688d0c4d27b0713b45a2d0397498a7...
[  26.697]       <<< RX chan1 1154B: 3674f18b61fb47f868781d58b7d81fcb1e0ca2d67701abba8f871e3ba9b2c8bf...
[  26.697]       <<< RX chan1 1154B: 5f97af75eac4bd2e5fdbb65e97af5405e211320edc7110f731d1121fc221a483...
[  26.697]       <<< RX chan1 1154B: caca441b3dfe1c36c711687fe6aec96e02d1e729fdec79b4247f6619e5db89e2...
[  26.697]       <<< RX chan1 1154B: cf256bb2a14a307c169bc4ff1165ec915078e2eefe906e58bfcc16d55cf9647c...
[  26.697]       <<< RX chan1 1154B: 16ef85d3aecac9a3add0c5a82ca0ad5c69921df4397db283ee3b8ac5c64e3336...
[  26.697]       <<< RX chan1 1154B: a081386ad3097410fea1bf328d3723843e7463f97a94b0dac3850f5a0c8f0def...
[  26.697]       <<< RX chan1 1154B: e0860d19386cd8e0ee1a00982067b0000100bb071a343cb8bb53509700c3850b...
[  26.697]       <<< RX chan1 1154B: a26aa28261614da1cf17ca2b4ccc40012eefaa7a7af48eb62f1e8f94c17e1e26...
[  26.697]       <<< RX chan1 1154B: 77a3a56bfaf1bcc7562b685589ae0de7ca6f285dbda6583996f84c387fb2d614...
[  26.697]       <<< RX chan1 1154B: d2366b81cf30b3a4b9aebf1363ced1f4f4475e2fe94696db01f3e71504168cb8...
[  26.697]       <<< RX chan1 1154B: 3b7f88381c39407953376b8806f8e1d7052e000b7e1275600f053ebeba15f8c6...
[  26.697]       <<< RX chan1 1154B: baf5f3ae84300fe8b27cccb874f98cdb58fe771c0efc2fde3057ee78133f8536...
[  26.697]       <<< RX chan1 634B: eda152daf0a9ddfbf7b620b767fb4c654e2eba7be9b7127cd1eed5a635e411da...
[  26.697]       <<< RX chan1 11B: 80000007832354525a0000
[  26.697]       <<< RX chan1 11B: 80000007832358525a0000
[  26.698]       <<< RX chan1 11B: 8000000783235c525a0000
[  26.748]       <<< RX chan1 11B: 80000007832360525a0000
[  26.748]       <<< RX chan1 11B: 80000007832364525a0000
[  26.748]       <<< RX chan1 11B: 80000007832368525a0000
[  26.798]       <<< RX chan1 11B: 8000000783236c525a0000
[  26.799]       <<< RX chan1 21B: 80000011830d00000000000003f9002370525a0000
[  26.799]       <<< RX chan1 11B: 80000007832374525a0000
[  26.849]       <<< RX chan1 21B: 80000011831b0100000001bb8655002378525a0000
[  26.849]       <<< RX chan1 11B: 8000000783237c525a0000
[  26.849]       <<< RX chan1 11B: 80000007832380525a0000
[  26.899]       <<< RX chan1 11B: 80000007832384525a0000
[  26.899]       <<< RX chan1 11B: 80000007832388525a0000
[  26.899]       <<< RX chan1 11B: 8000000783238c525a0000
[  26.950]       <<< RX chan1 11B: 80000007832390525a0000
[  26.950]       <<< RX chan1 11B: 80000007832394525a0000
[  26.950]       <<< RX chan1 21B: 80000011830d00000000000003f8002398525a0000
[quic] DATAGRAM 32B: 03310083051022b178010000000022b178010000000000000000010000000000
[  27.000]       <<< RX chan1 11B: 8000000783239c525a0000
[  27.000]       <<< RX chan1 38B: 8000002283051022b178010000000022b1780100000000000000000000000000...
[  27.000]       <<< RX chan1 11B: 800000078323a4525a0000
[  27.000]       <<< RX chan1 11B: 800000078323a8525a0000
[  27.050]       <<< RX chan1 11B: 800000078323ac525a0000
[  27.050]       <<< RX chan1 11B: 800000078323b0525a0000
[  27.101]       <<< RX chan1 17B: 8000000d830104b785cc7623b4525a0000
[  27.101]       <<< RX chan1 11B: 800000078323b8525a0000
[  27.101]       <<< RX chan1 11B: 800000078323bc525a0000
[  27.151]       <<< RX chan1 11B: 800000078323c0525a0000
[  27.151]       <<< RX chan1 11B: 800000078323c4525a0000
[  27.152]       <<< RX chan1 11B: 800000078323c8525a0000
[  27.152]       <<< RX chan1 11B: 800000078323cc525a0000
[  27.202]   DUMMY -> send ping 77B
[  27.202]   DUMMY -> send sync 25B
[  27.202]       <<< RX chan1 21B: 80000011831b0100000001cc86550023d0525a0000
[  27.202]       <<< RX chan1 11B: 800000078323d4525a0000
[  27.202]       <<< RX chan1 11B: 800000078323d8525a0000
[  27.252]       <<< RX chan1 11B: 800000078323dc525a0000
[  27.253]       <<< RX chan1 11B: 800000078323e0525a0000
[  27.253]       <<< RX chan1 11B: 800000078323e4525a0000
[  27.303]       <<< RX chan1 11B: 800000078323e8525a0000
[  27.303]       <<< RX chan1 11B: 800000078323ec525a0000
[  27.303]       <<< RX chan1 11B: 800000078323f0525a0000
[quic] DATAGRAM 36B: 05060003fa4715010000000000000000000000005e2bb5c05e5d0600a55d79bf05000000
[  27.323]   DUMMY <<< RX app=6 chan=1 81B: 8000004d0858fbbded5ddc184000000001505050505050505050505050505050...
[  27.323]       <<< RX chan1 11B: 800000078323f4525a0000
[  27.339]       <<< RX chan1 1154B: 8000056e8323f4525a000101e11755001b2500000001001a550001131a550001...
[  27.339]       <<< RX chan1 240B: 7465782e706e67040000403f0000403f0000403fff013989550002013b895500...
[  27.339]       <<< RX chan1 1154B: 800005478302013d8955002502ff020000000000000000000000000306011c72...
[  27.339]       <<< RX chan1 201B: 74657874757265732f53776f7264546578747572652e706e67ff014489550002...
[  27.339]       <<< RX chan1 945B: 8000051b830201f1885500d101ff000129687474703a2f2f7777772e726f626c...
[  27.339]       <<< RX chan1 366B: 6aceff0c811034ff0112875500020174875500b80100cae66941d9efbd404e4d...
[  27.339]       <<< RX chan1 780B: 80000529830201798755001100ff000129687474703a2f2f7777772e726f626c...
[  27.339]       <<< RX chan1 545B: 3a2f2f7777772e726f626c6f782e636f6d2f61737365742f3f69643d35303737...
[  27.339]       <<< RX chan1 1154B: 80000525830201aa875500f701ff0505706f696e740902ff0173875500020189...
[  27.390]       <<< RX chan1 167B: 8955006101ff000129687474703a2f2f7777772e726f626c6f782e636f6d2f61...
[  27.390]       <<< RX chan1 410B: 80000196830201968955005a01ff00000000004037d740051f24417474726962...
[  27.390]       <<< RX chan1 11B: 800000078323fc525a0000
[  27.390]       <<< RX chan1 11B: 80000007832300535a0000
[  27.390]       <<< RX chan1 240B: 800000ec831b0200000001b685550001b7855500030148805500a12701013580...
[  27.440]       <<< RX chan1 11B: 80000007832308535a0000
[  27.440]       <<< RX chan1 11B: 8000000783230c535a0000
[  27.440]       <<< RX chan1 11B: 80000007832310535a0000
[quic] DATAGRAM 32B: 03320083051016b378010000000016b378010000000000000000010000000000
[  27.491]       <<< RX chan1 11B: 80000007832314535a0000
[  27.491]       <<< RX chan1 38B: 8000002283051016b378010000000016b3780100000000000000000000000000...
[  27.491]       <<< RX chan1 11B: 8000000783231c535a0000
[  27.541]       <<< RX chan1 21B: 80000011831b01000000011d8955002320535a0000
[  27.541]       <<< RX chan1 11B: 80000007832324535a0000
[  27.541]       <<< RX chan1 11B: 80000007832328535a0000
[  27.592]       <<< RX chan1 11B: 8000000783232c535a0000
[  27.592]       <<< RX chan1 11B: 80000007832330535a0000
[  27.592]       <<< RX chan1 11B: 80000007832334535a0000
[  27.642]       <<< RX chan1 11B: 80000007832338535a0000
[  27.642]       <<< RX chan1 23B: 80000013830104fe3926570101b2855500233c535a0000
[  27.642]       <<< RX chan1 11B: 80000007832340535a0000
[  27.693]       <<< RX chan1 11B: 80000007832344535a0000
[  27.693]       <<< RX chan1 11B: 80000007832348535a0000
[  27.693]       <<< RX chan1 11B: 8000000783234c535a0000
[  27.744]       <<< RX chan1 11B: 80000007832350535a0000
[  27.744]       <<< RX chan1 11B: 80000007832354535a0000
[  27.744]       <<< RX chan1 11B: 80000007832358535a0000
[  27.794]       <<< RX chan1 40B: 80000024831b0200000001c886550001c9865500030100325500a1270001f831...
[  27.794]       <<< RX chan1 11B: 80000007832360535a0000
[  27.794]       <<< RX chan1 11B: 80000007832364535a0000
[  27.845]       <<< RX chan1 21B: 80000011831b0100000001a28955002368535a0000
[  27.845]       <<< RX chan1 11B: 8000000783236c535a0000
[  27.845]       <<< RX chan1 11B: 80000007832370535a0000
[  27.895]       <<< RX chan1 11B: 80000007832374535a0000
[  27.895]       <<< RX chan1 11B: 80000007832378535a0000
[  27.895]       <<< RX chan1 11B: 8000000783237c535a0000
[  27.946]       <<< RX chan1 11B: 80000007832380535a0000
[  27.946]       <<< RX chan1 11B: 80000007832384535a0000
[  27.946]       <<< RX chan1 11B: 80000007832388535a0000
[quic] DATAGRAM 32B: 0333008305100ab57801000000000ab578010000000000000000010000000000
[  27.996]       <<< RX chan1 11B: 8000000783238c535a0000
[  27.996]       <<< RX chan1 38B: 800000228305100ab57801000000000ab5780100000000000000000000000000...
[  27.996]       <<< RX chan1 11B: 80000007832394535a0000
[  28.046]       <<< RX chan1 11B: 80000007832398535a0000
[  28.047]       <<< RX chan1 11B: 8000000783239c535a0000
[  28.047]       <<< RX chan1 11B: 800000078323a0535a0000
[  28.097]       <<< RX chan1 11B: 800000078323a4535a0000
[  28.097]       <<< RX chan1 21B: 80000011831b0100000001a389550023a8535a0000
[  28.097]       <<< RX chan1 11B: 800000078323ac535a0000
[  28.147]       <<< RX chan1 11B: 800000078323b0535a0000
[  28.147]       <<< RX chan1 11B: 800000078323b4535a0000
[  28.147]       <<< RX chan1 11B: 800000078323b8535a0000
[  28.198]   DUMMY -> send ping 77B
[  28.198]       <<< RX chan1 11B: 800000078323bc535a0000
[  28.198]       <<< RX chan1 121B: 80000075831b0100000001998055001b13000000019a805500019b805500019c...
[  28.198]       <<< RX chan1 11B: 800000078323c4535a0000
[  28.248]       <<< RX chan1 11B: 800000078323c8535a0000
[  28.248]       <<< RX chan1 11B: 800000078323cc535a0000
[  28.248]       <<< RX chan1 11B: 800000078323d0535a0000
[  28.299]       <<< RX chan1 11B: 800000078323d4535a0000
[  28.299]       <<< RX chan1 11B: 800000078323d8535a0000
[  28.299]       <<< RX chan1 11B: 800000078323dc535a0000
[  28.322]   DUMMY <<< RX app=6 chan=1 81B: 8000004d0858fbbded5ddc184000000001505050505050505050505050505050...
[  28.322]       <<< RX chan1 11B: 800000078323e0535a0000
[  28.322]       <<< RX chan1 21B: 80000011831b0100000001b389550023e4535a0000
[  28.338]       <<< RX chan1 16B: 8000000c8323e4535a0023e8535a0000
[  28.388]       <<< RX chan1 11B: 800000078323ec535a0000
[  28.388]       <<< RX chan1 11B: 800000078323f0535a0000
[  28.388]       <<< RX chan1 11B: 800000078323f4535a0000
[  28.439]       <<< RX chan1 11B: 800000078323f8535a0000
[  28.439]       <<< RX chan1 11B: 800000078323fc535a0000
[  28.439]       <<< RX chan1 11B: 80000007832300545a0000
[quic] DATAGRAM 32B: 0334008305100eb77801000000000eb778010000000000000000010000000000
[  28.489]       <<< RX chan1 11B: 80000007832304545a0000
[  28.489]       <<< RX chan1 11B: 80000007832308545a0000
[  28.489]       <<< RX chan1 38B: 800000228305100eb77801000000000eb7780100000000000000000000000000...
[  28.540]       <<< RX chan1 11B: 80000007832310545a0000
[  28.540]       <<< RX chan1 11B: 80000007832314545a0000
[  28.540]       <<< RX chan1 21B: 80000011831b0100000001c18955002318545a0000
[  28.590]       <<< RX chan1 26B: 80000016831b02000000049a8a1b4304e05a3e63231c545a0000
[  28.591]       <<< RX chan1 11B: 80000007832320545a0000
[  28.591]       <<< RX chan1 11B: 80000007832324545a0000
[  28.641]       <<< RX chan1 11B: 80000007832328545a0000
[  28.641]       <<< RX chan1 11B: 8000000783232c545a0000
[  28.641]       <<< RX chan1 11B: 80000007832330545a0000
[  28.691]       <<< RX chan1 11B: 80000007832334545a0000
[  28.692]       <<< RX chan1 11B: 80000007832338545a0000
[  28.692]       <<< RX chan1 11B: 8000000783233c545a0000
[  28.742]       <<< RX chan1 11B: 80000007832340545a0000
[  28.742]       <<< RX chan1 11B: 80000007832344545a0000
[  28.742]       <<< RX chan1 21B: 80000011831b0100000001ce8955002348545a0000
[  28.792]       <<< RX chan1 11B: 8000000783234c545a0000
[  28.792]       <<< RX chan1 11B: 80000007832350545a0000
[  28.793]       <<< RX chan1 11B: 80000007832354545a0000
[  28.843]       <<< RX chan1 11B: 80000007832358545a0000
[  28.843]       <<< RX chan1 11B: 8000000783235c545a0000
[  28.843]       <<< RX chan1 11B: 80000007832360545a0000
[  28.893]       <<< RX chan1 11B: 80000007832364545a0000
[  28.893]       <<< RX chan1 11B: 80000007832368545a0000
[  28.893]       <<< RX chan1 11B: 8000000783236c545a0000
[  28.944]       <<< RX chan1 11B: 80000007832370545a0000
[  28.944]       <<< RX chan1 21B: 80000011831b0100000001de8955002374545a0000
[  28.944]       <<< RX chan1 11B: 80000007832378545a0000
[  28.994]       <<< RX chan1 11B: 8000000783237c545a0000
[  28.994]       <<< RX chan1 11B: 80000007832380545a0000
[  28.994]       <<< RX chan1 11B: 80000007832384545a0000
[quic] DATAGRAM 32B: 03350083051012b978010000000012b978010000000000000000010000000000
[  29.045]       <<< RX chan1 38B: 8000002283051012b978010000000012b9780100000000000000000000000000...
[  29.045]       <<< RX chan1 11B: 8000000783238c545a0000
[  29.045]       <<< RX chan1 11B: 80000007832390545a0000
[  29.095]       <<< RX chan1 11B: 80000007832394545a0000
[  29.095]       <<< RX chan1 11B: 80000007832398545a0000
[  29.095]       <<< RX chan1 21B: 80000011831b0100000001e9895500239c545a0000
[  29.146]       <<< RX chan1 11B: 800000078323a0545a0000
[  29.146]       <<< RX chan1 11B: 800000078323a4545a0000
[  29.146]       <<< RX chan1 11B: 800000078323a8545a0000
[  29.196]   DUMMY -> send ping 77B
[  29.196]       <<< RX chan1 11B: 800000078323ac545a0000
[  29.196]       <<< RX chan1 11B: 800000078323b0545a0000
[  29.196]       <<< RX chan1 11B: 800000078323b4545a0000
[  29.247]       <<< RX chan1 11B: 800000078323b8545a0000
[  29.247]       <<< RX chan1 120B: 80000074830201088a55008f00ff00c5c4443fa1a0203ee1e0e03d0504546561...
[  29.247]       <<< RX chan1 21B: 80000011831b0100000001f489550023c0545a0000
[  29.297]       <<< RX chan1 121B: 800000758302010f8a55004601ff0022596f75277265206e6f77206f6e207468...
[  29.298]       <<< RX chan1 11B: 800000078323c8545a0000
[  29.298]       <<< RX chan1 11B: 800000078323cc545a0000
[  29.316]   DUMMY <<< RX app=6 chan=1 81B: 8000004d0858fbbded5ddc184000000001505050505050505050505050505050...
[  29.316]       <<< RX chan1 81B: 8000004d8302011c8a5500cb00ff0000247449010000404104204824c30030e6...
[  29.332]       <<< RX chan1 11B: 800000078323d4545a0000
[  29.382]       <<< RX chan1 16B: 8000000c8323d4545a0023d8545a0000
[  29.382]       <<< RX chan1 11B: 800000078323dc545a0000
[  29.382]       <<< RX chan1 21B: 80000011831b0100000001fd89550023e0545a0000
[  29.433]       <<< RX chan1 29B: 80000019830704d6b4aa085b14000704d6b4aa0856140123e4545a0000
[  29.433]       <<< RX chan1 11B: 800000078323e8545a0000
[  29.433]       <<< RX chan1 11B: 800000078323ec545a0000
[  29.483]       <<< RX chan1 11B: 800000078323f0545a0000
[  29.483]       <<< RX chan1 11B: 800000078323f4545a0000
[  29.483]       <<< RX chan1 11B: 800000078323f8545a0000
[quic] DATAGRAM 32B: 03360083051007bb78010000000007bb78010000000000000000010000000000
[  29.534]       <<< RX chan1 148B: 80000090831b0100000001058a55000d000000000000fc01ff0d00000000030d...
[  29.534]       <<< RX chan1 38B: 8000002283051007bb78010000000007bb780100000000000000000000000000...
[  29.534]       <<< RX chan1 21B: 80000011830d000000000000fc01fe2304555a0000
[  29.534]       <<< RX chan1 11B: 80000007832308555a0000
[  29.584]       <<< RX chan1 11B: 8000000783230c555a0000
[  29.584]       <<< RX chan1 154B: 80000096830d000000000000ff01fd0d00000000030d000000000000ff01fe0d...
[  29.634]       <<< RX chan1 11B: 80000007832314555a0000
[  29.634]       <<< RX chan1 21B: 80000011831b01000000011a8a55002318555a0000
[  29.634]       <<< RX chan1 21B: 80000011830d000000000000fc02fe231c555a0000
[  29.634]       <<< RX chan1 11B: 80000007832320555a0000
[  29.684]       <<< RX chan1 11B: 80000007832324555a0000
[  29.684]       <<< RX chan1 21B: 80000011830d0000000000000101fc2328555a0000
[  29.684]       <<< RX chan1 11B: 8000000783232c555a0000
[  29.735]       <<< RX chan1 11B: 80000007832330555a0000
[  29.735]       <<< RX chan1 21B: 80000011830d000000000000fc02fd2334555a0000
[  29.735]       <<< RX chan1 33B: 8000001d830d00000000010d00000000020d0000000000000302fc2338555a00...
[  29.785]       <<< RX chan1 11B: 8000000783233c555a0000
[  29.785]       <<< RX chan1 17B: 8000000d830d00000000032340555a0000
[  29.785]       <<< RX chan1 21B: 80000011830d0000000000000402fb2344555a0000
[  29.835]       <<< RX chan1 11B: 80000007832348555a0000
[  29.836]       <<< RX chan1 17B: 8000000d830d0000000003234c555a0000
[  29.836]       <<< RX chan1 11B: 80000007832350555a0000
[  29.886]       <<< RX chan1 11B: 80000007832354555a0000
[  29.886]       <<< RX chan1 31B: 8000001b830d000000000000fc04fd0d0000000000000602fb2358555a0000
[  29.886]       <<< RX chan1 11B: 8000000783235c555a0000
[  29.936]       <<< RX chan1 21B: 80000011830d000000000000fc04fc2360555a0000
[  29.937]       <<< RX chan1 79B: 8000004b831b01000000042db3276d0d0000000000000602fa0d00000000030d...
[  29.937]       <<< RX chan1 27B: 80000017830d000000000000fb04fc0d00000000022368555a0000
[  29.987]       <<< RX chan1 11B: 8000000783236c555a0000
[  29.987]       <<< RX chan1 21B: 80000011830d0000000000000803fa2370555a0000
[  29.987]       <<< RX chan1 11B: 80000007832374555a0000
[quic] DATAGRAM 32B: 0337008305100bbd7801000000000bbd78010000000000000000010000000000
[  30.037]       <<< RX chan1 27B: 80000017830d000000000000fb05fc0d00000000032378555a0000
[  30.037]       <<< RX chan1 48B: 8000002c830d0000000000000903fa05100bbd7801000000000bbd7801000000...
[  30.038]       <<< RX chan1 21B: 80000011830d0000000000000903f92380555a0000
[  30.088]       <<< RX chan1 11B: 80000007832384555a0000
[  30.088]       <<< RX chan1 17B: 8000000d830d00000000032388555a0000
[  30.088]       <<< RX chan1 11B: 8000000783238c555a0000
[  30.138]       <<< RX chan1 21B: 80000011830d000000000000fb05fb2390555a0000
[  30.138]       <<< RX chan1 27B: 80000017830d0000000000000b03f90d00000000012394555a0000
[  30.138]       <<< RX chan1 11B: 80000007832398555a0000
[  30.189]   DUMMY -> send ping 77B
[  30.189]       <<< RX chan1 27B: 80000017830d0000000000000b03f80d0000000001239c555a0000
[  30.189]       <<< RX chan1 37B: 80000021830d000000000000fb06fb0d0000000000000c04f80d000000000223...
[  30.189]       <<< RX chan1 11B: 800000078323a4555a0000
[  30.240]       <<< RX chan1 11B: 800000078323a8555a0000
[  30.240]       <<< RX chan1 21B: 80000011830d0000000000000d04f823ac555a0000
[  30.240]       <<< RX chan1 21B: 80000011831b01000000041d0ddf0223b0555a0000
[  30.290]       <<< RX chan1 1154B: 800015cb8303013d895500a12701011287550002016a8a55002902ffff013e89...
[  30.290]       <<< RX chan1 1154B: 5520542440b82b802824dc332f4928ee0106093240168e7648901518a5115827...
[  30.290]       <<< RX chan1 1154B: 79140cdcf876ca098fb26db2424ec0be73099b0073e5cab229a4f9724e2ff0fe...
[  30.290]       <<< RX chan1 1154B: 82025830f0d5c34625514f1010e6700aa6213b4367100c5a33141e05bb998d41...
[  30.290]       <<< RX chan1 967B: 288b6d650671967aa47d194b1ad8d601ab37bb51543a4e9d1083bcef133cc757...
[  30.290]       <<< RX chan1 11B: 800000078323b4555a0000
[  30.290]       <<< RX chan1 125B: 80000079830204794ef1145002ff000000c07f0000803f000000000518244174...
[  30.290]       <<< RX chan1 11B: 800000078323bc555a0000
[  30.312]   DUMMY <<< RX app=6 chan=1 81B: 8000004d0858fbbded5ddc184000000001505050505050505050505050505050...
[  30.312]       <<< RX chan1 21B: 80000011830d000000000000fb06fa23c0555a0000
[  30.328]       <<< RX chan1 33B: 8000001d830d00000000010d00000000020d0000000000000f04f723c4555a00...
[  30.378]       <<< RX chan1 16B: 8000000c8323c4555a0023c8555a0000
[  30.378]       <<< RX chan1 11B: 800000078323cc555a0000
[  30.378]       <<< RX chan1 23B: 80000013830d00000000030d000000000123d0555a0000
[  30.429]       <<< RX chan1 27B: 80000017830d0000000000001004f60d000000000123d4555a0000
[  30.429]       <<< RX chan1 43B: 80000027830d0000000000001104f60d00000000010d0000000000001104f70d...
[  30.429]       <<< RX chan1 11B: 800000078323dc555a0000
[  30.480]       <<< RX chan1 11B: 800000078323e0555a0000
[  30.480]       <<< RX chan1 11B: 800000078323e4555a0000
[  30.480]       <<< RX chan1 31B: 8000001b831b0100000004088c1f140d0000000000001205f623e8555a0000
[quic] DATAGRAM 32B: 033800830510ffbe780100000000ffbe78010000000000000000010000000000
[  30.530]       <<< RX chan1 65B: 8000003d830d000000000000fa07f90d00000000030d000000000000fa08f90d...
[  30.530]       <<< RX chan1 33B: 8000001d830d0000000000001205f50d00000000030d000000000223f0555a00...
[  30.530]       <<< RX chan1 38B: 80000022830510ffbe780100000000ffbe780100000000000000000000000000...
[  30.581]       <<< RX chan1 277B: 80000111830204207a1b532b00ff00e02b07430040c03f00185340020615526f...
[  30.581]       <<< RX chan1 11B: 800000078323fc555a0000
[  30.581]       <<< RX chan1 21B: 80000011830d0000000000001405f52300565a0000
[  30.631]       <<< RX chan1 11B: 80000007832304565a0000
[  30.631]       <<< RX chan1 17B: 8000000d830d00000000032308565a0000
[  30.631]       <<< RX chan1 11B: 8000000783230c565a0000
[  30.682]       <<< RX chan1 21B: 80000011830d0000000000001505f42310565a0000
[  30.682]       <<< RX chan1 43B: 80000027831b01000000048c47c6450d00000000030d0000000000001506f40d...
[  30.682]       <<< RX chan1 11B: 80000007832318565a0000
[  30.732]       <<< RX chan1 33B: 8000001d830d000000000000fa08f80d00000000010d0000000002231c565a00...
[  30.732]       <<< RX chan1 27B: 80000017830d0000000000001705f40d00000000012320565a0000
[  30.732]       <<< RX chan1 11B: 80000007832324565a0000
[  30.783]       <<< RX chan1 11B: 80000007832328565a0000
[  30.783]       <<< RX chan1 33B: 8000001d830d0000000000001706f30d00000000030d0000000002232c565a00...
[  30.783]       <<< RX chan1 11B: 80000007832330565a0000
[  30.834]       <<< RX chan1 11B: 80000007832334565a0000
[  30.834]       <<< RX chan1 21B: 80000011830d0000000000001906f32338565a0000
[  30.834]       <<< RX chan1 11B: 8000000783233c565a0000
[  30.834]       <<< RX chan1 11B: 80000007832340565a0000
[  30.884]       <<< RX chan1 17B: 8000000d830d00000000032344565a0000
[  30.884]       <<< RX chan1 31B: 8000001b830d000000000000fa09f70d0000000000001a06f22348565a0000
[  30.935]       <<< RX chan1 21B: 80000011831b0100000004dd6aa439234c565a0000
[  30.935]       <<< RX chan1 31B: 8000001b830d000000000000fa0af70d0000000000001b06f22350565a0000
[  30.935]       <<< RX chan1 11B: 80000007832354565a0000
[  30.935]       <<< RX chan1 11B: 80000007832358565a0000
[  30.986]       <<< RX chan1 17B: 8000000d830d0000000003235c565a0000
[  30.986]       <<< RX chan1 11B: 80000007832360565a0000
[  30.986]       <<< RX chan1 21B: 80000011830d0000000000001c06f12364565a0000
[quic] DATAGRAM 32B: 033900830510f3c0780100000000f3c078010000000000000000010000000000
[  31.036]       <<< RX chan1 23B: 80000013830d00000000030d00000000022368565a0000
[  31.036]       <<< RX chan1 38B: 80000022830510f3c0780100000000f3c0780100000000000000000000000000...
[  31.036]       <<< RX chan1 11B: 80000007832370565a0000
[  31.087]       <<< RX chan1 57B: 80000035831b0100000004cedf6a5e0d000000000000f90af60d00000000030d...
[  31.087]       <<< RX chan1 11B: 80000007832378565a0000
[  31.087]       <<< RX chan1 11B: 8000000783237c565a0000
[  31.137]       <<< RX chan1 69B: 80000041830d0000000000001e06f00d00000000030d0000000000001e07f00d...
[  31.137]       <<< RX chan1 11B: 80000007832384565a0000
[  31.137]       <<< RX chan1 11B: 80000007832388565a0000
[  31.188]   DUMMY -> send ping 77B
[  31.188]       <<< RX chan1 43B: 80000027830d000000000000f90bf60d00000000030d0000000000002006f00d...
[  31.188]       <<< RX chan1 11B: 80000007832390565a0000
[  31.188]       <<< RX chan1 11B: 80000007832394565a0000
[  31.238]       <<< RX chan1 27B: 80000017830d0000000000002106f00d00000000012398565a0000
[  31.239]       <<< RX chan1 21B: 80000011831b01000000047efd6008239c565a0000
[  31.239]       <<< RX chan1 37B: 80000021830d000000000000f90bf50d0000000000002106ef0d000000000123...
[  31.289]       <<< RX chan1 27B: 80000017830d0000000000002206ef0d000000000123a4565a0000
[  31.289]       <<< RX chan1 11B: 800000078323a8565a0000
[  31.289]       <<< RX chan1 11B: 800000078323ac565a0000
[  31.309]   DUMMY <<< RX app=6 chan=1 81B: 8000004d0858fbbded5ddc184000000001505050505050505050505050505050...
[  31.309]       <<< RX chan1 17B: 8000000d830d000000000323b0565a0000
[  31.325]       <<< RX chan1 11B: 800000078323b4565a0000
[  31.375]       <<< RX chan1 363B: 800001678323b4565a000d00000000000002fe000d05000000430100004b0100...
[  31.375]       <<< RX chan1 27B: 80000017830d0000000000002407ee0d000000000223bc565a0000
[  31.375]       <<< RX chan1 41B: 80000025830204b21e9a035b0100016d4a5500ff050763726561746f72ff01ca...
[  31.426]       <<< RX chan1 11B: 800000078323c4565a0000
[  31.426]       <<< RX chan1 21B: 80000011830d0000000000002507ee23c8565a0000
[  31.426]       <<< RX chan1 11B: 800000078323cc565a0000
[  31.476]       <<< RX chan1 11B: 800000078323d0565a0000
[  31.476]       <<< RX chan1 31B: 8000001b830d000000000000f90bf40d0000000000002607ee23d4565a0000
[  31.476]       <<< RX chan1 21B: 80000011830d0000000000002607ed23d8565a0000
[quic] DATAGRAM 32B: 033a00830510e8c2780100000000e8c278010000000000000000010000000000
[  31.527]       <<< RX chan1 11B: 800000078323dc565a0000
[  31.527]       <<< RX chan1 17B: 8000000d830d000000000323e0565a0000
[  31.527]       <<< RX chan1 48B: 8000002c830d000000000000f90cf40510e8c2780100000000e8c27801000000...
[  31.577]       <<< RX chan1 11B: 800000078323e8565a0000
[  31.578]       <<< RX chan1 21B: 80000011830d0000000000002807ed23ec565a0000
[  31.578]       <<< RX chan1 11B: 800000078323f0565a0000
[  31.628]       <<< RX chan1 49B: 8000002d830d000000000000f80bf40d00000000010d0000000000002807ec0d...
[  31.628]       <<< RX chan1 11B: 800000078323f8565a0000
[  31.628]       <<< RX chan1 27B: 80000017830d000000000000f80cf30d000000000323fc565a0000
[  31.679]       <<< RX chan1 21B: 80000011830d0000000000002a07ec2300575a0000
[  31.679]       <<< RX chan1 11B: 80000007832304575a0000
[  31.679]       <<< RX chan1 21B: 80000011830d00000000000002fd002308575a0000
[  31.729]       <<< RX chan1 21B: 80000011830d0000000000002b07ec230c575a0000
[  31.729]       <<< RX chan1 11B: 80000007832310575a0000
[  31.729]       <<< RX chan1 21B: 80000011830d0000000000002b07eb2314575a0000
[  31.780]       <<< RX chan1 17B: 8000000d830d00000000032318575a0000
[  31.780]       <<< RX chan1 11B: 8000000783231c575a0000
[  31.780]       <<< RX chan1 11B: 80000007832320575a0000
[  31.830]       <<< RX chan1 17B: 8000000d830d00000000032324575a0000
[  31.830]       <<< RX chan1 11B: 80000007832328575a0000
[  31.830]       <<< RX chan1 11B: 8000000783232c575a0000
[  31.881]       <<< RX chan1 43B: 80000027830d000000000000f80cf20d0000000000002d07ea0d00000000030d...
[  31.881]       <<< RX chan1 11B: 80000007832334575a0000
[  31.881]       <<< RX chan1 11B: 80000007832338575a0000
[  31.932]       <<< RX chan1 21B: 80000011830d0000000000002f07ea233c575a0000
[  31.932]       <<< RX chan1 21B: 80000011830d0000000000002f06ea2340575a0000
[  31.932]       <<< RX chan1 31B: 8000001b831b0100000001e48a55000d00000000000002fc002344575a0000
[  31.982]       <<< RX chan1 284B: 80000118831b02000000016c8a5500016d8a550003013d895500a12700013089...
[  31.982]       <<< RX chan1 27B: 80000017830d0000000000003006e90d0000000001234c575a0000
[  31.982]       <<< RX chan1 11B: 80000007832350575a0000
[  32.033]       <<< RX chan1 27B: 80000017830d0000000000003106e90d00000000012354575a0000
[  32.033]       <<< RX chan1 21B: 80000011831b0100000004227720402358575a0000
[  32.033]       <<< RX chan1 21B: 80000011830d000000000000f80cf1235c575a0000
[quic] DATAGRAM 32B: 033b00830510edc4780100000000edc478010000000000000000010000000000
[  32.083]       <<< RX chan1 54B: 80000032830d0000000000003206e90d00000000010510edc4780100000000ed...
[  32.083]       <<< RX chan1 11B: 80000007832364575a0000
[  32.083]       <<< RX chan1 11B: 80000007832368575a0000
[  32.083]       <<< RX chan1 59B: 80000037830d0000000000003206e80d00000000030d0000000000003207e80d...
[  32.134]       <<< RX chan1 11B: 80000007832370575a0000
[  32.134]       <<< RX chan1 11B: 80000007832374575a0000
[  32.184]   DUMMY -> send ping 77B
[  32.184]   DUMMY -> send sync 25B
[  32.184]       <<< RX chan1 41B: 80000025830d00000000000002fb000d000000000000f70cf10d000000000000...
[  32.184]       <<< RX chan1 26B: 80000016831b02000000049601130804eeffc94e237c575a0000
[  32.184]       <<< RX chan1 11B: 80000007832380575a0000
[  32.184]       <<< RX chan1 33B: 8000001d830d0000000000003406e70d00000000030d00000000022384575a00...
[  32.235]       <<< RX chan1 27B: 80000017830d000000000000f70cf00d00000000032388575a0000
[  32.235]       <<< RX chan1 11B: 8000000783238c575a0000
[  32.235]       <<< RX chan1 27B: 800000178301011c8a55000d0000000000003606e72390575a0000
[  32.285]       <<< RX chan1 11B: 80000007832394575a0000
[  32.285]       <<< RX chan1 11B: 80000007832398575a0000
[  32.285]       <<< RX chan1 37B: 80000021831b0100000001048b55001b0100000004cd3b68700d000000000323...
[  32.303]   DUMMY <<< RX app=6 chan=1 81B: 8000004d0858fbbded5ddc184000000001505050505050505050505050505050...
[  32.303]       <<< RX chan1 11B: 800000078323a0575a0000
[quic] DATAGRAM 36B: 05070003fa471501000000000500000000000000b15001c15e5d0600f882c5bf05000000
[  32.317]       <<< RX chan1 21B: 80000011830d0000000000003706e623a4575a0000
[  32.367]       <<< RX chan1 36B: 800000208323a4575a000d00000000000002fa000d0000000000003806e623a8...
[  32.367]       <<< RX chan1 11B: 800000078323ac575a0000
[  32.418]       <<< RX chan1 21B: 80000011831b0100000004b21e9a0323b0575a0000
[  32.418]       <<< RX chan1 17B: 8000000d830d000000000323b4575a0000
[  32.418]       <<< RX chan1 21B: 80000011830d000000000000f70cef23b8575a0000
[  32.418]       <<< RX chan1 11B: 800000078323bc575a0000
[  32.468]       <<< RX chan1 27B: 80000017830d0000000000003a06e50d000000000223c0575a0000
[  32.468]       <<< RX chan1 11B: 800000078323c4575a0000
[  32.468]       <<< RX chan1 11B: 800000078323c8575a0000
[  32.519]       <<< RX chan1 56B: 80000034831b020000000180865500018186550003018c265500a12701017f26...
[  32.519]       <<< RX chan1 21B: 80000011830d00000000000003f90023d0575a0000
[  32.519]       <<< RX chan1 21B: 80000011831b0100000004a560906f23d4575a0000
[quic] DATAGRAM 32B: 033c00830510f1c6780100000000f2c678010000000000000000010000000000
[  32.569]       <<< RX chan1 27B: 80000017830d0000000000003c05e50d000000000123d8575a0000
[  32.569]       <<< RX chan1 38B: 80000022830510f1c6780100000000f2c6780100000000000000000000000000...
[  32.569]       <<< RX chan1 33B: 8000001d830d0000000000003c05e40d00000000030d000000000223e0575a00...
[  32.620]       <<< RX chan1 11B: 800000078323e4575a0000
[  32.620]       <<< RX chan1 21B: 80000011830d000000000000f70cee23e8575a0000
[  32.620]       <<< RX chan1 21B: 80000011831b0100000001208b550023ec575a0000
[  32.670]       <<< RX chan1 21B: 80000011830d0000000000003e05e423f0575a0000
[  32.670]       <<< RX chan1 66B: 8000003e831b0200000004d1b1da0e049e3f65521b02000000045b24227c0430...
[  32.670]       <<< RX chan1 33B: 8000001d830d0000000000003e05e30d00000000030d000000000223f8575a00...
[  32.720]       <<< RX chan1 21B: 80000011831b01000000042d94246823fc575a0000
[  32.721]       <<< RX chan1 21B: 80000011830d000000000000f60cee2300585a0000
[  32.721]       <<< RX chan1 11B: 80000007832304585a0000
[  32.771]       <<< RX chan1 21B: 80000011830d0000000000004005e32308585a0000
[  32.771]       <<< RX chan1 11B: 8000000783230c585a0000
[  32.771]       <<< RX chan1 17B: 8000000d830d00000000032310585a0000
[  32.821]       <<< RX chan1 59B: 800000378301046cc676180d000000000000f60ced0d00000000030d00000000...
[  32.822]       <<< RX chan1 11B: 80000007832318585a0000
[  32.822]       <<< RX chan1 27B: 80000017830d0000000000004204e20d0000000001231c585a0000
[  32.872]       <<< RX chan1 11B: 80000007832320585a0000
[  32.872]       <<< RX chan1 21B: 80000011831b0100000004c5683f362324585a0000
[  32.872]       <<< RX chan1 21B: 80000011830d0000000000004304e22328585a0000
[  32.922]       <<< RX chan1 11B: 8000000783232c585a0000
[  32.922]       <<< RX chan1 11B: 80000007832330585a0000
[  32.922]       <<< RX chan1 43B: 80000027831b01000000013e8b55000d0000000000004304e10d00000000030d...
[  32.973]       <<< RX chan1 11B: 80000007832338585a0000
[  32.973]       <<< RX chan1 21B: 80000011830d000000000000f60bed233c585a0000
[  32.973]       <<< RX chan1 37B: 80000021830d000000000000f60bec0d00000000010d0000000000004504e123...
[  33.023]       <<< RX chan1 11B: 80000007832344585a0000
[  33.023]       <<< RX chan1 11B: 80000007832348585a0000
[  33.023]       <<< RX chan1 27B: 80000017831b010000000427b7bd7f0d0000000003234c585a0000
[quic] DATAGRAM 32B: 033d00830510e6c8780100000000e6c878010000000000000000010000000000
[  33.074]       <<< RX chan1 37B: 80000021830d0000000000004603e00d00000000010d0000000000004603e123...
[  33.074]       <<< RX chan1 38B: 80000022830510e6c8780100000000e6c8780100000000000000000000000000...
[  33.074]       <<< RX chan1 27B: 80000017830d0000000000004703e00d00000000012358585a0000
[  33.124]       <<< RX chan1 11B: 8000000783235c585a0000
[  33.124]       <<< RX chan1 11B: 80000007832360585a0000
[  33.124]       <<< RX chan1 21B: 80000011830d0000000000004803e02364585a0000
[  33.174]   DUMMY -> send ping 77B
[  33.174]       <<< RX chan1 11B: 80000007832368585a0000
[  33.175]       <<< RX chan1 21B: 80000011830d0000000000004803df236c585a0000
[  33.175]       <<< RX chan1 37B: 80000021830d000000000000f60beb0d0000000000004903df0d000000000223...
[  33.225]       <<< RX chan1 31B: 8000001b831b0100000001648b55001b01000000043cc19d0c2374585a0000
[  33.225]       <<< RX chan1 11B: 80000007832378585a0000
[  33.225]       <<< RX chan1 21B: 80000011830d0000000000004a03df237c585a0000
[  33.275]       <<< RX chan1 11B: 80000007832380585a0000
[  33.276]       <<< RX chan1 66B: 8000003e831b02000000046702814d04da8d7c001b0200000004a5695c6204a2...
[  33.276]       <<< RX chan1 65B: 8000003d830d0000000000004a02de0d00000000030d0000000000004a03de0d...
[  33.299]   DUMMY <<< RX app=6 chan=1 81B: 8000004d0858fbbded5ddc184000000001505050505050505050505050505050...
[  33.299]       <<< RX chan1 11B: 8000000783238c585a0000
[  33.314]       <<< RX chan1 23B: 800000138301048bf7d47c01018c8a55002390585a0000
[  33.365]       <<< RX chan1 21B: 80000011830d0000000000004c02de2394585a0000
[  33.365]       <<< RX chan1 32B: 8000001c832394585a000d000000000000f50aeb0d00000000032398585a0000
[  33.365]       <<< RX chan1 53B: 80000031831b01000000041103e56d0d000000000000f50aea0d00000000030d...
[  33.415]       <<< RX chan1 21B: 80000011830d0000000000004d02de23a0585a0000
[  33.416]       <<< RX chan1 21B: 80000011830d0000000000004d02dd23a4585a0000
[  33.416]       <<< RX chan1 11B: 800000078323a8585a0000
[  33.466]       <<< RX chan1 17B: 8000000d830d000000000323ac585a0000
[  33.466]       <<< RX chan1 21B: 80000011831b0100000001838b550023b0585a0000
[  33.466]       <<< RX chan1 21B: 80000011830d0000000000004e01dd23b4585a0000
[  33.516]       <<< RX chan1 23B: 80000013830d00000000030d000000000123b8585a0000
[  33.517]       <<< RX chan1 11B: 800000078323bc585a0000
[  33.517]       <<< RX chan1 11B: 800000078323c0585a0000
[quic] DATAGRAM 32B: 033e00830510e9ca780100000000eaca78010000000000000000010000000000
[  33.567]       <<< RX chan1 27B: 80000017830d0000000000005001dc0d000000000223c4585a0000
[  33.567]       <<< RX chan1 11B: 800000078323c8585a0000
[  33.567]       <<< RX chan1 21B: 80000011830d000000000000f50ae923cc585a0000
[  33.567]       <<< RX chan1 48B: 8000002c830d0000000000005101dc0510e9ca780100000000eaca7801000000...
[  33.618]       <<< RX chan1 11B: 800000078323d4585a0000
[  33.618]       <<< RX chan1 21B: 80000011830d000000000000f509e923d8585a0000
[  33.668]       <<< RX chan1 27B: 80000017830d0000000000005200dc0d000000000123dc585a0000
[  33.668]       <<< RX chan1 27B: 80000017830d0000000000005200db0d000000000123e0585a0000
[  33.668]       <<< RX chan1 21B: 80000011831b0100000001a08b550023e4585a0000
[  33.668]       <<< RX chan1 21B: 80000011830d0000000000005300db23e8585a0000
[  33.719]       <<< RX chan1 11B: 800000078323ec585a0000
[  33.719]       <<< RX chan1 11B: 800000078323f0585a0000
[  33.769]       <<< RX chan1 35B: 8000001f83070437f77b3d5b1400070437f77b3d5614010d000000000323f458...
[  33.769]       <<< RX chan1 21B: 80000011830d000000000000f509e823f8585a0000
[  33.769]       <<< RX chan1 33B: 8000001d830d0000000000005400da0d00000000030d000000000223fc585a00...
[  33.769]       <<< RX chan1 27B: 80000017830d00000000000055ffda0d00000000022300595a0000
[  33.820]       <<< RX chan1 11B: 80000007832304595a0000
[  33.820]       <<< RX chan1 21B: 80000011830d000000000000f409e82308595a0000
[  33.820]       <<< RX chan1 37B: 80000021830d000000000000f408e80d00000000030d00000000000056ffda23...
[  33.870]       <<< RX chan1 29B: 80000019830704b7e483445b14000704b7e483445614012310595a0000
[  33.870]       <<< RX chan1 27B: 80000017831b0100000001ba8b55000d00000000032314595a0000
[  33.870]       <<< RX chan1 21B: 80000011830d00000000000057ffd92318595a0000
[  33.920]       <<< RX chan1 11B: 8000000783231c595a0000
[  33.921]       <<< RX chan1 17B: 8000000d830d00000000032320595a0000
[  33.921]       <<< RX chan1 21B: 80000011830d00000000000058fed92324595a0000
[  33.971]       <<< RX chan1 21B: 80000011830d000000000000f408e72328595a0000
[  33.971]       <<< RX chan1 21B: 80000011830d00000000000059fed9232c595a0000
[  33.971]       <<< RX chan1 11B: 80000007832330595a0000
[  34.022]       <<< RX chan1 11B: 80000007832334595a0000
[  34.022]       <<< RX chan1 33B: 8000001d830d00000000000059fed80d00000000030d00000000022338595a00...
[  34.022]       <<< RX chan1 11B: 8000000783233c595a0000
[  34.072]       <<< RX chan1 31B: 8000001b831b0100000001d68b55000d000000000000f407e72340595a0000
[  34.072]       <<< RX chan1 78B: 8000004a831b0200000004c82b054404495ad1741b0200000004f53c087704e7...
[  34.072]       <<< RX chan1 11B: 80000007832348595a0000
[quic] DATAGRAM 32B: 033f00830510eecc780100000000eecc78010000000000000000010000000000
[  34.122]       <<< RX chan1 38B: 80000022830510eecc780100000000eecc780100000000000000000000000000...
[  34.122]       <<< RX chan1 21B: 80000011830d0000000000005cfdd82350595a0000
[  34.122]       <<< RX chan1 31B: 8000001b830d000000000000f407e60d0000000000005cfdd72354595a0000
[  34.173]   DUMMY -> send ping 77B
[  34.173]       <<< RX chan1 11B: 80000007832358595a0000
[  34.173]       <<< RX chan1 17B: 8000000d830d0000000003235c595a0000
[  34.173]       <<< RX chan1 11B: 80000007832360595a0000
[  34.223]       <<< RX chan1 21B: 80000011830d0000000000005dfcd72364595a0000
[  34.223]       <<< RX chan1 33B: 8000001d831b0100000001f08b55000d00000000030d00000000012368595a00...
[  34.223]       <<< RX chan1 21B: 80000011830d000000000000f406e6236c595a0000
[  34.273]       <<< RX chan1 21B: 80000011830d0000000000005efcd62370595a0000
[  34.273]       <<< RX chan1 48B: 8000002c831b04000000049e2dd03704af30673104c2c04d1904623b3d1c0d00...
[  34.273]       <<< RX chan1 56B: 800000348303010f8a55009a130123546f7563682074686520626561636f6e20...
[  34.295]   DUMMY <<< RX app=6 chan=1 81B: 8000004d0858fbbded5ddc184000000001505050505050505050505050505050...
[  34.295]       <<< RX chan1 11B: 8000000783237c595a0000
[  34.311]       <<< RX chan1 95B: 8000005b830204f64c6f755a01ff00000000e0dc17d840051224417474726962...
[  34.361]       <<< RX chan1 21B: 80000011830d000000000000f406e52384595a0000
[  34.361]       <<< RX chan1 32B: 8000001c832384595a000d000000000000f306e50d00000000022388595a0000
[  34.361]       <<< RX chan1 43B: 80000027831b0100000001038c55000d00000000000060fbd50d00000000030d...
[  34.412]       <<< RX chan1 27B: 80000017830d000000000000f305e50d00000000032390595a0000
[  34.412]       <<< RX chan1 11B: 80000007832394595a0000
[  34.412]       <<< RX chan1 21B: 80000011830d00000000000062fbd52398595a0000
[  34.462]       <<< RX chan1 91B: 800000578302013b8c5500cb00ff000024744901000040410480cf27c30060e6...
[  34.462]       <<< RX chan1 11B: 800000078323a0595a0000
[  34.463]       <<< RX chan1 17B: 8000000d830d000000000323a4595a0000
[  34.513]       <<< RX chan1 21B: 80000011831b0100000004b7e4834423a8595a0000
[  34.513]       <<< RX chan1 31B: 8000001b831b0100000001158c55000d00000000000063fad423ac595a0000
[  34.513]       <<< RX chan1 17B: 8000000d830d000000000323b0595a0000
[  34.563]       <<< RX chan1 37B: 80000021830d000000000000f304e40d00000000010d000000000000f304e523...
[  34.563]       <<< RX chan1 21B: 80000011830d00000000000064f9d423b8595a0000
[  34.563]       <<< RX chan1 23B: 80000013830d00000000030d000000000123bc595a0000
[quic] DATAGRAM 33B: 03404000830510e2ce780100000000e2ce78010000000000000000010000000000
[  34.614]       <<< RX chan1 11B: 800000078323c0595a0000
[  34.614]       <<< RX chan1 48B: 8000002c830d00000000000065f9d30510e2ce780100000000e2ce7801000000...
[  34.614]       <<< RX chan1 33B: 8000001d831b01000000012a8c55000d00000000030d000000000223c8595a00...
[  34.665]       <<< RX chan1 11B: 800000078323cc595a0000
[  34.665]       <<< RX chan1 36B: 80000020831b04000000019c865500019d865500019e865500011b8a550023d0...
[  34.665]       <<< RX chan1 37B: 80000021830d000000000000f303e40d00000000000067f8d30d000000000123...
[  34.715]       <<< RX chan1 11B: 800000078323d8595a0000
[  34.715]       <<< RX chan1 21B: 80000011830d000000000000f303e323dc595a0000
[  34.715]       <<< RX chan1 21B: 80000011830d00000000000068f8d323e0595a0000
[  34.766]       <<< RX chan1 31B: 8000001b831b0100000001398c55000d00000000000068f8d223e4595a0000
[  34.766]       <<< RX chan1 11B: 800000078323e8595a0000
[  34.766]       <<< RX chan1 17B: 8000000d8301012a6a550023ec595a0000
[  34.816]       <<< RX chan1 11B: 800000078323f0595a0000
[  34.816]       <<< RX chan1 287B: 8000011b83020416fe3d0e2b00ff0060308c4200501c4000a45e40020615526f...
[  34.816]       <<< RX chan1 1080B: 80000434830101948055000301128055007d1301010101748055000101738055...
[  34.867]       <<< RX chan1 299B: 800001278303010c8055007d13010103010a7f55007d1301010301097f55007d...
[  34.867]       <<< RX chan1 119B: 800000738301018b8c550002018f8c55004f010901407f55000a0141805500ff...
[  34.867]       <<< RX chan1 134B: 80000082831b02000000040a06d8130433a70b6601018f8c55000201938c5500...
[  34.867]       <<< RX chan1 119B: 80000073830101938c55000201978c55004f010901407f55000a0141805500ff...
[  34.917]       <<< RX chan1 119B: 80000073830101978c550002019b8c55004f010901407f55000a0141805500ff...
[  34.917]       <<< RX chan1 145B: 8000008d8301019b8c550002019f8c55004f010901407f55000a0141805500ff...
[  34.917]       <<< RX chan1 135B: 800000838301019f8c55000201a38c55004f010901407f55000a0141805500ff...
[  34.968]       <<< RX chan1 119B: 80000073830101a38c55000201a78c55004f010901407f55000a0141805500ff...
[  34.968]       <<< RX chan1 119B: 80000073830101a78c55000201ab8c55004f010901407f55000a0141805500ff...
[  34.968]       <<< RX chan1 119B: 80000073830101ab8c55000201af8c55004f010901407f55000a0141805500ff...
[  35.018]       <<< RX chan1 119B: 80000073830101af8c55000201b38c55004f010901407f55000a0141805500ff...
[  35.018]       <<< RX chan1 119B: 80000073830101b38c55000201b88c55004f010901407f55000a0141805500ff...
[  35.018]       <<< RX chan1 119B: 80000073830101b88c55000201bc8c55004f010901407f55000a0141805500ff...
[  35.069]       <<< RX chan1 129B: 8000007d830101bc8c55000201c08c55004f010901407f55000a0141805500ff...
[  35.069]       <<< RX chan1 119B: 80000073830101c08c55000201c48c55004f010901407f55000a0141805500ff...
[  35.069]       <<< RX chan1 129B: 8000007d830101c48c55000201c88c55004f010901407f55000a0141805500ff...
[quic] DATAGRAM 33B: 03404100830510d6d0780100000000d6d078010000000000000000010000000000
[  35.119]       <<< RX chan1 146B: 8000008e830101c88c55000201cc8c55004f010901407f55000a0141805500ff...
[  35.119]       <<< RX chan1 119B: 80000073830101cc8c55000201d08c55004f010901407f55000a0141805500ff...
[  35.119]       <<< RX chan1 119B: 80000073830101d08c55000201d48c55004f010901407f55000a0141805500ff...
[  35.170]   DUMMY -> send ping 77B
[  35.170]       <<< RX chan1 119B: 80000073830101d48c55000201d88c55004f010901407f55000a0141805500ff...
[  35.170]       <<< RX chan1 129B: 8000007d830101d88c55000201dc8c55004f010901407f55000a0141805500ff...
[  35.170]       <<< RX chan1 119B: 80000073830101dc8c55000201e08c55004f010901407f55000a0141805500ff...
[  35.220]       <<< RX chan1 129B: 8000007d831b0100000004b7d7e7570101e08c55000201e48c55004f01090140...
[  35.220]       <<< RX chan1 119B: 80000073830101e48c55000201e88c55004f010901407f55000a0141805500ff...
[  35.220]       <<< RX chan1 119B: 80000073830101e88c55000201ec8c55004f010901407f55000a0141805500ff...
[  35.270]       <<< RX chan1 119B: 80000073830101ec8c55000201f08c55004f010901407f55000a0141805500ff...
[  35.270]       <<< RX chan1 119B: 80000073830101f08c55000201f48c55004f010901407f55000a0141805500ff...
[  35.270]       <<< RX chan1 145B: 8000008d830101f48c55000201f88c55004f010901407f55000a0141805500ff...
[  35.290]   DUMMY <<< RX app=6 chan=1 81B: 8000004d0858fbbded5ddc184000000001505050505050505050505050505050...
[  35.290]       <<< RX chan1 129B: 8000007d830101f88c55000201fd8c55004f010901407f55000a0141805500ff...
[  35.305]       <<< RX chan1 119B: 80000073830101fd8c55000201018d55004f010901407f55000a0141805500ff...
[  35.355]       <<< RX chan1 119B: 80000073830101018d55000201058d55004f010901407f55000a0141805500ff...
[  35.356]       <<< RX chan1 124B: 800000788323745a5a000101058d55000201098d55004f010901407f55000a01...
[  35.356]       <<< RX chan1 119B: 80000073830101098d550002010d8d55004f010901407f55000a0141805500ff...
[  35.406]       <<< RX chan1 129B: 8000007d8301010d8d55000201128d55004f010901407f55000a0141805500ff...
[  35.406]       <<< RX chan1 119B: 80000073830101128d55000201178d55004f010901407f55000a0141805500ff...
[  35.406]       <<< RX chan1 119B: 80000073830101178d550002011b8d55004f010901407f55000a0141805500ff...
[  35.457]       <<< RX chan1 119B: 800000738301011b8d550002011f8d55004f010901407f55000a0141805500ff...
[  35.457]       <<< RX chan1 129B: 8000007d8301011f8d55000201238d55004f010901407f55000a0141805500ff...
[  35.457]       <<< RX chan1 145B: 8000008d830101238d55000201288d55004f010901407f55000a0141805500ff...
[  35.507]       <<< RX chan1 151B: 80000093830101288d550002012c8d55004f010901407f55000a0141805500ff...
[  35.507]       <<< RX chan1 119B: 800000738301012c8d55000201308d55004f010901407f55000a0141805500ff...
[  35.507]       <<< RX chan1 119B: 80000073830101308d55000201368d55004f010901407f55000a0141805500ff...
[  35.558]       <<< RX chan1 119B: 80000073830101368d550002013a8d55004f010901407f55000a0141805500ff...
[  35.558]       <<< RX chan1 119B: 800000738301013a8d550002013e8d55004f010901407f55000a0141805500ff...
[  35.558]       <<< RX chan1 119B: 800000738301013e8d55000201428d55004f010901407f55000a0141805500ff...
[quic] DATAGRAM 33B: 03404200830510cbd2780100000000cbd278010000000000000000010000000000
[  35.608]       <<< RX chan1 129B: 8000007d830101428d55000201468d55004f010901407f55000a0141805500ff...
[  35.608]       <<< RX chan1 146B: 8000008e830101468d550002014a8d55004f010901407f55000a0141805500ff...
[  35.608]       <<< RX chan1 476B: 800001d88301014a8d550002014e8d55004f010901407f55000a0141805500ff...
[  35.659]       <<< RX chan1 129B: 8000007d8301014e8d55000201538d55004f010901407f55000a0141805500ff...
[  35.659]       <<< RX chan1 129B: 8000007d831b010000000461fd732b0101538d55000201578d55004f01090140...
[  35.659]       <<< RX chan1 129B: 8000007d830101578d550002015b8d55004f010901407f55000a0141805500ff...
[  35.709]       <<< RX chan1 135B: 800000838301015b8d550002015f8d55004f010901407f55000a0141805500ff...
[  35.709]       <<< RX chan1 129B: 8000007d8301015f8d55000201638d55004f010901407f55000a0141805500ff...
[  35.709]       <<< RX chan1 129B: 8000007d830101638d55000201678d55004f010901407f55000a0141805500ff...
[  35.760]       <<< RX chan1 119B: 80000073830101678d550002016b8d55004f010901407f55000a0141805500ff...
[  35.760]       <<< RX chan1 119B: 800000738301016b8d550002016f8d55004f010901407f55000a0141805500ff...
[  35.760]       <<< RX chan1 119B: 800000738301016f8d55000201738d55004f010901407f55000a0141805500ff...
[  35.810]       <<< RX chan1 129B: 8000007d830101738d55000201778d55004f010901407f55000a0141805500ff...
[  35.811]       <<< RX chan1 119B: 80000073830101778d550002017b8d55004f010901407f55000a0141805500ff...
[  35.811]       <<< RX chan1 279B: 800001138301017b8d55001b0100000001758c55001b0100000001768c55001b...
[  35.861]       <<< RX chan1 119B: 800000738301017f8d55000201838d55004f010901407f55000a0141805500ff...
[  35.861]       <<< RX chan1 135B: 80000083830101838d55000201898d55004f010901407f55000a0141805500ff...
[  35.861]       <<< RX chan1 363B: 80000167830101898d5500030100325500a1270101e92f550002018e8d550029...
[  35.911]       <<< RX chan1 119B: 80000073830101928d55000201978d55004f010901407f55000a0141805500ff...
[  35.912]       <<< RX chan1 119B: 80000073830101978d550002019a8d55004f010901407f55000a0141805500ff...
[  35.912]       <<< RX chan1 119B: 800000738301019a8d550002019d8d55004f010901407f55000a0141805500ff...
[  35.962]       <<< RX chan1 129B: 8000007d831b0100000004aafd137801019d8d55000201a08d55004f01090140...
[  35.962]       <<< RX chan1 129B: 8000007d830101a08d55000201a38d55004f010901407f55000a0141805500ff...
[  35.962]       <<< RX chan1 125B: 80000079830101a38d550001012d6a55000201a68d55004f010901407f55000a...
[  36.012]       <<< RX chan1 119B: 80000073830101a68d55000201a98d55004f010901407f55000a0141805500ff...
[  36.013]       <<< RX chan1 125B: 80000079830101a98d55000201ac8d55004f010901407f55000a0141805500ff...
[  36.013]       <<< RX chan1 129B: 8000007d830101ac8d55000201af8d55004f010901407f55000a0141805500ff...
[  36.063]       <<< RX chan1 139B: 80000087830101af8d55000201b28d55004f010901407f55000a0141805500ff...
[  36.063]       <<< RX chan1 139B: 80000087830101b28d55000201b58d55004f010901407f55000a0141805500ff...
[  36.063]       <<< RX chan1 139B: 80000087830101b58d55000201b88d55004f010901407f55000a0141805500ff...
[quic] DATAGRAM 33B: 03404300830510bfd4780100000000bfd478010000000000000000010000000000
[  36.114]       <<< RX chan1 129B: 8000007d830101b88d55000201bb8d55004f010901407f55000a0141805500ff...
[  36.114]       <<< RX chan1 442B: 800001b6831b01000000045b67c64b0204cc47d43d2b00ff0000e00abf00a2b9...
[  36.114]       <<< RX chan1 129B: 8000007d830101c48d55000201c78d55004f010901407f55000a0141805500ff...
[  36.164]   DUMMY -> send ping 77B
[  36.164]       <<< RX chan1 129B: 8000007d830101c78d55000201ca8d55004f010901407f55000a0141805500ff...
[  36.164]       <<< RX chan1 129B: 8000007d830101ca8d55000201cd8d55004f010901407f55000a0141805500ff...
[  36.164]       <<< RX chan1 139B: 80000087830101cd8d55000201d08d55004f010901407f55000a0141805500ff...
[  36.215]       <<< RX chan1 119B: 80000073830101d08d55000201d38d55004f010901407f55000a0141805500ff...
[  36.215]       <<< RX chan1 139B: 80000087830101d38d55000201d68d55004f010901407f55000a0141805500ff...
[  36.215]       <<< RX chan1 191B: 800000bb830204753ccd675a01ff00000000805618d840051224417474726962...
[  36.265]       <<< RX chan1 129B: 8000007d830101df8d55000201e28d55004f010901407f55000a0141805500ff...
[  36.265]       <<< RX chan1 139B: 80000087830101e28d55000201e58d55004f010901407f55000a0141805500ff...
[  36.265]       <<< RX chan1 357B: 80000161831b0100000004b280c00e0101e58d550003018c265500a127010144...
[  36.285]   DUMMY <<< RX app=6 chan=1 81B: 8000004d0858fbbded5ddc184000000001505050505050505050505050505050...
[  36.286]       <<< RX chan1 149B: 80000091830101ed8d55000201f08d55004f010901407f55000a0141805500ff...
[  36.286]       <<< RX chan1 129B: 8000007d830101f08d55000201f28d55004f010901407f55000a0141805500ff...
[  36.302]       <<< RX chan1 129B: 8000007d830101f28d55000201f48d55004f010901407f55000a0141805500ff...
[  36.352]       <<< RX chan1 129B: 8000007d830101f48d55000201f68d55004f010901407f55000a0141805500ff...
[  36.352]       <<< RX chan1 134B: 800000828323645b5a000101f68d55000201f88d55004f010901407f55000a01...
[  36.403]       <<< RX chan1 154B: 80000096831b04000000048cacc35b0421621456043463de42042cb8b2490101...
[  36.403]       <<< RX chan1 129B: 8000007d830101fa8d55000201fc8d55004f010901407f55000a0141805500ff...
[  36.403]       <<< RX chan1 129B: 8000007d830101fc8d55000201fe8d55004f010901407f55000a0141805500ff...
[  36.403]       <<< RX chan1 149B: 80000091830101fe8d55000201008e55004f010901407f55000a0141805500ff...
[  36.454]       <<< RX chan1 119B: 80000073830101008e55000201028e55004f010901407f55000a0141805500ff...
[  36.454]       <<< RX chan1 129B: 8000007d830101028e55000201048e55004f010901407f55000a0141805500ff...
[  36.454]       <<< RX chan1 149B: 80000091830101048e55000201068e55004f010901407f55000a0141805500ff...
[  36.504]       <<< RX chan1 139B: 80000087830101068e55000201088e55004f010901407f55000a0141805500ff...
[  36.504]       <<< RX chan1 139B: 80000087830101088e550002010a8e55004f010901407f55000a0141805500ff...
[  36.504]       <<< RX chan1 129B: 8000007d8301010a8e550002010c8e55004f010901407f55000a0141805500ff...
[  36.555]       <<< RX chan1 129B: 8000007d8301010c8e550002010e8e55004f010901407f55000a0141805500ff...
[  36.555]       <<< RX chan1 129B: 8000007d8301010e8e55000201108e55004f010901407f55000a0141805500ff...
[  36.555]       <<< RX chan1 139B: 80000087830101108e55000201128e55004f010901407f55000a0141805500ff...
[quic] DATAGRAM 33B: 03404400830510c7d6780100000000c7d678010000000000000000010000000000
[  36.605]       <<< RX chan1 139B: 80000087830101128e55000201148e55004f010901407f55000a0141805500ff...
[  36.605]       <<< RX chan1 129B: 8000007d830101148e55000201168e55004f010901407f55000a0141805500ff...
[  36.605]       <<< RX chan1 176B: 800000ac830101168e55000201188e55004f010901407f55000a0141805500ff...
[  36.656]       <<< RX chan1 119B: 80000073830101188e550002011a8e55004f010901407f55000a0141805500ff...
[  36.656]       <<< RX chan1 129B: 8000007d8301011a8e550002011c8e55004f010901407f55000a0141805500ff...
[  36.656]       <<< RX chan1 139B: 800000878301011c8e550002011e8e55004f010901407f55000a0141805500ff...
[  36.706]       <<< RX chan1 129B: 8000007d8301011e8e55000201208e55004f010901407f55000a0141805500ff...
[  36.706]       <<< RX chan1 167B: 800000a3830101208e55000101128055000101108055000201228e55004f0109...
[  36.706]       <<< RX chan1 139B: 80000087830101228e55000201248e55004f010901407f55000a0141805500ff...
[  36.757]       <<< RX chan1 141B: 80000089830101248e55000101198055000101178055000201268e55004f0109...
[  36.757]       <<< RX chan1 139B: 80000087830101268e55000201298e55004f010901407f55000a0141805500ff...
[  36.757]       <<< RX chan1 129B: 8000007d830101298e550002012b8e55004f010901407f55000a0141805500ff...
[  36.807]       <<< RX chan1 151B: 800000938301012b8e550002012d8e55004f010901407f55000a0141805500ff...
[  36.807]       <<< RX chan1 129B: 8000007d8301012d8e550002012f8e55004f010901407f55000a0141805500ff...
[  36.858]       <<< RX chan1 129B: 8000007d8301012f8e55000201318e55004f010901407f55000a0141805500ff...
[  36.858]       <<< RX chan1 129B: 8000007d830101318e55000201338e55004f010901407f55000a0141805500ff...
[  36.858]       <<< RX chan1 119B: 80000073830101338e55000201358e55004f010901407f55000a0141805500ff...
[  36.858]       <<< RX chan1 139B: 80000087830101358e55000201378e55004f010901407f55000a0141805500ff...
[  36.908]       <<< RX chan1 129B: 8000007d830101378e55000201398e55004f010901407f55000a0141805500ff...
[  36.908]       <<< RX chan1 478B: 800001da830101398e550002013b8e55004f010901407f55000a0141805500ff...
[  36.908]       <<< RX chan1 129B: 8000007d8301013b8e550002013d8e55004f010901407f55000a0141805500ff...
[  36.959]       <<< RX chan1 129B: 8000007d8301013d8e550002013f8e55004f010901407f55000a0141805500ff...
[  36.959]       <<< RX chan1 174B: 800000aa8301013f8e55001b0200000001908d550001918d5500030100325500...
[  36.959]       <<< RX chan1 139B: 80000087830101418e55000201438e55004f010901407f55000a0141805500ff...
[  37.009]       <<< RX chan1 135B: 80000083830101438e55000201468e55004f010901407f55000a0141805500ff...
[  37.009]       <<< RX chan1 129B: 8000007d830101468e55000201498e55004f010901407f55000a0141805500ff...
[  37.009]       <<< RX chan1 129B: 8000007d830101498e550002014c8e55004f010901407f55000a0141805500ff...
[  37.060]       <<< RX chan1 149B: 800000918301014c8e550002014f8e55004f010901407f55000a0141805500ff...
[  37.060]       <<< RX chan1 129B: 8000007d8301014f8e55000201528e55004f010901407f55000a0141805500ff...
[  37.060]       <<< RX chan1 145B: 8000008d830101528e5500010415c999410201558e55004f010901407f55000a...
[  37.110]       <<< RX chan1 141B: 80000089830101558e550001010c8055000101088055000201598e55004f0109...
[  37.110]       <<< RX chan1 129B: 8000007d830101598e550002015c8e55004f010901407f55000a0141805500ff...
[  37.110]       <<< RX chan1 129B: 8000007d8301015c8e550002015f8e55004f010901407f55000a0141805500ff...
[  37.161]   DUMMY -> send ping 77B
[  37.161]   DUMMY -> send sync 25B
[quic] DATAGRAM 33B: 03404500830510c9d8780100000000c9d878010000000000000000010000000000
[  37.161]       <<< RX chan1 156B: 800000988301015f8e55000201628e55004f010901407f55000a0141805500ff...
[  37.161]       <<< RX chan1 141B: 80000089830101628e55000101058055000101018055000201658e55004f0109...
[  37.161]       <<< RX chan1 129B: 8000007d830101658e55000201688e55004f010901407f55000a0141805500ff...
[  37.212]       <<< RX chan1 129B: 8000007d830101688e550002016b8e55004f010901407f55000a0141805500ff...
[  37.212]       <<< RX chan1 139B: 800000878301016b8e550002016e8e55004f010901407f55000a0141805500ff...
[  37.212]       <<< RX chan1 129B: 8000007d8301016e8e55000201718e55004f010901407f55000a0141805500ff...
[  37.262]       <<< RX chan1 139B: 80000087830101718e55000201748e55004f010901407f55000a0141805500ff...
[  37.262]       <<< RX chan1 129B: 8000007d830101748e55000201798e55004f010901407f55000a0141805500ff...
[  37.262]       <<< RX chan1 45B: 80000029830101798e55000101418055000101407f55000101408055000d0000...
[quic] DATAGRAM 36B: 05080003fa471501000000000100000000000000f21d4dc15e5d0600395011c005000000
[  37.282]   DUMMY <<< RX app=6 chan=1 81B: 8000004d0858fbbded5ddc184000000001505050505050505050505050505050...
[  37.282]       <<< RX chan1 11B: 800000078323485c5a0000
[  37.297]       <<< RX chan1 11B: 8000000783234c5c5a0000
[  37.348]       <<< RX chan1 17B: 8000000d830d000000000323505c5a0000
[  37.348]       <<< RX chan1 11B: 800000078323545c5a0000
[  37.348]       <<< RX chan1 126B: 8000007a8323545c5a001b01000000016a8955001b13000000016b895500016c...
[  37.398]       <<< RX chan1 17B: 8000000d8301013b8c5500235c5c5a0000
[  37.399]       <<< RX chan1 11B: 800000078323605c5a0000
[  37.399]       <<< RX chan1 11B: 800000078323645c5a0000
[  37.449]       <<< RX chan1 11B: 800000078323685c5a0000
[  37.449]       <<< RX chan1 21B: 80000011830d0000000000000afa0a236c5c5a0000
[  37.449]       <<< RX chan1 17B: 8000000d830d000000000223705c5a0000
[  37.500]       <<< RX chan1 11B: 800000078323745c5a0000
[  37.500]       <<< RX chan1 21B: 80000011830d00000000000000fc0023785c5a0000
[  37.500]       <<< RX chan1 11B: 8000000783237c5c5a0000
[  37.550]       <<< RX chan1 11B: 800000078323805c5a0000
[  37.550]       <<< RX chan1 240B: 800000ec831b0200000001ff8a550001008b5500030138895500a12701013089...
[  37.550]       <<< RX chan1 11B: 800000078323885c5a0000
[  37.550]       <<< RX chan1 23B: 80000013830104652edb040101748c5500238c5c5a0000
[  37.601]       <<< RX chan1 11B: 800000078323905c5a0000
[  37.601]       <<< RX chan1 27B: 80000017830d0000000000000af90b0d000000000323945c5a0000
[  37.601]       <<< RX chan1 11B: 800000078323985c5a0000
[quic] DATAGRAM 33B: 03404600830510cbda780100000000ccda78010000000000000000010000000000
[  37.651]       <<< RX chan1 11B: 8000000783239c5c5a0000
[  37.651]       <<< RX chan1 38B: 80000022830510cbda780100000000ccda780100000000000000000000000000...
[  37.651]       <<< RX chan1 11B: 800000078323a45c5a0000
[  37.702]       <<< RX chan1 17B: 8000000d830d000000000223a85c5a0000
[  37.702]       <<< RX chan1 21B: 80000011830d00000000000000fb0023ac5c5a0000
[  37.702]       <<< RX chan1 11B: 800000078323b05c5a0000
[  37.752]       <<< RX chan1 11B: 800000078323b45c5a0000
[  37.752]       <<< RX chan1 21B: 80000011830d0000000000000bf80c23b85c5a0000
[  37.752]       <<< RX chan1 11B: 800000078323bc5c5a0000
[  37.803]       <<< RX chan1 11B: 800000078323c05c5a0000
[  37.803]       <<< RX chan1 11B: 800000078323c45c5a0000
[  37.803]       <<< RX chan1 11B: 800000078323c85c5a0000
[  37.853]       <<< RX chan1 11B: 800000078323cc5c5a0000
[  37.853]       <<< RX chan1 11B: 800000078323d05c5a0000
[  37.853]       <<< RX chan1 23B: 80000013830101fe7f55000101fa7f550023d45c5a0000
[  37.903]       <<< RX chan1 11B: 800000078323d85c5a0000
[  37.903]       <<< RX chan1 21B: 80000011830d00000000000000fa0023dc5c5a0000
[  37.903]       <<< RX chan1 11B: 800000078323e05c5a0000
[  37.954]       <<< RX chan1 11B: 800000078323e45c5a0000
[  37.954]       <<< RX chan1 11B: 800000078323e85c5a0000
[  37.954]       <<< RX chan1 11B: 800000078323ec5c5a0000
[  38.004]       <<< RX chan1 55B: 80000033830204e708af2f5a01ff0000000080c718d840051224417474726962...
[  38.005]       <<< RX chan1 11B: 800000078323f45c5a0000
[  38.005]       <<< RX chan1 11B: 800000078323f85c5a0000
[  38.055]       <<< RX chan1 11B: 800000078323fc5c5a0000
[  38.055]       <<< RX chan1 11B: 800000078323005d5a0000
[  38.055]       <<< RX chan1 21B: 80000011830d00000000000000f90023045d5a0000
[  38.106]       <<< RX chan1 11B: 800000078323085d5a0000
[  38.106]       <<< RX chan1 11B: 8000000783230c5d5a0000
[  38.106]       <<< RX chan1 11B: 800000078323105d5a0000
[quic] DATAGRAM 33B: 03404700830510c0dc780100000000c0dc78010000000000000000010000000000
[  38.156]       <<< RX chan1 21B: 80000011830d00000000000010ff0723145d5a0000
[  38.156]       <<< RX chan1 38B: 80000022830510c0dc780100000000c0dc780100000000000000000000000000...
[  38.156]       <<< RX chan1 11B: 8000000783231c5d5a0000
[  38.207]   DUMMY -> send ping 77B
[  38.207]       <<< RX chan1 11B: 800000078323205d5a0000
[  38.207]       <<< RX chan1 11B: 800000078323245d5a0000
[  38.207]       <<< RX chan1 27B: 80000017831b0100000001ad8e55000d000000000323285d5a0000
[  38.257]       <<< RX chan1 21B: 80000011830d00000000000000f800232c5d5a0000
[  38.257]       <<< RX chan1 11B: 800000078323305d5a0000
[  38.257]       <<< RX chan1 11B: 800000078323345d5a0000
[  38.308]       <<< RX chan1 11B: 800000078323385d5a0000
[  38.308]       <<< RX chan1 11B: 8000000783233c5d5a0000
[  38.308]       <<< RX chan1 21B: 80000011830d00000000000011fe0723405d5a0000
[  38.327]   DUMMY <<< RX app=6 chan=1 81B: 8000004d0858fbbded5ddc184000000001505050505050505050505050505050...
[  38.327]       <<< RX chan1 11B: 800000078323445d5a0000
[  38.342]       <<< RX chan1 22B: 800000128323445d5a0001044583337423485d5a0000
[  38.393]       <<< RX chan1 11B: 8000000783234c5d5a0000
[  38.393]       <<< RX chan1 11B: 800000078323505d5a0000
[  38.393]       <<< RX chan1 11B: 800000078323545d5a0000
[  38.443]       <<< RX chan1 11B: 800000078323585d5a0000
[  38.443]       <<< RX chan1 17B: 8000000d830d0000000003235c5d5a0000
[  38.443]       <<< RX chan1 11B: 800000078323605d5a0000
[  38.493]       <<< RX chan1 11B: 800000078323645d5a0000
[  38.494]       <<< RX chan1 33B: 8000001d830d00000000000012fd070d00000000020d000000000123685d5a00...
[  38.494]       <<< RX chan1 11B: 8000000783236c5d5a0000
[  38.544]       <<< RX chan1 11B: 800000078323705d5a0000
[  38.544]       <<< RX chan1 11B: 800000078323745d5a0000
[  38.544]       <<< RX chan1 11B: 800000078323785d5a0000
[  38.594]       <<< RX chan1 11B: 8000000783237c5d5a0000
[  38.594]       <<< RX chan1 21B: 80000011831b0100000001cb8e550023805d5a0000
[  38.594]       <<< RX chan1 11B: 800000078323845d5a0000
[  38.644]       <<< RX chan1 11B: 800000078323885d5a0000
[  38.644]       <<< RX chan1 31B: 8000001b831b0100000004d88d61330d00000000000012fc08238c5d5a0000
[  38.644]       <<< RX chan1 17B: 8000000d830d000000000323905d5a0000
[quic] DATAGRAM 33B: 03404800830510c5de780100000000c5de78010000000000000000010000000000
[  38.695]       <<< RX chan1 38B: 80000022830510c5de780100000000c5de780100000000000000000000000000...
[  38.695]       <<< RX chan1 11B: 800000078323985d5a0000
[  38.695]       <<< RX chan1 11B: 8000000783239c5d5a0000
[  38.745]       <<< RX chan1 11B: 800000078323a05d5a0000
[  38.745]       <<< RX chan1 11B: 800000078323a45d5a0000
[  38.745]       <<< RX chan1 11B: 800000078323a85d5a0000
[  38.796]       <<< RX chan1 11B: 800000078323ac5d5a0000
[  38.796]       <<< RX chan1 50B: 8000002e831b0200000001eb8d550001ec8d550003018c265500a12701017f26...
[  38.796]       <<< RX chan1 11B: 800000078323b45d5a0000
[  38.846]       <<< RX chan1 11B: 800000078323b85d5a0000
[  38.846]       <<< RX chan1 11B: 800000078323bc5d5a0000
[  38.846]       <<< RX chan1 11B: 800000078323c05d5a0000
[  38.897]       <<< RX chan1 54B: 80000032831b0400000004db4670510494c71608040b653d61049e52e4740104...
[  38.897]       <<< RX chan1 11B: 800000078323c85d5a0000
[  38.897]       <<< RX chan1 11B: 800000078323cc5d5a0000
[  38.947]       <<< RX chan1 31B: 8000001b831b0100000001e18e55000d00000000000014fa0823d05d5a0000
[  38.947]       <<< RX chan1 11B: 800000078323d45d5a0000
[  38.947]       <<< RX chan1 17B: 8000000d830d000000000223d85d5a0000
[  38.998]       <<< RX chan1 21B: 80000011831b010000000464bebb0923dc5d5a0000
[  38.998]       <<< RX chan1 11B: 800000078323e05d5a0000
[  38.998]       <<< RX chan1 11B: 800000078323e45d5a0000
[  39.048]       <<< RX chan1 11B: 800000078323e85d5a0000
[  39.048]       <<< RX chan1 11B: 800000078323ec5d5a0000
[  39.048]       <<< RX chan1 21B: 80000011830d00000000000014f90923f05d5a0000
[  39.099]       <<< RX chan1 11B: 800000078323f45d5a0000
[  39.099]       <<< RX chan1 17B: 8000000d830d000000000323f85d5a0000
[  39.099]       <<< RX chan1 11B: 800000078323fc5d5a0000
[  39.149]       <<< RX chan1 11B: 800000078323005e5a0000
[  39.149]       <<< RX chan1 11B: 800000078323045e5a0000
[  39.149]       <<< RX chan1 11B: 800000078323085e5a0000
[  39.149]       <<< RX chan1 11B: 8000000783230c5e5a0000
[  39.199]   DUMMY -> send ping 77B
[quic] DATAGRAM 33B: 03404900830510c9e0780100000000c9e078010000000000000000010000000000
[  39.199]       <<< RX chan1 48B: 8000002c830d00000000000015f8090510c9e0780100000000c9e07801000000...
[  39.199]       <<< RX chan1 11B: 800000078323145e5a0000
[  39.250]       <<< RX chan1 21B: 80000011831b0100000001008f550023185e5a0000
[  39.250]       <<< RX chan1 11B: 8000000783231c5e5a0000
[  39.250]       <<< RX chan1 11B: 800000078323205e5a0000
[  39.250]       <<< RX chan1 11B: 800000078323245e5a0000
[  39.300]       <<< RX chan1 23B: 800000138301011f80550001011b80550023285e5a0000
[  39.300]       <<< RX chan1 21B: 80000011831b01000000010f8a5500232c5e5a0000
[  39.300]       <<< RX chan1 21B: 80000011831b01000000041a8f5f6f23305e5a0000
[  39.322]   DUMMY <<< RX app=6 chan=1 81B: 8000004d0858fbbded5ddc184000000001505050505050505050505050505050...
[  39.322]       <<< RX chan1 11B: 800000078323345e5a0000
[  39.337]       <<< RX chan1 16B: 8000000c8323345e5a0023385e5a0000
[  39.387]       <<< RX chan1 11B: 8000000783233c5e5a0000
[  39.387]       <<< RX chan1 11B: 800000078323405e5a0000
[  39.387]       <<< RX chan1 11B: 800000078323445e5a0000
[  39.438]       <<< RX chan1 11B: 800000078323485e5a0000
[  39.438]       <<< RX chan1 11B: 8000000783234c5e5a0000
[  39.438]       <<< RX chan1 11B: 800000078323505e5a0000
[  39.488]       <<< RX chan1 11B: 800000078323545e5a0000
[  39.488]       <<< RX chan1 21B: 80000011831b0100000001228f550023585e5a0000
[  39.488]       <<< RX chan1 11B: 8000000783235c5e5a0000
[  39.539]       <<< RX chan1 11B: 800000078323605e5a0000
[  39.539]       <<< RX chan1 11B: 800000078323645e5a0000
[  39.539]       <<< RX chan1 11B: 800000078323685e5a0000
[  39.589]       <<< RX chan1 11B: 8000000783236c5e5a0000
[  39.589]       <<< RX chan1 11B: 800000078323705e5a0000
[  39.589]       <<< RX chan1 11B: 800000078323745e5a0000
[  39.640]       <<< RX chan1 11B: 800000078323785e5a0000
[  39.640]       <<< RX chan1 21B: 80000011831b0100000004cb8e1132237c5e5a0000
[  39.640]       <<< RX chan1 11B: 800000078323805e5a0000
[quic] DATAGRAM 33B: 03404a00830510bde2780100000000bde278010000000000000000010000000000
[  39.690]       <<< RX chan1 11B: 800000078323845e5a0000
[  39.690]       <<< RX chan1 38B: 80000022830510bde2780100000000bde2780100000000000000000000000000...
[  39.690]       <<< RX chan1 11B: 8000000783238c5e5a0000
[  39.741]       <<< RX chan1 11B: 800000078323905e5a0000
[  39.741]       <<< RX chan1 21B: 80000011831b0100000001458f550023945e5a0000
[  39.741]       <<< RX chan1 11B: 800000078323985e5a0000
[  39.791]       <<< RX chan1 36B: 80000020831b0400000001bf8a550001c08a550001c18a5500013a8c5500239c...
[  39.791]       <<< RX chan1 11B: 800000078323a05e5a0000
[  39.791]       <<< RX chan1 11B: 800000078323a45e5a0000
[  39.842]       <<< RX chan1 11B: 800000078323a85e5a0000
[  39.842]       <<< RX chan1 1154B: 80000550830101077e55001b2000000001358055000136805500013780550001...
[  39.842]       <<< RX chan1 210B: 55002502ff06012172627861737365743a2f2f54657874757265732f53757065...
[  39.842]       <<< RX chan1 1154B: 80000546830201f69155002502ff020000000000000000000000000306011c72...
[  39.842]       <<< RX chan1 200B: 74657874757265732f53776f7264546578747572652e706e67ff01fd91550002...
[  39.842]       <<< RX chan1 946B: 8000054c83020118915500d101ff00012b687474703a2f2f7777772e726f626c...
[  39.842]       <<< RX chan1 414B: bae99be7280404ff01dc9155000201e79155000100ff000f01a0c5c49c99e12e...
[  39.842]       <<< RX chan1 732B: 800005208302013c9055005e00ff04c7ff011c90550002013e9055005a01ff00...
[  39.842]       <<< RX chan1 584B: 737365742f3f69643d35303737373638373905850902ff014d90550002014490...
[  39.842]       <<< RX chan1 1154B: 800005388302010e9255001100ff00011c726278617373657469643a2f2f3132...
[  39.842]       <<< RX chan1 186B: ff01189255000201db9155006300ff00650001d2d1513f9897173ffbfafa3e02...
[  39.842]       <<< RX chan1 915B: 8000038f830201b2915500d201ff01012b687474703a2f2f7777772e726f626c...
[  39.842]       <<< RX chan1 11B: 800000078323b05e5a0000
[  39.893]       <<< RX chan1 11B: 800000078323b45e5a0000
[  39.893]       <<< RX chan1 21B: 80000011831b01000000041e75572723b85e5a0000
[  39.893]       <<< RX chan1 11B: 800000078323bc5e5a0000
[  39.943]       <<< RX chan1 11B: 800000078323c05e5a0000
[  39.944]       <<< RX chan1 11B: 800000078323c45e5a0000
[  39.944]       <<< RX chan1 21B: 80000011831b0100000001638f550023c85e5a0000
[  39.994]       <<< RX chan1 11B: 800000078323cc5e5a0000
[  39.994]       <<< RX chan1 11B: 800000078323d05e5a0000
[  39.994]       <<< RX chan1 11B: 800000078323d45e5a0000
[  40.045]       <<< RX chan1 11B: 800000078323d85e5a0000
[  40.045]       <<< RX chan1 11B: 800000078323dc5e5a0000
[  40.045]       <<< RX chan1 11B: 800000078323e05e5a0000
[  40.095]       <<< RX chan1 21B: 80000011831b010000000495bccc6923e45e5a0000
[  40.095]       <<< RX chan1 11B: 800000078323e85e5a0000
[  40.095]       <<< RX chan1 239B: 800000eb830301dd5d5500a12701017c5b55000201ab9255002902ffff01de5d...
[  40.146]       <<< RX chan1 109B: 80000069830204a944e86c5002ff000000c07f0000803f000000000518244174...
[  40.146]       <<< RX chan1 21B: 80000011831b01000000017d92550023f45e5a0000
[  40.146]       <<< RX chan1 11B: 800000078323f85e5a0000
[  40.196]   DUMMY -> send ping 77B
[quic] DATAGRAM 33B: 03404b00830510b2e4780100000000b2e478010000000000000000010000000000
[  40.196]       <<< RX chan1 11B: 800000078323fc5e5a0000
[  40.196]       <<< RX chan1 38B: 80000022830510b2e4780100000000b2e4780100000000000000000000000000...
[  40.196]       <<< RX chan1 11B: 800000078323045f5a0000
[  40.246]       <<< RX chan1 11B: 800000078323085f5a0000
[  40.246]       <<< RX chan1 11B: 8000000783230c5f5a0000
[  40.246]       <<< RX chan1 11B: 800000078323105f5a0000
[  40.297]       <<< RX chan1 11B: 800000078323145f5a0000
[  40.297]       <<< RX chan1 11B: 800000078323185f5a0000
[  40.297]       <<< RX chan1 11B: 8000000783231c5f5a0000
[  40.318]   DUMMY <<< RX app=6 chan=1 81B: 8000004d0858fbbded5ddc184000000001505050505050505050505050505050...
[  40.319]       <<< RX chan1 21B: 80000011831b0100000004cde01f7a23205f5a0000
[  40.319]       <<< RX chan1 21B: 80000011831b01000000019e92550023245f5a0000
[  40.334]       <<< RX chan1 16B: 8000000c8323245f5a0023285f5a0000
[  40.385]       <<< RX chan1 11B: 8000000783232c5f5a0000
[  40.385]       <<< RX chan1 11B: 800000078323305f5a0000
[  40.385]       <<< RX chan1 11B: 800000078323345f5a0000
[  40.435]       <<< RX chan1 11B: 800000078323385f5a0000
[  40.435]       <<< RX chan1 11B: 8000000783233c5f5a0000
[  40.485]       <<< RX chan1 11B: 800000078323405f5a0000
[  40.486]       <<< RX chan1 11B: 800000078323445f5a0000
[  40.486]       <<< RX chan1 11B: 800000078323485f5a0000
[  40.486]       <<< RX chan1 21B: 80000011831b0100000001c0925500234c5f5a0000
[  40.536]       <<< RX chan1 11B: 800000078323505f5a0000
[  40.536]       <<< RX chan1 11B: 800000078323545f5a0000
[  40.536]       <<< RX chan1 11B: 800000078323585f5a0000
[  40.586]       <<< RX chan1 26B: 80000016831b0200000004207a1b5304ca08a438235c5f5a0000
[  40.586]       <<< RX chan1 11B: 800000078323605f5a0000
[  40.586]       <<< RX chan1 11B: 800000078323645f5a0000
[  40.637]       <<< RX chan1 11B: 800000078323685f5a0000
[  40.637]       <<< RX chan1 11B: 8000000783236c5f5a0000
[  40.637]       <<< RX chan1 21B: 80000011831b0100000001d392550023705f5a0000
[quic] DATAGRAM 33B: 03404c00830510b6e6780100000000b6e678010000000000000000010000000000
[  40.687]       <<< RX chan1 11B: 800000078323745f5a0000
[  40.687]       <<< RX chan1 11B: 800000078323785f5a0000
[  40.687]       <<< RX chan1 38B: 80000022830510b6e6780100000000b6e6780100000000000000000000000000...
[  40.738]       <<< RX chan1 81B: 8000004d83020107935500cb00ff000024744901000040410460d721c30040e6...
[  40.738]       <<< RX chan1 11B: 800000078323845f5a0000
[  40.738]       <<< RX chan1 11B: 800000078323885f5a0000
[  40.788]       <<< RX chan1 11B: 8000000783238c5f5a0000
[  40.789]       <<< RX chan1 39B: 80000023831b0100000001e6925500070437bf206e5b1400070437bf206e5614...
[  40.789]       <<< RX chan1 132B: 80000080830d000000000000fd01fe0d01000000610000005800000028b52ffd...
[  40.839]       <<< RX chan1 11B: 800000078323985f5a0000
[  40.839]       <<< RX chan1 21B: 80000011831b01000000043578481c239c5f5a0000
[  40.839]       <<< RX chan1 11B: 800000078323a05f5a0000
[  40.889]       <<< RX chan1 11B: 800000078323a45f5a0000
[  40.890]       <<< RX chan1 11B: 800000078323a85f5a0000
[  40.890]       <<< RX chan1 21B: 80000011831b0100000001f592550023ac5f5a0000
[  40.940]       <<< RX chan1 21B: 80000011830d000000000000fd02fe23b05f5a0000
[  40.940]       <<< RX chan1 179B: 800000af830204aee010415a01ff00000000608419d840051224417474726962...
[  40.940]       <<< RX chan1 37B: 80000021830d000000000000fe02fe0d000000000000fd02ff0d000000000323...
[  40.990]       <<< RX chan1 11B: 800000078323bc5f5a0000
[  40.990]       <<< RX chan1 11B: 800000078323c05f5a0000
[  40.990]       <<< RX chan1 11B: 800000078323c45f5a0000
[  41.041]       <<< RX chan1 21B: 80000011831b01000000010593550023c85f5a0000
[  41.041]       <<< RX chan1 43B: 80000027830d000000000000fd03fe0d00000000030d000000000000fd03ff0d...
[  41.041]       <<< RX chan1 11B: 800000078323d05f5a0000
[  41.091]       <<< RX chan1 11B: 800000078323d45f5a0000
[  41.091]       <<< RX chan1 11B: 800000078323d85f5a0000
[  41.091]       <<< RX chan1 11B: 800000078323dc5f5a0000
[  41.141]       <<< RX chan1 21B: 80000011831b0100000004d2ef0e4523e05f5a0000
[  41.141]       <<< RX chan1 11B: 800000078323e45f5a0000
[  41.141]       <<< RX chan1 17B: 8000000d830d000000000123e85f5a0000
[  41.192]   DUMMY -> send ping 77B
[quic] DATAGRAM 33B: 03404d00830510abe8780100000000abe878010000000000000000010000000000
[  41.192]       <<< RX chan1 248B: 800000f4830d0000000000000101ff0d00000000030d000000000000fe01030d...
[  41.192]       <<< RX chan1 37B: 80000021830d000000000000fd01fd0d000000000000ff00040d000000000123...
[  41.192]       <<< RX chan1 38B: 80000022830510abe8780100000000abe8780100000000000000000000000000...
[  41.242]       <<< RX chan1 11B: 800000078323f85f5a0000
[  41.242]       <<< RX chan1 11B: 800000078323fc5f5a0000
[  41.242]       <<< RX chan1 11B: 80000007832300605a0000
[  41.293]       <<< RX chan1 11B: 80000007832304605a0000
[  41.293]       <<< RX chan1 31B: 8000001b830d000000000000fe05ff0d000000000000ff01052308605a0000
[  41.293]       <<< RX chan1 21B: 80000011831b01000000047db4d256230c605a0000
[  41.314]   DUMMY <<< RX app=6 chan=1 81B: 8000004d0858fbbded5ddc184000000001505050505050505050505050505050...
[  41.314]       <<< RX chan1 21B: 80000011830d000000000000fd02fd2310605a0000
[  41.330]       <<< RX chan1 11B: 80000007832314605a0000
[  41.380]       <<< RX chan1 16B: 8000000c832314605a002318605a0000
[  41.380]       <<< RX chan1 11B: 8000000783231c605a0000
[  41.380]       <<< RX chan1 11B: 80000007832320605a0000
[  41.431]       <<< RX chan1 11B: 80000007832324605a0000
[  41.431]       <<< RX chan1 37B: 80000021830d000000000000fe06ff0d000000000000fe05000d000000000123...
[  41.431]       <<< RX chan1 11B: 8000000783232c605a0000
[  41.481]       <<< RX chan1 11B: 80000007832330605a0000
[  41.481]       <<< RX chan1 21B: 80000011831b0100000004d9881c602334605a0000
[  41.481]       <<< RX chan1 11B: 80000007832338605a0000
[  41.532]       <<< RX chan1 11B: 8000000783233c605a0000
[  41.532]       <<< RX chan1 17B: 8000000d830d00000000032340605a0000
[  41.532]       <<< RX chan1 11B: 80000007832344605a0000
[  41.582]       <<< RX chan1 11B: 80000007832348605a0000
[  41.583]       <<< RX chan1 27B: 80000017830d000000000000fe07000d0000000003234c605a0000
[  41.583]       <<< RX chan1 11B: 80000007832350605a0000
[  41.633]       <<< RX chan1 11B: 80000007832354605a0000
[  41.633]       <<< RX chan1 21B: 80000011830d000000000000fe02fd2358605a0000
[  41.633]       <<< RX chan1 11B: 8000000783235c605a0000
[  41.633]       <<< RX chan1 11B: 80000007832360605a0000
[  41.684]       <<< RX chan1 11B: 80000007832364605a0000
[  41.684]       <<< RX chan1 21B: 80000011831b0100000004424019192368605a0000
[quic] DATAGRAM 33B: 03404e00830510afea780100000000afea78010000000000000000010000000000
[  41.734]       <<< RX chan1 11B: 8000000783236c605a0000
[  41.734]       <<< RX chan1 48B: 8000002c830d000000000000ff08000510afea780100000000afea7801000000...
[  41.734]       <<< RX chan1 11B: 80000007832374605a0000
[  41.734]       <<< RX chan1 11B: 80000007832378605a0000
[  41.785]       <<< RX chan1 11B: 8000000783237c605a0000
[  41.785]       <<< RX chan1 11B: 80000007832380605a0000
[  41.785]       <<< RX chan1 11B: 80000007832384605a0000
[  41.835]       <<< RX chan1 11B: 80000007832388605a0000
[  41.835]       <<< RX chan1 11B: 8000000783238c605a0000
[  41.835]       <<< RX chan1 21B: 80000011831b01000000044f0289792390605a0000
[  41.886]       <<< RX chan1 11B: 80000007832394605a0000
[  41.886]       <<< RX chan1 33B: 8000001d830d00000000010d000000000000ff08010d00000000012398605a00...
[  41.886]       <<< RX chan1 11B: 8000000783239c605a0000
[  41.936]       <<< RX chan1 11B: 800000078323a0605a0000
[  41.936]       <<< RX chan1 11B: 800000078323a4605a0000
[  41.936]       <<< RX chan1 11B: 800000078323a8605a0000
[  41.987]       <<< RX chan1 11B: 800000078323ac605a0000
[  41.987]       <<< RX chan1 11B: 800000078323b0605a0000
[  41.987]       <<< RX chan1 11B: 800000078323b4605a0000
[  42.037]       <<< RX chan1 21B: 80000011831b0100000004c5b0575223b8605a0000
[  42.037]       <<< RX chan1 11B: 800000078323bc605a0000
[  42.037]       <<< RX chan1 11B: 800000078323c0605a0000
[  42.088]       <<< RX chan1 17B: 8000000d830d000000000123c4605a0000
[  42.088]       <<< RX chan1 11B: 800000078323c8605a0000
[  42.088]       <<< RX chan1 11B: 800000078323cc605a0000
[  42.138]       <<< RX chan1 11B: 800000078323d0605a0000
[  42.138]       <<< RX chan1 11B: 800000078323d4605a0000
[  42.138]       <<< RX chan1 11B: 800000078323d8605a0000
[  42.189]   DUMMY -> send ping 77B
[  42.189]   DUMMY -> send sync 25B
[  42.189]       <<< RX chan1 11B: 800000078323dc605a0000
[  42.189]       <<< RX chan1 11B: 800000078323e0605a0000
[  42.189]       <<< RX chan1 11B: 800000078323e4605a0000
[quic] DATAGRAM 33B: 03404f00830510a3ec780100000000a3ec78010000000000000000010000000000
[  42.240]       <<< RX chan1 38B: 80000022830510a3ec780100000000a3ec780100000000000000000000000000...
[  42.240]       <<< RX chan1 11B: 800000078323ec605a0000
[  42.240]       <<< RX chan1 11B: 800000078323f0605a0000
[  42.290]       <<< RX chan1 21B: 80000011830d000000000000fe02fc23f4605a0000
[  42.291]       <<< RX chan1 11B: 800000078323f8605a0000
[  42.291]       <<< RX chan1 11B: 800000078323fc605a0000
[quic] DATAGRAM 36B: 05090003fa4715010000000000000000000000008bd699c15e5d0600d2085ec005000000
[  42.309]   DUMMY <<< RX app=6 chan=1 81B: 8000004d0858fbbded5ddc184000000001505050505050505050505050505050...
[  42.309]       <<< RX chan1 11B: 80000007832300615a0000
[  42.325]       <<< RX chan1 11B: 80000007832304615a0000
[  42.375]       <<< RX chan1 16B: 8000000c832304615a002308615a0000
[  42.375]       <<< RX chan1 11B: 8000000783230c615a0000
[  42.375]       <<< RX chan1 11B: 80000007832310615a0000
[  42.426]       <<< RX chan1 21B: 80000011831b010000000405731a272314615a0000
[  42.426]       <<< RX chan1 11B: 80000007832318615a0000
[  42.426]       <<< RX chan1 11B: 8000000783231c615a0000
[  42.476]       <<< RX chan1 11B: 80000007832320615a0000
[  42.476]       <<< RX chan1 11B: 80000007832324615a0000
[  42.476]       <<< RX chan1 11B: 80000007832328615a0000
[  42.527]       <<< RX chan1 11B: 8000000783232c615a0000
[  42.527]       <<< RX chan1 21B: 80000011830d00000000000006ff132330615a0000
[  42.527]       <<< RX chan1 17B: 8000000d830d00000000032334615a0000
[  42.577]       <<< RX chan1 11B: 80000007832338615a0000
[  42.577]       <<< RX chan1 21B: 80000011830d000000000000fe01fc233c615a0000
[  42.577]       <<< RX chan1 11B: 80000007832340615a0000
[  42.627]       <<< RX chan1 21B: 80000011830d00000000000007ff142344615a0000
[  42.627]       <<< RX chan1 11B: 80000007832348615a0000
[  42.627]       <<< RX chan1 11B: 8000000783234c615a0000
[  42.678]       <<< RX chan1 11B: 80000007832350615a0000
[  42.678]       <<< RX chan1 11B: 80000007832354615a0000
[  42.678]       <<< RX chan1 11B: 80000007832358615a0000
[quic] DATAGRAM 33B: 03405000830510a7ee780100000000a7ee78010000000000000000010000000000
[  42.729]       <<< RX chan1 23B: 80000013830d00000000020d0000000003235c615a0000
[  42.729]       <<< RX chan1 11B: 80000007832360615a0000
[  42.729]       <<< RX chan1 38B: 80000022830510a7ee780100000000a7ee780100000000000000000000000000...
[  42.779]       <<< RX chan1 11B: 80000007832368615a0000
[  42.779]       <<< RX chan1 11B: 8000000783236c615a0000
[  42.779]       <<< RX chan1 17B: 8000000d830d00000000022370615a0000
[  42.830]       <<< RX chan1 11B: 80000007832374615a0000
[  42.830]       <<< RX chan1 21B: 80000011830d00000000000008fe162378615a0000
[  42.830]       <<< RX chan1 11B: 8000000783237c615a0000
[  42.880]       <<< RX chan1 11B: 80000007832380615a0000
[  42.880]       <<< RX chan1 33B: 8000001d830d00000000030d00000000000008fe170d00000000032384615a00...
[  42.880]       <<< RX chan1 11B: 80000007832388615a0000
[  42.930]       <<< RX chan1 11B: 8000000783238c615a0000
[  42.930]       <<< RX chan1 11B: 80000007832390615a0000
[  42.930]       <<< RX chan1 11B: 80000007832394615a0000
[  42.981]       <<< RX chan1 21B: 80000011830d000000000000ff01fc2398615a0000
[  42.981]       <<< RX chan1 21B: 80000011830d00000000000009fe18239c615a0000
[  42.981]       <<< RX chan1 277B: 800001118302042c1c39432b00ff0000f3ab410030e43f20fba9c2020615526f...
[  43.031]       <<< RX chan1 11B: 800000078323a4615a0000
[  43.031]       <<< RX chan1 11B: 800000078323a8615a0000
[  43.031]       <<< RX chan1 11B: 800000078323ac615a0000
[  43.081]       <<< RX chan1 21B: 80000011830d0000000000000afe1923b0615a0000
[  43.081]       <<< RX chan1 46B: 8000002a831b0400000004e590065604ead3053a0484d0c2590407028f550d00...
[  43.081]       <<< RX chan1 11B: 800000078323b8615a0000
[  43.132]       <<< RX chan1 11B: 800000078323bc615a0000
[  43.132]       <<< RX chan1 11B: 800000078323c0615a0000
[  43.132]       <<< RX chan1 17B: 8000000d830d000000000223c4615a0000
[  43.182]   DUMMY -> send ping 77B
[  43.183]       <<< RX chan1 11B: 800000078323c8615a0000
[  43.183]       <<< RX chan1 11B: 800000078323cc615a0000
[  43.183]       <<< RX chan1 21B: 80000011831b01000000047f0d046123d0615a0000
[  43.183]       <<< RX chan1 11B: 800000078323d4615a0000
[  43.233]       <<< RX chan1 17B: 8000000d830d000000000323d8615a0000
[  43.233]       <<< RX chan1 17B: 8000000d830d000000000223dc615a0000
[quic] DATAGRAM 33B: 03405100830510acf0780100000000acf078010000000000000000010000000000
[  43.283]       <<< RX chan1 38B: 80000022830510acf0780100000000acf0780100000000000000000000000000...
[  43.283]       <<< RX chan1 21B: 80000011830d0000000000000bfc1b23e4615a0000
[  43.283]       <<< RX chan1 11B: 800000078323e8615a0000
[  43.283]       <<< RX chan1 11B: 800000078323ec615a0000
[  43.304]   DUMMY <<< RX app=6 chan=1 81B: 8000004d0858fbbded5ddc184000000001505050505050505050505050505050...
[  43.304]       <<< RX chan1 17B: 8000000d830d000000000223f0615a0000
[  43.320]       <<< RX chan1 21B: 80000011830d000000000000fffffb23f4615a0000
[  43.370]       <<< RX chan1 16B: 8000000c8323f4615a0023f8615a0000
[  43.370]       <<< RX chan1 1154B: 80001ac3830301fc915500a1270101bb8f550002016d9455002902ffff01fd91...
[  43.370]       <<< RX chan1 1154B: c74728791ada7bb3f84e9bd8dfe90c4d264d8af39b16b099f39197fbfb15cfee...
[  43.370]       <<< RX chan1 1154B: 09e6332aece82d2518bdcdb4aa325b294479feff83705126ca510d60cdaa8539...
[  43.370]       <<< RX chan1 1154B: 7a388d680181db64a542a954c23e407dff7c6fad04c2ba257af2b504643ecb03...
[  43.370]       <<< RX chan1 1154B: 83ffbbdbdfe9049863b4e47a84ea9a1bd87f91fdfdaa0153812f6deab724ab5c...
[  43.370]       <<< RX chan1 1085B: c1aaae92d130006847cc046f67dcb1d17e1e1f20a054086365b47b0b59839bc2...
[  43.370]       <<< RX chan1 11B: 800000078323fc615a0000
[  43.370]       <<< RX chan1 119B: 80000073830204bd66d3095002ff000000c07f0000803f000000000518244174...
[  43.421]       <<< RX chan1 17B: 8000000d830d00000000022304625a0000
[  43.421]       <<< RX chan1 11B: 80000007832308625a0000
[  43.421]       <<< RX chan1 11B: 8000000783230c625a0000
[  43.471]       <<< RX chan1 21B: 80000011830d0000000000000cfb1d2310625a0000
[  43.471]       <<< RX chan1 21B: 80000011830d000000000000fffefb2314625a0000
[  43.471]       <<< RX chan1 29B: 80000019830701fe9155005b14000701fe9155005614012318625a0000
[  43.522]       <<< RX chan1 21B: 80000011830d0000000000000cfb1e231c625a0000
[  43.522]       <<< RX chan1 47B: 8000002b830701fe9155005b14000701fe9155005614010701fe9155005b1400...
[  43.522]       <<< RX chan1 11B: 80000007832324625a0000
[  43.572]       <<< RX chan1 17B: 8000000d830d00000000032328625a0000
[  43.572]       <<< RX chan1 11B: 8000000783232c625a0000
[  43.572]       <<< RX chan1 17B: 8000000d830d00000000022330625a0000
[  43.622]       <<< RX chan1 11B: 80000007832334625a0000
[  43.622]       <<< RX chan1 11B: 80000007832338625a0000
[  43.622]       <<< RX chan1 21B: 80000011830d0000000000000dfa1f233c625a0000
[  43.673]       <<< RX chan1 17B: 8000000d830101079355002340625a0000
[  43.673]       <<< RX chan1 49B: 8000002d830701fe9155005b14000701fe9155005614010d000000000000fffd...
[  43.673]       <<< RX chan1 11B: 80000007832348625a0000
[  43.723]       <<< RX chan1 47B: 8000002b830701fe9155005b14000701fe9155005614010701fe9155005b1400...
[  43.723]       <<< RX chan1 17B: 8000000d830d00000000032350625a0000
[  43.723]       <<< RX chan1 11B: 80000007832354625a0000
[quic] DATAGRAM 33B: 03405200830510a0f2780100000000a1f278010000000000000000010000000000
[  43.774]       <<< RX chan1 48B: 8000002c831b0100000004ddeee77b0510a0f2780100000000a1f27801000000...
[  43.774]       <<< RX chan1 17B: 8000000d830d0000000002235c625a0000
[  43.774]       <<< RX chan1 361B: 80000165830d00000000000000fefe0d0000000000000ef9210d050000003c01...
[  43.824]       <<< RX chan1 29B: 80000019830701fe9155005b14000701fe9155005614012364625a0000
[  43.824]       <<< RX chan1 11B: 80000007832368625a0000
[  43.824]       <<< RX chan1 11B: 8000000783236c625a0000
[  43.875]       <<< RX chan1 31B: 8000001b830d000000000000fffcfb0d0000000000000ef9222370625a0000
[  43.875]       <<< RX chan1 11B: 80000007832374625a0000
[  43.875]       <<< RX chan1 17B: 8000000d830d00000000032378625a0000
[  43.925]       <<< RX chan1 11B: 8000000783237c625a0000
[  43.925]       <<< RX chan1 11B: 80000007832380625a0000
[  43.925]       <<< RX chan1 21B: 80000011830d0000000000000ff8232384625a0000
[  43.976]       <<< RX chan1 11B: 80000007832388625a0000
[  43.976]       <<< RX chan1 11B: 8000000783238c625a0000
[  43.976]       <<< RX chan1 11B: 80000007832390625a0000
[  44.026]       <<< RX chan1 11B: 80000007832394625a0000
[  44.026]       <<< RX chan1 21B: 80000011830d000000000000fffbfb2398625a0000
[  44.026]       <<< RX chan1 17B: 8000000d8301017d365500239c625a0000
[  44.077]       <<< RX chan1 11B: 800000078323a0625a0000
[  44.077]       <<< RX chan1 11B: 800000078323a4625a0000
[  44.077]       <<< RX chan1 40B: 80000024831b0200000001ad92550001ae9255000301dd5d5500a1270101d55d...
[  44.127]       <<< RX chan1 11B: 800000078323ac625a0000
[  44.128]       <<< RX chan1 21B: 80000011830d00000000000000fdfe23b0625a0000
[  44.128]       <<< RX chan1 11B: 800000078323b4625a0000
[  44.178]   DUMMY -> send ping 77B
[  44.178]       <<< RX chan1 11B: 800000078323b8625a0000
[  44.178]       <<< RX chan1 21B: 80000011830d000000000000fffafb23bc625a0000
[  44.178]       <<< RX chan1 11B: 800000078323c0625a0000
[  44.229]       <<< RX chan1 11B: 800000078323c4625a0000
[  44.229]       <<< RX chan1 11B: 800000078323c8625a0000
[  44.229]       <<< RX chan1 11B: 800000078323cc625a0000
[quic] DATAGRAM 33B: 0340530083051095f478010000000095f478010000000000000000010000000000
[  44.279]       <<< RX chan1 256B: 800000fc8303018c265500a1270101442555000201ea9455002902ffff018d26...
[  44.279]       <<< RX chan1 21B: 80000011831b0100000004f05b343023d4625a0000
[  44.279]       <<< RX chan1 11B: 800000078323d8625a0000
[  44.300]   DUMMY <<< RX app=6 chan=1 81B: 8000004d0858fbbded5ddc184000000001505050505050505050505050505050...
[  44.300]       <<< RX chan1 17B: 8000000d830d000000000323dc625a0000
[  44.300]       <<< RX chan1 27B: 80000017830d000000000000fff9fb0d000000000323e0625a0000
[  44.318]       <<< RX chan1 11B: 800000078323e4625a0000
[  44.368]       <<< RX chan1 16B: 8000000c8323e4625a0023e8625a0000
[  44.368]       <<< RX chan1 11B: 800000078323ec625a0000
[  44.368]       <<< RX chan1 27B: 80000017830d00000000000000fcfd0d000000000223f0625a0000
[  44.419]       <<< RX chan1 11B: 800000078323f4625a0000
[  44.419]       <<< RX chan1 21B: 80000011830d00000000000000f9fa23f8625a0000
[  44.419]       <<< RX chan1 11B: 800000078323fc625a0000
[  44.469]       <<< RX chan1 27B: 80000017830d00000000000000f8fa0d00000000022300635a0000
[  44.469]       <<< RX chan1 11B: 80000007832304635a0000
[  44.469]       <<< RX chan1 11B: 80000007832308635a0000
[  44.520]       <<< RX chan1 11B: 8000000783230c635a0000
[  44.520]       <<< RX chan1 11B: 80000007832310635a0000
[  44.520]       <<< RX chan1 11B: 80000007832314635a0000
[  44.570]       <<< RX chan1 17B: 8000000d830101016a55002318635a0000
[  44.570]       <<< RX chan1 11B: 8000000783231c635a0000
[  44.570]       <<< RX chan1 11B: 80000007832320635a0000
[  44.620]       <<< RX chan1 21B: 80000011830d00000000000000fbfd2324635a0000
[  44.620]       <<< RX chan1 11B: 80000007832328635a0000
[  44.620]       <<< RX chan1 11B: 8000000783232c635a0000
[  44.671]       <<< RX chan1 21B: 80000011831b01000000040adde05e2330635a0000
[  44.671]       <<< RX chan1 11B: 80000007832334635a0000
[  44.671]       <<< RX chan1 11B: 80000007832338635a0000
[  44.721]       <<< RX chan1 11B: 8000000783233c635a0000
[  44.721]       <<< RX chan1 11B: 80000007832340635a0000
[  44.721]       <<< RX chan1 11B: 80000007832344635a0000
[quic] DATAGRAM 33B: 0340540083051099f678010000000099f678010000000000000000010000000000
[  44.772]       <<< RX chan1 11B: 80000007832348635a0000
[  44.772]       <<< RX chan1 38B: 8000002283051099f678010000000099f6780100000000000000000000000000...
[  44.772]       <<< RX chan1 21B: 80000011830d00000000000000fafd2350635a0000
[  44.822]       <<< RX chan1 11B: 80000007832354635a0000
[  44.822]       <<< RX chan1 11B: 80000007832358635a0000
[  44.822]       <<< RX chan1 11B: 8000000783235c635a0000
[  44.873]       <<< RX chan1 11B: 80000007832360635a0000
[  44.873]       <<< RX chan1 26B: 80000016831b020000000416fe3d0e04e38a601d2364635a0000
[  44.873]       <<< RX chan1 11B: 80000007832368635a0000
[  44.923]       <<< RX chan1 11B: 8000000783236c635a0000
[  44.923]       <<< RX chan1 239B: 800000eb831b0100000004a932692a030100325500a1270101e92f5500020147...
[  44.923]       <<< RX chan1 11B: 80000007832374635a0000
[  44.974]       <<< RX chan1 21B: 80000011830d00000000000000f9fd2378635a0000
[  44.974]       <<< RX chan1 11B: 8000000783237c635a0000
[  44.974]       <<< RX chan1 11B: 80000007832380635a0000
[  45.024]       <<< RX chan1 11B: 80000007832384635a0000
[  45.024]       <<< RX chan1 11B: 80000007832388635a0000
[  45.024]       <<< RX chan1 27B: 80000017830d00000000000015ff0f0d0000000003238c635a0000
[  45.075]       <<< RX chan1 11B: 80000007832390635a0000
[  45.075]       <<< RX chan1 36B: 80000020831b04000000040be5733004bc0e791f042dfb543d04d011fc392394...
[  45.075]       <<< RX chan1 11B: 80000007832398635a0000
[  45.125]       <<< RX chan1 11B: 8000000783239c635a0000
[  45.125]       <<< RX chan1 21B: 80000011830d00000000000000f8fd23a0635a0000
[  45.125]       <<< RX chan1 21B: 80000011831b0100000004977ed14e23a4635a0000
[  45.175]   DUMMY -> send ping 77B
[  45.176]       <<< RX chan1 11B: 800000078323a8635a0000
[  45.176]       <<< RX chan1 11B: 800000078323ac635a0000
[  45.176]       <<< RX chan1 33B: 8000001d830d00000000000016fe0f0d00000000020d000000000123b0635a00...
[  45.226]       <<< RX chan1 11B: 800000078323b4635a0000
[  45.226]       <<< RX chan1 11B: 800000078323b8635a0000
[  45.226]       <<< RX chan1 17B: 8000000d830104cb67581123bc635a0000
[quic] DATAGRAM 33B: 034055008305108df87801000000008df878010000000000000000010000000000
[  45.277]       <<< RX chan1 21B: 80000011830d00000000000017fe1023c0635a0000
[  45.277]       <<< RX chan1 48B: 8000002c831b01000000014f95550005108df87801000000008df87801000000...
[  45.277]       <<< RX chan1 11B: 800000078323c8635a0000
[  45.296]   DUMMY <<< RX app=6 chan=1 81B: 8000004d0858fbbded5ddc184000000001505050505050505050505050505050...
[  45.296]       <<< RX chan1 21B: 80000011831b01000000043f4b985723cc635a0000
[  45.312]       <<< RX chan1 11B: 800000078323d0635a0000
[  45.362]       <<< RX chan1 11B: 800000078323d4635a0000
[  45.362]       <<< RX chan1 26B: 800000168323d4635a000d00000000000017fd1023d8635a0000
[  45.362]       <<< RX chan1 11B: 800000078323dc635a0000
[  45.413]       <<< RX chan1 11B: 800000078323e0635a0000
[  45.413]       <<< RX chan1 11B: 800000078323e4635a0000
[  45.413]       <<< RX chan1 17B: 8000000d830d000000000223e8635a0000
[  45.463]       <<< RX chan1 27B: 80000017830d00000000000018fd100d000000000223ec635a0000
[  45.463]       <<< RX chan1 11B: 800000078323f0635a0000
[  45.463]       <<< RX chan1 21B: 80000011830d00000000000018fc1123f4635a0000
[  45.514]       <<< RX chan1 11B: 800000078323f8635a0000
[  45.514]       <<< RX chan1 11B: 800000078323fc635a0000
[  45.514]       <<< RX chan1 29B: 800000198307042cc5eb1a5b140007042cc5eb1a5614012300645a0000
[  45.564]       <<< RX chan1 11B: 80000007832304645a0000
[  45.564]       <<< RX chan1 11B: 80000007832308645a0000
[  45.564]       <<< RX chan1 11B: 8000000783230c645a0000
[  45.615]       <<< RX chan1 11B: 80000007832310645a0000
[  45.615]       <<< RX chan1 11B: 80000007832314645a0000
[  45.615]       <<< RX chan1 33B: 8000001d830d00000000000018fb110d00000000030d00000000012318645a00...
[  45.665]       <<< RX chan1 21B: 80000011831b010000000166955500231c645a0000
[  45.665]       <<< RX chan1 27B: 80000017830d00000000000018fb120d00000000032320645a0000
[  45.665]       <<< RX chan1 11B: 80000007832324645a0000
[  45.716]       <<< RX chan1 11B: 80000007832328645a0000
[  45.716]       <<< RX chan1 40B: 80000024831b0200000001ec94550001ed94550003018c265500a12700017f26...
[  45.716]       <<< RX chan1 11B: 80000007832330645a0000
[quic] DATAGRAM 33B: 0340560083051091fa78010000000091fa78010000000000000000010000000000
[  45.766]       <<< RX chan1 21B: 80000011830d00000000000019fa122334645a0000
[  45.766]       <<< RX chan1 23B: 80000013830104795098390101399455002338645a0000
[  45.766]       <<< RX chan1 11B: 8000000783233c645a0000
[  45.766]       <<< RX chan1 38B: 8000002283051091fa78010000000091fa780100000000000000000000000000...
[  45.817]       <<< RX chan1 11B: 80000007832344645a0000
[  45.817]       <<< RX chan1 11B: 80000007832348645a0000
[  45.867]       <<< RX chan1 33B: 8000001d830d00000000000019f9120d00000000030d0000000001234c645a00...
[  45.867]       <<< RX chan1 11B: 80000007832350645a0000
[  45.867]       <<< RX chan1 11B: 80000007832354645a0000
[  45.867]       <<< RX chan1 21B: 80000011830d0000000000001af9132358645a0000
[  45.918]       <<< RX chan1 240B: 800000ec831b02000000016f94550001709455000301fc915500a1270101e991...
[  45.918]       <<< RX chan1 11B: 80000007832360645a0000
[  45.918]       <<< RX chan1 11B: 80000007832364645a0000
[  45.968]       <<< RX chan1 21B: 80000011830d0000000000001af8132368645a0000
[  45.968]       <<< RX chan1 21B: 80000011831b010000000181955500236c645a0000
[  45.968]       <<< RX chan1 11B: 80000007832370645a0000
[  46.019]       <<< RX chan1 11B: 80000007832374645a0000
[  46.019]       <<< RX chan1 11B: 80000007832378645a0000
[  46.019]       <<< RX chan1 17B: 8000000d830d0000000003237c645a0000
[  46.069]       <<< RX chan1 42B: 80000026831b04000000018b8e5500018c8e5500018d8e550001069355000101...
[  46.069]       <<< RX chan1 11B: 80000007832384645a0000
[  46.069]       <<< RX chan1 11B: 80000007832388645a0000
[  46.120]       <<< RX chan1 11B: 8000000783238c645a0000
[  46.120]       <<< RX chan1 11B: 80000007832390645a0000
[  46.120]       <<< RX chan1 277B: 80000111830204500749612b00ff000031bec2802bdf41c020b242020615526f...
[  46.170]   DUMMY -> send ping 77B
[  46.171]       <<< RX chan1 11B: 80000007832398645a0000
[  46.171]       <<< RX chan1 26B: 80000016831b0200000004cc47d43d04c726a735239c645a0000
[  46.171]       <<< RX chan1 11B: 800000078323a0645a0000
[  46.221]       <<< RX chan1 11B: 800000078323a4645a0000
[  46.221]       <<< RX chan1 11B: 800000078323a8645a0000
[  46.221]       <<< RX chan1 11B: 800000078323ac645a0000
[  46.272]       <<< RX chan1 11B: 800000078323b0645a0000
[  46.272]       <<< RX chan1 46B: 8000002a831b0100000001a99555001b0400000004fad53d68049f0fa94304fc...
[  46.272]       <<< RX chan1 11B: 800000078323b8645a0000
[  46.291]   DUMMY <<< RX app=6 chan=1 81B: 8000004d0858fbbded5ddc184000000001505050505050505050505050505050...
[quic] DATAGRAM 33B: 0340570083051095fc78010000000095fc78010000000000000000010000000000
[  46.291]       <<< RX chan1 38B: 8000002283051095fc78010000000095fc780100000000000000000000000000...
[  46.306]       <<< RX chan1 11B: 800000078323c0645a0000
[  46.356]       <<< RX chan1 11B: 800000078323c4645a0000
[  46.356]       <<< RX chan1 16B: 8000000c8323c4645a0023c8645a0000
[  46.356]       <<< RX chan1 11B: 800000078323cc645a0000
[  46.407]       <<< RX chan1 11B: 800000078323d0645a0000
[  46.407]       <<< RX chan1 11B: 800000078323d4645a0000
[  46.407]       <<< RX chan1 11B: 800000078323d8645a0000
[  46.457]       <<< RX chan1 11B: 800000078323dc645a0000
[  46.457]       <<< RX chan1 11B: 800000078323e0645a0000
[  46.457]       <<< RX chan1 11B: 800000078323e4645a0000
[  46.508]       <<< RX chan1 11B: 800000078323e8645a0000
[  46.508]       <<< RX chan1 11B: 800000078323ec645a0000
[  46.508]       <<< RX chan1 11B: 800000078323f0645a0000
[  46.558]       <<< RX chan1 21B: 80000011831b0100000001d295550023f4645a0000
[  46.558]       <<< RX chan1 11B: 800000078323f8645a0000
[  46.558]       <<< RX chan1 11B: 800000078323fc645a0000
[  46.609]       <<< RX chan1 11B: 80000007832300655a0000
[  46.609]       <<< RX chan1 11B: 80000007832304655a0000
[  46.609]       <<< RX chan1 11B: 80000007832308655a0000
[  46.659]       <<< RX chan1 11B: 8000000783230c655a0000
[  46.659]       <<< RX chan1 11B: 80000007832310655a0000
[  46.659]       <<< RX chan1 11B: 80000007832314655a0000
[  46.710]       <<< RX chan1 11B: 80000007832318655a0000
[  46.710]       <<< RX chan1 11B: 8000000783231c655a0000
[  46.710]       <<< RX chan1 11B: 80000007832320655a0000
[  46.760]       <<< RX chan1 11B: 80000007832324655a0000
[  46.760]       <<< RX chan1 55B: 8000003383020423a466455a01ff00000000a0f81ad840051224417474726962...
[  46.760]       <<< RX chan1 11B: 8000000783232c655a0000
[quic] DATAGRAM 33B: 034058008305108afe7801000000008afe78010000000000000000010000000000
[  46.811]       <<< RX chan1 21B: 80000011831b0100000001f19555002330655a0000
[  46.811]       <<< RX chan1 68B: 800000408302049f42a21f5b0100016d4a5500ff050763726561746f72ff0102...
[  46.811]       <<< RX chan1 21B: 80000011830d00000000000008ff0b2338655a0000
[  46.861]       <<< RX chan1 11B: 8000000783233c655a0000
[  46.861]       <<< RX chan1 11B: 80000007832340655a0000
[  46.861]       <<< RX chan1 11B: 80000007832344655a0000
[  46.912]       <<< RX chan1 11B: 80000007832348655a0000
[  46.912]       <<< RX chan1 11B: 8000000783234c655a0000
[  46.912]       <<< RX chan1 33B: 8000001d830d00000000000008fe0b0d00000000030d00000000012350655a00...
[  46.962]       <<< RX chan1 11B: 80000007832354655a0000
[  46.962]       <<< RX chan1 11B: 80000007832358655a0000
[  46.962]       <<< RX chan1 11B: 8000000783235c655a0000
[  47.013]       <<< RX chan1 11B: 80000007832360655a0000
[  47.013]       <<< RX chan1 21B: 80000011831b01000000010f9655002364655a0000
[  47.013]       <<< RX chan1 1154B: 800012dc831b020000000129465500012a4655000301b6345500a1270101ae34...
[  47.013]       <<< RX chan1 1154B: ac203f8ecd26b1b95c5685585b3155d7c2aa3efb140745df90b9d29601b34343...
[  47.013]       <<< RX chan1 1154B: 2f42af06776056f5cf09aa1ddec4c8825968512a098d2578fefaa54f828d6b6d...
[  47.013]       <<< RX chan1 1154B: 30bd28ce7919e3ca505c7f12a9659bb59b38b389fd816d737a61024df2b29be4...
[  47.013]       <<< RX chan1 216B: 04619fe473f3cc605bd4c8c32dacb5ff05da481f096216846f5be973335344df...
[  47.013]       <<< RX chan1 11B: 80000007832368655a0000
[  47.063]       <<< RX chan1 11B: 8000000783236c655a0000
[  47.063]       <<< RX chan1 11B: 80000007832370655a0000
[  47.063]       <<< RX chan1 11B: 80000007832374655a0000
[  47.114]       <<< RX chan1 21B: 80000011830d00000000000009fd0c2378655a0000
[  47.114]       <<< RX chan1 11B: 8000000783237c655a0000
[  47.114]       <<< RX chan1 37B: 80000021831b01000000049ebe03680d00000000000009fc0b0d000000000223...
[  47.164]   DUMMY -> send ping 77B
[  47.164]   DUMMY -> send sync 25B
[  47.164] == summary == challenge=yes answered=yes peer=yes resets=0 chan1_rx=993833 dummy_rx=3685
[  47.164] == solved=yes answer=0x3066e501 solve_ms=1 tx=969 rx=3464 dropped=0 err=
[  47.164]   stream 0: rx=0 fin=0 reset=0 code=0
[  47.164]   stream 3: rx=69 fin=0 reset=0 code=0
[  47.164]   stream 4: rx=0 fin=0 reset=0 code=0
[  47.164]   stream 7: rx=13 fin=0 reset=0 code=0
[  47.164]   stream 8: rx=0 fin=0 reset=0 code=0
[  47.164]   stream 11: rx=7 fin=0 reset=0 code=0
[  47.164]   stream 15: rx=993840 fin=0 reset=0 code=0
[  47.164]   stream 19: rx=7 fin=0 reset=0 code=0
[  47.164]   stream 23: rx=7 fin=0 reset=0 code=0
[  47.164]   stream 27: rx=7 fin=0 reset=0 code=0
[  47.164]   stream 31: rx=7 fin=0 reset=0 code=0
[  47.164]   stream 35: rx=7 fin=0 reset=0 code=0
[  47.165]   stream 39: rx=7 fin=0 reset=0 code=0
[  47.165]   stream 43: rx=7 fin=0 reset=0 code=0
[  47.165]   stream 47: rx=7 fin=0 reset=0 code=0
