[   0.000] join: place=1818 ...
[   1.579] join: OK job=2718c55d-b845-4747-b287-12a6793e483a
[   1.579] == join: place=1818 job=2718c55d-b845-4747-b287-12a6793e483a udp=128.116.2.33:61269 rcc=10.37.8.91 alpn=rbx-rtcio caps=002dd3c750b70892 ==
[quic] server caps ext: len=8 present=1
[quic] handshake completed (ALPN=rbx-rtcio cipher=TLS_AES_256_GCM_SHA384)
[   1.834] -> open stream 0 app=4 chan=1668575852 ctrl
[   1.834] -> send ctrl hello 2B
[   1.834] -> send openU c3 10B
[   1.834] -> send openU c5 10B
[   1.834] -> send openU c6 10B
[   1.834] -> send openU c11 10B
[   1.834] -> open stream 4 app=4 chan=1 chan1
[   1.834] -> send EARLY-AUTH 103B
[   1.835] -> send A7-real(99B) 99B
[   1.837] -> send 90 10608B
[   1.837] -> send 92 10B
[   1.837] -> send 8A 1765B
[   1.837] -> send 8F 2B
[   1.837] handshake=OK alpn=rbx-rtcio cipher=TLS_AES_256_GCM_SHA384 peer_caps=022dd3ef52ff0892 present=1
[quic] server caps ext: len=8 present=1
[quic] handshake completed (ALPN=rbx-rtcio cipher=TLS_AES_256_GCM_SHA384)
[   2.103]   DUMMY -> open stream 0 app=6 chan=1668575852
[   2.103]   DUMMY -> send hello 2B
[   2.103]   DUMMY -> send openU c2 10B
[   2.103]   DUMMY -> send openU c3 10B
[   2.103]   DUMMY -> open stream 4 app=6 chan=1
[   2.103]   DUMMY -> open stream 8 app=6 chan=3
[   2.103]   DUMMY -> send sync#0 24B
[   2.103]   DUMMY -> send ping#0 77B
[   2.103] dummy handshake=OK
[quic] handshake confirmed
[   2.103]   <<< SERVER STREAM 3 app=4 chan=1668575852
[   2.103]   <<< SERVER STREAM 7 app=0 chan=1668575852
[   2.103]       <<< RX app=0 chan=1668575852 6B: 800000020000
[   2.103]       <<< RX app=4 chan=1668575852 6B: 800000020000
[   2.103]   <<< SERVER STREAM 11 app=4 chan=0
[   2.103]   <<< SERVER STREAM 15 app=4 chan=1
[   2.103]   <<< SERVER STREAM 19 app=4 chan=2
[   2.103]       <<< RX app=4 chan=1668575852 14B: 8000000a02040000000300000003
[   2.103]      ctrl OpenUnreliable app=4 chan=3 wire=3
[   2.103]   <<< SERVER STREAM 23 app=4 chan=4
[   2.103]   <<< SERVER STREAM 27 app=4 chan=7
[   2.103]   <<< SERVER STREAM 31 app=4 chan=8
[   2.103]   <<< SERVER STREAM 35 app=4 chan=9
[   2.103]   <<< SERVER STREAM 39 app=4 chan=10
[   2.103]   <<< SERVER STREAM 43 app=4 chan=12
[   2.103]   <<< SERVER STREAM 47 app=4 chan=13
[   2.103]       <<< RX app=4 chan=1668575852 14B: 8000000a02040000000500000005
[   2.103]      ctrl OpenUnreliable app=4 chan=5 wire=5
[   2.103]       <<< RX app=4 chan=1668575852 14B: 8000000a02040000000600000007
[   2.103]      ctrl OpenUnreliable app=4 chan=6 wire=7
[   2.103]       <<< RX app=4 chan=1668575852 14B: 8000000a02040000000b00000009
[   2.103]      ctrl OpenUnreliable app=4 chan=11 wire=9
[   2.103]       <<< RX chan1 1154B: 8000070f93002f000c00434c4931393837313856657201003320005573657250...
[   2.103]       <<< RX chan1 657B: 536372697074735265666163746f72310400747275651b00557365724162696c...
[quic] handshake confirmed
[   2.224]   DUMMY <<< SERVER STREAM 3 app=6 chan=1668575852
[   2.224]   DUMMY <<< SERVER STREAM 7 app=0 chan=1668575852
[   2.224]   DUMMY <<< RX app=0 chan=1668575852 6B: 800000020000
[   2.224]   DUMMY <<< SERVER STREAM 11 app=6 chan=1
[   2.224]   DUMMY <<< RX app=6 chan=1668575852 6B: 800000020000
[   2.224]   DUMMY <<< RX app=6 chan=1668575852 14B: 8000000a02060000000200000003
[   2.224]   DUMMY <<< RX app=6 chan=1668575852 14B: 8000000a02060000000300000005
[   2.237]       <<< RX chan1 1156B: 8000079f9b36104dc27f16c85a92070000f705d8b273e63e27c52bcd36f1789d...
[   2.237]       <<< RX chan1 799B: 803ceeb91af6102e11e0796672920cb1a551b10d9c167e0fbee99493b9bbed3c...
[   2.237]   *** CHALLENGE u1=0xc24d1036 u2=0x5ac8167f blob=1938B -> run/oracle_challenge.bin
[   2.239]   -> LOCAL ANSWER 0xe54f2259 (solved in 2ms), sending
[   2.239] -> send 9B-LOCAL 9B
[   2.239]   DUMMY <<< RX app=6 chan=1 81B: 8000004d0858fbbded5ddc184000000001505050505050505050505050505050...
[   2.239]       <<< RX chan1 1156B: 8000cfac97a3cf00001460050028b52ffda014600500ac32027a7e0a7a55d094...
[   2.239]   *** POST-ANSWER TRAFFIC on chan1 — server kept the session (peer assignment / replication)
[   2.239]       <<< RX chan1 1156B: 1d693476e3d8d2d196b3bddf2a577f3a025dffc8fd8db6dcfdcdd855b9bf91a7...
[   2.255]       <<< RX chan1 1156B: 153e1d79321a054f8df6d960262ffff0616842cb7424d6d5a88df2c1ee0ab91a...
[   2.255]       <<< RX chan1 1156B: 1cc676b8f6fd15f894ab480ff11cedea3d374323f6e3aeb7ae731e8babc5d539...
[   2.255]       <<< RX chan1 1156B: d2b998ef8934b5c1a6dfeef09332db6c7b9ad02e3ed0b4ed621c41980bd20203...
[   2.255]       <<< RX chan1 1156B: c4618306bb2b14c1e96e48cbdc763ac20d82710e3708e8d9a46dd7662e0c439a...
[   2.255]       <<< RX chan1 1156B: 0643e6db99aa213d8c23c63862c61124f1517d602ca5628af6cf5651da21d98b...
[   2.255]       <<< RX chan1 1156B: f18b01e7b4432c2f82467de9529637a94a457436b375af68cb89d59eb82b468b...
[   2.255]       <<< RX chan1 1156B: b6512aa04d3ca3296d67a7052b6e2a5f5c1c3ad6faa3c6913a435ed8687e1dba...
[   2.255]       <<< RX chan1 1156B: abba66219c7986ad4b6ae4ccccf16ad091f9a548cc3f928b0bc9678f1489c6b4...
[   2.255]       <<< RX chan1 1156B: 4da464d14ffc03a6a570f441ce43d5e39931b038454e51dcdb672183636214e5...
[   2.255]       <<< RX chan1 1154B: f350c17ea15b2d8bcc1a2d9dcaa1490b627fc707385d4733c4802441c3c44e6b...
[   2.255]       <<< RX chan1 1154B: 7de4f43ba2e4aa1285e10cff94be584707b77dd637fd817898f72404e52b0205...
[   2.255]       <<< RX chan1 1154B: 5fc71fe4958e919211a0bb85b163f70f0b0dac2f68ebc259af1090e07a1cad59...
[   2.306]       <<< RX chan1 1154B: 879c393b5443cdfce032d08f79d715e68293b5e65f00457c683e25de92550973...
[   2.306]       <<< RX chan1 1154B: 534a6bc3345682cc4911f24fde18413cc666a387b84100232ad6a8740c944a6b...
[   2.306]       <<< RX chan1 1154B: 5a45ace73b93ef47eda91d66392410cd01298b5cfd152e45dd129d33c94f1047...
[   2.306]       <<< RX chan1 1154B: 7bafb4cc1923fbb04fd896213267102e6710492d510cd81a1a02d0f8fdf18964...
[   2.306]       <<< RX chan1 1154B: 504c321e5c664136caa492950e55b239f2496ccd110e4bcde37330ca03ca02ae...
[   2.306]       <<< RX chan1 1154B: c0fe271559374ecb8efbed0e1399dd81e5042faaf7428e03b974675d9743f91f...
[   2.306]       <<< RX chan1 1154B: a05569b310919e55b94344247cb5d1316a98df795e6762a4455d0ad25fcc199a...
[   2.306]       <<< RX chan1 1154B: 83928121d2a9f169d121aba62448ad8d52e2116511f284e80d9144259bbe96f1...
[   2.306]       <<< RX chan1 1154B: 8a3e4b6f38932920b892fa4aa145fa0fda7d3ba978cf4fea06379699089798ce...
[   2.306]       <<< RX chan1 1154B: 89176102ee6b7e4111ff96d12a3a5aa903c416ad024449c09cea7ac46d73e6dc...
[   2.306]       <<< RX chan1 1154B: f295cbd083d167d9aea8b4c9654ef5bb787e7d4be2ec1acc7b0a551a1ffc9424...
[   2.306]       <<< RX chan1 1154B: 4d0e159d930513a204662836501e3375b187987e0560fa5fa003db8740ecae50...
[   2.306]       <<< RX chan1 1154B: 4c2a3389cca423261931a9679298496126157166129849444cf23289e4c3241e...
[   2.306]       <<< RX chan1 1154B: 023874c5212b0e5571888a43531c92e2501487a038f4c45fa1001c6ae2101387...
[   2.306]       <<< RX chan1 1154B: febbefbce3ae737bedb4e33c76d86dfebaebadaf54a99f6e3ae9a07f968294c0...
[   2.306]       <<< RX chan1 1154B: b15667cca8d102faa0f1a2063613bdc68cb9856ed6ac417dcc1451260b181e1b...
[   2.306]       <<< RX chan1 1154B: 5f9afccae41726bf2ef965c9af0afca2c059af4a7e4df24b925f91fc82c0af47...
[   2.306]       <<< RX chan1 1154B: af5bad5bac5bab5baa5ba85ba75ba65ba55ba35ba25ba15b20d69a59afcc7265...
[   2.306]       <<< RX chan1 1154B: 691569d568956855681568d527b5e6d42ba75c39d5caa9119c12c1a910b4e414...
[   2.306]       <<< RX chan1 1154B: 6c8a6493043639b2a9914d8b6c526453229b10d9f4804d87246093033615b289...
[   2.306]       <<< RX chan1 1154B: 353daee5710d8f6b77bc849a1dd7eab846c7353928b9e6c6b5055c6be31a1bd7...
[   2.306]       <<< RX chan1 1154B: e390b908a7679c30e314310ece10e304310e10e3f870118e0ee3701967cb3839...
[   2.306]       <<< RX chan1 1154B: cdb233cbcc2c2bb38cccb231cb8e5866c4b29e656296855956c4329e6560967d...
[   2.306] -> open stream 8 app=4 chan=11 routes
[   2.306] -> send route(15B) 15B
[   2.306] -> send route(18B) 18B
[   2.306] -> send route(21B) 21B
[   2.306] -> send route(24B) 24B
[   2.358]       <<< RX chan1 1154B: 3b69bc938077ce78678c77c448e21d30de41c03b5ebcc3c53b5abc93c53b0278...
[   2.358]       <<< RX chan1 1154B: 67c8bd42ee11726f907b82dc0be41e20f7feb8e7c7bd3eeeed712f8f7b78dcbb...
[   2.395]       <<< RX chan1 1154B: b26e95751f58a74a05eb5259d78175a8ac3b659d06d691b26e94751958778175...
[   2.395]       <<< RX chan1 1154B: 1a07ba48e795755a596704eb84e0b4ce07d649651d0fac83ca3aa698d629651d...
[   2.395]       <<< RX chan1 1154B: 96aa49623be23c877c93964701e839caa14dde8d0ae2fa3babdc450b774f65a4...
[   2.395]       <<< RX chan1 1154B: a1c6d1049fd12442351294763184425e91795f3e0d22ebf2d5aedfd0bdcbd695...
[   2.395]       <<< RX chan1 1154B: b1a2e5aa58f1cbdaf7db51f45b55e1f667440e896fa776672375c885dee32ed8...
[   2.395]       <<< RX chan1 1154B: 7401b7600a7f87607a5f6222b1b434bbade368101e4ab295b3219a3eedfe054f...
[   2.395]       <<< RX chan1 1154B: e0a172cdd90a3a3ffdb89cc43a07036b2ac11a62e104fe35310aff0a4ca0b86c...
[   2.395]       <<< RX chan1 62B: a5ae663065c62ce555e70c4bc0ad3657b85402acf02299c1bafaa3e7e97c577f...
[   2.395]       <<< RX chan1 532B: 8000021081010101000100019307b06159003901772300009f01000001c02e00...
[   2.395]       <<< RX chan1 9B: 80000005848a030000
[   2.395]       <<< RX chan1 1154B: 80000fe9830201399e54007701ff00a61e02000b4868747470733a2f2f617069...
[   2.395]       <<< RX chan1 1154B: 4c2cd2b86b1dc0a8ba2ad36bf8c8480cdc5f65a0ecf9421b98302ac816d5fab0...
[   2.396]       <<< RX chan1 1154B: 58b5d3adee571e1cf96c8cc259c63312e7c779a7fecd5d5fcccf1352314e5fd8...
[   2.396]       <<< RX chan1 615B: e429fafdd71fff9f9c7ebea99e1448cea64f30382d85cc153d4d507761e71101...
[   2.396]       <<< RX chan1 11B: 8000000783100c00000000
[   2.396]       <<< RX chan1 1154B: 80005ae2831601d65a0000cc5a000028b52ffd60cc5961d60245264080843d8a...
[   2.396]       <<< RX chan1 1154B: 9321e939195035b79d3f712e2238c2ad661face74f72f0f6411a6dbb313c5b72...
[   2.396]       <<< RX chan1 1154B: 2cd4be318a4e41b11e836cbbe829636f7d0cc1301a3fe5f29984e85b7151ce97...
[   2.396]       <<< RX chan1 1154B: f025af41c95fdbef329de7febe118eafaa145a6f173c69ef9eb97083c3284416...
[   2.396]       <<< RX chan1 1154B: 2decdf59c9cb9907ff1f2cb309b65598971de9cf97eb17808c29de9d02516bf9...
[   2.396]       <<< RX chan1 1154B: 2531fa59dbde44e83f82b2a943e9f5d195f120e7d2cf2f3e851ee866531a2347...
[   2.396]       <<< RX chan1 1154B: c2d0cbd0813158e8d9b6543c732b7ad96758cd5d7c5a64762e2b4bfd78281acc...
[   2.396]       <<< RX chan1 1154B: bbea7bf588c5fb7388d000bfd52e0b972fd61eda63d161bcf33b87572965877b...
[   2.396]       <<< RX chan1 1154B: acbd0ab1cab1a188712443c94b1957026fa35bbf2c493b2fd47a588a55db66ee...
[   2.396]       <<< RX chan1 1154B: a320f0855abb112b49e8718d2346b258213f370842e1a4b28751543fa4a700de...
[   2.396]       <<< RX chan1 1154B: 52b6bcbee0482a0b97d0d23671e2afdf560b8d1384742da9a59e6f61c5ea003d...
[   2.396]       <<< RX chan1 1154B: f9d1d593492dd908802b0f6f41953a06000992f99e043e9034f111320a670dba...
[   2.396]       <<< RX chan1 1154B: 009940a5882cb99afbbfcce1737eb3e7d66ab8bd6d67b531e6d18aa16ba8d330...
[   2.396]       <<< RX chan1 1154B: f7990305133c80002d9e0db890340ae1ea3f3dd97d6adf0199957bdadf8faa51...
[   2.446]       <<< RX chan1 1154B: 166c6c9bcbc531885cc825f60481843092bf3c0bcef8c16d344efc9b6796898e...
[   2.446]       <<< RX chan1 1154B: 38b4d3ba3f92c40bd93d0cd14207ca412ea23630eaf25c8724adaa55b510eee9...
[   2.446]       <<< RX chan1 1154B: 5a2a43d9e21e31bc09dc39260d08f5ab10b0878b04c0506e3de59d161265d321...
[   2.446]       <<< RX chan1 1154B: dbe734a134443f86923cc395aeceb188ffbe4bebcf153d85fece066d76795c59...
[   2.446]       <<< RX chan1 1154B: b7885cc5837d3fac292caadb01337c724236a5af0e4e3a3c63fddaa4da6af807...
[   2.446]       <<< RX chan1 1154B: 416521d11cc51b086b51a871d4ce87e5d1ac05c570dc35987c090484c458f6c3...
[   2.446]       <<< RX chan1 190B: 9b956c05af5684c162514bc912ca412d10ee7eb30060314e9eaa6c958c6a0339...
[   2.446]       <<< RX chan1 1154B: 80005042831601365000002c50000028b52ffd602c4f6181029758370ad5af5a...
[   2.446]       <<< RX chan1 1154B: a1620d5619dbbb1f5e59022843b4f2ea6b9107463d13064cf98a7c859543af9d...
[   2.446]       <<< RX chan1 1154B: 8c56ad663541a1e4a76c67bef086cfeb64588b8b342077bef1fdb49dab24120b...
[   2.446]       <<< RX chan1 1154B: 9d6bf9cfb9ad632f862d3432db59b3b685f6e19339c94f39c1783049649af092...
[   2.446]       <<< RX chan1 1154B: 862f472fe747aed5d90d8e243ff33944f0d8bc8740a64a2af7027c8504fb9a6e...
[   2.446]       <<< RX chan1 1154B: bfda49921903eeab80dcbb5f000114cec0353deda8e9d8383537e6091149112c...
[   2.446]       <<< RX chan1 1154B: 838cffd5fe984339a254f492c5de5ddad53184d325012061f6d9d7221dee54fb...
[   2.446]       <<< RX chan1 1154B: f8e1e94cac00a71b884717605574fa8bbea3666baf83bd33d5558c0f7935b9db...
[   2.446]       <<< RX chan1 1154B: 514095dbda07762a448dc493bf2d8817124c846801b866cc1fe5605bf1550f19...
[   2.446]       <<< RX chan1 1154B: b015c32138c16886c7a7b67ed0868644568e9d296c8dba4721827c2d86cf7047...
[   2.446]       <<< RX chan1 1154B: 7003a46b785347f914df601375e31367cf67c72c488c5410e68682f4e6cbda09...
[   2.446]       <<< RX chan1 1154B: 3dba52952a7fa8d6cbe7b5e952d381115d65ca1bd4de8c04e8ea0ca124c5b897...
[   2.446]       <<< RX chan1 1154B: 4bb54106278f6c93359aee09d84d6eba277a61ed5113f4623c71b4b327b711cd...
[   2.446]       <<< RX chan1 1154B: a21546d11bdd2ac5e7903cb6d5440dfc97c84aba880d7cca791001027b12007d...
[   2.446]       <<< RX chan1 1154B: e26d85d3241f59082200aebbfb2c02193ed6db66d32d61e8db459048e290589e...
[   2.446]       <<< RX chan1 1154B: a99bc0b14c3e742587c3616846187970da6b16791713b8d7d1ac919e1388b390...
[quic] DATAGRAM 32B: 0301008305103cc67401000000003cc674010000000000000000010000000000
[   2.482]       <<< RX chan1 1154B: 4ff061c48f6017750e7c1baff1b7f84ed7b465c2b857762fe8498e00191e26e7...
[   2.482]       <<< RX chan1 932B: acc3e95d5e6d70a8fc6ddc978c059aa10b68dae7560cf51071131642c1654683...
[   2.482]       <<< RX chan1 1154B: 8000800c83160100800000f67f000028b52ffd60f67eb1ff03cfc36fe8bf841c...
[   2.482]       <<< RX chan1 1154B: 86c71c64440a10dd3b605b5b2a3c0c2cf4c215f3244f0aa1b84835cd4cc1a7c3...
[   2.482]       <<< RX chan1 1154B: 87f220d7174ccc1679599c6c2cce6bc08308f93507200289afcc170f7133d28d...
[   2.482]       <<< RX chan1 1154B: af0292703dd202001a7c413dd204f152d5f2824fb4208fc02330b2c41c0cf489...
[   2.482]       <<< RX chan1 1154B: 135564cd7d28080f7bad15d14489e6d5da07b11ec91852ff2fd726ea12160c7b...
[   2.482]       <<< RX chan1 1154B: 9f54ff4d8fa6bb380f749561b73af6ce4ff681f237290ebd5b8b398c8030405d...
[   2.482]       <<< RX chan1 1154B: 4548f5cb470456ab29916e7cd841cab5b1adde94f386c889e22d9d31722c8448...
[   2.482]       <<< RX chan1 1154B: fa834e1c64bf0ad2f00695b049938fcd0faccf840cc33407eb5e186153631228...
[   2.482]       <<< RX chan1 1154B: 46ae716b797cfdf2c642b7cc6e8aba84a3cf86e834c17e6a6decbe4a9f3e2ddf...
[   2.482]       <<< RX chan1 1154B: ecafbb2d7a45804f91336c5ad231dabd0218e8c34fb77923639658b6181ae3f5...
[   2.482]       <<< RX chan1 1154B: e6893b0762cd4fc6118e5f58e5d9c7a771b9105f89357524db9b733bdddafb3a...
[   2.482]       <<< RX chan1 1154B: e6b8f24be07ef0c3a21f2bc0ac465ccd34424402e4011521fe65ff215f53ce34...
[   2.482]       <<< RX chan1 1154B: f33fa92a51c0aae9bf2f6e2b2c013d320b5962ba60329445e265d051afa9acee...
[   2.482]       <<< RX chan1 1154B: a8d090c235fbacdb9fdf13f5337525a614da7319b42f4a2e4a9a27b6cc1e3fb3...
[   2.482]       <<< RX chan1 1154B: 013af5e781640940b5447927a34ac1687cad6dfb0375510140bd8c310aaf9d71...
[   2.482]       <<< RX chan1 1154B: e87ad631ff01e847997812784edcd98657fe79b884b9a02e6eb6f9416e5931e2...
[   2.482]       <<< RX chan1 1154B: 4032339434cba71cbeeab5daf0e24335d3b9b00a19ee7cb0b9d4861b5d932b83...
[   2.482]       <<< RX chan1 1154B: c340aa088267b1a5bb055e97afc6e29867cf2a4ee6697be85b096d86322cf09b...
[   2.482]       <<< RX chan1 1154B: 591536566cb634e9d5c9d7818d88c528a719e4207b85d3cd230d74bf50dfb75d...
[   2.482]       <<< RX chan1 1154B: 3f0668a9ffab44b314fd3d5b57c04788e2e95ac12906eeff903299406dcd6d42...
[   2.482]       <<< RX chan1 1154B: 389856a1cf2112b135391383480c6571bfb7884b187e165fb32b76eefa631859...
[   2.482]       <<< RX chan1 1154B: a912946fc52fb4d936156f24b1b6cef48b15678064830dedfdc2214a53e63713...
[   2.482]       <<< RX chan1 1154B: 7c1a84f8c068efae0cee271a2f24b0f848d83e7735aaced6898a100ad0fd70df...
[   2.482]       <<< RX chan1 1154B: 699a2883623d13fadf5f667c8ba2b04bcb5e6d0b83d7a83829a6554993829d22...
[   2.482]       <<< RX chan1 1154B: db8bedd20d77352f58bab6715b1eb4ef96972b9371b39f11752ea0be51770592...
[   2.482]       <<< RX chan1 1154B: 7b0d555e3fb28ad7cfd22c3b51a856822f8b1a7cffb8152335f84d7537081e16...
[   2.532]       <<< RX chan1 1154B: ed1a63a6084a6168f2249d13699b6b312f2e61eb7f25363104e5daec251e5862...
[   2.532]       <<< RX chan1 1154B: 91c828ceb54ef68d650a10d6bbe7d28a48f3f168df9eda2de08e1d71f8beabd0...
[   2.532]       <<< RX chan1 472B: ea5e441f97836a45a739e65bd0bc4854ee8c90fd61eb0a47f3267485495fd2c8...
[   2.532]       <<< RX chan1 1154B: 80005540831601345500002a55000028b52ffd602a5451a902be25ca5d0c2d8b...
[   2.532]       <<< RX chan1 1154B: f6bbf5df0ac73d65fc283547e42507231d6fca3dc0ec3368548e9c48a07f2beb...
[   2.532]       <<< RX chan1 1154B: 1876e3674a08d36e2a442ea3bc1af74f52aa2878be0afcc4c40e63bd984fd6c3...
[   2.532]       <<< RX chan1 1154B: abf34204bbbc6ba59eef8932ec3858e657b598bd46819501eb72e45755ea637c...
[   2.532]       <<< RX chan1 1154B: 333ded5bde10b7d629392723f9a3136e0e72f0298b9d51b7a9d8c2159b4fa42e...
[   2.532]       <<< RX chan1 1154B: 6aaa660e183cd8e4cc4e247277fadd423db159484a5c5fbaf50fbb62fc7563e8...
[   2.532]       <<< RX chan1 1154B: 5149c076e5c66e8e103564c1a5ca451ab83b4b67ef1ffcde205c459aa8f39569...
[   2.532]       <<< RX chan1 1154B: 84029493ebfcbbcdc2d46ccffc8fdc885f627788452940d27ab90a50ccc82261...
[   2.583]       <<< RX chan1 1154B: 9c517711a490cf1fec0db15c97e9a877823c8088f903c7ccf50fa42c844c09ed...
[   2.583]       <<< RX chan1 1154B: b103db5a5aed22d34f1adb41ae8e1750129ce7eaead2a46c920d4e2baa8a730d...
[   2.583]       <<< RX chan1 1154B: 0a5a72d3dc1810b9f4bccf078535598b716bae8dc336740fafd17428612fa3af...
[   2.583]       <<< RX chan1 1154B: aa257ff935b1665e531f00db2e1ee09cb8f7c4a3ea9f2aeb5c303eda5264c5ae...
[   2.583]       <<< RX chan1 1154B: bae7e0d4d6742b7274bc4f83a2c26736fa9e322e3432b34a24d35cc10b7e8356...
[   2.583]       <<< RX chan1 1154B: 75cb3638e60a38a98b6027b0f96b9664c807170dd1e18026fba6a4559d174fa8...
[   2.583]       <<< RX chan1 1154B: affb5dff95f42eda07f626cedf67a22fcb1aa2b90344b18bfe052809e4b4f9a6...
[   2.583]       <<< RX chan1 1154B: 48d4a8fe92c376d3f7ce6564edcee290b8bc305410b7f2f9409eed0e6cca23fc...
[   2.583]       <<< RX chan1 1154B: a6a7d0a8d06b2cd96ff89918a7777a1f8242765a48cc1b9f8b9ffdd4dfdef53d...
[   2.583]       <<< RX chan1 1154B: ea91262ef1d351c4e51a346cad822a6b6364f649167394b0e45ffc2a0fc2531c...
[   2.583]       <<< RX chan1 1056B: 2da5987ec8ffddc9d486f60d6c25ea604d818094d542e6584a9024068810f2f7...
[   2.583]       <<< RX chan1 1154B: 80005b878316017b5b0000715b000028b52ffd60715a89db02695390c0a74f6d...
[   2.583]       <<< RX chan1 1154B: e88ee50a6fa03d6ba740094cd78805865b8f87ce257abd8e2dc0b667abbe4602...
[   2.583]       <<< RX chan1 1154B: 3502fe51a70213b3388375a42bd2dbb4adc90fc928221c0836e62f80335e62c3...
[   2.583]       <<< RX chan1 1154B: 8a721c2d64223903f5e852c267ed3fa34909f29db94b7bbd7e753ee321a2fac5...
[   2.583]       <<< RX chan1 1154B: 46e3c437a68cad0a99d44781c603dd979ab9511e97e77819f2d1db9b37f6255e...
[   2.583]       <<< RX chan1 1154B: e6f0a4af691ddf570af803fd3421f52b4b416ec336b71e6d4f3aaeb34727ccb4...
[   2.583]       <<< RX chan1 1154B: 9ae4bd62fec689700ab8b9e9c383f5873862416b5cca380d5b4f2a832ad0b07a...
[   2.583]       <<< RX chan1 1154B: d1d2361bde644d73e954cceb9564f04fd2ce8e74ce815b1cee0391ade6850c5b...
[   2.583]       <<< RX chan1 1154B: 428beb4789557ef3ddf27945e4e09680c22ffd80236c12ff48d0271ef04215e1...
[   2.583]       <<< RX chan1 1154B: dbaa6d3e221d05d741b5374d0badb5956203db4ad804917a02b7de5b175277f2...
[   2.583]       <<< RX chan1 1154B: 467b9b5d5de75bfed3dc685df79ec37186c0d0a6707a89b0e9a773f8e7a1d111...
[   2.583]       <<< RX chan1 1154B: 535ad464478da8af9c690e7e4f02ec3fd9d13ebc8d449395e0fb78a8b2909560...
[   2.583]       <<< RX chan1 1154B: 6b08072c69830b00192f3b6d7b5b62541892691c84171de0d5600b8d860fdea9...
[   2.583]       <<< RX chan1 1154B: e690a7be885d0a217c159f64acc430635f2bd980588b91b5a9cf73ee0b83ffd6...
[   2.583]       <<< RX chan1 1154B: 908b34d69866620fd097c596731a19355a3f429726908baabda5b436bad9cde9...
[   2.583]       <<< RX chan1 1154B: 64609fc46ed853c956a3cbcaa4c5f2a23990efc805fe87cbb68b19bc788fc9e3...
[   2.583]       <<< RX chan1 1154B: b70d238c40590f349ceb75455afa884f506713c3731f069e75bedcec5add9dde...
[   2.583]       <<< RX chan1 1154B: 7388b29f344eb1f2e4ce1855e15b732d41b70b9243c0052212234141f199bbde...
[   2.583]       <<< RX chan1 1154B: 5a83b1c5bb0a2d0c8847b27faf06d1c4dff6dc6f08c3bb68099569b193e776e5...
[   2.583]       <<< RX chan1 1154B: c74c7f6a4f39d0fc08557a695e32225c286d87b254fea67f0f2ecb8b97c5c980...
[   2.583]       <<< RX chan1 355B: 45ced429153cb61fd985615d285b26ebfac34ebce7f9637a25e888bc6f4e6ebf...
[   2.583]       <<< RX chan1 1154B: 800057fd831601f1570000e757000028b52ffd60e75639bf02116cc489a29a2a...
[   2.583]       <<< RX chan1 1154B: f56d448f38c9af79156fd1520948e0e8dab594dab5a5639f3e56e0fdc328a6b9...
[   2.583]       <<< RX chan1 1154B: 668b5c1eb462c7e3b0ddde3328910445b4e1a7c866ad320dc01b6c4620f19a4e...
[   2.583]       <<< RX chan1 1154B: 346b9d19690dfd8d619e7f3a1d89be574d99a897cd52afd2d0eabb8a4e3a00e6...
[   2.583]       <<< RX chan1 1154B: 0789964c14e447879c54c871413f1fc7cfbaac678cd3bb95e1de9f9e3828abb7...
[   2.583]       <<< RX chan1 1154B: 206369e8dc8640ed79378ebaacbd22b845973d8aa650cf9ea86f6b6ac30aee85...
[   2.583]       <<< RX chan1 1154B: ef31f9408aa6c0cc0230b9746bbaecb2341a7a4c6872a6560f285242c8b42a6f...
[   2.583]       <<< RX chan1 1154B: 11697782a2af9771c442cb417758a7e267b9b04fb3168b6965655b6270e1586a...
[   2.583]       <<< RX chan1 1154B: 2b7cd4a3dea081c314b42f35db218fd2fad0886ef2cf024bd3813b40cd4afd22...
[   2.583]       <<< RX chan1 1154B: 11148b03cfb24e9c451832885cae2c234065e307844b64853968d899c6eb498f...
[   2.583]       <<< RX chan1 1154B: a7afbbdfdb491bfbdd785ae0f9ca81e21a3d4fd333c9f523243b5279dd0c107d...
[   2.583]       <<< RX chan1 1154B: cadbcb144cea1895c727145dcbc7a9a041f1e07a69e5407540770d3d4f5a7e9c...
[   2.583]       <<< RX chan1 1154B: c4fe977a89cf0b6bb5e35930a7a671f9eaff7f3f134bb675c7fb6c3b2ff4fd84...
[   2.583]       <<< RX chan1 1154B: af887bb7a2919b387120e4aceba671ef7dc75ad2f13d60fdd0d28ca146c1b967...
[   2.583]       <<< RX chan1 1154B: 619a4c3c1a348623307fc708ef0b00ae45de8d59887ac7f2265c90c1a409be36...
[   2.583]       <<< RX chan1 1154B: 3e286fc4e2005d1ecf2acbb21693c588a2b47153871ddfe319a277895492acd6...
[   2.583]       <<< RX chan1 1154B: 3a25365968b5155b66f6dd18630dae3dc48f0fc8f3592455f7164c92a2633885...
[   2.583]       <<< RX chan1 1154B: 011ebf6f952230690bdf57eafca2e8ada8215c75987e4b464886b06465f80a75...
[   2.634]       <<< RX chan1 1154B: 13cb83b73a0030231c3bca62d7d6c1a04f68dcf3ae7f4044918b93ecf32ea8c5...
[   2.634]       <<< RX chan1 603B: 71adf21de2944768408bebf89126e5dfaa834da06c2147cc7fa835f39b31d7df...
[   2.634]       <<< RX chan1 1154B: 80005464831601585400004e54000028b52ffd604e5371a202c0268806e36ec8...
[   2.634]       <<< RX chan1 1154B: b9b7e014265b8b76a9fe25e95e015f8591ff1516e1be639336be8e4ffea324bd...
[   2.634]       <<< RX chan1 1154B: dc6df92ebdbf9d63938b994df42f5115d7e751326ceeb11d3d57293b2259a929...
[   2.634]       <<< RX chan1 1154B: 6f7a83e152a27c527f6338af0864394d64288e273380cc4b5933cb4377ee58a4...
[   2.634]       <<< RX chan1 1154B: 889259e63e680ce770de1d6aad9c70f3a4ff776a4e881eaca5814055fecd2fda...
[   2.634]       <<< RX chan1 1154B: 7e95b225fba857978f83a53e5ee2f7567c63ad930e43b3044c90a0b583fc2cc8...
[   2.634]       <<< RX chan1 1154B: 0952a0d335a5c2d14b6cbc389e26773a91617384e9f37c6521b7e414841204f8...
[   2.635]       <<< RX chan1 1154B: ce51fb6fe02b65d209fbadc37430ad34e7e0934c98e9240aa17798f96e71b1f9...
[   2.635]       <<< RX chan1 1154B: 7eaf50026e1f784a227a1caf48c200558d28e1d1968566a71b504370cda7b6fa...
[   2.635]       <<< RX chan1 1154B: 0ef077c9a8cff84026a33f69bed99806ca68dd21ffc3d9091791052ece4ef518...
[   2.635]       <<< RX chan1 1154B: d7078ef8e42bd207ec339b3166385c98da7e8e101c0b86c1723430a4cddea40f...
[   2.635]       <<< RX chan1 1154B: 808c27356312b229a7b496cdecdd54b35dae1f595905d9edb4d53c460c86db3b...
[   2.635]       <<< RX chan1 1154B: c2ba3488b739ec91328f454b7c03d8e864781ad7092dfa72d96ad77c7d7a7d34...
[   2.635]       <<< RX chan1 1154B: 5f9b6599f28fef09500a22b1f0568f5fe35aca8a2a4ff89fa49b3c389d3fa838...
[   2.635]       <<< RX chan1 1154B: 924e4c6f2d0658bade2ac98c74c0948bf783c2ae9f704ea3aa552aaf9f6f9b61...
[   2.635]       <<< RX chan1 1154B: 22c06edef29bb86e410161857ea4258082f5f1286008ed914e41ff12e654b10a...
[   2.635]       <<< RX chan1 1154B: e9e7cd27c1b49e6b4a0b38bf884a1b2505478c1fccca78ba3d800cea922ff916...
[   2.635]       <<< RX chan1 1154B: 2eed7af87429512cba7e3067f6e0f18d5f0b17d54db73e7e84b5233a993505e2...
[   2.635]       <<< RX chan1 836B: 80bff6b710c9b46a27929089a113f21ed3ccea09b64475a8043701a064eb769e...
[   2.635]       <<< RX chan1 1154B: 80005208831601fc510000f251000028b52ffd60f250918f0258e5aa93cb0889...
[   2.635]       <<< RX chan1 1154B: 008ff751e1caae3094e26f0c544c102c5a59ad9de0e9c1bd4be26bc7b1de27da...
[   2.635]       <<< RX chan1 1154B: ab2e32a588d47f537d31c258a1d671a8703d3073acab47e81d04c1ffd0ee44aa...
[   2.635]       <<< RX chan1 1154B: 8df5fc1b8b808e9f85604f74ffe33f10b02387afacce52dd0991e64b772d5059...
[   2.635]       <<< RX chan1 1154B: 8d53169c6d2e1f7bcb6794c8db61fa23ba1477a03e388d66a37ebb03644f4652...
[   2.635]       <<< RX chan1 1154B: a9ba7dbdf4044e73fdf14b0b3e1cf840904071476538b31d1feee59e1ef69ee3...
[   2.635]       <<< RX chan1 1154B: 954861cfe6cb158bbded1130948c0948f7312567ac65e23ac7c2832d2d837dc1...
[   2.635]       <<< RX chan1 1154B: ebf34c3a66a50e8f1d47cd1839b273846529ab48e52af2201f2d01bcc308ec7d...
[   2.635]       <<< RX chan1 1154B: 6b1cd53ee2bb30e43c1294cd065cb29d7f5f57ad31600e3ed206a0400ee3c8f3...
[   2.635]       <<< RX chan1 1154B: f6eaa41765189f66f2e56bfad3d47305d2e0b64af6f881369d6ce6117722f882...
[   2.635]       <<< RX chan1 1154B: 9322a9686850989c2b4a085a756dcebdbd8925933f012814ffec82ad86f21a98...
[   2.635]       <<< RX chan1 1154B: 96ae1db61335eef0804083a7fa1554328e91f056d9960ea20a14450f58dadbd2...
[   2.635]       <<< RX chan1 1154B: 60beb50235d93ec070b9301034eaf29a0d5279b23088f1055cbf6046d2cc4206...
[   2.635]       <<< RX chan1 1154B: 25e710411a92f3ae849889444e89f4dc7a1c2d5a1981b619ed6ed7322494b888...
[   2.635]       <<< RX chan1 1154B: db4c41430670e5f7cec5927296d5f672d3cb3abfe2dd2d6049c616f8d997cfc2...
[   2.635]       <<< RX chan1 1154B: 63b12a4f15f3939b2b27f016b3a589bdbe81d2965b733a6fce0e8dc62e7b8c52...
[   2.635]       <<< RX chan1 1154B: 9e40f04a6e8a7f5cf0fd77475e30e343ea8ac8c8b7492d79da4db48d49329b05...
[   2.635]       <<< RX chan1 1154B: 92dea0b20bb331c8ea9a48634d38abef7d6dd26ba320b1b6a8e2d84d1b078ce9...
[   2.635]       <<< RX chan1 232B: 1cb3c9a7f5aa1fe6e32fc262d3e3ff9b89c7cf52744bb5934a08c4e652dc60bc...
[   2.635]       <<< RX chan1 1154B: 800065d1831601c5650000bb65000028b52ffd60bb64d92d0301b7dcbaabb5ea...
[   2.635]       <<< RX chan1 1154B: 0d9136077112ebbedc8373497f2bc921911220f0834369fe40f14289bfb05bf5...
[   2.635]       <<< RX chan1 1154B: b2dab069e9c9f9c5c68af66ad71ad61a34a2a953d3f32dda04446e3b96c491e1...
[   2.635]       <<< RX chan1 1154B: e3ce1ab40e5ef725f02cfc69e6e22ad8a77ff80016cba8433da3be6f9c08b7fa...
[   2.635]       <<< RX chan1 1154B: 23905cb4c075c05532a3f47819daa38b6cf5aea1700f844a8593f37aa8740895...
[   2.635]       <<< RX chan1 1154B: 42665ec6dddd3cff71de0c2971a0df33817a74b01095ff7b2a34e1e6e698ac15...
[   2.635]       <<< RX chan1 1154B: a6688b0b3d9b5e8f3e2daf70f69f0d835ef26c0ce15f4c2694c2f0c37a1e3eff...
[   2.635]       <<< RX chan1 1154B: d67c77d53f243d2682b6ac0f8a6929041e436c55fe5e0b81f3fc5cef3ec434c1...
[   2.635]       <<< RX chan1 1154B: 8a32dd1f6c27e4bc18d8a75a382b21d4ab32a035ba1076b0989d4c909234847c...
[   2.635]       <<< RX chan1 1154B: 1220669ed8cc9b461fd38d51af7a9fb80af03734203dbf43d9488c0cfd85a2bd...
[   2.635]       <<< RX chan1 1154B: 8eba40cfad770f17df8fb98a18c3219a2100271ccf2e13c3d787ba4d10504154...
[   2.635]       <<< RX chan1 1154B: ef4ead0ef2e7984901bc7b5ecb84f1003a054a84e5a214d566eed701b4747e62...
[   2.635]       <<< RX chan1 1154B: f1a49d68cbaa866bcd3957d19c2939793c903cc8d0a51df3e036ed698c8e08a4...
[   2.635]       <<< RX chan1 1154B: 99786f95ea58f8b0c6bdc53ece5b9288c80992b2a84eedf54ddd6f9ff09a9b11...
[   2.635]       <<< RX chan1 1154B: bcf97602e1337a470c68ee19fcc10894b15a442fb6ec67ff7537bef4666ad8ba...
[   2.635]       <<< RX chan1 1154B: f5611b501b748a5bd4977d3bd4e6c76be39cddcdad7fde4589fb3ef1a3295084...
[   2.635]       <<< RX chan1 1154B: f3c6972c05aa646dc2678b0acead4154e02956fa2e0d86efb4510141ebcffa54...
[   2.635]       <<< RX chan1 1154B: 9db7cee5c618e73bd9d9dbe3cb6f6f3923a331b154ceefbd11dcdc37da921eea...
[   2.635]       <<< RX chan1 1154B: 2d9c47b2e8665ea73cf7b6538a9b5c528d3fc5b06b935a70e368f84512175ba9...
[   2.635]       <<< RX chan1 1154B: e3b16e480eadec6aa4d54b11217cad735997a2f50627b340b5b63d3df9430015...
[   2.635]       <<< RX chan1 1154B: 6c7c0bb38b9f6b8a116fa1df446d6dc25f8bb8e5e424626bab6b779f438864a1...
[   2.635]       <<< RX chan1 1154B: 294b3346159fe77f322bb389151dc6e9791c9d5e952a26becc82322b2060a2d2...
[   2.635]       <<< RX chan1 681B: 6cf23f47c4d121db335fda2d227f2b7b772c775643084fd8c2f9124552361b51...
[   2.635]       <<< RX chan1 1154B: 800051be831601b2510000a851000028b52ffd60a850418d021642117aafaaa7...
[   2.635]       <<< RX chan1 1154B: a09b66cdce7e1f7c2103ba604e3de18dcec4a50a92e673db672ef376c9d40960...
[   2.635]       <<< RX chan1 1154B: 2a5eebd62ad2c626bfc159e4b180cc502908c41a63752b1845eb57c3845d01b8...
[   2.635]       <<< RX chan1 1154B: 1e62aa1e0f9fa2b9e8f5b2315321da85f93a2ff6201de8e5298e46fe11a3e7c7...
[   2.635]       <<< RX chan1 1153B: 4591f13c6afea98b433b8c1d7ed3e5dc03df7b7644fa6f7bba716f1eb8658efc...
[   2.635]       <<< RX chan1 1153B: 63518621039310c4c783df8b7f419d8b0dcf7d27969ccabfbcb28c7eea6a4141...
[   2.635]       <<< RX chan1 1153B: dcec25c6810ffd2e2d8a34a2003077440ec928be18d32fb0881a85f4ce713553...
[   2.635]       <<< RX chan1 1153B: ddaee53c42cca4984c2de04a4e0f0fb0713612a82b44efc2972dc0f8fb136724...
[   2.635]       <<< RX chan1 1153B: 9a783e99077fbc87b172a8664c0b54f59106cc937a95db636b0f32900bb64eff...
[   2.635]       <<< RX chan1 1153B: 8a5fa78c2a294bfd700931982e5fc029779ad57d442bfad14d84c04f932465fc...
[   2.687]       <<< RX chan1 1153B: adf75593eeca983395befc9344d3618b8d3ab3f7e12e35035791945c891ae095...
[   2.687]       <<< RX chan1 1153B: ab0944ac4f105dec7e41d844658a677fc79a1001bc9f83c1249c83dc3f45d0c8...
[   2.687]       <<< RX chan1 1153B: ff97fb234e7ef9d3a41b42a19762b085dce06f9c130bc726f5cac550759ec701...
[   2.687]       <<< RX chan1 1153B: df6ac8064fd5cbd95250dd2841e05b2526793f0b889a68e5dd6ee63c6ce688ff...
[   2.688]       <<< RX chan1 1153B: b67d03992765b8de3dcab80c7e5806ae24a77d179aa7b7c4f7eed6f6776989f0...
[   2.688]       <<< RX chan1 1153B: 8445008f864cc06a433ec1d8508b6cabfde4708d7c33494f22521ed76c3d5fed...
[   2.688]       <<< RX chan1 1153B: 11fa32e57044fb1af56db9b124aa358bacedc5654db02b409dd1a3e8d75aba58...
[   2.688]       <<< RX chan1 1153B: 3200cebcf277fe4be7239d2bc48f207adce4e15105d0c461d707fcf2c6959bdb...
[   2.688]       <<< RX chan1 172B: daccce878bffe844311e0a14ab8b772d6b7cb1eb770d5c6fd9eff22cb2163c1a...
[   2.688]       <<< RX chan1 1153B: 80007b498316013d7b0000337b000028b52ffd60337a99d903b021b571537329...
[   2.688]       <<< RX chan1 1153B: c1bf5f68d33506f1304a22bef22fe02734697d7f326a517e2a8d97823288739f...
[   2.688]       <<< RX chan1 1153B: 2e4a0fa7772cd99dfa930bfdcdce81cc60a9a253833bfd4e349bf77b5c9b7328...
[   2.689]       <<< RX chan1 1153B: 338290054b3cf54826dc2fa7c5fec9c932c1b42e0928b98a0debc46fe089ae4c...
[   2.689]       <<< RX chan1 1153B: 4939eaa3694d96b0590afc28c649163e304ac422c26d700eb3e7c04bbb830f6c...
[   2.689]       <<< RX chan1 1153B: aabcfd46787a0331cd4e85f2e3b86216aaa581125b720719f94bc7149b2c1a90...
[   2.689]       <<< RX chan1 1153B: fc55326bbff3c736e2cec3fff8669d1b9f09888b6f2731a508827bb871972c0d...
[   2.689]       <<< RX chan1 1153B: 0333435d38352362cbe1d7f02348d873731111291d8835e2a62482456b71813f...
[   2.689]       <<< RX chan1 1153B: b34811e321ebe1abd36e40ac4600c080b98f00e4932685c0680ed799610915b5...
[   2.689]       <<< RX chan1 1153B: e4b5424bc3464b80f71aaefc885ba6d1942cc53072c962e376b02095912d6edb...
[   2.689]       <<< RX chan1 1153B: 75b9c26cd6e55f6c584a4790d374bc5f8c84a0fade1a4d8d16c124682b886c8f...
[   2.689]       <<< RX chan1 1153B: fd1ccc5b685c797805833f98f56c58da727ebd5174891b25fd873f24eeeef705...
[   2.689]       <<< RX chan1 1153B: 11fb6e7ecf0910447e28911d9c8eadfe40545bcf8c85303951c13d844c164cce...
[   2.689]       <<< RX chan1 1153B: 851c5677a57cad9ec0be3d004ac6387f5f9201878924dc4e4408a4e2b68b1683...
[   2.689]       <<< RX chan1 1153B: 0ef283b790fcb699a7823e322087d3adb722678672b0c6ede07024c2f2125978...
[   2.689]       <<< RX chan1 1153B: 925bfd1eefd49372a01d33215e45e795d696f31b853d28aa6f78ad63fb90edc5...
[   2.689]       <<< RX chan1 1153B: c3d732e089e54448e4cc807112afcf2d1aa5f2ff98207369e75860c405ee019d...
[   2.689]       <<< RX chan1 1153B: 219e199c6443c2dfe7609da603a96f692e52eb233f72bbcedb94d7dc55b44dc9...
[   2.689]       <<< RX chan1 1153B: 0756afc8850739d47bb60b7a4cf2d3d5f4c4ae78d019f19022037459376d7b27...
[   2.689]       <<< RX chan1 1153B: b2ce1d91b3bb8779078ffacca6185ebce090bcc46eb7cffbc34ee09e025f16b5...
[   2.689]       <<< RX chan1 1153B: c24e10d2e7f18fcd1a626ef3b3ca5d8d52988f9fa911e101a6674553e08cdfc5...
[   2.689]       <<< RX chan1 1153B: 72144e8d60e237323f3bea22714bfe11fd01086aee6618d8ab3d0ff45ec421a4...
[   2.689]       <<< RX chan1 1153B: 22dc053a68c1206710e2ce80f2846876ec103dd5124129d53b9eb7daddea428c...
[   2.689]       <<< RX chan1 1153B: c165d1feb49a6dc030a5fe536293f20846169ca8f181076aa006dd654e14454f...
[   2.689]       <<< RX chan1 1153B: e3937c8194d9fd5157af9456a417a233a4ab5e6525abf30fd0fb699c267adf2d...
[   2.689]       <<< RX chan1 1153B: 281b18168c9ae814c4d0e3905fe06d20e9a7e7880f7ec59a38cf54b6bad6da82...
[   2.689]       <<< RX chan1 1153B: 5b36b8a5fb5dbdfb2ed6955ba45968402f061baba8900b3d48df912106fb1822...
[   2.689]       <<< RX chan1 434B: c7b9091d295b7ddf68c0b3a47c5b6e62d7f9214024d4a3bbcdb3c66dd9fe0a60...
[   2.689]       <<< RX chan1 1153B: 8000144d831601411400003714000028b52ffd603713b9a100b6582d9e1ca57d...
[   2.689]       <<< RX chan1 1153B: 914ce26d37468dfa8ec3c9b0d86d16f5d36ddb5ca01efdc1db351b1676a10d7f...
[   2.689]       <<< RX chan1 1153B: e0041b776d0a6f6ce46caab81c1734e40bfe107fe3426557556d5cfa7bb85611...
[   2.689]       <<< RX chan1 1153B: 6aaa17ffe29aebe8df3346ea2bae3472e9895ae8c2398e9cfbfd2ea99fa48137...
[   2.689]       <<< RX chan1 589B: d981982156494ebf37fa77e88a31c4ef9b949afd1f85c7a8b0304bc7a9fbcc6e...
[   2.689]       <<< RX chan1 1153B: 8000183283160321180000d129000028b52ffd60d128bdc000da78c15052200a...
[   2.689]       <<< RX chan1 1153B: a3490682c6c0828215e40f0fc6c2121aac98d8344da9d086b996b44b2a1c9914...
[   2.689]       <<< RX chan1 1153B: 830870901b569c30d38d54d9258e2313226ec665b7dfecea94f4fbcedefcda76...
[   2.689]       <<< RX chan1 1153B: d7f7037bc756d662f930c7882e6f43135fa698dad2059ba7337b90c4386ed6f1...
[   2.740]       <<< RX chan1 1154B: cff2fb5a77f4b3d5fac13b37ed3c2c65cc0b560516ba6231ee1473453d89a193...
[   2.740]       <<< RX chan1 432B: a292fc4fba58555aa802f537e20567758b53f2bc66b3ab94a42299d0fd91b078...
[   2.740]       <<< RX chan1 1154B: 80006ab7831601ab6a0000a16a000028b52ffd60a169095503fce347e39de9c8...
[   2.740]       <<< RX chan1 1154B: ef465faa715768f729fa54c261320ac80437d2562746fd06e3015e2c5beac9a2...
[   2.740]       <<< RX chan1 1154B: 1dc8dc1b63957d1645d18c2840c899c616bc51241358875df872978d8ca262de...
[   2.740]       <<< RX chan1 1154B: 74ed4a39aa07e3b81e19f3e49e2901f70afe9325a6dce1ece127570be23d42b8...
[   2.740]       <<< RX chan1 1154B: efd7f1844780abd9e05616592f325a1e33cb26c07947bcccc2c70cfc5f517af1...
[   2.740]       <<< RX chan1 1154B: 26edfbfd63b94e786fa52f97af598ef26eb372fe1c4389da08ea36266aef88f7...
[   2.740]       <<< RX chan1 1153B: cb04a6b0ec2623620971d3598c6f2f9b968e963801b416d73bd218a36182168b...
[   2.740]       <<< RX chan1 1153B: c4c8c8ee3649a0e93c6d642c03ec80a64e1e832b8301fe5f1a0800099a0808ec...
[   2.740]       <<< RX chan1 1153B: ff247a1f53a12856b772e4c98bd70f4abac3fce42cf1ec868cd759cd63d889db...
[   2.740]       <<< RX chan1 1153B: d18ee1bfe9b6ee5e6d0f842fddfba5ddcab04a0877c58d04f17f04c09f6632de...
[   2.740]       <<< RX chan1 1153B: b3e10ab7ef70629b1c1179af25b581286a616db9cbc773fab5a4b3a42ff628fb...
[   2.740]       <<< RX chan1 1153B: 2ec10ceefb054064874c7246eb73e5c7b39b4633addaf8c51baab48e6feaa5bb...
[   2.740]       <<< RX chan1 1153B: 40dbb1e96f2a5c20db85f9e583ca988a8998545037040c3bd734995a3c03a9b7...
[   2.740]       <<< RX chan1 1153B: 40adb3fb3dc52dab29f0b492b473b750ec6d12f649d687cfea2a1b0e7ce92b3c...
[   2.740]       <<< RX chan1 1153B: ed562b03deecd597baecd66c97411af84129ce395767c3eb42f76de94c72a2cd...
[   2.740]       <<< RX chan1 1153B: 5774ef530ea201399cb15c7a629e9ac4b7eb38af192aa5a9ca14518100ed6425...
[   2.740]       <<< RX chan1 1153B: c8bab5133b5e70a3f237c3756d9f5447919175585373d568b018f7c84b0dd680...
[   2.740]       <<< RX chan1 1153B: 91a6051f56afd916f87288fd4c6623bd05afeba5e4abdf4e4042ee681a813dc9...
[   2.740]       <<< RX chan1 1153B: 4227c4d249744b4058d7e6df8671b1ec3438329e09553e4274970e31f128e305...
[   2.740]       <<< RX chan1 1153B: 4305ba12a4a3a8f5727972185fb956eae6f1577bad37613eab15322228f4f88d...
[   2.740]       <<< RX chan1 1153B: 6cc6518f473d616b2a2351714683c1105890ca5aea92fea8337db763cccada23...
[   2.740]       <<< RX chan1 1153B: 157d51310cd66d9c8c4618e0a4c81bd9e708ab7fb89b37934e12fee69db5f351...
[   2.740]       <<< RX chan1 1153B: 7e98b36e443bea89ea09d2dce14667546574cd468d9b8ca8c40953c9f21c3630...
[   2.740]       <<< RX chan1 798B: 197d355e5734e3d790d2bedc3e297ff63ca07a1ae7f8218ce9e338b6b8958616...
[   2.740]       <<< RX chan1 1153B: 8000698d831601816900007769000028b52ffd607768b94b0352f294cb2e695a...
[   2.740]       <<< RX chan1 1153B: 097505b9f1cf2f13805b755032be1f494d4f3e1a3b12e228d53f8b3e2fa6bb68...
[   2.740]       <<< RX chan1 1153B: 54279175581b217121c4bcf6fae387332fe0490c77955464057efaa62d41dc98...
[   2.740]       <<< RX chan1 1153B: ea197eb3bb88adeaa33c72dfb0b15a5aa4f3fae5e1089a1a455426cfb24c0ed1...
[   2.740]       <<< RX chan1 1153B: 8f8f5b3b62eb57e61ef82c31e8e920d377ca05993b3a26f26bc19896321856c5...
[   2.740]       <<< RX chan1 1153B: 9f0c1bcd0a1fe6bcd2b4f72e3084a44dae1e20ddf1b988fcd6f573c8bc19de80...
[   2.740]       <<< RX chan1 1153B: b4a32e56eea58d0ff6a48fddb51af15fc1ae745d0f3eea5520f4f08825b77ff3...
[   2.740]       <<< RX chan1 1153B: a6727878c0e18c0d18fca3019c465e5a6a2b3a50d0b0c630cef54c0554702603...
[   2.740]       <<< RX chan1 1153B: b0e05546500856c768422fe0a7bf5c0af85237a6394dc656dd0a7b23279f4b5b...
[   2.741]       <<< RX chan1 1153B: 1e8d174d72cd70d921aaeb5593a74cabc50699981dd8dee3a8c5a1b144fa27d4...
[   2.741]       <<< RX chan1 1153B: 7a902c5be9462b3651431b2ede5af3160779c2752780b54bdf51532067f7a51a...
[   2.741]       <<< RX chan1 1153B: 22a1726fb9c023a9714cf572ec4aad8ef7797ec5e9788a7feff3fde65f81f0af...
[   2.741]       <<< RX chan1 1153B: e3f16ea80f54f5084ae05d29491cfd7b84f1c93f90a5bed169399ebad1817c54...
[   2.741]       <<< RX chan1 1153B: c65c966979d208d50b83741f82a5d643082be261b70133abc1042f0ee27bb538...
[   2.741]       <<< RX chan1 1153B: 9a4e89e419ecccaf7ba91b6f1bbc1d15cfb27d18e1faa1d7220c5efeeae812a1...
[   2.741]       <<< RX chan1 1153B: 0c47ed94123d616b4059b55ce6d21b4a6362659c7a95641471c755317732626f...
[   2.741]       <<< RX chan1 1153B: 0316cd0d7f38c5c4a75988e039c190a9e6afbf8abc00a9fbbcc9f99e2e4cadbb...
[   2.741]       <<< RX chan1 1153B: e7c39ade3abea14aec157bd242790967adad8dfe0ddc341b7523514f8c1d915c...
[   2.741]       <<< RX chan1 1153B: 75608830600ba8d76b295aa58804e973de8abf28a3a68cc1505a9eb64a2607e5...
[   2.741]       <<< RX chan1 1153B: 13b9f25a8780e86940101fa9af855b5cc28e12b3a34b1707da0e66f546c33e7d...
[   2.741]       <<< RX chan1 1153B: 79008dec1a75da54a3e70330fd6786b0692fa0796b6e67c3b4eb910004f6e9b8...
[   2.741]       <<< RX chan1 1153B: f5dd37420729249c4dff9316e48fc3f90196b6c68f28c2db46a09d550396d8bf...
[   2.741]       <<< RX chan1 1153B: 39af672c5e95fd12a6fe51b7f13adcdbddb6f98fbca44fafcd5542bbdee57de8...
[   2.741]       <<< RX chan1 506B: ab532d1a05a061ea965320590e8dcd1e2f91097bc6ea0e436b9f7ea45e219622...
[   2.741]       <<< RX chan1 1153B: 800053e2831601d6530000cc53000028b52ffd60cc52619e020bac862f473dd6...
[   2.741]       <<< RX chan1 1153B: e4c79aeb18f2c8a74228dfa3eee133eb62576da9d980aa4c95f793068056cd69...
[   2.741]       <<< RX chan1 1153B: de2037fedbee3b27d3cdfc40dc3b12ba88d78a7012b2eac14d067b3353f67daa...
[   2.741]       <<< RX chan1 1153B: b4c670fa1b53241835b7944a590b32bcb2671ffee1217f881b96eb4b7eb96103...
[   2.741]       <<< RX chan1 1153B: f67b37698a64db4ac49cd235139456913e2abf0f4d5996c37e7ede9a2d106972...
[   2.741]       <<< RX chan1 1153B: 71d079e556cf4dac41b15bdc2211ccef7a1c24fa55e379b0a37c8b7c05f2678b...
[   2.741]       <<< RX chan1 1153B: 7b5d6c0c5f0ac144e2c6ffbeb4572b84166e7837b9327d7157c96f3fb570e403...
[   2.741]       <<< RX chan1 1153B: 0e725ded8ba53312577f1552aadf638c81699b87ada7a641e54814be8a0e34fd...
[   2.741]       <<< RX chan1 1153B: 208851cee6c3f85927a4ce0b01015443f50f210b792b74d37ab889ff017156dc...
[   2.741]       <<< RX chan1 1153B: b50ebd7373f203c5e89c30969b9d348f654e3885c277bb0bfc323152d75be08d...
[   2.754]       <<< RX chan1 1153B: c072f4961218623573885ca1289c4ae29ac132f085922b0b5404541a7737a2db...
[   2.754]       <<< RX chan1 1153B: 3bb20ef7059e692bc26596f606899c6f991c263fac820adc5a5d1f1ebb3b6381...
[   2.754]       <<< RX chan1 1153B: 27977f0ca4abff8d6478dd6eee55efeeb230ea5696c2168c0335a9b7bf5d9ab3...
[   2.754]       <<< RX chan1 1153B: 842898724ab4231b149bb27e9a1a9dc1289a449ba30b780e13731aa77cccafd9...
[   2.754]       <<< RX chan1 1153B: 211bc9c9ff0088c6acc743cce1df408e9d8b02e77bfa09dfaa6d653da36aa371...
[   2.754]       <<< RX chan1 1153B: 8820276efe1305560c05ca6ff6ff1d72b5f200e24e46b1b939c8980bfaf8015d...
[   2.754]       <<< RX chan1 1153B: 77e8753a375dba7299a26e936f91af689b0e850a0ed805f450b2ab1fc77b574c...
[   2.754]       <<< RX chan1 1153B: b1792235181d20401eaa1989ca0c204b5e4031b0cd280602fd35405e7d9bb3ff...
[   2.754]       <<< RX chan1 724B: 0ea9eb1639a0b239feb4b37306a11c330372e22311fdc7552961dbb6ad514df8...
[   2.754]       <<< RX chan1 1153B: 80004f4e831601424f0000384f000028b52ffd60384ec17902ccee9fe03ec45e...
[   2.754]       <<< RX chan1 1153B: 840c1d4e612c40961edc1fb9bbace3acbb153481fb548ee5a0e88af59df168d5...
[   2.754]       <<< RX chan1 1153B: 4bee776ecb78758f6c7b18352fb948d40d29996065f8e2c98491aa815f3f9b5b...
[   2.754]       <<< RX chan1 1153B: 719d79a7711f91a58b5eb75b77bca5df59b3df57f7eb380495d500bc7f3533df...
[   2.754]       <<< RX chan1 1154B: b713742ec131b4bb036e92cadc7ca41f92411418da5d50a11d78b93c2989ae7a...
[   2.754]       <<< RX chan1 1154B: 2dc3f17d76968e3cb810ccb4c7c216e71b867ac6ff82c75107822e8cf03e1868...
[   2.754]       <<< RX chan1 1154B: c41ba9cd7113b202a4b97d3969d94286341e39048c6e7aa1eb71081a6b7672e1...
[   2.754]       <<< RX chan1 1154B: 944562cc7a747e141958f6c4d324b4049e3421fbd77c6787e9053d652967ca7b...
[   2.754]       <<< RX chan1 1154B: a02493538d0db286e294e6581523372058717ba914a342c6bd8751f076248312...
[   2.754]       <<< RX chan1 1154B: 8cab5e9b364d0cd10f34ba6ee0a3b4abcf4142caf2e4ff0c0f73f41f87d7930e...
[   2.754]       <<< RX chan1 1154B: f1399e2ee0150dd740be1f8c7de17789bc5fdac91248d582868f350b7294708b...
[   2.754]       <<< RX chan1 1154B: beaa8cf00c22f5726336aa704b2cd084dd6c1176ab8344fce035490e0158f418...
[   2.754]       <<< RX chan1 1153B: 4e96a7201c08891c63f891fb52543fd65af33e756cc22fe0737d0eaf279d48af...
[   2.754]       <<< RX chan1 1153B: 65c3f7450d409bf31ddd87a8a291ac9d7a058de6916fe4907fe6263df04d09d5...
[   2.754]       <<< RX chan1 1153B: f0d82ecf0177482ea7bbb0e33597932e30ef5cfe98108ea5c7e7b4751d2e0d67...
[   2.775]       <<< RX chan1 1153B: aacb91181b8e99670c9e3a933963c5859ed0096b514274f23d9e3be04c7e92da...
[   2.775]       <<< RX chan1 1153B: 99f030ea9a80ecbdbd6ccc603d97774022a292b7a2daca0484023ec03bf2c190...
[   2.776]       <<< RX chan1 697B: 8d3a1dec2934d5c0f8d7ecb6053f0e8ca1d992a5bee7e6e73e761a66efe4c411...
[   2.776]       <<< RX chan1 1153B: 80006730831601246700001a67000028b52ffd601a66d13803506f1892e88bcd...
[   2.776]       <<< RX chan1 1153B: 0cc441c52fab4857f44c8c76a2477bfc97c50e6f523ba86b8c7f0f6c3c847c23...
[   2.776]       <<< RX chan1 1153B: ab11f219258372ebc305990868618e236de5f98735fe1eb1d7033d47a0bcc4b8...
[   2.776]       <<< RX chan1 1153B: f8d8502b84c0f1727af4a0ec23833d2b7f25de02ab07c6f3914518cf0d8eedfe...
[   2.776]       <<< RX chan1 1153B: 2bdbc1d72e498746de04cf04f0ade226c554824d98ee43e29f0d1218e4d0a055...
[   2.776]       <<< RX chan1 1153B: c4c4bed07890b41150803280afa2a152cc94b9a21b9819a4872eeb83b1f6988d...
[   2.776]       <<< RX chan1 1153B: 419444d2f2a819305a46d267d290e63639c591993a20625e775259b5628825f2...
[   2.776]       <<< RX chan1 1153B: 072ddfdeef43a77cd3ff46394e814e8a8655f15f145005165061ff6f95aafc46...
[   2.776]       <<< RX chan1 1153B: 4cb21846cd640401c32be625f491e095055a10abe81ec75c40fd401c0b8882b2...
[   2.776]       <<< RX chan1 1153B: 9c4b27883a748dbf0eb764e29d2393d23231ea723c760647a6aff5ee39b5e30b...
[   2.776]       <<< RX chan1 1153B: 16c03ef710a6b8cc1e1bac405f60df8d50ed13f122f92f568b7b0570c892b65e...
[   2.776]       <<< RX chan1 1153B: c50cc951efcbaf032b7af420972a44fe8e96e2ebca23c566dd49f18059ab9a95...
[   2.776]       <<< RX chan1 1153B: 8587954c90adf55cac8078a96548bcfd8bb2f649b3d1b3796b984669ecb2387e...
[   2.776]       <<< RX chan1 1153B: ed505d79df9338b1f580515a16a4a11897c457dcb4e6733b2067f18c95d902de...
[   2.776]       <<< RX chan1 1153B: 6d2bf26578e76f39d7fca51cc9daf7b8cd5a63ee35452e65d86403ed287c9495...
[   2.776]       <<< RX chan1 1153B: e2a2d942b965eceae1c7448d992a7fbd310f58a9e9f3fb47cb268f6fddbbc76b...
[   2.776]       <<< RX chan1 1153B: a53b2a0e183396e65de3469b38a3c0f10abf9db0b2f8c91b3f7c6d133adf8cdf...
[   2.776]       <<< RX chan1 1153B: 799c2ad4877f8c7f6ebe043469373a4ea6b2a2d13dc64c42fab7f9a891ee8d39...
[   2.776]       <<< RX chan1 1153B: d34fda05debc8e51837721ad05ccd7f50ce69eaff706bdcf053a2d2f2cdca134...
[   2.776]       <<< RX chan1 1153B: 570df2d957e8b741dd207b19463b3fea06ad9ea88f24bacbdb3a23f28212347c...
[   2.776]       <<< RX chan1 1153B: cd84ee487a4ca1389cea6422d6161b969c277d5d06c702bfd812e290040a8499...
[   2.776]       <<< RX chan1 1153B: e5c63bc417b6bc376a9a523f3c6f056007ea4f058be7d5a5c45423df63fbb4df...
[   2.776]       <<< RX chan1 1054B: 334faaa8702977c3d6188478b402140497029b64e2772f53da41d94198bb94b3...
[   2.776]       <<< RX chan1 1153B: 8000520e83160102520000f851000028b52ffd60f850c18f026a3eeeb707fd4b...
[   2.776]       <<< RX chan1 1153B: 54400b537e504eb3deb2ff14b5eef79d3e571cb542a80e8059a01d2f494dfb90...
[   2.776]       <<< RX chan1 1153B: fc5bb23a4e017780cdfddca44ca574c74da38d401d6bd4cfd8daa38b454991b1...
[   2.776]       <<< RX chan1 1153B: 653c990407994698f33cf385329944ae666200b9376b0d967541d7ba6c8f056d...
[   2.776]       <<< RX chan1 1153B: e637269778e79b1271efb7017f58c233f69206f975dc5fed9e029f1cae316906...
[   2.776]       <<< RX chan1 1153B: 73ce4c83f6fdc45dd62b485b208c6f6a34e9645a6ef5392970177442f8409d29...
[   2.776]       <<< RX chan1 1153B: 3c3bc531f8a80cebce2148ff8f1d25810210e51410d474e9cff994c98d03c26b...
[   2.776]       <<< RX chan1 1153B: 84b3fc65ff064127849f2c14654cbedf34fb547bebd83c8386ab4f4e4d546e67...
[   2.776]       <<< RX chan1 1153B: e4387d45c06bf63cdfeb86373546eef57a544362346f2d08fa79e4ce2366d7eb...
[   2.776]       <<< RX chan1 1153B: 4feb976a662c565e415a116cdcfeddb6ba2d698318fac7a9281395b07484ed78...
[   2.776]       <<< RX chan1 1153B: 10cc6d00760ac701bc6c7cdab4ebdfc704a2d4202f3002571cd6517d0934e440...
[   2.776]       <<< RX chan1 1153B: 7e1d98c45e6942141a839b3fa44801ce9323a875d8725517913504a6488e9255...
[   2.776]       <<< RX chan1 1153B: b306047d02f9942c271c6f36ef4d567c35b4593061a4e38583b547f267452f81...
[   2.776]       <<< RX chan1 1153B: 602108d3aacf18b006c98c2e18155af300fd1005ab888cc18f6e61b7f53df823...
[   2.776]       <<< RX chan1 1153B: c256d4039be4124d5f434ceff0848e74c82ed55b2c74d22acd1806de45b4f991...
[   2.776]       <<< RX chan1 1153B: 9eba3f24dbd881f128e2367e3b87858ca391e1c251525e8df7fcc034d031b99f...
[   2.776]       <<< RX chan1 1153B: 36a5060eb18596a0aeea869bfb62d31fd7055081a49b0ecdf40580f271d28bce...
[   2.776]       <<< RX chan1 1153B: c1adc2156e4d45c292abc058ae4b97bffb6074077dd8be9dfbe7a7492cc34e34...
[   2.776]       <<< RX chan1 256B: 2da85748512da93bc719b52559ff0fc9e58309eaba13c832fa5f8c99d95b4a9f...
[   2.776]       <<< RX chan1 1153B: 80004a65831601594a00004f4a000028b52ffd604f4979520277a56408840065...
[   2.776]       <<< RX chan1 1153B: 5eab348dab0b7088c50d948c7259de086179308abe93486f21381c05ca166556...
[   2.776]       <<< RX chan1 1153B: 18b277d8ae28db463a2375a9324309e74dab72b7fd1a5661f3e19ed5c66e432d...
[   2.776]       <<< RX chan1 1153B: bc1f28bbe73939f7932596a9633d2f04ff6f6dcb5e1af22b9ae2a16f7601b10c...
[   2.776]       <<< RX chan1 1153B: a1ebb71c8f895ed805beae858ababef472224cf208250ec71b5a7f84ec29d7a1...
[   2.776]       <<< RX chan1 1153B: 1ef46a73f2b2779f7c3bea1dd3ea86852f256308a4394b637bc763335becac93...
[   2.776]       <<< RX chan1 1153B: ea438bd732925f65aeb180c96e40b54ef4aa5c46503dc7a51a56b51a5d9bb187...
[   2.776]       <<< RX chan1 1153B: c25d345d1e2574cc6bec0cd9a3f2f0d0b2eb6bc89864dfc9d769ba2273590709...
[   2.776]       <<< RX chan1 1153B: 6fc05d62845390fb4f97bf0cb532225babfc790b05d5da65d29f1315667ec2d2...
[   2.776]       <<< RX chan1 1153B: 8e4fa70edb7df94f6b3629669112f7b426c153a48c6b6523042e6794ec42660d...
[   2.776]       <<< RX chan1 1153B: f47b292b86bdae1f70c3a015b0497e9b2d4f03c669b8ebfc21125184b31062cb...
[   2.828]       <<< RX chan1 1153B: 8e13159fd6eff9c3a3f6beeb6c55a6f92739a90898d52716ec6862f7748a87ce...
[   2.828]       <<< RX chan1 1153B: ab86eeaf56426590a3c34e44f2e29fcde8df65e7e1f6a8d7449ae068d883f245...
[   2.828]       <<< RX chan1 1153B: 4c8073cb11125fb2323da9dca5785b7375b3c85cecf4753c9fab5ba889797341...
[   2.828]       <<< RX chan1 1153B: d294c59526f39ef1fb26cc33c2878bc5c578b7e343be9bbca9474d0ee99bdba4...
[   2.828]       <<< RX chan1 1153B: 451be398f5434d89b0ffdd01583d4f3941b4a328a930eae195c517eba2c61baf...
[   2.828]       <<< RX chan1 601B: 6569128d09e93a2bca55101f274cef748703ca02edd4a61a33b81a32e3f371f4...
[   2.828]       <<< RX chan1 1153B: 80000fd7831603c60f00001d22000028b52ffd601d21e57d008ae4ac334a201a...
[   2.828]       <<< RX chan1 1153B: ad6fc7c2cad594be2269aae8b2140a3a13840637b690d393e040e5e2fe7535f7...
[   2.828]       <<< RX chan1 1153B: 04a4b1b9716aac514244530141d4d989e004fe3b235b39d7ed5b554adf9e2732...
[   2.829]       <<< RX chan1 600B: 1b60df23dd3ca1797dfd2b88d18328a42346b3b76599bfb1608c5603955e6d8c...
[   2.829]       <<< RX chan1 255B: 800000fb831601ef000000e600000028b52ffd20e63107005ab67fa05acc3a4c...
[   2.829]       <<< RX chan1 1153B: 8000a7f083160211a1000064e2010028b52ffda064e201002d08053e85876f1a...
[   2.829]       <<< RX chan1 1153B: 67a310c621deb3b1cc28c47b366ec018c47b366ec008c47b36961937f09e8d6a...
[   2.829]       <<< RX chan1 1153B: 34edfd787aabb0b27ac79880048f4d07474008dcdd85912d7f812419840b1540...
[   2.829]       <<< RX chan1 1153B: f30c3420110929212d21251d15d110d5aabd3c030d4749494b4a484248454534...
[   2.829]       <<< RX chan1 1153B: 701d7f8df05188c0130d20af847246884032e1318f07ea9e52f72a24c493819b...
[   2.829]       <<< RX chan1 1153B: 0c3c3cde7359ef93b69eb5051646e8bc0acf6566ce6d6535bbaa9ba7f7e9b3e3...
[   2.829]       <<< RX chan1 1153B: 5a7f2cdb53c1c7731ba6bfc9b8e12e4309d079dc96c1983f95e723111f20ace0...
[   2.829]       <<< RX chan1 1153B: 2677cf19610d5a5934857a1dff375efe90f05efe84f0c99c5751fe00e0bdec69...
[   2.829]       <<< RX chan1 1153B: decb1b0822bc9737103a0080f7f20642540842431380f05ede308bf7f28689c0...
[   2.829]       <<< RX chan1 1153B: f59e893910c9bc67620ec431ef99980351cc7b267e21e6f09e89608861de33f1...
[   2.829]       <<< RX chan1 1153B: 300705994f3219e386353d380d8901f39eb9d04f9e40f14350cc182f2148780d...
[   2.829]       <<< RX chan1 1153B: 110dd9c8e1d0cd2871d460c18205d250925011d1901191925012d2d29090d08e...
[   2.829]       <<< RX chan1 1153B: 6174e3559f58d55326bbd3ebe6e538f7e6a1d7cda2fadc3c9c9ee9934f0cd98a...
[   2.829]       <<< RX chan1 1153B: 6d55ddc3ad4fb3f081d670ab6cab45e06116d5531a6f95876e96d518c89eda3c...
[   2.829]       <<< RX chan1 1153B: 2131137e11c60a59c40a69c605de99a746f50e9b9b87356ff7762bd6e6934fef...
[   2.829]       <<< RX chan1 1153B: 37c5c34914f758c63d06dd6317f788c53d5e7d1dbddc63d03d02bf8e42dce3d5...
[   2.829]       <<< RX chan1 1153B: e2ad6a96d5bd1d36d3f687d114c51beb3355f50feb137f91993f6cea1e46531c...
[   2.829]       <<< RX chan1 1153B: d109b5de75c2ac0c48f85f79d709af08a1136279d709b3b2bceb8459b4bceb84...
[   2.829]       <<< RX chan1 1153B: 57685e96b8891206c411219a173398498c7bbc2ae31e970cf93a7ab9c725ee11...
[   2.829]       <<< RX chan1 1153B: 899991798206454d5a55d03d76b947225bdc63300c105671ec4df3baafd82ba4...
[   2.829]       <<< RX chan1 1153B: 2cdaf658138628d46459dd73a24a711871cdba04bfb08a5eef9122d891229a37...
[   2.829]       <<< RX chan1 1153B: cad9d81137294fd5aca962d4c45b3553753f3d6d954d7fd88c32f1c6a6b97938...
[   2.829]       <<< RX chan1 1153B: 4728ee51cc19f788e576718f4288b8472ff77805ecf57acbbc632fb0a8e6c55f...
[   2.829]       <<< RX chan1 1153B: a8a96f0c69f2668a933745804820d24b155a151029a4099a15286945869cb95d...
[   2.829]       <<< RX chan1 1153B: f03324cc7c809625ff52ee08f4b4f0ab83c8e151eeca35a996c88012e5d02eb2...
[   2.829]       <<< RX chan1 1153B: 0c31b16e83255a3cd359fc1fad44ef695c154f356e9dcf20dd21ea75ccf15aec...
[   2.829]       <<< RX chan1 1153B: 664875e20f811b1a2ecd788ca487c9be1a875319cdc8a8a0cedecd4609fbe29e...
[   2.829]       <<< RX chan1 1153B: 3ce40c1e83ed17018227f6c38c14613483d6fc4d6f2b3f9ecdd40ca5aa487b05...
[   2.829]       <<< RX chan1 1153B: 96879c65559a2d525eff1e32949cce3956316baf68f44a45ba2c106d0b406d3b...
[   2.829]       <<< RX chan1 1153B: 90ef1abcac795a675f6ffac31ad342791629cd3ffb89a8b2dcde39e0389b0a62...
[   2.829]       <<< RX chan1 1153B: 87a2730d89d51046a8aa84ed66eeb871b5a9361da9c01597d5a201d6289b72a4...
[   2.829]       <<< RX chan1 1153B: 3c1ef997dd99a736b59ff5420b24655c54db81fbefc9ae109cbd93ed12f14982...
[   2.829]       <<< RX chan1 1153B: c661792ef5b2c256c581bc90da9e85d6bad05e1af0e5b115c72cfbd46d8dc411...
[   2.829]       <<< RX chan1 1153B: 691011e6bdf77ee7a7d7b0e516434b1f65392a7a12135b0bdd2264400dafb47d...
[   2.829]       <<< RX chan1 1153B: 14b36d900fed7d0093ebfa927b29b23ce2e2ac8bf4fba1d9aab2c007ce5e837a...
[   2.829]       <<< RX chan1 1153B: 06b18188a5e3204ceabffe10a465b533b10d106c8a05208ae6fb5a81db28ae15...
[   2.829]       <<< RX chan1 1153B: 9e97021bb9970220d997021cf597021c91980220b198021ccd98023b88990228...
[   2.829]       <<< RX chan1 335B: 28acc20219cb9c021faa9c02219aef032395f00323d43daa01fe3e52c66637bd...
[   2.829]       <<< RX chan1 111B: 8000006b8316015f0000005600000028b52ffd2056b1020036f4af9b7538c567...
[   2.829]       <<< RX chan1 1153B: 800034e9831602d8340000f8a5000028b52ffd60f8a475a601aae2b29e501010...
[   2.829]       <<< RX chan1 1153B: 7000c41688e5388edfb8024fe0b5db38023fe0356234def41997118b711837e0...
[   2.829]       <<< RX chan1 1153B: e5cd3a2e931897572542492580d1b4c5644cba444c1951c9882876f90dadc280...
[   2.829]       <<< RX chan1 1153B: 3b3a95226f31ca78d3214514546911a2accc807afc00b1653882921266cce41d...
[   2.829]       <<< RX chan1 1153B: dd8a2a925d006f2935f05b0a0adc2e356941a20e073504f163670a8523966e37...
[   2.829]       <<< RX chan1 1153B: 194255d5c3fd74375e6f67b3dd7c39dcad2a351e91513528c9a45610aaaa9fce...
[   2.829]       <<< RX chan1 1153B: 0dfcee22d35503bfd9b58b0cbfbb68e81ac36f76eda281dfac1536067eb36258...
[   2.829]       <<< RX chan1 1153B: a417c1d8f29bb8a505d1691cc46fe2166316fc266e310ae237518cee87f3e576...
[   2.829]       <<< RX chan1 1153B: 0033e10f0ef1432de0dc73c788c9b8bc2a11893c0a8b5a086f784c88741ad48e...
[   2.829]       <<< RX chan1 1153B: af0b7735b98cdc058f524ab71b0b4531daeb8beb1abbd877bab2ad21098a8ad6...
[   2.829]       <<< RX chan1 1153B: 450ada4aa2419a94353472394bbecfe04f7ca213f989834eb40ec5b196d7d710...
[   2.829]       <<< RX chan1 866B: 81d11dcecea925578ad40d8a2c663608161c345050ca0952043b4f5af0302c80...
[   2.829]       <<< RX chan1 167B: 800000a3831601970000008e00000028b52ffd208e7104006a5f46c17fdd9d22...
[   2.829]       <<< RX chan1 978B: 800030d8831602c73000009d8f000028b52ffd609d8eed8501eab35a91561028...
[   2.829]       <<< RX chan1 1153B: c560bc8720f07bab07afbdfbb31a4f25c11e8a3e017a7151cb14f5a9c2d128bd...
[   2.829]       <<< RX chan1 1153B: 2efaf003fff70cafae1f73bc4d4547850326e6b818031afe4f8357d10799f8f3...
[   2.829]       <<< RX chan1 1153B: 046d2c5ef983aa113b33d1777552feae0e90d72233d2abf2c674f4410dc5c41b...
[   2.829]       <<< RX chan1 1153B: c0c9b2380b28b40afe6f403fb1e3109909244f437ecf4038ef4d970c09c9e9e1...
[   2.829]       <<< RX chan1 1153B: 9c19e1a9a8051744662a3865e888d1c35470cc8c0943642a38666e40f3f01bfd...
[   2.829]       <<< RX chan1 1153B: bf4d6e53e4f74f8c3699ff8b46347a9ba7d19c6c4de92553a1d50ddeebe3d580...
[   2.829]       <<< RX chan1 1153B: 71d97f033a33828b7bdaf07fd4c6870ef78ba0f55fc4fd3721fc1fb5e11508ca...
[   2.829]       <<< RX chan1 1153B: db2e36047edb2e16047edb2e1600fcb6556c177edb2cfb01bf6d96e5c26f9b65...
[   2.829]       <<< RX chan1 1153B: 2e8ad1b7ea96a25072089bdb4225577bd7a7b207f34c272e38ed85f4802326e0...
[   2.829]       <<< RX chan1 1153B: d7794e9de23cf95c7f3dc31b9c7ef839194b7bb3c2e6fd80ee53917e22653469...
[   2.829]       <<< RX chan1 202B: 800000c6831601ba000000ca00000028b52ffd20ca8d0500340a46e810e87f2b...
[   2.829]       <<< RX chan1 1053B: 8000041983160408040000e108000028b52ffd60e107f51f0006b6c64a80d855...
[   2.829]       <<< RX chan1 25B: 80000015831601090000000000000028b52ffd200001000000
[   2.829]       <<< RX chan1 973B: 800003c9831604b80300009308000028b52ffd609307751d0086b2b246909e49...
[   2.829]       <<< RX chan1 25B: 80000015831601090000000000000028b52ffd200001000000
[   2.829]       <<< RX chan1 255B: 800000fb831602ea000000b101000028b52ffd60b100050700e24b2e34504dd4...
[   2.829]       <<< RX chan1 25B: 80000015831601090000000000000028b52ffd200001000000
[   2.829]       <<< RX chan1 258B: 800000fe831602ed000000b101000028b52ffd60b1001d0700520c2f33706d5a...
[   2.829]       <<< RX chan1 887B: 8000059683100d00000002013a9e5400ef01ffff01399e540002013b9e540057...
[   2.829]       <<< RX chan1 547B: 6d616e4c6f63616c697a6174696f6e457870657274090006496e7465726e0900...
[   2.829]       <<< RX chan1 1153B: 80000528830701a56500006411011f010a323635353838363531381f07045374...
[   2.829]       <<< RX chan1 171B: 9e54001501ff068a081a0c546f75636842696e64696e67ff01429e5400020145...
[   2.829]       <<< RX chan1 974B: 80000510830201499e54001501ff047307610d6413771a164b6579626f617264...
[   2.829]       <<< RX chan1 326B: 9e54001301ff070e4162696c697479416374696f6e340b06ff01419e54000201...
[   2.829]       <<< RX chan1 1153B: 800005318302016d9e54001501ff06e9071a0e47616d6570616442696e64696e...
[   2.829]       <<< RX chan1 180B: 6f1a0f4b6579626f61726442696e64696e67ff018e9e54000201909e54001501...
[   2.829]       <<< RX chan1 965B: 80000519830201949e54001501ff0794020d93020e000000401a0f4b6579626f...
[   2.829]       <<< RX chan1 344B: 94021393021a0f4b6579626f61726442696e64696e67ff01ab9e54000201ad9e...
[   2.829]       <<< RX chan1 1153B: 80000553830201b79e54001501ff1a0d427574746f6e42696e64696e67ff01b5...
[   2.829]       <<< RX chan1 214B: ff06ee071a0e47616d6570616442696e64696e67ff01d99e54000201db9e5400...
[   2.829]       <<< RX chan1 11B: 800000078323b861590000
[   2.829]       <<< RX chan1 29B: 800000198323b861590007010e000000bf1a01399e540023bc61590000
[   2.829]       <<< RX chan1 163B: 8000009f830701902300002f09ecf2ece413f2dbb3c855010701902300002f09...
[   2.829]       <<< RX chan1 650B: 800002868307017c230000e31607456e61626c656407015e41000011039e0107...
[   2.829]       <<< RX chan1 11B: 800000078323c461590000
[   2.829]       <<< RX chan1 11B: 800000078323c861590000
[   2.829]       <<< RX chan1 11B: 800000078323cc61590000
[   2.829]       <<< RX chan1 1153B: 800014b6831b0400000001e399540001e499540001e599540001e49a54000d0b...
[   2.830]       <<< RX chan1 1153B: b02ac84d422c4cc816b10c2f65a9aeb6302c1b5546d51461ef049a578d82709d...
[   2.830]       <<< RX chan1 1153B: 0430be9fbe104990b6d2cb57b934902048b29d1da0a02f816d78a8c12d5b3124...
[   2.830]       <<< RX chan1 1153B: 24eda308aace648e99b36398ab9f5fc0d3bb31bd36a237417ce3878161b7d2ad...
[   2.830]       <<< RX chan1 694B: 12967d97662d77de7b2818be171acab10817caef88be592fa28385efee39f6fc...
[   2.830]       <<< RX chan1 11B: 800000078323d461590000
[   2.830]       <<< RX chan1 1135B: 800027cb830d07000000bb270000b127000028b52ffd60b126893d01017e6554...
[   2.830]       <<< RX chan1 1153B: e471eb8e1c4ebd70a76d1f1a61f2c21c7fbe28fa65239679703a142b5cf0a971...
[   2.830]       <<< RX chan1 1153B: f83586d49b59aa288564b27657232704123211ceb2eba84cb486b00cc88ac132...
[   2.830]       <<< RX chan1 1153B: cf93f2c43856e881ebe919d6c129f9994290ec28dd3a975561221c8c5e4179c0...
[quic] DATAGRAM 32B: 03020083051033c874010000000033c874010000000000000000010000000000
[   3.010]       <<< RX chan1 1154B: a21bc8818ab9c8dda3c6ca31f5ba9613661c531c9dfcb44127b4f4976c4eb676...
[   3.010]       <<< RX chan1 1154B: fb0b304bcf03c88aee2fd217e12e8e0df697cd01ddd48ab525c5a8ad5ef3c05d...
[   3.010]       <<< RX chan1 1154B: a76aeef84a06df58faf949c439da0e94f5253103fceffdffffff7befbdf7feff...
[   3.010]       <<< RX chan1 1154B: f17b3e47e5d04f4b6e9b776f8d496804ba95f1df77332e9cb53a561c6d1d5d8b...
[   3.010]       <<< RX chan1 1154B: 08e15f1ccd2f7d7b73c35b87d1a19f6538d91078d85a7faf50eb6d9998f925df...
[   3.010]       <<< RX chan1 1154B: 2fb06064adc002517501c4ff07f8ff93292a1875b606579c7911dc00c56803fd...
[   3.010]       <<< RX chan1 1154B: a6cdc67b4666f0a395cd8f5636cd6596f4408d090b6f02469afc6865d35c6649...
[   3.010]       <<< RX chan1 1154B: ab7f7c1e18ccc3c393b15ff9d63423e3e0d0de22b8a9fe78e4de73b96e32fe4c...
[   3.010]       <<< RX chan1 1154B: c96e9eb1ab568bc792b424f532c2c4720502dd9fe05845eaed5d0262efced783...
[   3.010]       <<< RX chan1 1154B: 004f0109018d6454000a011b655400ff063a27aabd999120be9692183e060733...
[   3.010]       <<< RX chan1 1154B: ed9e139e5a04b971166f3d3fd0653564742bf0bce1929016ccd2e7e183c58c14...
[   3.010]       <<< RX chan1 1154B: f151190f5bcbafb01e1cabb9926252b73660329523b80ec336694089871a0c09...
[   3.010]       <<< RX chan1 1154B: 8fd9b8d361c354aade02a1497dcb4302bc3cf8e44a8e25fc890a69a76e10dedb...
[   3.010]       <<< RX chan1 1154B: b07b922de367610850b3bc363cd2d175663abf51ca90c7986d61344ae15434ee...
[   3.010]       <<< RX chan1 1154B: 9831044789af6f0bc007e20c2234a7145c22111db482cd3b454716e2351b828a...
[   3.010]       <<< RX chan1 1154B: 88d1da4f3239680c6f6bbf22c971831921a4639420a51db7306cb0077874e304...
[   3.010]       <<< RX chan1 1154B: ee76112c1add537318e104d3bdf14faa4c978e2064edca812ced33469695804b...
[   3.010]       <<< RX chan1 1154B: 8354bbbe746e68149a9a63e4027410910903af62355e194936f4b02663f2e854...
[   3.010]       <<< RX chan1 1154B: 76882ccb1969d0c37a48a1d9ae485aedc8d13b6f9b58416ce2325add2c0947c6...
[   3.010]       <<< RX chan1 1154B: df3d77c1bd5d4fb9dff61bdbfea7d2c4dff707de6f629ae7f123dcefac81f33b...
[   3.010]       <<< RX chan1 1154B: df3c6d15c00ffe5fafb41a45a1dfdeb06c990dda1a0e4b897710ad17cc43f4b3...
[   3.010]       <<< RX chan1 1154B: e83e263e8cb8313110b7803e55974f3ebfb9803e88b59b3f14001dafcbdec2fc...
[   3.010]       <<< RX chan1 1154B: 02e51bbf4e8e64be10a0a2cc3e40d22a3f2ca7cf3e118eee9a3ba833d43c9e29...
[   3.010]       <<< RX chan1 1154B: bc5014ed7d0000003333b3be0000000005c4ff019a7d54000163dded09b417f0...
[   3.010]       <<< RX chan1 1154B: 016c90ba953cb0241dbe7be14dbd6b7f5400016a000040b4c0c5d03d0229e7b5...
[   3.010]       <<< RX chan1 1154B: 648b3a9e5115970f229ba0e3c1fd504dab7193a91ac52ec60e43d758d9e94f03...
[   3.010]       <<< RX chan1 193B: 7d0e73913fa1b185a70095d013e97a742dd772ba0dc4cd4acd0a20fa6019bbc6...
[   3.010]       <<< RX chan1 4110B: f7edd394796df80ba4468260a8287d425b910b8981f6e01e2eaf634f05c0862e...
[   3.010]       <<< RX chan1 7994B: d9ce39c39144d9ed4c4fca45f2a5360ca256067038a829ad9366e5817e1ede6e...
[   3.010]       <<< RX chan1 133B: 800000818301017f9f54000201829f54004f0109018d6454000a011b655400ff...
[   3.037]       <<< RX chan1 133B: 80000081830101829f54000201859f54004f0109018d6454000a011b655400ff...
[   3.087]       <<< RX chan1 143B: 8000008b830101859f54000201889f54004f0109018d6454000a011b655400ff...
[   3.087]       <<< RX chan1 133B: 80000081830101889f540002018b9f54004f0109018d6454000a011b655400ff...
[   3.087]       <<< RX chan1 133B: 800000818301018b9f540002018e9f54004f0109018d6454000a011b655400ff...
[   3.137]   DUMMY -> send ping 77B
[   3.138]       <<< RX chan1 133B: 800000818301018e9f54000201919f54004f0109018d6454000a011b655400ff...
[   3.138]       <<< RX chan1 1154B: 8000619b830101919f54001b0200000001dc99540001dd995400030105705400...
[   3.138]       <<< RX chan1 1154B: 5ce59041c7657d48983185ca483e8347ecf3df1d039accc94bba54ca785160c8...
[   3.138]       <<< RX chan1 1154B: f89849a6e11b224c40ab4ca6d0f0112cb67fe1464758d3fa2542ecf31f2303d9...
[   3.138]       <<< RX chan1 1154B: 3efcadf57dbf7393bb3b546fc497aeeaf7e16fad831e093d1222dc5d49efefeb...
[   3.138]       <<< RX chan1 1154B: c901493195ecac6c6b26165666b6f576f82083899500f3fb72f83af1eddbf00d...
[   3.138]       <<< RX chan1 1154B: 13cbca37b18be2eeae0b11f0e6270148f26e5e06e94a078c5f19008aa741a683...
[   3.138]       <<< RX chan1 1154B: 953a252aba669dc1d1d5d93d609356554995929286a0562b32050adc5d4ecedd...
[   3.138]       <<< RX chan1 1154B: 1d4afde6848587d3e6cb2729b3d262fafcbd679c290fbe43a9af44153e1f2c3d...
[   3.138]       <<< RX chan1 1154B: dc1d0e2ecc0d4c0decab8d6d4dad8bcbcb85a0ab956565656665564546a5d552...
[   3.138]       <<< RX chan1 1154B: 8f1525c80789e1b5a96178ef420894c74164dd447ce0fcd49a148f4f70744e30...
[   3.138]       <<< RX chan1 1154B: 878e0f54c1e0c9cac06b58a005ca0be4b99095d6239f55f1dd5841a4a77645f8...
[   3.138]       <<< RX chan1 1154B: 01f46b740e36d381ad871c0080f72cec767adcbe0036e884c9a009b3af76ae9e...
[   3.138]       <<< RX chan1 1154B: d2507239aba9e6ae86c6e407069a3cb822858b12832406055bb41064b162c508...
[   3.138]       <<< RX chan1 1154B: 5e666de745949f22536257e340683b3ca2c2887c961a0bdd652926e10f4a72f9...
[   3.138]       <<< RX chan1 1154B: 90f087da22da7308114d4733fa618818ea2f3fd06837499a6fc6c9020dd654d3...
[   3.138]       <<< RX chan1 1154B: 8a26bf7f7a2dff0460dd2fc89fcbf1ac15b65e1dfbb3e49d88bacac93714093b...
[   3.138]       <<< RX chan1 1154B: f1a2701c9da70b558d6dedf1223a96ae21133c7d8f33e6dafac1dfbd0cce2542...
[   3.138]       <<< RX chan1 1154B: 3ebd0af59c0e3a3ef7611c257ed6f9f555c726def6540f1e72b98577cb6c9577...
[   3.138]       <<< RX chan1 1154B: f50133f611e37ea3b16047cfaeb3ca657a64e840c6877d5ab88733715faf489e...
[   3.138]       <<< RX chan1 1154B: 9ff9de9f9237f7f0fb75d10bcd7cbc30a5b00fda0edc27047be6e39cd627e665...
[   3.138]       <<< RX chan1 1154B: 4b94b19e292ffa8f9ad741ef3cce7488f7d479afcf96d7ef4be4b678d95f8bc7...
[   3.138]       <<< RX chan1 757B: afae01edd3f8a5cda7d4dddc45fe6c454425ba513126ed6745716864708fc1c9...
[   3.138]       <<< RX chan1 11B: 8000000783238462590000
[   3.138]       <<< RX chan1 133B: 800000818301019b9f540002019f9f54004f0109018d6454000a011b655400ff...
[   3.188]       <<< RX chan1 133B: 800000818301019f9f54000201a29f54004f0109018d6454000a011b655400ff...
[   3.189]       <<< RX chan1 159B: 8000009b830101a29f54000201a59f54004f0109018d6454000a011b655400ff...
[   3.189]       <<< RX chan1 133B: 80000081830101a59f54000201a89f54004f0109018d6454000a011b655400ff...
[   3.239]       <<< RX chan1 133B: 80000081830101a89f54000201ab9f54004f0109018d6454000a011b655400ff...
[   3.239]       <<< RX chan1 133B: 80000081830101ab9f54000201ae9f54004f0109018d6454000a011b655400ff...
[   3.239]       <<< RX chan1 133B: 80000081830101ae9f54000201b19f54004f0109018d6454000a011b655400ff...
[   3.259]   DUMMY <<< RX app=6 chan=1 81B: 8000004d0858fbbded5ddc184000000001505050505050505050505050505050...
[   3.260]       <<< RX chan1 133B: 80000081830101b19f54000201b49f54004f0109018d6454000a011b655400ff...
[   3.260]       <<< RX chan1 133B: 80000081830101b49f54000201b89f54004f0109018d6454000a011b655400ff...
[   3.275]       <<< RX chan1 16B: 8000000c8323ac62590023ac62590000
[   3.325]       <<< RX chan1 143B: 8000008b830101b89f54000201bb9f54004f0109018d6454000a011b655400ff...
[   3.325]       <<< RX chan1 143B: 8000008b830101bb9f54000201be9f54004f0109018d6454000a011b655400ff...
[   3.325]       <<< RX chan1 133B: 80000081830101be9f54000201c19f54004f0109018d6454000a011b655400ff...
[   3.376]       <<< RX chan1 133B: 80000081830101c19f54000201c49f54004f0109018d6454000a011b655400ff...
[   3.376]       <<< RX chan1 133B: 80000081830101c49f54000201c79f54004f0109018d6454000a011b655400ff...
[   3.376]       <<< RX chan1 133B: 80000081830101c79f54000201ca9f54004f0109018d6454000a011b655400ff...
[   3.426]       <<< RX chan1 133B: 80000081830101ca9f54000201ce9f54004f0109018d6454000a011b655400ff...
[   3.426]       <<< RX chan1 133B: 80000081830101ce9f54000201d19f54004f0109018d6454000a011b655400ff...
[   3.426]       <<< RX chan1 133B: 80000081830101d19f54000201d49f54004f0109018d6454000a011b655400ff...
[   3.476]       <<< RX chan1 139B: 80000087830101d49f54000104a7fbf7490201d79f54004f0109018d6454000a...
[   3.477]       <<< RX chan1 291B: 8000011f830101d79f54000201dd9f54004f0109018d6454000a011b655400ff...
[quic] DATAGRAM 32B: 03030083051027ca74010000000027ca74010000000000000000010000000000
[   3.527]       <<< RX chan1 94B: 8000005a830301da9f54005d1501010101dd9f540001016b64540001011b6554...
[   3.527]       <<< RX chan1 95B: 8000005b830101c26454000101f66454000101c66454000101776454000101b9...
[   3.527]       <<< RX chan1 21B: 80000011830d00000000000000fb0223e462590000
[   3.527]       <<< RX chan1 11B: 800000078323e862590000
[   3.566]       <<< RX chan1 11B: 800000078323ec62590000
[   3.566]       <<< RX chan1 11B: 800000078323f062590000
[   3.617]       <<< RX chan1 11B: 800000078323f462590000
[   3.617]       <<< RX chan1 11B: 800000078323f862590000
[   3.617]       <<< RX chan1 40B: 80000024831b0200000001199f5400011a9f54000301ea7e5400a1270001dd7e...
[   3.632]       <<< RX chan1 11B: 8000000783230063590000
[   3.664]       <<< RX chan1 11B: 8000000783230463590000
[   3.664]       <<< RX chan1 11B: 8000000783230863590000
[   3.714]       <<< RX chan1 11B: 8000000783230c63590000
[   3.714]       <<< RX chan1 21B: 80000011831b0100000001cd9f5400231063590000
[   3.714]       <<< RX chan1 21B: 80000011830d00000000000000fa02231463590000
[   3.764]       <<< RX chan1 11B: 8000000783231863590000
[   3.764]       <<< RX chan1 11B: 8000000783231c63590000
[   3.764]       <<< RX chan1 11B: 8000000783232063590000
[   3.798]       <<< RX chan1 11B: 8000000783232463590000
[   3.798]       <<< RX chan1 11B: 8000000783232863590000
[   3.807]       <<< RX chan1 11B: 8000000783232c63590000
[   3.858]       <<< RX chan1 11B: 8000000783233063590000
[   3.858]       <<< RX chan1 216B: 800000d48302010ba054006900ff00000000008096184b000000000200000000...
[   3.858]       <<< RX chan1 11B: 8000000783233863590000
[   3.908]       <<< RX chan1 111B: 8000006b83020114a05400e201ff01011f72627861737365743a2f2f736f756e...
[   3.908]       <<< RX chan1 11B: 8000000783234063590000
[   3.908]       <<< RX chan1 11B: 8000000783234463590000
[   3.959]       <<< RX chan1 11B: 8000000783234863590000
[   3.959]       <<< RX chan1 11B: 8000000783234c63590000
[   3.959]       <<< RX chan1 11B: 8000000783235063590000
[quic] DATAGRAM 32B: 0304008305102acc7401000000002acc74010000000000000000010000000000
[   4.009]       <<< RX chan1 23B: 800000138301048ba03e1c01015a9c5400235463590000
[   4.009]       <<< RX chan1 38B: 800000228305102acc7401000000002acc740100000000000000000000000000...
[   4.009]       <<< RX chan1 11B: 8000000783235c63590000
[   4.040]       <<< RX chan1 11B: 8000000783236063590000
[   4.040]       <<< RX chan1 21B: 80000011830d00000000000000f802236463590000
[   4.056]       <<< RX chan1 21B: 80000011831b0100000001fd9f5400236863590000
[   4.106]   DUMMY -> send ping 77B
[   4.106]       <<< RX chan1 11B: 8000000783236c63590000
[   4.106]       <<< RX chan1 11B: 8000000783237063590000
[   4.156]       <<< RX chan1 61B: 80000039831b01000000010ba054001b01000000010ca054001b01000000010d...
[   4.156]       <<< RX chan1 1154B: 800018548303019c825400a1270101b9805400020138a054002902ffff019d82...
[   4.156]       <<< RX chan1 1154B: 36829cc5d3f606fce97a10cf9e01ca56300a6edbaad051efdf027fdaeee2593b...
[   4.157]       <<< RX chan1 1154B: 31a02a34e28650f708e1706a31c16e777ce4f1a76b41f716275ea096b6e4b4ba...
[   4.157]       <<< RX chan1 1154B: ad5179811bb43ac4a76bac5090017b4ee10d161bdd28756184fce93a4c07775e...
[   4.157]       <<< RX chan1 1154B: b7b2b501506b8acf0e0a100b00ff14e47e7fd218690a02358627935884078c49...
[   4.157]       <<< RX chan1 462B: 36ab689a972884f37a399209ec33b03ba8255f4536671c59824e0ea3a4fb95ec...
[   4.157]       <<< RX chan1 11B: 8000000783237863590000
[   4.157]       <<< RX chan1 11B: 8000000783237c63590000
[   4.157]       <<< RX chan1 17B: 8000000d830104fbebcd29238063590000
[   4.197]       <<< RX chan1 21B: 80000011831b010000000114a05400238463590000
[   4.197]       <<< RX chan1 11B: 8000000783238863590000
[   4.224]   DUMMY <<< RX app=6 chan=1 81B: 8000004d0858fbbded5ddc184000000001505050505050505050505050505050...
[   4.224]       <<< RX chan1 11B: 8000000783238c63590000
[   4.224]       <<< RX chan1 11B: 8000000783239063590000
[   4.241]       <<< RX chan1 91B: 8000005783020145a05400e201ff01011f72627861737365743a2f2f736f756e...
[   4.291]       <<< RX chan1 11B: 8000000783239863590000
[   4.291]       <<< RX chan1 11B: 8000000783239c63590000
[   4.291]       <<< RX chan1 16B: 8000000c83239c63590023a063590000
[   4.342]       <<< RX chan1 11B: 800000078323a463590000
[   4.342]       <<< RX chan1 11B: 800000078323a863590000
[   4.342]       <<< RX chan1 11B: 800000078323ac63590000
[   4.392]       <<< RX chan1 11B: 800000078323b063590000
[   4.392]       <<< RX chan1 11B: 800000078323b463590000
[   4.392]       <<< RX chan1 21B: 80000011831b010000000132a0540023b863590000
[   4.443]       <<< RX chan1 11B: 800000078323bc63590000
[   4.443]       <<< RX chan1 55B: 800000338302049915127b5a01ff000000006054d6d740051224417474726962...
[   4.443]       <<< RX chan1 11B: 800000078323c463590000
[quic] DATAGRAM 32B: 0305008305101fce7401000000001fce74010000000000000000010000000000
[   4.493]       <<< RX chan1 11B: 800000078323c863590000
[   4.493]       <<< RX chan1 11B: 800000078323cc63590000
[   4.493]       <<< RX chan1 38B: 800000228305101fce7401000000001fce740100000000000000000000000000...
[   4.544]       <<< RX chan1 11B: 800000078323d463590000
[   4.544]       <<< RX chan1 11B: 800000078323d863590000
[   4.544]       <<< RX chan1 37B: 80000021831b010000000145a054000d000000000000fd02fe0d000000000223...
[   4.594]       <<< RX chan1 11B: 800000078323e063590000
[   4.594]       <<< RX chan1 91B: 8000005783020164a05400e201ff01011f72627861737365743a2f2f736f756e...
[   4.594]       <<< RX chan1 11B: 800000078323e863590000
[   4.609]       <<< RX chan1 11B: 800000078323ec63590000
[   4.659]       <<< RX chan1 11B: 800000078323f063590000
[   4.659]       <<< RX chan1 11B: 800000078323f463590000
[   4.659]       <<< RX chan1 11B: 800000078323f863590000
[   4.710]       <<< RX chan1 23B: 80000013830104038f42220101e39c540023fc63590000
[   4.710]       <<< RX chan1 46B: 8000002a831b01000000014fa054001b0400000004ed6d11280462654b7204be...
[   4.710]       <<< RX chan1 11B: 8000000783230464590000
[   4.736]       <<< RX chan1 29B: 8000001983070461f4e9405b1400070461f4e940561401230864590000
[   4.749]       <<< RX chan1 11B: 8000000783230c64590000
[   4.799]       <<< RX chan1 11B: 8000000783231064590000
[   4.799]       <<< RX chan1 11B: 8000000783231464590000
[   4.799]       <<< RX chan1 11B: 8000000783231864590000
[   4.850]       <<< RX chan1 11B: 8000000783231c64590000
[   4.850]       <<< RX chan1 11B: 8000000783232064590000
[   4.850]       <<< RX chan1 11B: 8000000783232864590000
[   4.854]       <<< RX chan1 11B: 8000000783232864590000
[   4.905]       <<< RX chan1 101B: 80000061831b010000000164a05400020180a05400e201ff01011f7262786173...
[   4.905]       <<< RX chan1 11B: 8000000783233064590000
[   4.951]       <<< RX chan1 11B: 8000000783233464590000
[   4.951]       <<< RX chan1 11B: 8000000783233864590000
[   4.951]       <<< RX chan1 11B: 8000000783233c64590000
[   4.986]       <<< RX chan1 21B: 80000011831b01000000016aa05400234064590000
[   4.986]       <<< RX chan1 11B: 8000000783234464590000
[quic] DATAGRAM 32B: 03060083051013d074010000000013d074010000000000000000010000000000
[   5.037]       <<< RX chan1 38B: 8000002283051013d074010000000013d0740100000000000000000000000000...
[   5.037]       <<< RX chan1 11B: 8000000783234c64590000
[   5.037]       <<< RX chan1 11B: 8000000783235464590000
[   5.087]       <<< RX chan1 11B: 8000000783235464590000
[   5.087]       <<< RX chan1 11B: 8000000783235864590000
[   5.087]       <<< RX chan1 11B: 8000000783236064590000
[   5.137]   DUMMY -> send ping 77B
[   5.138]       <<< RX chan1 21B: 80000011831b010000000440722a5b236464590000
[   5.138]       <<< RX chan1 11B: 8000000783236864590000
[   5.138]       <<< RX chan1 11B: 8000000783236864590000
[   5.170]       <<< RX chan1 91B: 8000005783020195a05400e201ff01011f72627861737365743a2f2f736f756e...
[   5.170]       <<< RX chan1 11B: 8000000783237064590000
[   5.221]       <<< RX chan1 21B: 80000011831b010000000180a05400237464590000
[   5.221]       <<< RX chan1 11B: 8000000783237864590000
[   5.221]       <<< RX chan1 21B: 80000011831b010000000183a05400237c64590000
[   5.262]   DUMMY <<< RX app=6 chan=1 81B: 8000004d0858fbbded5ddc184000000001505050505050505050505050505050...
[   5.262]       <<< RX chan1 11B: 8000000783238064590000
[   5.262]       <<< RX chan1 11B: 8000000783238464590000
[   5.262]       <<< RX chan1 11B: 8000000783238864590000
[   5.278]       <<< RX chan1 11B: 8000000783238c64590000
[   5.329]       <<< RX chan1 16B: 8000000c83238c645900239064590000
[   5.329]       <<< RX chan1 11B: 8000000783239864590000
[   5.329]       <<< RX chan1 11B: 8000000783239864590000
[   5.372]       <<< RX chan1 11B: 8000000783239c64590000
[   5.372]       <<< RX chan1 11B: 800000078323a064590000
[   5.422]       <<< RX chan1 11B: 800000078323a464590000
[   5.423]       <<< RX chan1 91B: 80000057830201aca05400e201ff01011f72627861737365743a2f2f736f756e...
[   5.423]       <<< RX chan1 11B: 800000078323ac64590000
[   5.473]       <<< RX chan1 21B: 80000011831b010000000192a0540023b064590000
[   5.473]       <<< RX chan1 31B: 8000001b831b010000000195a054001b0100000004bdd9214a23b464590000
[   5.473]       <<< RX chan1 11B: 800000078323b864590000
[   5.473]       <<< RX chan1 11B: 800000078323bc64590000
[quic] DATAGRAM 32B: 03070083051017d274010000000018d274010000000000000000010000000000
[   5.512]       <<< RX chan1 11B: 800000078323c064590000
[   5.512]       <<< RX chan1 38B: 8000002283051017d274010000000018d2740100000000000000000000000000...
[   5.562]       <<< RX chan1 11B: 800000078323c864590000
[   5.562]       <<< RX chan1 11B: 800000078323cc64590000
[   5.562]       <<< RX chan1 11B: 800000078323d064590000
[   5.612]       <<< RX chan1 11B: 800000078323d464590000
[   5.612]       <<< RX chan1 21B: 80000011831b010000000461f4e94023d864590000
[   5.612]       <<< RX chan1 91B: 80000057830201bea05400e201ff01011f72627861737365743a2f2f736f756e...
[   5.663]       <<< RX chan1 46B: 8000002a831b0100000001a6a054001b0400000004a130a54c043779e37e045c...
[   5.663]       <<< RX chan1 11B: 800000078323e464590000
[   5.663]       <<< RX chan1 11B: 800000078323e864590000
[   5.713]       <<< RX chan1 11B: 800000078323ec64590000
[   5.713]       <<< RX chan1 21B: 80000011831b0100000001aca0540023f064590000
[   5.713]       <<< RX chan1 21B: 80000011831b01000000041463494f23f864590000
[   5.764]       <<< RX chan1 11B: 800000078323f864590000
[   5.764]       <<< RX chan1 11B: 800000078323fc64590000
[   5.764]       <<< RX chan1 11B: 8000000783230065590000
[   5.814]       <<< RX chan1 11B: 8000000783230465590000
[   5.814]       <<< RX chan1 11B: 8000000783230865590000
[   5.814]       <<< RX chan1 101B: 80000061831b0100000001b5a054000201d2a05400e201ff01011f7262786173...
[   5.824]       <<< RX chan1 11B: 8000000783231065590000
[   5.875]       <<< RX chan1 11B: 8000000783231465590000
[   5.875]       <<< RX chan1 11B: 8000000783231c65590000
[   5.875]       <<< RX chan1 11B: 8000000783231c65590000
[   5.890]       <<< RX chan1 11B: 8000000783232065590000
[   5.941]       <<< RX chan1 31B: 8000001b831b0100000001bea054001b0100000004544f3931232865590000
[   5.941]       <<< RX chan1 11B: 8000000783232865590000
[   5.941]       <<< RX chan1 11B: 8000000783232c65590000
[   5.991]       <<< RX chan1 11B: 8000000783233065590000
[   5.991]       <<< RX chan1 21B: 80000011831b0100000001c6a05400233465590000
[   5.991]       <<< RX chan1 91B: 80000057830201e2a05400e201ff01011f72627861737365743a2f2f736f756e...
[quic] DATAGRAM 32B: 0308008305100cd47401000000000cd474010000000000000000010000000000
[   6.042]       <<< RX chan1 53B: 80000031831b020000000405048e22040e2cc21205100cd47401000000000cd4...
[   6.042]       <<< RX chan1 11B: 8000000783234065590000
[   6.042]       <<< RX chan1 11B: 8000000783234465590000
[   6.092]       <<< RX chan1 11B: 8000000783234865590000
[   6.092]       <<< RX chan1 21B: 80000011831b0100000004a25c6546234c65590000
[   6.092]       <<< RX chan1 11B: 8000000783235065590000
[   6.127]   DUMMY -> send ping 77B
[   6.128]       <<< RX chan1 21B: 80000011831b0100000001d2a05400235465590000
[   6.128]       <<< RX chan1 21B: 80000011831b0100000001d4a05400235865590000
[   6.178]       <<< RX chan1 11B: 8000000783235c65590000
[   6.178]       <<< RX chan1 91B: 80000057830201f0a05400e201ff01011f72627861737365743a2f2f736f756e...
[   6.178]       <<< RX chan1 11B: 8000000783236465590000
[   6.229]       <<< RX chan1 81B: 8000004d830201f5a05400cb00ff00002474490100004041044075c7c20010e6...
[   6.229]       <<< RX chan1 211B: 800000cf830d000000000000fd01fd0d000000000000fc01fd0d02000000a600...
[   6.229]       <<< RX chan1 43B: 80000027830d000000000000fb01fc0d00000000030d000000000000fa02fc0d...
[   6.246]   DUMMY <<< RX app=6 chan=1 81B: 8000004d0858fbbded5ddc184000000001505050505050505050505050505050...
[   6.257]       <<< RX chan1 1154B: 80000546830101b06254001b1e00000001126554000113655400011465540001...
[   6.257]       <<< RX chan1 200B: 7861737365743a2f2f54657874757265732f537570657262616c6c2e706e6713...
[   6.257]       <<< RX chan1 1154B: 800005478302018ca354002502ff020000000000000000000000000306011c72...
[   6.257]       <<< RX chan1 201B: 74657874757265732f53776f7264546578747572652e706e67ff0193a3540002...
[   6.257]       <<< RX chan1 945B: 8000054383020134a35400d101ff000129687474703a2f2f7777772e726f626c...
[   6.257]       <<< RX chan1 406B: 02ff0170a3540002017da354000100ff0001019cbdb6a8e2c8310402ff0170a3...
[   6.257]       <<< RX chan1 740B: 80000521830201bda154005e00ff04c7ff019da154000201bfa154005a01ff00...
[   6.257]       <<< RX chan1 577B: 643d35303737373638373905850902ff01cea154000201c5a154005a01ff0000...
[   6.262]       <<< RX chan1 1154B: 80000536830201a4a354001100ff00011c726278617373657469643a2f2f3132...
[   6.262]       <<< RX chan1 184B: ff01aea3540002016fa354006300ff007d0001e9e8683fbab9393f9695153f02...
[   6.262]       <<< RX chan1 962B: 80000454830201fba25400d201ff010131687474703a2f2f7777772e726f626c...
[   6.262]       <<< RX chan1 150B: ff0d00000000020d000000000000f704f90d00000000020d010000006b000000...
[   6.312]       <<< RX chan1 37B: 80000021830d000000000000f804f80d00000000020d000000000000f605f823...
[   6.313]       <<< RX chan1 16B: 8000000c83237c655900237c65590000
[   6.313]       <<< RX chan1 89B: 80000055831b0100000001e2a054001b0100000004df2e95130d000000000000...
[   6.313]       <<< RX chan1 276B: 8000011083020139a45400e201ff01011f72627861737365743a2f2f736f756e...
[   6.363]       <<< RX chan1 41B: 80000025830d000000000000ff01f60d000000000000f109f50d000000000000...
[   6.363]       <<< RX chan1 178B: 800000ae830d00000000000004ff010d000000000000ff02f20d00000000030d...
[   6.363]       <<< RX chan1 104B: 800000648302013fa454006900ff00000000008096184b000000000200000000...
[   6.413]       <<< RX chan1 67B: 8000003f831b0100000001e8a054000d00000000000005ff020d000000000000...
[   6.413]       <<< RX chan1 47B: 8000002b830d0000000000000104e60d000000000000ea0df10d000000000000...
[   6.413]       <<< RX chan1 123B: 80000077830704558834565b14000704558834565614010d00000000000006ff...
[   6.464]       <<< RX chan1 47B: 8000002b830d0000000000000306de0d000000000000e710ee0d00000000020d...
[   6.464]       <<< RX chan1 137B: 800000858302014ba45400e201ff01011f72627861737365743a2f2f736f756e...
[   6.464]       <<< RX chan1 73B: 80000045831b0100000001f0a054000d00000000000008ff040d000000000000...
[quic] DATAGRAM 32B: 03090083051000d674010000000000d674010000000000000000010000000000
[   6.514]       <<< RX chan1 53B: 80000031830d0000000000000408d20d00000000030d000000000000e213eb0d...
[   6.514]       <<< RX chan1 61B: 80000039831b0100000001f3a054000d00000000000009ff040d000000000000...
[   6.514]       <<< RX chan1 84B: 80000050830d00000000000009ff050d0000000000000609ca0d00000000010d...
[   6.564]       <<< RX chan1 69B: 80000041830d0000000000000aff050d000000000000060ac60d00000000030d...
[   6.565]       <<< RX chan1 51B: 8000002f831b010000000475811f080d000000000000070bc20d000000000000...
[   6.565]       <<< RX chan1 270B: 8000010a83020157a45400e201ff01011f72627861737365743a2f2f736f756e...
[   6.615]       <<< RX chan1 68B: 80000040830701dea15400190100000000000000000000200701dea154001901...
[   6.615]       <<< RX chan1 57B: 80000035830d0000000000000cff060d000000000000090db60d000000000000...
[   6.615]       <<< RX chan1 222B: 800000da831b010000000139a454001b01000000013fa454000d000000000000...
[   6.665]       <<< RX chan1 1154B: 800006cc830d0000000000000dff070d0000000000000a0fae0d000000000000...
[   6.665]       <<< RX chan1 590B: 70691efd290bf4592e7d37c963fbf507a0fd04891f95a8cfb20c9decfc926977...
[   6.665]       <<< RX chan1 11B: 800000078323d065590000
[   6.665]       <<< RX chan1 85B: 80000051830d0000000000000b10aa0d000000000000d11ee00d00000000030d...
[   6.665]       <<< RX chan1 85B: 80000051830d0000000000000eff070d00000000020d0000000000000b10a60d...
[   6.715]       <<< RX chan1 417B: 8000019d8302015fa45400e201ff01011f72627861737365743a2f2f736f756e...
[   6.715]       <<< RX chan1 47B: 8000002b830d000000000000da17de0d0000000000000d129e0d000000000000...
[   6.715]       <<< RX chan1 57B: 80000035830d000000000000d918dd0d00000000000010ff080d000000000000...
[   6.766]       <<< RX chan1 194B: 800000be830d00000000000010ff090d000000000000fe01ff0d000000000000...
[   6.766]       <<< RX chan1 83B: 8000004f831b01000000014ba454000d00000000000011ff090d000000000000...
[   6.766]       <<< RX chan1 200B: 800000c4830d000000000000d51ada0d00000000010d000000000000ff01fd0d...
[   6.816]       <<< RX chan1 57B: 80000035830d00000000000012ff0a0d000000000000d41bd90d000000000000...
[   6.816]       <<< RX chan1 67B: 8000003f830d00000000000013ff0a0d000000000000d11dd70d00000000030d...
[   6.816]       <<< RX chan1 11B: 800000078323fc65590000
[   6.867]       <<< RX chan1 66B: 8000003e830d00000000000013ff0b0d00000000000112000000180000007eff...
[   6.867]       <<< RX chan1 66B: 8000003e830d00000000000014ff0b0d00000000000112000000190000007aff...
[   6.867]       <<< RX chan1 66B: 8000003e831b010000000157a454000d000000000001130000001900000076ff...
[   6.917]       <<< RX chan1 78B: 8000004a830d00000000000015ff0c0d00000000030d00000000000114000000...
[   6.917]       <<< RX chan1 11B: 8000000783231066590000
[   6.917]       <<< RX chan1 78B: 8000004a830d000000000001150000001c0000006affffff0d000000000000b7...
[   6.967]       <<< RX chan1 88B: 80000054830d00000000000017ff0d0d000000000001160000001c00000066ff...
[   6.967]       <<< RX chan1 50B: 8000002e830d000000000001160000001d00000062ffffff0d000000000000b4...
[   6.967]       <<< RX chan1 60B: 80000038830d00000000000018ff0d0d000000000001170000001e0000005eff...
[quic] DATAGRAM 32B: 030a00830510f4d7740100000000f4d774010000000000000000010000000000
[   7.018]       <<< RX chan1 104B: 80000064831b01000000015fa454000d00000000000018ff0e0d000000000001...
[   7.018]       <<< RX chan1 72B: 80000044830d00000000000019ff0e0d000000000001180000001f00000056ff...
[   7.018]       <<< RX chan1 83B: 8000004f830d000000000001190000002000000052ffffff0d000000000000ad...
[   7.068]       <<< RX chan1 88B: 80000054830d0000000000001aff0f0d00000000000119000000210000004eff...
[   7.068]       <<< RX chan1 78B: 8000004a830d0000000000011a000000220000004affffff0d000000000000aa...
[   7.068]       <<< RX chan1 94B: 8000005a830d0000000000001bff0f0d0000000000011b0000002200000046ff...
[   7.119]   DUMMY -> send ping 77B
[   7.119]   DUMMY -> send sync 24B
[   7.119]       <<< RX chan1 66B: 8000003e830d0000000000001bff100d0000000000011b0000002300000042ff...
[   7.119]       <<< RX chan1 66B: 8000003e830d0000000000001cff100d0000000000011c000000240000003eff...
[   7.119]       <<< RX chan1 66B: 8000003e830d0000000000001dff100d0000000000011d000000250000003aff...
[   7.170]       <<< RX chan1 72B: 80000044830d0000000000001dfe110d00000000010d0000000000011d000000...
[   7.170]       <<< RX chan1 76B: 80000048830d0000000000000001fc0d0000000000001efe110d000000000001...
[   7.170]       <<< RX chan1 62B: 8000003a830d0000000000011e000000270000002effffff0d00000000030d00...
[   7.220]       <<< RX chan1 197B: 800000c1830d0000000000001ffe120d0000000000011f000000280000002aff...
[   7.220]       <<< RX chan1 62B: 8000003a830d000000000001200000002800000026ffffff0d00000000010d00...
[   7.220]       <<< RX chan1 66B: 8000003e830d00000000000020fe130d000000000001210000002a0000001eff...
[   7.236]   DUMMY <<< RX app=6 chan=1 81B: 8000004d0858fbbded5ddc184000000001505050505050505050505050505050...
[   7.236]       <<< RX chan1 11B: 8000000783236066590000
[   7.252]       <<< RX chan1 72B: 80000044830d00000000000021fe130d000000000001220000002b0000001aff...
[   7.264]       <<< RX chan1 72B: 80000044830d000000000001220000002b00000016ffffff0d00000000000094...
[   7.314]       <<< RX chan1 86B: 80000052831b0100000004558834560d0000000000000000fb0d000000000000...
[   7.314]       <<< RX chan1 55B: 8000003383236c6659000d000000000001240000002d0000000effffff0d0000...
[   7.314]       <<< RX chan1 88B: 80000054830d00000000000023fe140d000000000001240000002d0000000aff...
[   7.365]       <<< RX chan1 76B: 80000048830d00000000000024fe140d00000000000023fe150d00000000030d...
[   7.365]       <<< RX chan1 72B: 80000044830d000000000001250000002f00000002ffffff0d00000000030d00...
[   7.365]       <<< RX chan1 66B: 8000003e830d00000000000025fe150d0000000000012600000030000000fefe...
[   7.415]       <<< RX chan1 78B: 8000004a830d0000000000012700000030000000fafeffff0d00000000010d00...
[   7.415]       <<< RX chan1 94B: 8000005a830d00000000000026fe160d0000000000012700000031000000f6fe...
[   7.415]       <<< RX chan1 62B: 8000003a830d0000000000012800000032000000f2feffff0d00000000000086...
[   7.465]       <<< RX chan1 72B: 80000044830d00000000000027fe160d0000000000012900000033000000eefe...
[   7.466]       <<< RX chan1 72B: 80000044830d00000000000027fe170d0000000000012900000033000000eafe...
[   7.466]       <<< RX chan1 91B: 80000057831b0400000004eda2d45904fbf5a45d04e569cc49045c1742430d00...
[quic] DATAGRAM 32B: 030b00830510e9d9740100000000e9d974010000000000000000010000000000
[   7.516]       <<< RX chan1 65B: 8000003d830d0000000000012b00000035000000e2feffff0d0000000000017f...
[   7.516]       <<< RX chan1 81B: 8000004d830d00000000000029fd180d0000000000012b00000035000000defe...
[   7.516]       <<< RX chan1 92B: 80000058830d0000000000012c00000036000000dafeffff0d0000000000017c...
[   7.566]       <<< RX chan1 81B: 8000004d830d0000000000002afd180d0000000000012c00000037000000d6fe...
[   7.566]       <<< RX chan1 91B: 80000057830d0000000000002afd190d00000000030d0000000000012d000000...
[   7.566]       <<< RX chan1 75B: 80000047830d0000000000012e00000038000000cefeffff0d00000000000177...
[   7.617]       <<< RX chan1 81B: 8000004d830d0000000000002cfd190d0000000000012e00000039000000cafe...
[   7.617]       <<< RX chan1 75B: 80000047830d0000000000002cfd1a0d0000000000012f0000003a000000c6fe...
[   7.617]       <<< RX chan1 75B: 80000047830d0000000000002dfd1a0d000000000001300000003a000000c2fe...
[   7.667]       <<< RX chan1 65B: 8000003d830d000000000001300000003b000000befeffff0d00000000000170...
[   7.667]       <<< RX chan1 75B: 80000047830d0000000000002efd1b0d000000000001310000003c000000bafe...
[   7.667]       <<< RX chan1 59B: 80000037830d000000000001320000003d000000b6feffff0d0000000000016d...
[   7.717]       <<< RX chan1 85B: 80000051830d0000000000002ffd1b0d000000000001320000003d000000b2fe...
[   7.718]       <<< RX chan1 75B: 80000047830d0000000000002ffd1c0d000000000001330000003e000000aefe...
[   7.718]       <<< RX chan1 81B: 8000004d830d00000000000030fc1c0d00000000010d00000000000133000000...
[   7.768]       <<< RX chan1 112B: 8000006c830d000000000001340000003f000000a6feffff0d00000000010d00...
[   7.768]       <<< RX chan1 116B: 80000070830d0000000000000000fa0d00000000000031fc1d0d000000000001...
[   7.768]       <<< RX chan1 87B: 80000053830d00000000000032fc1d0d00000000000135000000410000009efe...
[   7.818]       <<< RX chan1 81B: 8000004d830d00000000000000fffa0d00000000000136000000420000009afe...
[   7.818]       <<< RX chan1 75B: 80000047830d00000000000033fc1e0d000000000001370000004200000096fe...
[   7.818]       <<< RX chan1 113B: 8000006d830d000000000001370000004300000092feffff0d0000000000015e...
[   7.869]       <<< RX chan1 79B: 8000004b830d00000000000001fffa0d00000000000034fc1e0d000000000001...
[   7.869]       <<< RX chan1 75B: 80000047830d00000000000034fc1f0d00000000000139000000440000008afe...
[   7.869]       <<< RX chan1 69B: 80000041830d00000000000035fc1f0d000000000001390000004500000086fe...
[   7.919]       <<< RX chan1 106B: 80000066830d00000000000036fc1f0d00000000020d0000000000013a000000...
[   7.919]       <<< RX chan1 11B: 8000000783230067590000
[   7.919]       <<< RX chan1 223B: 800000db830d0000000000013b000000470000007afeffff0d00000000000154...
[   7.970]       <<< RX chan1 87B: 80000053830d00000000000037fb200d00000000010d0000000000013c000000...
[   7.970]       <<< RX chan1 71B: 80000043830d0000000000013c0000004900000072feffff0d00000000030d00...
[   7.970]       <<< RX chan1 115B: 8000006f830d00000000000038fb210d0000000000013d000000490000006efe...
[quic] DATAGRAM 32B: 030c00830510dddb740100000000dddb74010000000000000000010000000000
[   8.020]       <<< RX chan1 84B: 80000050830d0000000000013e0000004a0000006afeffff0d0000000000014e...
[   8.020]       <<< RX chan1 78B: 8000004a830d00000000000039fb210d0000000000013e0000004b00000066fe...
[   8.020]       <<< RX chan1 117B: 80000071830d0000000000003afb220d0000000000013f0000004b00000062fe...
[   8.071]       <<< RX chan1 109B: 80000069830d0000000000013f0000004c0000005dfeffff0d00000000030d00...
[   8.071]       <<< RX chan1 115B: 8000006f830d0000000000003bfb220d000000000001400000004d00000059fe...
[   8.071]       <<< RX chan1 119B: 80000073830d0000000000003bfb230d000000000001410000004d00000055fe...
[   8.121]   DUMMY -> send ping 77B
[   8.121]       <<< RX chan1 135B: 80000083830d0000000000003cfb230d000000000001410000004e00000051fe...
[   8.121]       <<< RX chan1 80B: 8000004c830d000000000001420000004f0000004dfeffff0d00000000020d00...
[   8.121]       <<< RX chan1 109B: 80000069830d0000000000003dfb240d000000000001430000004f00000049fe...
[   8.172]       <<< RX chan1 150B: 80000092830d00000000000001fefa0d0000000000003dfa240d000000000001...
[   8.172]       <<< RX chan1 90B: 80000056830d0000000000003efa240d000000000001440000005100000041fe...
[   8.172]       <<< RX chan1 115B: 8000006f830d0000000000003efa250d00000000000145000000520000003dfe...
[   8.222]       <<< RX chan1 248B: 800000f4830d0000000000003ffa250d000000000001450000005200000039fe...
[   8.222]       <<< RX chan1 90B: 80000056830301c8a454005d1501010d000000000001460000005300000035fe...
[   8.222]       <<< RX chan1 146B: 8000008e830d00000000000040fa260d000000000001460000005400000031fe...
[   8.242]   DUMMY <<< RX app=6 chan=1 81B: 8000004d0858fbbded5ddc184000000001505050505050505050505050505050...
[   8.242]       <<< RX chan1 110B: 8000006a830d00000000000001fef90d00000000000041fa260d000000000001...
[   8.242]       <<< RX chan1 165B: 800000a1830d000000000001480000005500000029feffff0d00000000020d00...
[   8.258]       <<< RX chan1 150B: 80000092830d00000000000042fa270d000000000001480000005600000025fe...
[   8.308]       <<< RX chan1 99B: 8000005f830d000000000001490000005600000021feffff0d00000000010d00...
[   8.308]       <<< RX chan1 101B: 8000006183235c6759000d00000000000043f9270d0000000000014a00000057...
[   8.359]       <<< RX chan1 84B: 80000050830d00000000000043f9280d0000000000014a0000005800000019fe...
[   8.359]       <<< RX chan1 115B: 8000006f830d00000000000044f9280d0000000000014b0000005800000015fe...
[   8.359]       <<< RX chan1 96B: 8000005c830d0000000000014c0000005900000011feffff0d00000000020d00...
[   8.359]       <<< RX chan1 84B: 80000050830d00000000000045f9290d0000000000014c0000005a0000000dfe...
[   8.409]       <<< RX chan1 156B: 80000098830d00000000000001fdf90d0000000000014d0000005a00000009fe...
[   8.409]       <<< RX chan1 109B: 80000069830d00000000000046f9290d0000000000014d0000005b00000005fe...
[   8.409]       <<< RX chan1 100B: 80000060830d00000000000046f92a0d0000000000014e0000005c00000001fe...
[   8.459]       <<< RX chan1 146B: 8000008e830d00000000000047f92a0d0000000000014f0000005c000000fdfd...
[   8.459]       <<< RX chan1 115B: 8000006f830d00000000000048f82a0d00000000010d0000000000014f000000...
[   8.459]       <<< RX chan1 90B: 80000056830d00000000000048f82b0d000000000001500000005e000000f5fd...
[   8.510]       <<< RX chan1 137B: 80000085830d00000000000049f82b0d000000000001510000005e000000f1fd...
[   8.510]       <<< RX chan1 327B: 80000143831b02000000013aa05400013ba0540003019c825400a12701019b82...
[   8.510]       <<< RX chan1 100B: 80000060830d00000000000002fdf90d0000000000004af82b0d00000000020d...
[quic] DATAGRAM 32B: 030d00830510e1dd740100000000e1dd74010000000000000000010000000000
[   8.560]       <<< RX chan1 113B: 8000006d830d0000000000015300000060000000e5fdffff0d00000000010d00...
[   8.560]       <<< RX chan1 109B: 80000069830d0000000000004bf82c0d0000000000015300000061000000e1fd...
[   8.560]       <<< RX chan1 100B: 80000060830d0000000000015400000062000000ddfdffff0d00000000000114...
[   8.610]       <<< RX chan1 234B: 800000e6830701b08254005b14000701b08254005614010101db7854000201e8...
[   8.610]       <<< RX chan1 133B: 80000081830701b08254005b14000701b08254005614010d00000000000002fc...
[   8.610]       <<< RX chan1 89B: 80000055831b0200000004a7066d550438501f4a0d0000000000015600000064...
[   8.661]       <<< RX chan1 111B: 8000006b830d0000000000015600000064000000cdfdffff0d00000000030d00...
[   8.661]       <<< RX chan1 98B: 8000005e830701b08254005b14000701b08254005614010d0000000000015700...
[   8.661]       <<< RX chan1 68B: 80000040830d0000000000015800000066000000c5fdffff0d0000000000010a...
[   8.711]       <<< RX chan1 102B: 80000062830701b08254005b14000701b08254005614010d0000000000015800...
[   8.711]       <<< RX chan1 100B: 80000060830d00000000000002fcf80d0000000000015900000067000000bdfd...
[   8.711]       <<< RX chan1 80B: 8000004c830d0000000000015a00000068000000b9fdffff0d00000000000105...
[   8.762]       <<< RX chan1 84B: 80000050830d0000000000015a00000068000000b5fdffff0d00000000010d00...
[   8.762]       <<< RX chan1 80B: 8000004c830d0000000000015b00000069000000b1fdffff0d00000000000102...
[   8.762]       <<< RX chan1 115B: 8000006f830d0000000000015b0000006a000000adfdffff0d00000000030d00...
[   8.812]       <<< RX chan1 94B: 8000005a830d00000000000002fbf80d0000000000015c0000006a000000a9fd...
[   8.812]       <<< RX chan1 99B: 8000005f830d0000000000015d0000006b000000a5fdffff0d000000000001fd...
[   8.812]       <<< RX chan1 98B: 8000005e830701b08254005b14000701b08254005614010d0000000000015d00...
[   8.863]       <<< RX chan1 68B: 80000040830d0000000000015e0000006c0000009dfdffff0d000000000001fa...
[   8.863]       <<< RX chan1 92B: 80000058830701b08254005b14000701b08254005614010d0000000000015f00...
[   8.863]       <<< RX chan1 68B: 80000040830d0000000000015f0000006e00000095fdffff0d000000000001f7...
[   8.913]       <<< RX chan1 188B: 800000b8830701b08254005b14000701b08254005614011b0100000001e8a454...
[   8.913]       <<< RX chan1 96B: 8000005c830d000000000001610000007000000089fdffff0d000000000001f2...
[   8.913]       <<< RX chan1 11B: 800000078323f467590000
[   8.964]       <<< RX chan1 90B: 80000056830d000000000001620000007000000085fdffff0d000000000001f0...
[   8.964]       <<< RX chan1 176B: 800000ac83020102a55400e201ff01011f72627861737365743a2f2f736f756e...
[   9.014]       <<< RX chan1 90B: 80000056830d00000000000002faf80d00000000000163000000710000007dfd...
[   9.014]       <<< RX chan1 68B: 80000040830d000000000001640000007200000079fdffff0d000000000001eb...
[   9.014]       <<< RX chan1 110B: 8000006a830701b08254005a14000000000000000000000000000000000d0000...
[   9.014]       <<< RX chan1 84B: 80000050830d000000000001650000007300000071fdffff0d00000000010d00...
[quic] DATAGRAM 32B: 030e00830510e6df740100000000e6df74010000000000000000010000000000
[   9.065]       <<< RX chan1 68B: 80000040830d00000000000166000000740000006dfdffff0d000000000001e6...
[   9.065]       <<< RX chan1 142B: 8000008a830d000000000001660000007500000069fdffff0d000000000001e4...
[   9.065]       <<< RX chan1 84B: 80000050830d000000000001670000007500000065fdffff0d00000000010d00...
[   9.115]   DUMMY -> send ping 77B
[   9.115]       <<< RX chan1 74B: 80000046830d000000000001680000007600000061fdffff0d000000000001e1...
[   9.115]       <<< RX chan1 90B: 80000056830d00000000000168000000770000005dfdffff0d000000000001e0...
[   9.115]       <<< RX chan1 78B: 8000004a830d00000000000002f9f80d000000000001690000007700000059fd...
[   9.166]       <<< RX chan1 106B: 80000066830101f5a054001b0100000001fca454000d00000000000169000000...
[   9.166]       <<< RX chan1 84B: 80000050830d0000000000016a0000007900000051fdffff0d000000000001db...
[   9.166]       <<< RX chan1 78B: 8000004a830d00000000000002f9f70d0000000000016b000000790000004dfd...
[   9.216]       <<< RX chan1 74B: 80000046830d0000000000016b0000007a00000049fdffff0d00000000030d00...
[   9.216]       <<< RX chan1 84B: 80000050830d0000000000016c0000007a00000045fdffff0d00000000010d00...
[   9.216]       <<< RX chan1 94B: 8000005a830d00000000000003f9f70d0000000000016d0000007b00000041fd...
[   9.238]   DUMMY <<< RX app=6 chan=1 81B: 8000004d0858fbbded5ddc184000000001505050505050505050505050505050...
[   9.238]       <<< RX chan1 84B: 80000050830d0000000000016d0000007c0000003dfdffff0d000000000001d2...
[   9.255]       <<< RX chan1 106B: 80000066831b010000000102a554000d0000000000016e0000007c00000039fd...
[   9.305]       <<< RX chan1 96B: 8000005c830d00000000000003f8f70d0000000000016e0000007d00000035fd...
[   9.305]       <<< RX chan1 185B: 800000b583020119a55400e201ff01011f72627861737365743a2f2f736f756e...
[   9.305]       <<< RX chan1 104B: 8000006483234c6859000d000000000001700000007e0000002dfdffff0d0000...
[   9.355]       <<< RX chan1 80B: 8000004c830d000000000001700000007f00000029fdffff0d00000000030d00...
[   9.356]       <<< RX chan1 86B: 80000052830d000000000001710000007f00000025fdffff0d00000000010d00...
[   9.356]       <<< RX chan1 88B: 80000054830d000000000001720000008000000021fdffff0d000000000001c7...
[   9.406]       <<< RX chan1 90B: 800000568301014b7954000d00000000000172000000810000001dfdffff0d00...
[   9.406]       <<< RX chan1 111B: 8000006b830101f17854000d000000000001730000008100000019fdffff0d00...
[   9.406]       <<< RX chan1 78B: 8000004a830d000000000001740000008200000015fdffff0d000000000001c2...
[   9.457]       <<< RX chan1 74B: 80000046830d000000000001740000008300000011fdffff0d000000000001c0...
[   9.457]       <<< RX chan1 74B: 80000046830d00000000000175000000830000000dfdffff0d000000000001bf...
[   9.457]       <<< RX chan1 74B: 80000046830d000000000001750000008400000009fdffff0d00000000030d00...
[   9.507]       <<< RX chan1 117B: 800000718301016a7854000d000000000001760000008400000005fdffff0d00...
[   9.507]       <<< RX chan1 68B: 80000040830d000000000001770000008500000001fdffff0d000000000001ba...
[   9.507]       <<< RX chan1 74B: 80000046830d0000000000017700000086000000fdfcffff0d00000000030d00...
[quic] DATAGRAM 32B: 030f00830510eae1740100000000eae174010000000000000000010000000000
[   9.557]       <<< RX chan1 105B: 80000065831b040000000469a9937a04ea439c0e04f2f0b67704cb5109440d00...
[   9.557]       <<< RX chan1 68B: 80000040830d0000000000017900000087000000f5fcffff0d000000000001b5...
[   9.557]       <<< RX chan1 96B: 8000005c830d0000000000017900000088000000f1fcffff0d00000000030d00...
[   9.557]       <<< RX chan1 101B: 80000061830d0000000000017a00000088000000edfcffff0d000000000001b1...
[   9.608]       <<< RX chan1 164B: 800000a0831b010000000119a55400020130a55400e201ff01011f7262786173...
[   9.608]       <<< RX chan1 80B: 8000004c830d0000000000017b00000089000000e5fcffff0d00000000010d00...
[   9.658]       <<< RX chan1 80B: 8000004c83010161a454000d0000000000017c0000008a000000e1fcffff0d00...
[   9.658]       <<< RX chan1 80B: 8000004c830d0000000000017c0000008b000000ddfcffff0d00000000030d00...
[   9.658]       <<< RX chan1 99B: 8000005f830d0000000000017d0000008b000000d9fcffff0d000000000001a9...
[   9.658]       <<< RX chan1 307B: 8000012f8307015f41000069122430393461653262622d326537662d34396363...
[   9.708]       <<< RX chan1 105B: 80000065830d0000000000017e0000008c000000d1fcffff0d00000000030d00...
[   9.709]       <<< RX chan1 99B: 8000005f830d0000000000017f0000008d000000cdfcffff0d000000000001a4...
[   9.709]       <<< RX chan1 68B: 80000040830d000000000001800000008e000000c9fcffff0d000000000001a3...
[   9.759]       <<< RX chan1 68B: 80000040830d000000000001800000008e000000c5fcffff0d000000000001a1...
[   9.759]       <<< RX chan1 99B: 8000005f830d000000000001810000008f000000c1fcffff0d0000000000019f...
[   9.759]       <<< RX chan1 80B: 8000004c830d000000000001820000008f000000bdfcffff0d00000000010d00...
[   9.810]       <<< RX chan1 99B: 8000005f830d0000000000018200000090000000b9fcffff0d0000000000019c...
[   9.810]       <<< RX chan1 74B: 80000046830d0000000000018300000091000000b5fcffff0d0000000000019a...
[   9.810]       <<< RX chan1 74B: 80000046830d0000000000018300000091000000b1fcffff0d00000000030d00...
[   9.860]       <<< RX chan1 68B: 80000040830d0000000000018400000092000000adfcffff0d00000000000197...
[   9.860]       <<< RX chan1 160B: 8000009c83020144a55400e201ff01011f72627861737365743a2f2f736f756e...
[   9.860]       <<< RX chan1 80B: 8000004c830d0000000000018500000093000000a5fcffff0d00000000030d00...
[   9.910]       <<< RX chan1 78B: 8000004a831b010000000130a554000d0000000000018600000094000000a1fc...
[   9.911]       <<< RX chan1 68B: 80000040830d00000000000187000000940000009dfcffff0d00000000000191...
[   9.911]       <<< RX chan1 80B: 8000004c830d000000000001880000009500000095fcffff0d00000000010d00...
[   9.961]       <<< RX chan1 11B: 800000078323e868590000
[   9.961]       <<< RX chan1 80B: 8000004c830d000000000001890000009600000091fcffff0d0000000000018c...
[   9.961]       <<< RX chan1 74B: 80000046830d00000000000189000000970000008dfcffff0d0000000000018a...
[  10.011]       <<< RX chan1 99B: 8000005f830d0000000000018a0000009700000089fcffff0d00000000000188...
[  10.012]       <<< RX chan1 111B: 8000006b830d0000000000018a0000009800000085fcffff0d00000000030d00...
[  10.012]       <<< RX chan1 86B: 80000052830d0000000000018b0000009800000081fcffff0d00000000010d00...
[quic] DATAGRAM 32B: 031000830510dee3740100000000dfe374010000000000000000010000000000
[  10.062]       <<< RX chan1 130B: 8000007e830d0000000000018c000000990000007dfcffff0d00000000000183...
[  10.062]       <<< RX chan1 80B: 8000004c830d0000000000018c0000009a00000079fcffff0d00000000030d00...
[  10.062]       <<< RX chan1 101B: 80000061830d0000000000018d0000009a00000075fcffff0d00000000000180...
[  10.112]   DUMMY -> send ping 77B
[  10.112]       <<< RX chan1 105B: 80000065830d0000000000018e0000009b00000071fcffff0d0000000000017e...
[  10.113]       <<< RX chan1 160B: 8000009c83020155a55400e201ff01011f72627861737365743a2f2f736f756e...
[  10.113]       <<< RX chan1 74B: 80000046830d0000000000018f0000009c00000069fcffff0d0000000000017b...
[  10.163]       <<< RX chan1 68B: 80000040830d000000000001900000009d00000065fcffff0d0000000000017a...
[  10.163]       <<< RX chan1 78B: 8000004a831b010000000144a554000d000000000001900000009d00000061fc...
[  10.163]       <<< RX chan1 74B: 80000046830d000000000001910000009e0000005dfcffff0d00000000000176...
[  10.213]       <<< RX chan1 74B: 80000046830d000000000001910000009e00000059fcffff0d00000000030d00...
[  10.213]       <<< RX chan1 74B: 80000046830d000000000001920000009f00000055fcffff0d00000000000173...
[  10.213]       <<< RX chan1 74B: 80000046830d000000000001930000009f00000051fcffff0d00000000010d00...
[  10.234]   DUMMY <<< RX app=6 chan=1 81B: 8000004d0858fbbded5ddc184000000001505050505050505050505050505050...
[  10.234]       <<< RX chan1 74B: 80000046830d00000000000193000000a00000004dfcffff0d00000000030d00...
[  10.250]       <<< RX chan1 80B: 8000004c830d00000000000194000000a100000049fcffff0d0000000000016e...
[  10.300]       <<< RX chan1 99B: 8000005f830d00000000000195000000a100000045fcffff0d0000000000016c...
[  10.300]       <<< RX chan1 74B: 80000046830d00000000000195000000a200000041fcffff0d0000000000016b...
[  10.300]       <<< RX chan1 79B: 8000004b83233c6959000d00000000000196000000a20000003dfcffff0d0000...
[  10.351]       <<< RX chan1 154B: 8000009683020169a55400e201ff01011f72627861737365743a2f2f736f756e...
[  10.351]       <<< RX chan1 86B: 80000052830d00000000000197000000a300000035fcffff0d00000000010d00...
[  10.351]       <<< RX chan1 74B: 80000046830d00000000000198000000a400000031fcffff0d00000000000164...
[  10.401]       <<< RX chan1 111B: 8000006b830d00000000000198000000a50000002dfcffff0d00000000030d00...
[  10.401]       <<< RX chan1 80B: 8000004c830d00000000000199000000a500000029fcffff0d00000000000161...
[  10.401]       <<< RX chan1 84B: 80000050831b010000000155a554000d0000000000019a000000a600000025fc...
[  10.452]       <<< RX chan1 136B: 80000084830d0000000000019a000000a600000021fcffff0d00000000030d00...
[  10.452]       <<< RX chan1 80B: 8000004c830d0000000000019b000000a70000001dfcffff0d0000000000015c...
[  10.452]       <<< RX chan1 80B: 8000004c830d0000000000019c000000a700000019fcffff0d00000000010d00...
[  10.502]       <<< RX chan1 74B: 80000046830d0000000000019c000000a800000014fcffff0d00000000020d00...
[  10.502]       <<< RX chan1 74B: 80000046830d0000000000019d000000a900000010fcffff0d00000000020d00...
[  10.502]       <<< RX chan1 80B: 8000004c830d0000000000019e000000a90000000cfcffff0d00000000020d00...
[  10.552]       <<< RX chan1 154B: 8000009683020177a55400e201ff01011f72627861737365743a2f2f736f756e...
[  10.553]       <<< RX chan1 130B: 8000007e830d0000000000019f000000aa00000004fcffff0d00000000010d00...
[  10.553]       <<< RX chan1 105B: 80000065830d0000000000019f000000ab00000000fcffff0d00000000030d00...
[quic] DATAGRAM 32B: 031100830510e3e5740100000000e4e574010000000000000000010000000000
[  10.603]       <<< RX chan1 99B: 8000005f830d000000000001a0000000ab000000fcfbffff0d00000000010d00...
[  10.603]       <<< RX chan1 307B: 8000012f830301e87e5400a1270101dc7d540002017da554002902ffff01e97e...
[  10.603]       <<< RX chan1 130B: 8000007e830d000000000001a1000000ad000000f4fbffff0d00000000030d00...
[  10.653]       <<< RX chan1 121B: 80000075831b010000000169a554000d000000000001a2000000ad000000f0fb...
[  10.653]       <<< RX chan1 80B: 8000004c830d000000000001a3000000ae000000ecfbffff0d00000000020d00...
[  10.653]       <<< RX chan1 111B: 8000006b830d000000000001a3000000ae000000e8fbffff0d00000000020d00...
[  10.704]       <<< RX chan1 74B: 80000046830d000000000001a4000000af000000e4fbffff0d00000000020d00...
[  10.704]       <<< RX chan1 149B: 80000091830d000000000001a4000000af000000e0fbffff0d00000000030d00...
[  10.704]       <<< RX chan1 170B: 800000a683020183a55400e201ff01011f72627861737365743a2f2f736f756e...
[  10.754]       <<< RX chan1 99B: 8000005f830d000000000001a6000000b0000000d8fbffff0d00000000010d00...
[  10.754]       <<< RX chan1 105B: 80000065830d000000000001a6000000b1000000d4fbffff0d00000000030d00...
[  10.754]       <<< RX chan1 86B: 80000052830d000000000001a7000000b2000000d0fbffff0d00000000020d00...
[  10.804]       <<< RX chan1 111B: 8000006b830d000000000001a8000000b2000000ccfbffff0d00000000020d00...
[  10.804]       <<< RX chan1 136B: 80000084830d000000000001a8000000b3000000c8fbffff0d00000000030d00...
[  10.804]       <<< RX chan1 80B: 8000004c830d000000000001a9000000b3000000c4fbffff0d00000000020d00...
[  10.855]       <<< RX chan1 90B: 80000056831b010000000177a554000d000000000001aa000000b4000000c0fb...
[  10.855]       <<< RX chan1 105B: 80000065830d000000000001aa000000b4000000bcfbffff0d00000000010d00...
[  10.855]       <<< RX chan1 86B: 80000052830d000000000001ab000000b5000000b8fbffff0d00000000020d00...
[  10.905]       <<< RX chan1 241B: 800000ed83020188a55400e201ff01011f72627861737365743a2f2f736f756e...
[  10.905]       <<< RX chan1 86B: 80000052830d000000000001ac000000b6000000b0fbffff0d00000000020d00...
[  10.905]       <<< RX chan1 74B: 80000046830d000000000001ad000000b7000000acfbffff0d00000000020d00...
[  10.955]       <<< RX chan1 105B: 80000065830d000000000001ad000000b7000000a8fbffff0d00000000030d00...
[  10.955]       <<< RX chan1 80B: 8000004c830d000000000001af000000b8000000a0fbffff0d00000000020d00...
[  10.955]       <<< RX chan1 29B: 80000019830701b28254005b14000701b282540056140123dc69590000
[  11.006]       <<< RX chan1 68B: 80000040830d000000000001af000000b90000009cfbffff0d00000000000127...
[  11.006]       <<< RX chan1 68B: 80000040830d000000000001b0000000b900000098fbffff0d00000000000126...
[  11.006]       <<< RX chan1 102B: 80000062830701b28254005b14000701b28254005614011b010000000183a554...
[  11.056]       <<< RX chan1 160B: 8000009c83020189a55400e201ff01011f72627861737365743a2f2f736f756e...
[  11.056]       <<< RX chan1 99B: 8000005f830d000000000001b2000000bb0000008cfbffff0d00000000000121...
[  11.056]       <<< RX chan1 105B: 80000065830d000000000001b2000000bb00000088fbffff0d00000000030d00...
[  11.106]   DUMMY -> send ping 77B
[quic] DATAGRAM 32B: 031200830510e7e7740100000000e7e774010000000000000000010000000000
[  11.107]       <<< RX chan1 99B: 8000005f830d000000000001b3000000bc00000084fbffff0d0000000000011d...
[  11.107]       <<< RX chan1 74B: 80000046830d000000000001b4000000bd00000080fbffff0d0000000000011c...
[  11.107]       <<< RX chan1 107B: 80000067830d000000000001b4000000bd0000007cfbffff0d00000000030d00...
[  11.157]       <<< RX chan1 80B: 8000004c830d000000000001b5000000be00000078fbffff0d00000000000118...
[  11.157]       <<< RX chan1 116B: 80000070830701b18254005b14000701b18254005614010701b28254005a1400...
[  11.157]       <<< RX chan1 179B: 800000af8302018ba55400e201ff01011f72627861737365743a2f2f736f756e...
[  11.207]       <<< RX chan1 108B: 80000068830701b28254005b14000701b28254005614011b010000000188a554...
[  11.207]       <<< RX chan1 117B: 80000071830701b18254005b14000701b18254005614010d000000000001b800...
[  11.207]       <<< RX chan1 74B: 80000046830d000000000001b8000000c000000064fbffff0d00000000000110...
[  11.207]       <<< RX chan1 89B: 80000055831b020000000404ee905204566adb460d000000000001b9000000c1...
[  11.229]   DUMMY <<< RX app=6 chan=1 81B: 8000004d0858fbbded5ddc184000000001505050505050505050505050505050...
[  11.229]       <<< RX chan1 141B: 80000089830701b28254005b14000701b28254005614010701b18254005b1400...
[  11.244]       <<< RX chan1 74B: 80000046830d000000000001ba000000c200000058fbffff0d0000000000010b...
[  11.295]       <<< RX chan1 160B: 8000009c8302018da55400e201ff01011f72627861737365743a2f2f736f756e...
[  11.295]       <<< RX chan1 80B: 8000004c830d000000000001bb000000c300000050fbffff0d00000000030d00...
[  11.295]       <<< RX chan1 85B: 8000005183232c6a59000d000000000001bc000000c30000004cfbffff0d0000...
[  11.345]       <<< RX chan1 78B: 8000004a831b010000000189a554000d000000000001bd000000c400000048fb...
[  11.346]       <<< RX chan1 98B: 8000005e830701b18254005b14000701b18254005614010d000000000001bd00...
[  11.346]       <<< RX chan1 80B: 8000004c830d000000000001be000000c500000040fbffff0d00000000000101...
[  11.396]       <<< RX chan1 117B: 80000071830701b18254005b14000701b18254005614010d000000000001bf00...
[  11.396]       <<< RX chan1 311B: 8000013383020194a55400e201ff01011f72627861737365743a2f2f736f756e...
[  11.396]       <<< RX chan1 105B: 80000065830d000000000001c0000000c700000034fbffff0d000000000001fc...
[  11.446]       <<< RX chan1 98B: 8000005e830701b18254005b14000701b18254005614010d000000000001c000...
[  11.447]       <<< RX chan1 80B: 8000004c830d000000000001c1000000c80000002cfbffff0d000000000001f9...
[  11.447]       <<< RX chan1 78B: 8000004a831b01000000018ba554000d000000000001c2000000c800000028fb...
[  11.497]       <<< RX chan1 74B: 80000046830d000000000001c2000000c900000024fbffff0d00000000030d00...
[  11.497]       <<< RX chan1 68B: 80000040830d000000000001c3000000c900000020fbffff0d000000000001f4...
[  11.497]       <<< RX chan1 74B: 80000046830d000000000001c4000000ca0000001cfbffff0d000000000001f3...
[  11.547]       <<< RX chan1 99B: 8000005f830d000000000001c4000000ca00000018fbffff0d000000000001f1...
[  11.548]       <<< RX chan1 130B: 8000007e831b0400000001799f5400017a9f5400017b9f540001f4a054000d00...
[  11.548]       <<< RX chan1 80B: 8000004c830d000000000001c6000000cb00000010fbffff0d000000000001ee...
[  11.598]       <<< RX chan1 84B: 80000050831b01000000018da554000d000000000001c6000000cc0000000cfb...
[  11.598]       <<< RX chan1 105B: 80000065830d000000000001c7000000cc00000008fbffff0d000000000001ea...
[  11.598]       <<< RX chan1 86B: 80000052830d000000000001c7000000cd00000004fbffff0d00000000030d00...
[quic] DATAGRAM 32B: 031300830510ece9740100000000ece974010000000000000000010000000000
[  11.649]       <<< RX chan1 101B: 80000061830d000000000001c8000000cd00000000fbffff0d000000000001e7...
[  11.649]       <<< RX chan1 74B: 80000046830d000000000001c9000000ce000000fcfaffff0d000000000001e5...
[  11.649]       <<< RX chan1 80B: 8000004c830d000000000001c9000000ce000000f8faffff0d00000000030d00...
[  11.699]       <<< RX chan1 68B: 80000040830d000000000001ca000000cf000000f4faffff0d000000000001e2...
[  11.699]       <<< RX chan1 140B: 80000088831b010000000194a554000d000000000001cb000000cf000000f0fa...
[  11.699]       <<< RX chan1 68B: 80000040830d000000000001cb000000d0000000ecfaffff0d000000000001df...
[  11.750]       <<< RX chan1 74B: 80000046830d000000000001cc000000d0000000e8faffff0d00000000010d00...
[  11.750]       <<< RX chan1 68B: 80000040830d000000000001cd000000d1000000e4faffff0d000000000001dc...
[  11.750]       <<< RX chan1 80B: 8000004c830d000000000001cd000000d1000000e0faffff0d00000000010d00...
[  11.800]       <<< RX chan1 80B: 8000004c830d000000000001ce000000d2000000dcfaffff0d000000000001d8...
[  11.800]       <<< RX chan1 99B: 8000005f830d000000000001ce000000d2000000d8faffff0d00000000030d00...
[  11.800]       <<< RX chan1 68B: 80000040830d000000000001cf000000d3000000d4faffff0d000000000001d5...
[  11.850]       <<< RX chan1 105B: 80000065830d000000000001d0000000d3000000d0faffff0d00000000010d00...
[  11.850]       <<< RX chan1 74B: 80000046830d000000000001d0000000d4000000ccfaffff0d00000000030d00...
[  11.851]       <<< RX chan1 80B: 8000004c830d000000000001d1000000d4000000c8faffff0d00000000010d00...
[  11.901]       <<< RX chan1 74B: 80000046830d000000000001d2000000d5000000c4faffff0d000000000001ce...
[  11.901]       <<< RX chan1 80B: 8000004c830d000000000001d2000000d5000000c0faffff0d00000000010d00...
[  11.901]       <<< RX chan1 74B: 80000046830d000000000001d3000000d6000000bcfaffff0d000000000001cb...
[  11.951]       <<< RX chan1 120B: 80000074831b020000000426be464d04738441580d000000000001d4000000d6...
[  11.951]       <<< RX chan1 130B: 8000007e830d000000000001d4000000d7000000b4faffff0d000000000001c8...
[  11.951]       <<< RX chan1 74B: 80000046830d000000000001d5000000d8000000acfaffff0d00000000030d00...
[  12.001]       <<< RX chan1 11B: 800000078323d06a590000
[  12.001]       <<< RX chan1 68B: 80000040830d000000000001d6000000d8000000a8faffff0d000000000001c3...
[  12.001]       <<< RX chan1 68B: 80000040830d000000000001d7000000d9000000a4faffff0d000000000001c1...
[  12.052]       <<< RX chan1 105B: 80000065831b0400000001da9f540001db9f540001dc9f54000160a454000d00...
[  12.052]       <<< RX chan1 68B: 80000040830d000000000001d8000000da0000009cfaffff0d000000000001be...
[  12.052]       <<< RX chan1 68B: 80000040830d000000000001d9000000da00000098faffff0d000000000001bc...
[  12.102]       <<< RX chan1 74B: 80000046830d000000000001d9000000db00000094faffff0d000000000001bb...
[  12.102]       <<< RX chan1 74B: 80000046830d000000000001da000000db00000090faffff0d000000000001b9...
[  12.102]       <<< RX chan1 111B: 8000006b830d000000000001da000000dc0000008cfaffff0d00000000030d00...
[  12.153]   DUMMY -> send ping 77B
[  12.153]   DUMMY -> send sync 24B
[quic] DATAGRAM 32B: 031400830510f0eb740100000000f0eb74010000000000000000010000000000
[  12.153]       <<< RX chan1 68B: 80000040830d000000000001db000000dc00000088faffff0d000000000001b6...
[  12.153]       <<< RX chan1 95B: 8000005b830d000000000001dc000000dd00000084faffff0d000000000001b4...
[  12.153]       <<< RX chan1 80B: 8000004c830d000000000001dc000000dd00000080faffff0d00000000030d00...
[  12.204]       <<< RX chan1 68B: 80000040830d000000000001dd000000de0000007cfaffff0d000000000001b1...
[  12.204]       <<< RX chan1 80B: 8000004c830d000000000001de000000de00000078faffff0d000000000001af...
[  12.204]       <<< RX chan1 80B: 8000004c830d000000000001de000000df00000074faffff0d00000000030d00...
[  12.254]       <<< RX chan1 68B: 80000040830d000000000001df000000df00000070faffff0d000000000001ac...
[  12.254]       <<< RX chan1 68B: 80000040830d000000000001e0000000e00000006cfaffff0d000000000001aa...
[  12.254]       <<< RX chan1 80B: 8000004c830d000000000001e0000000e000000068faffff0d000000000001a9...
[  12.274]   DUMMY <<< RX app=6 chan=1 81B: 8000004d0858fbbded5ddc184000000001505050505050505050505050505050...
[  12.274]       <<< RX chan1 155B: 8000009783020472162f7b5a01ff00000000a049d8d740051224417474726962...
[  12.274]       <<< RX chan1 86B: 80000052830d000000000001e1000000e100000060faffff0d00000000030d00...
[  12.290]       <<< RX chan1 91B: 8000005783231c6b59000d000000000001e2000000e10000005cfaffff0d0000...
[  12.340]       <<< RX chan1 74B: 80000046830d000000000001e3000000e200000058faffff0d000000000001a2...
[  12.340]       <<< RX chan1 105B: 80000065830d000000000001e3000000e200000054faffff0d00000000030d00...
[  12.391]       <<< RX chan1 74B: 80000046830d000000000001e4000000e300000050faffff0d0000000000019f...
[  12.391]       <<< RX chan1 74B: 80000046830d000000000001e5000000e30000004cfaffff0d00000000010d00...
[  12.391]       <<< RX chan1 74B: 80000046830d000000000001e5000000e400000048faffff0d0000000000019b...
[  12.391]       <<< RX chan1 74B: 80000046830d000000000001e6000000e400000044faffff0d0000000000019a...
[  12.441]       <<< RX chan1 74B: 80000046830d000000000001e7000000e500000040faffff0d00000000000198...
[  12.441]       <<< RX chan1 105B: 80000065830d000000000001e7000000e50000003cfaffff0d00000000000196...
[  12.441]       <<< RX chan1 68B: 80000040830d000000000001e8000000e600000038faffff0d00000000000195...
[  12.491]       <<< RX chan1 74B: 80000046830d000000000001e8000000e600000034faffff0d00000000030d00...
[  12.491]       <<< RX chan1 68B: 80000040830d000000000001e9000000e700000030faffff0d00000000000192...
[  12.491]       <<< RX chan1 74B: 80000046830d000000000001ea000000e70000002cfaffff0d00000000000190...
[  12.542]       <<< RX chan1 80B: 8000004c830d000000000001ea000000e800000028faffff0d00000000030d00...
[  12.542]       <<< RX chan1 68B: 80000040830d000000000001eb000000e800000024faffff0d0000000000018d...
[  12.542]       <<< RX chan1 80B: 8000004c830d000000000001ec000000e800000020faffff0d00000000010d00...
[  12.592]       <<< RX chan1 68B: 80000040830d000000000001ec000000e90000001cfaffff0d00000000000189...
[  12.592]       <<< RX chan1 86B: 80000052830d000000000001ed000000e900000018faffff0d00000000010d00...
[  12.592]       <<< RX chan1 105B: 80000065830d000000000001ee000000ea00000014faffff0d00000000000186...
[quic] DATAGRAM 32B: 031500830510e4ed740100000000e4ed74010000000000000000010000000000
[  12.643]       <<< RX chan1 86B: 80000052830d000000000001ee000000ea00000010faffff0d00000000010d00...
[  12.643]       <<< RX chan1 101B: 80000061830d000000000001ef000000eb0000000cfaffff0d00000000000183...
[  12.693]       <<< RX chan1 1154B: 80001527831b02000000011a985400011b98540003016c945400a12701015f94...
[  12.693]       <<< RX chan1 1154B: a3a5dd1b1e8b48631058342261af276711f4c1222cdab5c22c0a96233ab602c8...
[  12.693]       <<< RX chan1 1154B: b289016a05eed5bbc36330119b364e1df42584a28141c8fe3ecfd113070ea2e4...
[  12.693]       <<< RX chan1 1154B: 4e8efdbd9ae8891b1ea0fd7d468a9579e8fa8e2138f0754c1901be763cb734bc...
[  12.693]       <<< RX chan1 803B: 27805648f94bd7232fe79ce2ef58c991117ea9e6c96707a59defb6db895ad3f5...
[  12.693]       <<< RX chan1 11B: 800000078323746b590000
[  12.693]       <<< RX chan1 80B: 8000004c830d000000000001f0000000ec00000004faffff0d0000000000017f...
[  12.693]       <<< RX chan1 99B: 8000005f830d000000000001f1000000ec00000000faffff0d0000000000017e...
[  12.693]       <<< RX chan1 80B: 8000004c830d000000000001f1000000ed000000fcf9ffff0d00000000030d00...
[  12.744]       <<< RX chan1 74B: 80000046830d000000000001f2000000ed000000f8f9ffff0d0000000000017a...
[  12.744]       <<< RX chan1 74B: 80000046830d000000000001f3000000ed000000f4f9ffff0d00000000010d00...
[  12.744]       <<< RX chan1 74B: 80000046830d000000000001f3000000ee000000f0f9ffff0d00000000000177...
[  12.794]       <<< RX chan1 86B: 80000052830d000000000001f4000000ee000000ecf9ffff0d00000000010d00...
[  12.794]       <<< RX chan1 68B: 80000040830d000000000001f5000000ef000000e8f9ffff0d00000000000174...
[  12.794]       <<< RX chan1 74B: 80000046830d000000000001f5000000ef000000e4f9ffff0d00000000000172...
[  12.845]       <<< RX chan1 68B: 80000040830d000000000001f6000000f0000000e0f9ffff0d00000000000171...
[  12.845]       <<< RX chan1 80B: 8000004c830d000000000001f6000000f0000000dcf9ffff0d00000000030d00...
[  12.845]       <<< RX chan1 80B: 8000004c830d000000000001f7000000f1000000d8f9ffff0d0000000000016d...
[  12.895]       <<< RX chan1 74B: 80000046830d000000000001f8000000f1000000d4f9ffff0d0000000000016c...
[  12.895]       <<< RX chan1 80B: 8000004c830d000000000001f8000000f2000000d0f9ffff0d00000000030d00...
[  12.895]       <<< RX chan1 86B: 80000052830d000000000001f9000000f2000000cbf9ffff0d00000000020d00...
[  12.945]       <<< RX chan1 105B: 80000065830d000000000001fa000000f2000000c7f9ffff0d00000000010d00...
[  12.946]       <<< RX chan1 105B: 80000065830d000000000001fb000000f3000000bff9ffff0d00000000010d00...
[  12.946]       <<< RX chan1 11B: 800000078323bc6b590000
[  12.996]       <<< RX chan1 80B: 8000004c830d000000000001fc000000f4000000b7f9ffff0d00000000020d00...
[  12.996]       <<< RX chan1 11B: 800000078323c46b590000
[  12.996]       <<< RX chan1 90B: 80000056831b0100000004733129390d000000000001fd000000f5000000b3f9...
[  13.047]       <<< RX chan1 130B: 8000007e830d000000000001fd000000f5000000aff9ffff0d00000000030d00...
[  13.047]       <<< RX chan1 105B: 80000065830d000000000001fe000000f5000000abf9ffff0d00000000010d00...
[  13.047]       <<< RX chan1 105B: 80000065830d000000000001ff000000f6000000a7f9ffff0d00000000020d00...
[  13.097]       <<< RX chan1 161B: 8000009d830d000000000001ff000000f6000000a3f9ffff0d00000000030d00...
[  13.097]       <<< RX chan1 86B: 80000052830d00000000000100010000f70000009ff9ffff0d00000000020d00...
[  13.097]       <<< RX chan1 86B: 80000052830d00000000000101010000f70000009bf9ffff0d00000000020d00...
[  13.147]   DUMMY -> send ping 77B
[quic] DATAGRAM 32B: 031600830510e9ef740100000000e9ef74010000000000000000010000000000
[  13.147]       <<< RX chan1 74B: 80000046830d00000000000101010000f800000097f9ffff0d00000000020d00...
[  13.147]       <<< RX chan1 80B: 8000004c830d00000000000102010000f800000093f9ffff0d00000000020d00...
[  13.147]       <<< RX chan1 107B: 80000067830d00000000000103010000f90000008ff9ffff0d00000000020d00...
[  13.198]       <<< RX chan1 80B: 8000004c830d00000000000103010000f90000008bf9ffff0d00000000020d00...
[  13.198]       <<< RX chan1 105B: 80000065830d00000000000104010000f900000087f9ffff0d00000000010d00...
[  13.198]       <<< RX chan1 105B: 80000065830d00000000000104010000fa00000083f9ffff0d00000000030d00...
[  13.248]       <<< RX chan1 74B: 80000046830d00000000000105010000fa0000007ff9ffff0d00000000020d00...
[  13.248]       <<< RX chan1 111B: 8000006b830d00000000000106010000fb0000007bf9ffff0d00000000020d00...
[  13.248]       <<< RX chan1 111B: 8000006b830d00000000000106010000fb00000077f9ffff0d00000000030d00...
[  13.269]   DUMMY <<< RX app=6 chan=1 81B: 8000004d0858fbbded5ddc184000000001505050505050505050505050505050...
[  13.269]       <<< RX chan1 80B: 8000004c830d00000000000107010000fc00000073f9ffff0d00000000020d00...
[  13.285]       <<< RX chan1 74B: 80000046830d00000000000108010000fc0000006ff9ffff0d00000000020d00...
[  13.335]       <<< RX chan1 104B: 8000006483230c6c59000d00000000000108010000fc0000006bf9ffff0d0000...
[  13.335]       <<< RX chan1 80B: 8000004c830d00000000000109010000fd00000067f9ffff0d00000000020d00...
[  13.335]       <<< RX chan1 80B: 8000004c830d0000000000010a010000fd00000063f9ffff0d00000000020d00...
[  13.386]       <<< RX chan1 80B: 8000004c830d0000000000010a010000fe0000005ff9ffff0d00000000020d00...
[  13.386]       <<< RX chan1 80B: 8000004c830d0000000000010b010000fe0000005bf9ffff0d00000000020d00...
[  13.386]       <<< RX chan1 180B: 800000b0830d0000000000010b010000fe00000057f9ffff0d00000000030d00...
[  13.436]       <<< RX chan1 80B: 8000004c830d0000000000010c010000ff00000053f9ffff0d00000000000137...
[  13.436]       <<< RX chan1 86B: 80000052830d0000000000010d010000000100004bf9ffff0d00000000030d00...
[  13.436]       <<< RX chan1 11B: 800000078323306c590000
[  13.486]       <<< RX chan1 68B: 80000040830d0000000000010e0100000001000047f9ffff0d00000000000132...
[  13.486]       <<< RX chan1 105B: 80000065830d0000000000010f0100000101000043f9ffff0d00000000000130...
[  13.486]       <<< RX chan1 68B: 80000040830d0000000000010f010000010100003ff9ffff0d0000000000012f...
[  13.537]       <<< RX chan1 105B: 80000065830d00000000000110010000010100003bf9ffff0d00000000010d00...
[  13.537]       <<< RX chan1 74B: 80000046830d000000000001100100000201000037f9ffff0d00000000030d00...
[  13.537]       <<< RX chan1 68B: 80000040830d000000000001110100000201000033f9ffff0d0000000000012a...
[  13.587]       <<< RX chan1 74B: 80000046830d00000000000112010000030100002ff9ffff0d00000000000128...
[  13.587]       <<< RX chan1 74B: 80000046830d00000000000112010000030100002bf9ffff0d00000000030d00...
[  13.587]       <<< RX chan1 111B: 8000006b830d000000000001130100000301000027f9ffff0d00000000010d00...
[  13.637]       <<< RX chan1 74B: 80000046830d000000000001140100000401000023f9ffff0d00000000000123...
[  13.637]       <<< RX chan1 80B: 8000004c830d00000000000114010000040100001ff9ffff0d00000000030d00...
[  13.637]       <<< RX chan1 74B: 80000046830d00000000000115010000050100001bf9ffff0d00000000000120...
[quic] DATAGRAM 32B: 031700830510e0f1740100000000e1f174010000000000000000010000000000
[  13.688]       <<< RX chan1 107B: 80000067830d000000000001160100000501000013f9ffff0d00000000010d00...
[  13.688]       <<< RX chan1 11B: 800000078323686c590000
[  13.688]       <<< RX chan1 68B: 80000040830d00000000000117010000060100000ff9ffff0d0000000000011b...
[  13.738]       <<< RX chan1 136B: 80000084830d00000000000117010000060100000bf9ffff0d00000000030d00...
[  13.738]       <<< RX chan1 68B: 80000040830d000000000001180100000701000007f9ffff0d00000000000118...
[  13.738]       <<< RX chan1 68B: 80000040830d000000000001190100000701000003f9ffff0d00000000000116...
[  13.789]       <<< RX chan1 136B: 80000084830d0000000000011901000008010000fff8ffff0d00000000030d00...
[  13.789]       <<< RX chan1 80B: 8000004c830d0000000000011a01000008010000fbf8ffff0d00000000000113...
[  13.789]       <<< RX chan1 86B: 80000052830d0000000000011b01000008010000f7f8ffff0d00000000010d00...
[  13.839]       <<< RX chan1 74B: 80000046830d0000000000011b01000009010000f3f8ffff0d00000000000110...
[  13.839]       <<< RX chan1 74B: 80000046830d0000000000011d0100000a010000ebf8ffff0d0000000000010c...
[  13.839]       <<< RX chan1 74B: 80000046830d0000000000011d0100000a010000e7f8ffff0d0000000000010b...
[  13.839]       <<< RX chan1 11B: 800000078323946c590000
[  13.889]       <<< RX chan1 68B: 80000040830d0000000000011e0100000a010000e3f8ffff0d00000000000109...
[  13.889]       <<< RX chan1 74B: 80000046830d0000000000011f0100000b010000dbf8ffff0d00000000000106...
[  13.940]       <<< RX chan1 111B: 8000006b830d000000000001200100000b010000d7f8ffff0d00000000010d00...
[  13.940]       <<< RX chan1 105B: 80000065830d000000000001200100000c010000d3f8ffff0d00000000030d00...
[  13.940]       <<< RX chan1 11B: 800000078323a86c590000
[  13.990]       <<< RX chan1 68B: 80000040830d000000000001220100000d010000cbf8ffff0d000000000001ff...
[  13.990]       <<< RX chan1 105B: 80000065830d000000000001220100000d010000c7f8ffff0d000000000001fd...
[  13.990]       <<< RX chan1 80B: 8000004c830d000000000001230100000d010000c3f8ffff0d00000000010d00...
[  13.990]       <<< RX chan1 11B: 800000078323b86c590000
[  14.041]       <<< RX chan1 68B: 80000040830d000000000001240100000e010000bff8ffff0d000000000001fa...
[  14.041]       <<< RX chan1 68B: 80000040830d000000000001250100000f010000b7f8ffff0d000000000001f7...
[  14.041]       <<< RX chan1 11B: 800000078323c46c590000
[  14.091]       <<< RX chan1 80B: 8000004c830d000000000001250100000f010000b3f8ffff0d00000000030d00...
[  14.091]       <<< RX chan1 86B: 80000052830d000000000001260100000f010000aff8ffff0d00000000010d00...
[  14.091]       <<< RX chan1 92B: 80000058830701b28254005b14000701b28254005614010d0000000000012701...
[  14.142]   DUMMY -> send ping 77B
[  14.142]       <<< RX chan1 74B: 80000046830d0000000000012701000010010000a7f8ffff0d00000000030d00...
[  14.142]       <<< RX chan1 80B: 8000004c830d0000000000012801000011010000a3f8ffff0d000000000001ef...
[  14.142]       <<< RX chan1 99B: 8000005f830d00000000000129010000110100009ff8ffff0d000000000001ed...
[quic] DATAGRAM 32B: 031800830510e2f3740100000000e2f374010000000000000000010000000000
[  14.192]       <<< RX chan1 132B: 80000080830d00000000000129010000110100009bf8ffff0d000000000001eb...
[  14.192]       <<< RX chan1 74B: 80000046830d0000000000012a0100001201000097f8ffff0d000000000001ea...
[  14.192]       <<< RX chan1 74B: 80000046830d0000000000012b0100001201000093f8ffff0d000000000001e8...
[  14.243]       <<< RX chan1 80B: 8000004c830d0000000000012b010000120100008ff8ffff0d00000000010d00...
[  14.243]       <<< RX chan1 74B: 80000046830d0000000000012c010000130100008bf8ffff0d000000000001e5...
[  14.243]       <<< RX chan1 86B: 80000052830d0000000000012c0100001301000087f8ffff0d00000000030d00...
[  14.265]   DUMMY <<< RX app=6 chan=1 81B: 8000004d0858fbbded5ddc184000000001505050505050505050505050505050...
[  14.265]       <<< RX chan1 149B: 80000091830d0000000000012d0100001401000083f8ffff0d000000000001e1...
[  14.281]       <<< RX chan1 68B: 80000040830d0000000000012e010000140100007ff8ffff0d000000000001e0...
[  14.331]       <<< RX chan1 79B: 8000004b8323fc6c59000d0000000000012e010000140100007bf8ffff0d0000...
[  14.331]       <<< RX chan1 80B: 8000004c83010196a554000d0000000000012f0100001501000077f8ffff0d00...
[  14.331]       <<< RX chan1 74B: 80000046830d000000000001300100001501000073f8ffff0d000000000001db...
[  14.382]       <<< RX chan1 74B: 80000046830d00000000000130010000150100006ff8ffff0d00000000010d00...
[  14.382]       <<< RX chan1 68B: 80000040830d00000000000131010000160100006bf8ffff0d000000000001d8...
[  14.382]       <<< RX chan1 84B: 80000050831b010000000483b490250d000000000001320100001601000067f8...
[  14.432]       <<< RX chan1 80B: 8000004c830d000000000001320100001601000063f8ffff0d00000000010d00...
[  14.432]       <<< RX chan1 337B: 8000014d831b0200000001b1a5540001b2a5540003016a945400a12700015f94...
[  14.432]       <<< RX chan1 11B: 800000078323206d590000
[  14.483]       <<< RX chan1 105B: 80000065830d000000000001340100001801000057f8ffff0d000000000001cf...
[  14.483]       <<< RX chan1 68B: 80000040830d000000000001350100001801000053f8ffff0d000000000001ce...
[  14.483]       <<< RX chan1 99B: 8000005f830d00000000000135010000180100004ff8ffff0d00000000030d00...
[  14.533]       <<< RX chan1 105B: 80000065830d00000000000136010000190100004bf8ffff0d000000000001ca...
[  14.533]       <<< RX chan1 80B: 8000004c830d000000000001370100001901000047f8ffff0d000000000001c9...
[  14.533]       <<< RX chan1 105B: 80000065830d000000000001370100001901000043f8ffff0d00000000010d00...
[  14.584]       <<< RX chan1 74B: 80000046830d000000000001380100001a0100003ff8ffff0d000000000001c6...
[  14.584]       <<< RX chan1 74B: 80000046830d000000000001390100001a0100003bf8ffff0d000000000001c4...
[  14.584]       <<< RX chan1 136B: 80000084830d000000000001390100001a01000037f8ffff0d00000000010d00...
[  14.634]       <<< RX chan1 74B: 80000046830d0000000000013a0100001b01000033f8ffff0d000000000001c1...
[  14.634]       <<< RX chan1 74B: 80000046830d0000000000013a0100001b0100002ff8ffff0d00000000030d00...
[  14.634]       <<< RX chan1 68B: 80000040830d0000000000013b0100001c0100002bf8ffff0d000000000001bd...
[quic] DATAGRAM 32B: 031900830510d6f5740100000000d7f574010000000000000000010000000000
[  14.684]       <<< RX chan1 315B: 80000137831b0200000001e1a4540001e2a454000301ae825400a12701019b82...
[  14.684]       <<< RX chan1 107B: 80000067830d0000000000013c0100001c01000023f8ffff0d00000000030d00...
[  14.684]       <<< RX chan1 74B: 80000046830d0000000000013d0100001d0100001ff8ffff0d000000000001b8...
[  14.735]       <<< RX chan1 74B: 80000046830d0000000000013e0100001d0100001bf8ffff0d000000000001b7...
[  14.735]       <<< RX chan1 80B: 8000004c830d0000000000013e0100001d01000017f8ffff0d00000000010d00...
[  14.735]       <<< RX chan1 74B: 80000046830d0000000000013f0100001e01000013f8ffff0d000000000001b3...
[  14.785]       <<< RX chan1 86B: 80000052830d0000000000013f0100001e0100000ff8ffff0d00000000030d00...
[  14.785]       <<< RX chan1 111B: 8000006b830d000000000001400100001e0100000bf8ffff0d00000000010d00...
[  14.785]       <<< RX chan1 74B: 80000046830d000000000001410100001f01000007f8ffff0d000000000001ae...
[  14.836]       <<< RX chan1 74B: 80000046830d000000000001410100001f01000003f8ffff0d00000000030d00...
[  14.836]       <<< RX chan1 80B: 8000004c830d000000000001420100001f010000fff7ffff0d00000000010d00...
[  14.836]       <<< RX chan1 74B: 80000046830d0000000000014301000020010000fbf7ffff0d000000000001aa...
[  14.886]       <<< RX chan1 80B: 8000004c830d0000000000014301000020010000f7f7ffff0d00000000030d00...
[  14.886]       <<< RX chan1 74B: 80000046830d0000000000014401000020010000f3f7ffff0d00000000010d00...
[  14.886]       <<< RX chan1 80B: 8000004c830d0000000000014501000021010000eff7ffff0d000000000001a5...
[  14.937]       <<< RX chan1 149B: 80000091830d0000000000014501000021010000ebf7ffff0d000000000001a3...
[  14.937]       <<< RX chan1 111B: 8000006b830d0000000000014601000021010000e7f7ffff0d00000000010d00...
[  14.937]       <<< RX chan1 111B: 8000006b830d0000000000014601000022010000e3f7ffff0d00000000030d00...
[  14.987]       <<< RX chan1 74B: 80000046830d0000000000014701000022010000dff7ffff0d0000000000019e...
[  14.987]       <<< RX chan1 80B: 8000004c830d0000000000014801000022010000dbf7ffff0d00000000010d00...
[  14.987]       <<< RX chan1 80B: 8000004c830d0000000000014801000023010000d7f7ffff0d00000000030d00...
[  15.037]       <<< RX chan1 74B: 80000046830d0000000000014a01000024010000cff7ffff0d00000000000197...
[  15.037]       <<< RX chan1 11B: 800000078323ac6d590000
[  15.037]       <<< RX chan1 68B: 80000040830d0000000000014a01000024010000cbf7ffff0d00000000000196...
[  15.087]       <<< RX chan1 74B: 80000046830d0000000000014b01000024010000c7f7ffff0d00000000000194...
[  15.087]       <<< RX chan1 74B: 80000046830d0000000000014c01000025010000bff7ffff0d00000000000191...
[  15.087]       <<< RX chan1 11B: 800000078323bc6d590000
[  15.138]   DUMMY -> send ping 77B
[  15.138]       <<< RX chan1 74B: 80000046830d0000000000014d01000025010000bbf7ffff0d0000000000018f...
[  15.138]       <<< RX chan1 74B: 80000046830d0000000000014e01000026010000b3f7ffff0d0000000000018c...
[  15.138]       <<< RX chan1 11B: 800000078323c86d590000
[quic] DATAGRAM 32B: 031a00830510daf7740100000000daf774010000000000000000010000000000
[  15.189]       <<< RX chan1 74B: 80000046830d0000000000014f01000026010000aff7ffff0d0000000000018a...
[  15.189]       <<< RX chan1 105B: 80000065830d0000000000014f01000026010000abf7ffff0d00000000030d00...
[  15.189]       <<< RX chan1 101B: 80000061830d0000000000015001000027010000a7f7ffff0d00000000000187...
[  15.239]       <<< RX chan1 74B: 80000046830d0000000000015101000027010000a3f7ffff0d00000000000185...
[  15.239]       <<< RX chan1 80B: 8000004c830d00000000000151010000270100009ff7ffff0d00000000010d00...
[  15.239]       <<< RX chan1 99B: 8000005f830d00000000000152010000280100009bf7ffff0d00000000000182...
[  15.259]   DUMMY <<< RX app=6 chan=1 81B: 8000004d0858fbbded5ddc184000000001505050505050505050505050505050...
[  15.259]       <<< RX chan1 105B: 80000065830d000000000001530100002801000097f7ffff0d00000000000180...
[  15.259]       <<< RX chan1 86B: 80000052830d000000000001530100002801000093f7ffff0d00000000010d00...
[  15.275]       <<< RX chan1 99B: 8000005f830d00000000000154010000290100008ff7ffff0d0000000000017d...
[  15.325]       <<< RX chan1 91B: 800000578323ec6d59000d00000000000154010000290100008bf7ffff0d0000...
[  15.325]       <<< RX chan1 105B: 80000065830d000000000001550100002901000087f7ffff0d00000000010d00...
[  15.325]       <<< RX chan1 80B: 8000004c830d000000000001560100002a01000083f7ffff0d00000000000178...
[  15.376]       <<< RX chan1 99B: 8000005f830d000000000001560100002a0100007ef7ffff0d00000000030d00...
[  15.376]       <<< RX chan1 109B: 80000069831b0100000004125124650d000000000001570100002a0100007af7...
[  15.376]       <<< RX chan1 86B: 80000052830d000000000001580100002b01000076f7ffff0d00000000020d00...
[  15.426]       <<< RX chan1 80B: 8000004c830d000000000001580100002b01000072f7ffff0d00000000020d00...
[  15.426]       <<< RX chan1 105B: 80000065830d000000000001590100002b0100006ef7ffff0d00000000010d00...
[  15.426]       <<< RX chan1 161B: 8000009d830d0000000000015a0100002c0100006af7ffff0d00000000020d00...
[  15.477]       <<< RX chan1 74B: 80000046830d0000000000015a0100002c01000066f7ffff0d00000000020d00...
[  15.477]       <<< RX chan1 321B: 8000013d831b0200000001d4a5540001d5a5540003019c825400a12700019b82...
[  15.477]       <<< RX chan1 161B: 8000009d830d0000000000015b0100002d0100005ef7ffff0d00000000030d00...
[  15.527]       <<< RX chan1 74B: 80000046830d0000000000015c0100002d0100005af7ffff0d00000000020d00...
[  15.527]       <<< RX chan1 74B: 80000046830d0000000000015d0100002d01000056f7ffff0d00000000020d00...
[  15.527]       <<< RX chan1 111B: 8000006b830d0000000000015d0100002e01000052f7ffff0d00000000030d00...
[  15.578]       <<< RX chan1 92B: 80000058830701b08254005b14000701b08254005614010d0000000000015e01...
[  15.578]       <<< RX chan1 98B: 8000005e830701b08254005b14000701b08254005614010d0000000000015f01...
[  15.578]       <<< RX chan1 111B: 8000006b830d0000000000015f0100002e01000046f7ffff0d00000000010d00...
[  15.628]       <<< RX chan1 98B: 8000005e830701b08254005b14000701b08254005614010d0000000000016001...
[  15.628]       <<< RX chan1 92B: 80000058830701b08254005b14000701b08254005614010d0000000000016101...
[  15.628]       <<< RX chan1 148B: 80000090830701b08254005b14000701b08254005614010d0000000000016101...
[  15.678]       <<< RX chan1 111B: 8000006b830d000000000001620100003001000036f7ffff0d00000000020d00...
[  15.678]       <<< RX chan1 105B: 80000065830d000000000001620100003001000032f7ffff0d00000000030d00...
[  15.678]       <<< RX chan1 80B: 8000004c830d00000000000163010000300100002ef7ffff0d00000000020d00...
[quic] DATAGRAM 32B: 031b00830510dff9740100000000dff974010000000000000000010000000000
[  15.729]       <<< RX chan1 107B: 80000067830d00000000000164010000310100002af7ffff0d00000000020d00...
[  15.729]       <<< RX chan1 105B: 80000065830d000000000001640100003101000026f7ffff0d00000000030d00...
[  15.729]       <<< RX chan1 98B: 8000005e830701b28254005b14000701b28254005614010d0000000000016501...
[  15.779]       <<< RX chan1 130B: 8000007e830d00000000000166010000310100001ef7ffff0d00000000010d00...
[  15.779]       <<< RX chan1 105B: 80000065830d00000000000166010000320100001af7ffff0d00000000020d00...
[  15.779]       <<< RX chan1 92B: 80000058830701b08254005b14000701b08254005614010d0000000000016701...
[  15.830]       <<< RX chan1 129B: 8000007d830701b28254005b14000701b28254005614010d0000000000016801...
[  15.830]       <<< RX chan1 122B: 80000076830701b08254005b14000701b08254005614010701b28254005b1400...
[  15.830]       <<< RX chan1 68B: 80000040830d00000000000169010000330100000af7ffff0d00000000000147...
[  15.880]       <<< RX chan1 104B: 80000064830701b28254005b14000701b28254005614010d0000000000016901...
[  15.880]       <<< RX chan1 68B: 80000040830d0000000000016a0100003401000002f7ffff0d00000000000144...
[  15.880]       <<< RX chan1 68B: 80000040830d0000000000016b01000034010000fef6ffff0d00000000000142...
[  15.931]       <<< RX chan1 121B: 80000075831b0100000001f0a554000d0000000000016b01000034010000faf6...
[  15.931]       <<< RX chan1 80B: 8000004c830d0000000000016c01000034010000f6f6ffff0d00000000010d00...
[  15.931]       <<< RX chan1 74B: 80000046830d0000000000016d01000035010000f2f6ffff0d0000000000013d...
[  15.981]       <<< RX chan1 117B: 80000071830701b18254005b14000701b18254005614010d0000000000016d01...
[  15.981]       <<< RX chan1 86B: 80000052830701b28254005b14000701b28254005614010d0000000000016e01...
[  15.981]       <<< RX chan1 110B: 8000006a830701b18254005b14000701b18254005614010701b18254005b1400...
[  16.032]       <<< RX chan1 99B: 8000005f830d0000000000017001000036010000def6ffff0d00000000000135...
[  16.032]       <<< RX chan1 29B: 80000019830701b28254005b14000701b2825400561401239c6e590000
[  16.032]       <<< RX chan1 105B: 80000065830d0000000000017001000036010000daf6ffff0d00000000030d00...
[  16.082]       <<< RX chan1 80B: 8000004c830d0000000000017101000037010000d6f6ffff0d00000000000131...
[  16.082]       <<< RX chan1 159B: 8000009b831b01000000047d6c006d0d0000000000017201000037010000d2f6...
[  16.082]       <<< RX chan1 80B: 8000004c830d0000000000017201000037010000cef6ffff0d00000000030d00...
[  16.133]   DUMMY -> send ping 77B
[  16.133]       <<< RX chan1 99B: 8000005f830d0000000000017301000038010000caf6ffff0d0000000000012c...
[  16.133]       <<< RX chan1 98B: 8000005e8302045edf90115b01000169d25300ff050763726561746f72ff0113...
[  16.133]       <<< RX chan1 68B: 80000040830d0000000000017401000038010000c2f6ffff0d00000000000129...
[  16.184]       <<< RX chan1 80B: 8000004c830d0000000000017501000038010000bef6ffff0d00000000010d00...
[  16.184]       <<< RX chan1 92B: 80000058830701b18254005b14000701b18254005614010d0000000000017501...
[  16.184]       <<< RX chan1 98B: 8000005e830701b18254005b14000701b18254005614010d0000000000017601...
[quic] DATAGRAM 32B: 031c00830510d3fb740100000000d3fb74010000000000000000010000000000
[  16.234]       <<< RX chan1 95B: 8000005b830d0000000000017701000039010000b2f6ffff0d00000000000123...
[  16.234]       <<< RX chan1 99B: 8000005f830d0000000000017701000039010000aef6ffff0d00000000030d00...
[  16.234]       <<< RX chan1 105B: 80000065830d000000000001780100003a010000aaf6ffff0d0000000000011f...
[  16.255]   DUMMY <<< RX app=6 chan=1 81B: 8000004d0858fbbded5ddc184000000001505050505050505050505050505050...
[  16.255]       <<< RX chan1 92B: 80000058830701b18254005b14000701b18254005614010d0000000000017901...
[  16.271]       <<< RX chan1 225B: 800000dd831b0100000001faa554001b0100000001eca354001b1300000001ed...
[  16.322]       <<< RX chan1 99B: 8000005f830d0000000000017a0100003b0100009ef6ffff0d0000000000011a...
[  16.322]       <<< RX chan1 79B: 8000004b8323dc6e59000d0000000000017b0100003b0100009af6ffff0d0000...
[  16.322]       <<< RX chan1 74B: 80000046830d0000000000017b0100003b01000096f6ffff0d00000000000117...
[  16.372]       <<< RX chan1 80B: 8000004c830d0000000000017c0100003b01000092f6ffff0d00000000010d00...
[  16.372]       <<< RX chan1 74B: 80000046830d0000000000017c0100003c0100008ef6ffff0d00000000030d00...
[  16.372]       <<< RX chan1 102B: 80000062830701b18254005a14000000000000000000000000000000001b0100...
[  16.422]       <<< RX chan1 74B: 80000046830d0000000000017e0100003c01000086f6ffff0d00000000000111...
[  16.422]       <<< RX chan1 130B: 8000007e830d0000000000017e0100003c01000082f6ffff0d00000000030d00...
[  16.422]       <<< RX chan1 130B: 8000007e830d0000000000017f0100003d0100007ef6ffff0d0000000000010d...
[  16.473]       <<< RX chan1 80B: 8000004c830d000000000001800100003d0100007af6ffff0d0000000000010c...
[  16.473]       <<< RX chan1 68B: 80000040830d000000000001800100003d01000076f6ffff0d0000000000010a...
[  16.473]       <<< RX chan1 99B: 8000005f830d000000000001810100003e01000072f6ffff0d00000000000108...
[  16.473]       <<< RX chan1 74B: 80000046830d000000000001820100003e0100006ef6ffff0d00000000000107...
[  16.523]       <<< RX chan1 68B: 80000040830d000000000001820100003e0100006af6ffff0d00000000000105...
[  16.523]       <<< RX chan1 74B: 80000046830d000000000001830100003e01000066f6ffff0d00000000000103...
[  16.574]       <<< RX chan1 90B: 80000056831b01000000042993ff490d000000000001830100003f01000062f6...
[  16.574]       <<< RX chan1 68B: 80000040830d000000000001840100003f0100005ef6ffff0d00000000000100...
[  16.574]       <<< RX chan1 80B: 8000004c830d000000000001850100003f0100005af6ffff0d000000000001fe...
[  16.574]       <<< RX chan1 105B: 80000065830d000000000001850100003f01000056f6ffff0d00000000030d00...
[  16.624]       <<< RX chan1 115B: 8000006f831b010000000109a654000d000000000001860100004001000052f6...
[  16.624]       <<< RX chan1 74B: 80000046830d00000000000187010000400100004ef6ffff0d000000000001f9...
[  16.624]       <<< RX chan1 74B: 80000046830d00000000000187010000400100004af6ffff0d000000000001f8...
[  16.675]       <<< RX chan1 74B: 80000046830d000000000001880100004001000046f6ffff0d00000000010d00...
[  16.675]       <<< RX chan1 68B: 80000040830d000000000001890100004101000042f6ffff0d000000000001f5...
[  16.675]       <<< RX chan1 68B: 80000040830d00000000000189010000410100003ef6ffff0d000000000001f3...
[quic] DATAGRAM 32B: 031d00830510dafd740100000000dafd74010000000000000000010000000000
[  16.725]       <<< RX chan1 68B: 80000040830d0000000000018a010000410100003af6ffff0d000000000001f1...
[  16.725]       <<< RX chan1 136B: 80000084831b0100000004cb0849721b0400000001c8a4540001c9a4540001ca...
[  16.725]       <<< RX chan1 11B: 800000078323486f590000
[  16.775]       <<< RX chan1 115B: 8000006f831b01000000042ef15b190d0000000000018c010000420100002ef6...
[  16.776]       <<< RX chan1 86B: 80000052830d0000000000018c010000420100002af6ffff0d00000000030d00...
[  16.776]       <<< RX chan1 105B: 80000065830d0000000000018d0100004201000026f6ffff0d00000000010d00...
[  16.826]       <<< RX chan1 105B: 80000065830d0000000000018e0100004301000022f6ffff0d000000000001e7...
[  16.826]       <<< RX chan1 80B: 8000004c830d0000000000018e010000430100001ef6ffff0d000000000001e6...
[  16.826]       <<< RX chan1 130B: 8000007e8302043b3144255a01ff00000000006ed9d740051224417474726962...
[  16.876]       <<< RX chan1 86B: 80000052830d000000000001900100004301000016f6ffff0d00000000010d00...
[  16.876]       <<< RX chan1 74B: 80000046830d000000000001900100004401000012f6ffff0d000000000001e1...
[  16.876]       <<< RX chan1 74B: 80000046830d00000000000191010000440100000ef6ffff0d000000000001df...
[  16.927]       <<< RX chan1 84B: 80000050831b010000000111a654000d00000000000191010000440100000af6...
[  16.927]       <<< RX chan1 80B: 8000004c830d000000000001920100004401000006f6ffff0d000000000001dc...
[  16.927]       <<< RX chan1 74B: 80000046830d000000000001930100004501000002f6ffff0d000000000001da...
[  16.977]       <<< RX chan1 80B: 8000004c830d0000000000019301000045010000fef5ffff0d00000000030d00...
[  16.977]       <<< RX chan1 74B: 80000046830d0000000000019401000045010000faf5ffff0d000000000001d7...
[  16.977]       <<< RX chan1 80B: 8000004c830d0000000000019501000045010000f6f5ffff0d000000000001d5...
[  17.028]       <<< RX chan1 74B: 80000046830d0000000000019501000045010000f2f5ffff0d00000000010d00...
[  17.028]       <<< RX chan1 68B: 80000040830d0000000000019601000046010000eef5ffff0d000000000001d2...
[  17.028]       <<< RX chan1 99B: 8000005f830d0000000000019701000046010000eaf5ffff0d000000000001d0...
[  17.078]       <<< RX chan1 99B: 8000005f830d0000000000019701000046010000e6f5ffff0d000000000001cf...
[  17.078]       <<< RX chan1 74B: 80000046830d0000000000019801000046010000e2f5ffff0d00000000010d00...
[  17.078]       <<< RX chan1 115B: 8000006f831b0100000004a2efda740d0000000000019801000047010000def5...
[  17.129]   DUMMY -> send ping 77B
[  17.129]   DUMMY -> send sync 24B
[  17.129]       <<< RX chan1 74B: 80000046830d0000000000019901000047010000daf5ffff0d000000000001ca...
[  17.129]       <<< RX chan1 90B: 80000056831b01000000045edf90110d0000000000019a01000047010000d6f5...
[  17.129]       <<< RX chan1 368B: 8000016c831b0200000001cca5540001cda55400030160945400a12701015f94...
[  17.180]       <<< RX chan1 74B: 80000046830d0000000000019b01000048010000cef5ffff0d000000000001c5...
[  17.180]       <<< RX chan1 84B: 80000050831b01000000011da654000d0000000000019c01000048010000caf5...
[  17.180]       <<< RX chan1 1154B: 800077dd83030184a35400a12701013ca1540002012aa654002902ffff0185a3...
[  17.180]       <<< RX chan1 1154B: 86923e599001147858ce0a110b7728d2edfd1043e997a589f59a65b362dbb059...
[  17.180]       <<< RX chan1 1154B: 457a75b803fbcc2d016f7a79ca49d9215f4b48292b85ee5cc607f0a6931e000d...
[  17.180]       <<< RX chan1 1154B: 3013ac945d6b5bcb62b56c4f39c753cb03d8289171b4e84282ed7cee22807de6...
[  17.180]       <<< RX chan1 1154B: ab9bd25b968d4dfbb696b5b261d9d6a0d66b5b367b7d73cb6ab3daabd5e9749f...
[  17.180]       <<< RX chan1 1154B: 5eabce9148cc23a26eac534346aa53a3d3f8c9d18cbc6c7ff11151ffa1a2d197...
[  17.180]       <<< RX chan1 1154B: c5875282c7273174d4db0894dbf3a2ec26131ae2ae2b492fe381850d85f6c97a...
[  17.180]       <<< RX chan1 1154B: 9352960e20fd34716cc8cf3d4bded188af24df263ef04531e052aeae617a219a...
[  17.180]       <<< RX chan1 1154B: 65d0c94b6a66c8517e642a446064f94a804759a62e7990a9da2a53b331e46962...
[  17.180]       <<< RX chan1 1154B: d09d494db99df28c686e944ddebe5e8d087f10963ffa431304a82a8eb1031352...
[  17.180]       <<< RX chan1 1154B: 62e934509656bcaafd9115597af055999c624a1b4ca80910b5d204ec1c455a4b...
[  17.180]       <<< RX chan1 1154B: b5c54566cdaeb161dbd4088c0da056abd1e9159395744a0a0afa14853a3da349...
[  17.180]       <<< RX chan1 1154B: 2e5ef13da0d578c1783e01acd15a3aae7e032379409a7ef401393b5d0685d386...
[  17.180]       <<< RX chan1 1154B: e8cac43e2d644da0e712c35186ca096a26cfb93fb226882c6db440cfb860e217...
[  17.180]       <<< RX chan1 1154B: 7629dc53afc34f5286e11b376772578d31fb2382a0df2fd9b34de52859c66253...
[  17.180]       <<< RX chan1 1154B: c688646230f9d51c10b7ab702a5fc7f487a49c2690bb1ae6cc47eec17da08f36...
[quic] DATAGRAM 32B: 031e00830510dcff740100000000ddff74010000000000000000010000000000
[  17.230]       <<< RX chan1 1154B: 690a2a4a4097758d4d9ea3d304d2d4a2575756564a4e514c484848ceaaacb131...
[  17.230]       <<< RX chan1 1154B: 2cb27abe25c0df140bfc189971a25936cf684830eb75df484f423ecd1f269fa7...
[  17.231]       <<< RX chan1 1154B: 90491eed688a396404bff6d34f1a1a39d28d94f8288f233ea2a86e9fab434f88...
[  17.231]       <<< RX chan1 1154B: 9d6755e9e7d9cd272842ea99be96a33030f944d52363b07498fd416fed7fe431...
[  17.231]       <<< RX chan1 1154B: df848731ffb4f7e3c03da99704eeef08b4bce5c5d2cc634e675e327fd5970442...
[  17.231]       <<< RX chan1 1154B: 65f5b81f7147ea97f6719f97e7b593cff21b4de5b1f929efa5dfcdd36d9c61b8...
[  17.231]       <<< RX chan1 1154B: 78353236bfefd4fad80145e8ff059c007bf72c3c81868d1cf92c3c619dc2e819...
[  17.231]       <<< RX chan1 1154B: 19a9fb67d547bf21d0cfc1654cba7ff903c41b3fe873fd5afd9c6fec0bed4117...
[  17.231]       <<< RX chan1 1154B: 05db3de3bb283fc5fdc3cfb89bb53e68ae5db51718538b0fa46fa43993efe5b9...
[  17.231]       <<< RX chan1 1154B: 0499233d2b3b8cfa651b966d5152ae92280e5b0087fe13d002a8d07c00743504...
[  17.231]       <<< RX chan1 685B: b2731a641e5cbda52ef4c331754e7f2edb0f63fe6b1030ac79f216893ebcd8bf...
[  17.231]       <<< RX chan1 11B: 800000078323b46f590000
[  17.231]       <<< RX chan1 208B: 800000cc830701749454005b14000701749454005614010701749454005b1400...
[  17.231]       <<< RX chan1 80B: 8000004c830d0000000000019e01000048010000bef5ffff0d00000000010d00...
[  17.231]       <<< RX chan1 113B: 8000006d830701749454005b14000701749454005614010d0000000000019e01...
[  17.251]   DUMMY <<< RX app=6 chan=1 81B: 8000004d0858fbbded5ddc184000000001505050505050505050505050505050...
[  17.251]       <<< RX chan1 80B: 8000004c830d0000000000019f01000049010000b6f5ffff0d000000000001bb...
[  17.266]       <<< RX chan1 105B: 80000065830d0000000000019f01000049010000b2f5ffff0d00000000030d00...
[  17.317]       <<< RX chan1 134B: 80000082830701b28254005b14000701b28254005614010701749454005b1400...
[  17.317]       <<< RX chan1 89B: 800000558323cc6f59001b0100000004e126ae200d000000000001a10100004a...
[  17.317]       <<< RX chan1 111B: 8000006b831b0400000004e8537f630452babd15043fbaa65c042f7899280d00...
[  17.367]       <<< RX chan1 86B: 80000052830701b28254005b14000701b28254005614010d000000000001a201...
[  17.367]       <<< RX chan1 68B: 80000040830d000000000001a30100004a0100009ef5ffff0d000000000001b1...
[  17.367]       <<< RX chan1 105B: 80000065830d000000000001a30100004a0100009af5ffff0d00000000010d00...
[  17.418]       <<< RX chan1 92B: 80000058830701b28254005b14000701b28254005614010d000000000001a401...
[  17.418]       <<< RX chan1 74B: 80000046830d000000000001a50100004b01000092f5ffff0d000000000001ac...
[  17.418]       <<< RX chan1 114B: 8000006e831b010000000123a654001b0500000004e746e94f04b2dbb04604e4...
[  17.468]       <<< RX chan1 92B: 80000058830701749454005b14000701749454005614010d000000000001a601...
[  17.468]       <<< RX chan1 99B: 8000005f830d000000000001a60100004b01000086f5ffff0d00000000030d00...
[  17.468]       <<< RX chan1 109B: 80000069831b01000000049ea305690d000000000001a70100004c01000082f5...
[  17.519]       <<< RX chan1 92B: 80000058830701749454005b14000701749454005614010d000000000001a801...
[  17.519]       <<< RX chan1 122B: 80000076830701b18254005b14000701b18254005614010701b28254005b1400...
[  17.519]       <<< RX chan1 98B: 8000005e830701b18254005b14000701b18254005614010d000000000001a901...
[  17.569]       <<< RX chan1 110B: 8000006a830701b28254005b14000701b28254005614010701b18254005b1400...
[  17.569]       <<< RX chan1 123B: 80000077830701b18254005b14000701b18254005614010d000000000001aa01...
[  17.569]       <<< RX chan1 80B: 8000004c830d000000000001ab0100004d0100006af5ffff0d0000000000019c...
[  17.620]       <<< RX chan1 80B: 8000004c830d000000000001ab0100004d01000066f5ffff0d00000000030d00...
[  17.620]       <<< RX chan1 123B: 80000077830701b28254005b14000701b28254005614010d000000000001ac01...
[  17.620]       <<< RX chan1 74B: 80000046830d000000000001ad0100004e0100005ef5ffff0d00000000000197...
[  17.670]       <<< RX chan1 90B: 80000056831b010000000135a654000d000000000001ad0100004e0100005af5...
[  17.670]       <<< RX chan1 68B: 80000040830d000000000001ae0100004e01000056f5ffff0d00000000000194...
[  17.670]       <<< RX chan1 68B: 80000040830d000000000001af0100004e01000052f5ffff0d00000000000192...
[  17.721]       <<< RX chan1 115B: 8000006f831b01000000042b476f4f0d000000000001af0100004e0100004ef5...
[  17.721]       <<< RX chan1 74B: 80000046830d000000000001b00100004f0100004af5ffff0d0000000000018f...
[  17.721]       <<< RX chan1 92B: 80000058830701b18254005b14000701b18254005614010d000000000001b101...
[quic] DATAGRAM 32B: 031f00830510e201750100000000e20175010000000000000000010000000000
[  17.771]       <<< RX chan1 68B: 80000040830d000000000001b10100004f01000042f5ffff0d0000000000018b...
[  17.771]       <<< RX chan1 228B: 800000e0830701b18254005a14000000000000000000000000000000000204e4...
[  17.771]       <<< RX chan1 111B: 8000006b830d000000000001b20100004f0100003af5ffff0d00000000030d00...
[  17.822]       <<< RX chan1 80B: 8000004c830d000000000001b30100005001000035f5ffff0d00000000020d00...
[  17.822]       <<< RX chan1 86B: 80000052830d000000000001b40100005001000031f5ffff0d00000000020d00...
[  17.822]       <<< RX chan1 117B: 80000071830701769454005b14000701769454005614010d000000000001b401...
[  17.872]       <<< RX chan1 133B: 80000081830701769454005b14000701769454005614011b01000000013ca654...
[  17.872]       <<< RX chan1 133B: 80000081830701769454005b14000701769454005614011b0100000004bc849a...
[  17.872]       <<< RX chan1 141B: 80000089830701b18254005a1400000000000000000000000000000000070176...
[  17.923]       <<< RX chan1 111B: 8000006b830d000000000001b7010000510100001df5ffff0d00000000020d00...
[  17.923]       <<< RX chan1 80B: 8000004c830d000000000001b80100005101000019f5ffff0d00000000020d00...
[  17.923]       <<< RX chan1 104B: 80000064830701769454005b14000701769454005614010d000000000001b801...
[  17.973]       <<< RX chan1 135B: 80000083830701769454005a14000000000000000000000000000000000d0000...
[  17.973]       <<< RX chan1 155B: 80000097830d000000000001b9010000510100000df5ffff0d00000000030d00...
[  17.973]       <<< RX chan1 80B: 8000004c830d000000000001ba0100005201000009f5ffff0d00000000020d00...
[  18.024]       <<< RX chan1 74B: 80000046830d000000000001bb0100005201000005f5ffff0d00000000020d00...
[  18.024]       <<< RX chan1 99B: 8000005f830d000000000001bb0100005201000001f5ffff0d00000000030d00...
[  18.024]       <<< RX chan1 109B: 80000069831b01000000013fa654000d000000000001bd01000052010000f9f4...
[  18.024]       <<< RX chan1 53B: 80000031830701769454005b14000701769454005614010701769454005a1400...
[  18.074]       <<< RX chan1 98B: 8000005e830701769454005b14000701769454005614010d000000000001bd01...
[  18.074]       <<< RX chan1 104B: 80000064830701769454005a14000000000000000000000000000000000d0000...
[  18.074]       <<< RX chan1 104B: 80000064830701769454005a14000000000000000000000000000000000d0000...
[  18.125]   DUMMY -> send ping 77B
[  18.125]       <<< RX chan1 139B: 80000087830701769454005b14000701769454005614011b0100000004fe9279...
[  18.125]       <<< RX chan1 104B: 80000064830701769454005a14000000000000000000000000000000000d0000...
[  18.125]       <<< RX chan1 161B: 8000009d830d000000000001c001000053010000e1f4ffff0d00000000030d00...
[  18.176]       <<< RX chan1 74B: 80000046830d000000000001c101000054010000ddf4ffff0d00000000020d00...
[  18.176]       <<< RX chan1 74B: 80000046830d000000000001c201000054010000d9f4ffff0d00000000020d00...
[  18.176]       <<< RX chan1 115B: 8000006f831b010000000145a654000d000000000001c201000054010000d5f4...
[  18.226]       <<< RX chan1 74B: 80000046830d000000000001c301000054010000d1f4ffff0d00000000020d00...
[  18.226]       <<< RX chan1 150B: 80000092831b02000000049cb31752048e3b6f361b020000000470b4276504ae...
[  18.226]       <<< RX chan1 99B: 8000005f830d000000000001c401000054010000c9f4ffff0d00000000010d00...
[  18.247]   DUMMY <<< RX app=6 chan=1 81B: 8000004d0858fbbded5ddc184000000001505050505050505050505050505050...
[  18.247]       <<< RX chan1 183B: 800000b3830701769454005a1400000000000000000000000000000000070176...
[quic] DATAGRAM 32B: 032000830510e603750100000000e60375010000000000000000010000000000
[  18.263]       <<< RX chan1 123B: 80000077831b01000000045d0a46060d000000000001c601000055010000c1f4...
[  18.313]       <<< RX chan1 105B: 80000065830d000000000001c601000055010000bdf4ffff0d00000000000155...
[  18.313]       <<< RX chan1 176B: 800000ac8323bc7059000701769454005a140000000000000000000000000000...
[  18.313]       <<< RX chan1 111B: 8000006b830d000000000001c701000055010000b5f4ffff0d00000000030d00...
[  18.364]       <<< RX chan1 84B: 80000050831b01000000014aa654000d000000000001c801000055010000b1f4...
[  18.364]       <<< RX chan1 98B: 8000005e830701769454005a14000000000000000000000000000000000d0000...
[  18.364]       <<< RX chan1 129B: 8000007d830701769454005a14000000000000000000000000000000000d0000...
[  18.414]       <<< RX chan1 68B: 80000040830d000000000001ca01000056010000a5f4ffff0d0000000000014b...
[  18.414]       <<< RX chan1 144B: 8000008c83020155a65400cb00ff000024744901000040410480cf28c30010e6...
[  18.414]       <<< RX chan1 80B: 8000004c830d000000000001cb010000560100009df4ffff0d00000000010d00...
[  18.464]       <<< RX chan1 80B: 8000004c830d000000000001cc0100005601000099f4ffff0d00000000010d00...
[  18.465]       <<< RX chan1 98B: 8000005e830701769454005a14000000000000000000000000000000000d0000...
[  18.465]       <<< RX chan1 114B: 8000006e830701769454005a14000000000000000000000000000000001b0100...
[  18.515]       <<< RX chan1 92B: 80000058830701769454005a14000000000000000000000000000000000d0000...
[  18.515]       <<< RX chan1 104B: 80000064830701769454005a14000000000000000000000000000000000d0000...
[  18.515]       <<< RX chan1 92B: 80000058830701769454005a14000000000000000000000000000000000d0000...
[  18.565]       <<< RX chan1 129B: 8000007d830701b28254005b14000701b28254005614010d000000000001d001...
[  18.566]       <<< RX chan1 128B: 8000007c830701769454005a1400000000000000000000000000000000070176...
[  18.566]       <<< RX chan1 80B: 8000004c830d000000000001d10100005801000079f4ffff0d00000000000139...
[  18.616]       <<< RX chan1 109B: 80000069831b01000000014ca654000d000000000001d20100005801000075f4...
[  18.616]       <<< RX chan1 92B: 80000058830701b28254005b14000701b28254005614010d000000000001d201...
[  18.616]       <<< RX chan1 74B: 80000046830d000000000001d3010000580100006df4ffff0d00000000000134...
[  18.666]       <<< RX chan1 86B: 80000052830d000000000001d40100005801000069f4ffff0d00000000010d00...
[  18.666]       <<< RX chan1 123B: 80000077830701b28254005b14000701b28254005614010d000000000001d401...
[  18.666]       <<< RX chan1 74B: 80000046830d000000000001d50100005901000061f4ffff0d0000000000012f...
[  18.717]       <<< RX chan1 110B: 8000006a830204fd0a2d685b01000169d25300ff050763726561746f72ff0113...
[  18.717]       <<< RX chan1 108B: 80000068830701769454005a14000000000000000000000000000000001b0100...
[  18.717]       <<< RX chan1 92B: 80000058830701b18254005a14000000000000000000000000000000000d0000...
[  18.767]       <<< RX chan1 92B: 80000058830701b28254005b14000701b28254005614010d000000000001d701...
[  18.767]       <<< RX chan1 128B: 8000007c830701b28254005b14000701b28254005614010701769454005a1400...
[  18.767]       <<< RX chan1 152B: 80000094830701769454005a14000000000000000000000000000000000701b1...
[quic] DATAGRAM 32B: 032100830510ea05750100000000ea0575010000000000000000010000000000
[  18.818]       <<< RX chan1 101B: 80000061830d000000000001d90100005a01000045f4ffff0d00000000000124...
[  18.818]       <<< RX chan1 86B: 80000052830701b28254005b14000701b28254005614010d000000000001da01...
[  18.818]       <<< RX chan1 80B: 8000004c830d000000000001da0100005a0100003df4ffff0d00000000030d00...
[  18.868]       <<< RX chan1 68B: 80000040830d000000000001db0100005a01000039f4ffff0d0000000000011f...
[  18.868]       <<< RX chan1 74B: 80000046830d000000000001dc0100005a01000035f4ffff0d0000000000011d...
[  18.868]       <<< RX chan1 136B: 80000084830d000000000001dc0100005a01000031f4ffff0d00000000030d00...
[  18.918]       <<< RX chan1 74B: 80000046830d000000000001dd0100005b0100002df4ffff0d0000000000011a...
[  18.918]       <<< RX chan1 68B: 80000040830d000000000001de0100005b01000029f4ffff0d00000000000118...
[  18.918]       <<< RX chan1 155B: 80000097830d000000000001de0100005b01000025f4ffff0d00000000030d00...
[  18.969]       <<< RX chan1 116B: 80000070830701b18254005b14000701b18254005614010701b18254005a1400...
[  18.969]       <<< RX chan1 80B: 8000004c830d000000000001e00100005b0100001df4ffff0d00000000000113...
[  18.969]       <<< RX chan1 98B: 8000005e830701b18254005a14000000000000000000000000000000000d0000...
[  19.019]       <<< RX chan1 86B: 80000052830d000000000001e10100005b01000015f4ffff0d00000000010d00...
[  19.019]       <<< RX chan1 105B: 80000065830d000000000001e10100005b01000011f4ffff0d00000000030d00...
[  19.019]       <<< RX chan1 80B: 8000004c830d000000000001e20100005c0100000df4ffff0d0000000000010d...
[  19.070]       <<< RX chan1 111B: 8000006b830d000000000001e30100005c01000005f4ffff0d00000000030d00...
[  19.070]       <<< RX chan1 11B: 8000000783237471590000
[  19.070]       <<< RX chan1 105B: 80000065830d000000000001e50100005c010000fdf3ffff0d00000000000106...
[  19.120]   DUMMY -> send ping 77B
[  19.120]       <<< RX chan1 11B: 8000000783237c71590000
[  19.120]       <<< RX chan1 86B: 80000052830d000000000001e60100005c010000f5f3ffff0d00000000010d00...
[  19.120]       <<< RX chan1 11B: 8000000783238471590000
[  19.170]       <<< RX chan1 1154B: 8000050f83020180a754007701ff00cc1402000b4868747470733a2f2f617069...
[  19.170]       <<< RX chan1 145B: 6442696e64696e67ff0197a7540002019da754001301ff070e4162696c697479...
[  19.170]       <<< RX chan1 1154B: 80000525830201a1a754001501ff069b081a134d6963726f47616d6570616442...
[  19.170]       <<< RX chan1 167B: 000201c4a754001501ff06f5071a0e47616d6570616442696e64696e67ff01c2...
[  19.170]       <<< RX chan1 979B: 8000050f830201c9a754001501ff1a0c546f75636842696e64696e67ff01c6a7...
[  19.170]       <<< RX chan1 320B: 696e67ff01e1a754000201e3a754001501ff068a081a0c546f75636842696e64...
[  19.170]       <<< RX chan1 826B: 80000518830201eba754001301ff0203070c43616d657261416374696f6e0b02...
[  19.170]       <<< RX chan1 482B: 61726442696e64696e67ff0102a85400020104a854001501ff1a0d427574746f...
[  19.170]       <<< RX chan1 715B: 800002c783020113a854001501ff1a0d427574746f6e42696e64696e67ff0111...
[  19.170]       <<< RX chan1 11B: 8000000783238c71590000
[  19.170]       <<< RX chan1 68B: 80000040830d000000000001e80100005d010000e9f3ffff0d000000000001fe...
[  19.220]       <<< RX chan1 344B: 80000154830701902300002f09f49687d520f2dbb3c855010701902300002f09...
[  19.220]       <<< RX chan1 118B: 80000072830d000000000001e90100005d010000e1f3ffff0d000000000001fb...
[  19.220]       <<< RX chan1 80B: 8000004c830d000000000001ea0100005d010000ddf3ffff0d000000000001f9...
[  19.238]   DUMMY <<< RX app=6 chan=1 81B: 8000004d0858fbbded5ddc184000000001505050505050505050505050505050...
[  19.238]       <<< RX chan1 93B: 80000059830d000000000001ea0100005d010000d9f3ffff0d00000000030d00...
[  19.254]       <<< RX chan1 124B: 80000078830d000000000001eb0100005d010000d5f3ffff0d00000000010d00...
[quic] DATAGRAM 32B: 032200830510de07750100000000de0775010000000000000000010000000000
[  19.304]       <<< RX chan1 80B: 8000004c830d000000000001ec0100005d010000d1f3ffff0d00000000010d00...
[  19.304]       <<< RX chan1 126B: 8000007a830d000000000001ec0100005e010000cdf3ffff0d000000000001f2...
[  19.304]       <<< RX chan1 73B: 800000458323ac7159000d000000000001ed0100005e010000c9f3ffff0d0000...
[  19.354]       <<< RX chan1 109B: 80000069831b010000000447b68c2f0d000000000001ee0100005e010000c5f3...
[  19.354]       <<< RX chan1 99B: 8000005f830d000000000001ee0100005e010000c1f3ffff0d000000000001ed...
[  19.354]       <<< RX chan1 68B: 80000040830d000000000001ef0100005e010000bdf3ffff0d000000000001ec...
[  19.405]       <<< RX chan1 99B: 8000005f830d000000000001ef0100005e010000b9f3ffff0d00000000030d00...
[  19.405]       <<< RX chan1 99B: 8000005f830d000000000001f00100005e010000b5f3ffff0d000000000001e8...
[  19.405]       <<< RX chan1 99B: 8000005f830d000000000001f10100005e010000b1f3ffff0d00000000010d00...
[  19.455]       <<< RX chan1 150B: 80000092831b02000000047d7e6a7b0438bdf32e1b0200000004a003045604f4...
[  19.455]       <<< RX chan1 118B: 80000072830d000000000001f30100005f010000a5f3ffff0d000000000001e2...
[  19.455]       <<< RX chan1 11B: 800000078323d471590000
[  19.505]       <<< RX chan1 74B: 80000046830d000000000001f30100005f010000a1f3ffff0d000000000001e0...
[  19.506]       <<< RX chan1 396B: 80000188830701a56500006411011f010a343338343135353036361f07045374...
[  19.506]       <<< RX chan1 87B: 80000053830d000000000001f50100005f01000099f3ffff0d000000000001dd...
[  19.556]       <<< RX chan1 208B: 800000cc831b1b000000049c4ff73e045c37264204f9eb3b0e047dfb24130147...
[  19.556]       <<< RX chan1 93B: 80000059830d000000000001f60100005f01000091f3ffff0d000000000001da...
[  19.556]       <<< RX chan1 99B: 8000005f830d000000000001f60100005f0100008df3ffff0d00000000030d00...
[  19.606]       <<< RX chan1 86B: 80000052830101557954000d000000000001f70100005f01000089f3ffff0d00...
[  19.606]       <<< RX chan1 80B: 8000004c830d000000000001f80100006001000085f3ffff0d000000000001d5...
[  19.606]       <<< RX chan1 111B: 8000006b830d000000000001f80100006001000081f3ffff0d00000000030d00...
[  19.657]       <<< RX chan1 80B: 8000004c830d000000000001f9010000600100007df3ffff0d000000000001d1...
[  19.657]       <<< RX chan1 74B: 80000046830d000000000001fa0100006001000079f3ffff0d000000000001d0...
[  19.657]       <<< RX chan1 68B: 80000040830d000000000001fa0100006001000075f3ffff0d000000000001ce...
[  19.707]       <<< RX chan1 109B: 80000069831b0100000004e842b6480d000000000001fb0100006001000071f3...
[  19.707]       <<< RX chan1 1154B: 8000055b831b010000000182a7540002019baa54005700ff080eff0180a75400...
[  19.707]       <<< RX chan1 221B: 00803f0000803f28cdcc4c3e32003526b651230a784a3bb016ac233600000040...
[  19.707]       <<< RX chan1 1154B: 8000053a830201a9aa54006301ff000001000a000c806be1c1aa00c7404df65f...
[  19.707]       <<< RX chan1 188B: 00db420b000f114e6f72746853686f724c696e656d61696e1334ff010e000000...
[  19.707]       <<< RX chan1 958B: 8000051a8302011aa954001c00ff0001e80310010000803f00000000815c5641...
[  19.707]       <<< RX chan1 352B: 7e71bf534ff146dee4e3ff03020d1152756e416e696d6174652e436c69656e74...
[  19.707]       <<< RX chan1 794B: 8000052883020176aa54001100ff00011b726278617373657469643a2f2f3831...
[  19.707]       <<< RX chan1 530B: 303737373734353105840902ff010ba95400020103a954005a01ff0000000000...
[  19.707]       <<< RX chan1 1154B: 8000052283020112a95400f701ff05037369740902ff01d9a854000201f1a854...
[  19.707]       <<< RX chan1 164B: 626c6f782e636f6d2f61737365742f3f69643d36353939323637393931060550...
[  19.707]       <<< RX chan1 982B: 8000053b830201e8aa5400df00ff0000ff0178a85400070180a75400ba0f1112...
[  19.707]       <<< RX chan1 361B: 685265717565737454696d652c60146c6f616443686172616374657253746172...
[  19.707]       <<< RX chan1 308B: 8000013083020118ab54005a01ff0000000000c00fd740051f24417474726962...
[  19.707]       <<< RX chan1 74B: 80000046830d0000000000012ffcffff72010000affcffff0d000000000001fd...
[  19.707]       <<< RX chan1 11B: 8000000783231472590000
[  19.757]       <<< RX chan1 234B: 800000e683030192aa5400d40e017748656c6c6f5e333537363638363434365e...
[  19.758]       <<< RX chan1 105B: 80000065830d000000000001fe010000610100005df3ffff0d000000000001c4...
[quic] DATAGRAM 32B: 032300830510d309750100000000d40975010000000000000000010000000000
[  19.808]       <<< RX chan1 80B: 8000004c830d000000000001ff0100006101000059f3ffff0d000000000001c3...
[  19.808]       <<< RX chan1 132B: 80000080830d000000000001ff0100006101000055f3ffff0d00000000030d00...
[  19.808]       <<< RX chan1 74B: 80000046830d000000000001000200006101000051f3ffff0d000000000001bf...
[  19.858]       <<< RX chan1 74B: 80000046830d00000000000101020000610100004df3ffff0d000000000001be...
[  19.858]       <<< RX chan1 68B: 80000040830d000000000001010200006101000049f3ffff0d000000000001bc...
[  19.858]       <<< RX chan1 127B: 8000007b830701b28254005b14000701b28254005614011b01000000045ad58b...
[  19.909]       <<< RX chan1 74B: 80000046830d000000000001030200006101000041f3ffff0d000000000001b9...
[  19.909]       <<< RX chan1 80B: 8000004c830d00000000000103020000610100003df3ffff0d000000000001b7...
[  19.909]       <<< RX chan1 86B: 80000052830d000000000001040200006101000039f3ffff0d00000000010d00...
[  19.909]       <<< RX chan1 130B: 8000007e830d000000000001040200006101000035f3ffff0d00000000030d00...
[  19.959]       <<< RX chan1 74B: 80000046830d000000000001050200006201000031f3ffff0d000000000001b2...
[  19.959]       <<< RX chan1 80B: 8000004c830d00000000000106020000620100002df3ffff0d000000000001b0...
[  19.959]       <<< RX chan1 74B: 80000046830d000000000001060200006201000029f3ffff0d00000000030d00...
[  20.009]       <<< RX chan1 68B: 80000040830d000000000001070200006201000025f3ffff0d000000000001ad...
[  20.010]       <<< RX chan1 92B: 80000058830701b28254005a14000000000000000000000000000000000d0000...
[  20.010]       <<< RX chan1 68B: 80000040830d00000000000108020000620100001df3ffff0d000000000001aa...
[  20.060]       <<< RX chan1 74B: 80000046830d000000000001090200006201000019f3ffff0d000000000001a8...
[  20.060]       <<< RX chan1 86B: 80000052830701b18254005b14000701b18254005614010d0000000000010a02...
[  20.060]       <<< RX chan1 108B: 80000068830701b28254005b14000701b28254005614011b01000000048fe5ef...
[  20.110]   DUMMY -> send ping 77B
[  20.110]       <<< RX chan1 105B: 80000065830d0000000000010b020000620100000df3ffff0d000000000001a3...
[  20.110]       <<< RX chan1 154B: 80000096830701b18254005b14000701b18254005614010d0000000000010b02...
[  20.110]       <<< RX chan1 80B: 8000004c830d0000000000010c0200006201000005f3ffff0d00000000010d00...
[  20.161]       <<< RX chan1 86B: 80000052830d0000000000010d0200006201000001f3ffff0d00000000010d00...
[  20.161]       <<< RX chan1 80B: 8000004c830d0000000000010d02000063010000fdf2ffff0d00000000030d00...
[  20.161]       <<< RX chan1 74B: 80000046830d0000000000010e02000063010000f9f2ffff0d0000000000019b...
[  20.211]       <<< RX chan1 105B: 80000065830d0000000000010f02000063010000f5f2ffff0d00000000000199...
[  20.211]       <<< RX chan1 86B: 80000052830701b28254005b14000701b28254005614010d0000000000010f02...
[  20.211]       <<< RX chan1 80B: 8000004c830d0000000000011002000063010000ecf2ffff0d00000000020d00...
[  20.236]   DUMMY <<< RX app=6 chan=1 81B: 8000004d0858fbbded5ddc184000000001505050505050505050505050505050...
[  20.236]       <<< RX chan1 99B: 8000005f830d0000000000011002000063010000e8f2ffff0d00000000030d00...
[  20.251]       <<< RX chan1 139B: 80000087830701b18254005b14000701b18254005614011b0100000004070ce2...
[quic] DATAGRAM 32B: 032400830510d60b750100000000d60b75010000000000000000010000000000
[  20.302]       <<< RX chan1 111B: 8000006b830d0000000000011202000063010000e0f2ffff0d00000000020d00...
[  20.302]       <<< RX chan1 99B: 8000005f830d0000000000011202000063010000dcf2ffff0d00000000030d00...
[  20.302]       <<< RX chan1 106B: 8000006683239c7259000d0000000000011302000063010000d8f2ffff0d0000...
[  20.352]       <<< RX chan1 80B: 8000004c830d0000000000011402000063010000d4f2ffff0d00000000020d00...
[  20.352]       <<< RX chan1 155B: 80000097830d0000000000011402000063010000d0f2ffff0d00000000030d00...
[  20.352]       <<< RX chan1 105B: 80000065830d0000000000011502000063010000ccf2ffff0d00000000010d00...
[  20.402]       <<< RX chan1 130B: 8000007e830d0000000000011602000063010000c8f2ffff0d00000000010d00...
[  20.402]       <<< RX chan1 74B: 80000046830d0000000000011602000064010000c4f2ffff0d00000000020d00...
[  20.402]       <<< RX chan1 84B: 80000050831b010000000465c0aa660d0000000000011702000064010000c0f2...
[  20.453]       <<< RX chan1 164B: 800000a0830701b18254005a14000000000000000000000000000000001b0100...
[  20.453]       <<< RX chan1 86B: 80000052830d0000000000011802000064010000b8f2ffff0d00000000020d00...
[  20.453]       <<< RX chan1 104B: 80000064830701b18254005a14000000000000000000000000000000000d0000...
[  20.503]       <<< RX chan1 368B: 8000016c831b02000000017fa554000180a554000301e87e5400a1270101dd7e...
[  20.503]       <<< RX chan1 86B: 80000052830d0000000000011a02000064010000acf2ffff0d00000000020d00...
[  20.503]       <<< RX chan1 80B: 8000004c830d0000000000011b02000064010000a8f2ffff0d00000000020d00...
[  20.553]       <<< RX chan1 105B: 80000065830d0000000000011b02000064010000a4f2ffff0d00000000020d00...
[  20.553]       <<< RX chan1 80B: 8000004c830d0000000000011c02000064010000a0f2ffff0d00000000020d00...
[  20.553]       <<< RX chan1 80B: 8000004c830d0000000000011d020000640100009cf2ffff0d00000000020d00...
[  20.604]       <<< RX chan1 104B: 80000064830701b18254005a14000000000000000000000000000000000d0000...
[  20.604]       <<< RX chan1 90B: 80000056831b01000000047c8018590d0000000000011e0200006401000094f2...
[  20.604]       <<< RX chan1 186B: 800000b6830d0000000000011e0200006401000090f2ffff0d00000000030d00...
[  20.654]       <<< RX chan1 134B: 80000082831b0600000004b4b3b70e04e6a6260b04d87d294e0476d6f43104e4...
[  20.654]       <<< RX chan1 99B: 8000005f830d000000000001200200006401000088f2ffff0d00000000010d00...
[  20.654]       <<< RX chan1 155B: 80000097830d000000000001200200006401000084f2ffff0d00000000030d00...
[  20.705]       <<< RX chan1 99B: 8000005f830d000000000001210200006401000080f2ffff0d00000000010d00...
[  20.705]       <<< RX chan1 111B: 8000006b830d00000000000122020000640100007cf2ffff0d00000000010d00...
[  20.705]       <<< RX chan1 86B: 80000052830d000000000001220200006501000078f2ffff0d00000000020d00...
[  20.755]       <<< RX chan1 80B: 8000004c830d000000000001230200006501000074f2ffff0d00000000000165...
[  20.755]       <<< RX chan1 74B: 80000046830d000000000001240200006501000070f2ffff0d00000000000163...
[  20.755]       <<< RX chan1 84B: 80000050831b01000000043db9a8710d00000000000124020000650100006cf2...
[quic] DATAGRAM 32B: 032500830510cb0d750100000000cb0d75010000000000000000010000000000
[  20.806]       <<< RX chan1 80B: 8000004c830d000000000001250200006501000068f2ffff0d00000000000160...
[  20.806]       <<< RX chan1 74B: 80000046830d000000000001250200006501000064f2ffff0d00000000030d00...
[  20.806]       <<< RX chan1 125B: 80000079830701b28254005a14000000000000000000000000000000000d0000...
[  20.856]       <<< RX chan1 68B: 80000040830d00000000000127020000650100005cf2ffff0d0000000000015b...
[  20.856]       <<< RX chan1 80B: 8000004c830d000000000001270200006501000058f2ffff0d00000000030d00...
[  20.856]       <<< RX chan1 74B: 80000046830d000000000001280200006501000054f2ffff0d00000000000158...
[  20.907]       <<< RX chan1 68B: 80000040830d000000000001290200006501000050f2ffff0d00000000000156...
[  20.907]       <<< RX chan1 105B: 80000065830d00000000000129020000650100004cf2ffff0d00000000000154...
[  20.907]       <<< RX chan1 74B: 80000046830d0000000000012a0200006501000048f2ffff0d00000000000153...
[  20.957]       <<< RX chan1 80B: 8000004c830d0000000000012b0200006501000044f2ffff0d00000000000151...
[  20.957]       <<< RX chan1 130B: 8000007e830d0000000000012b0200006501000040f2ffff0d0000000000014f...
[  20.957]       <<< RX chan1 68B: 80000040830d0000000000012c020000650100003cf2ffff0d0000000000014e...
[  20.957]       <<< RX chan1 104B: 80000064830701b18254005a14000000000000000000000000000000000d0000...
[  21.007]       <<< RX chan1 74B: 80000046830d0000000000012d0200006501000034f2ffff0d0000000000014a...
[  21.007]       <<< RX chan1 74B: 80000046830d0000000000012e0200006501000030f2ffff0d00000000000149...
[  21.058]       <<< RX chan1 130B: 8000007e831b040000000419f2735904fd68507504b903d04004e6fbf44a0d00...
[  21.058]       <<< RX chan1 74B: 80000046830d0000000000012f0200006501000028f2ffff0d00000000000146...
[  21.058]       <<< RX chan1 86B: 80000052830d000000000001300200006501000024f2ffff0d00000000010d00...
[  21.058]       <<< RX chan1 80B: 8000004c830d000000000001300200006501000020f2ffff0d00000000010d00...
[  21.108]   DUMMY -> send ping 77B
[  21.108]       <<< RX chan1 80B: 8000004c830d00000000000131020000650100001cf2ffff0d00000000010d00...
[  21.108]       <<< RX chan1 132B: 80000080830101ef6d54000301fa6c5400ec1601001b0100000001fd6c540001...
[  21.108]       <<< RX chan1 11B: 8000000783236473590000
[  21.159]       <<< RX chan1 80B: 8000004c830d000000000001330200006501000010f2ffff0d00000000010d00...
[  21.159]       <<< RX chan1 99B: 8000005f830d00000000000133020000650100000cf2ffff0d00000000030d00...
[  21.159]       <<< RX chan1 80B: 8000004c830d000000000001340200006501000008f2ffff0d00000000010d00...
[  21.209]       <<< RX chan1 80B: 8000004c830d000000000001350200006501000004f2ffff0d00000000010d00...
[  21.209]       <<< RX chan1 74B: 80000046830d000000000001350200006601000000f2ffff0d00000000030d00...
[  21.209]       <<< RX chan1 99B: 8000005f830d0000000000013602000066010000fcf1ffff0d00000000000133...
[  21.231]   DUMMY <<< RX app=6 chan=1 81B: 8000004d0858fbbded5ddc184000000001505050505050505050505050505050...
[  21.231]       <<< RX chan1 68B: 80000040830d0000000000013702000066010000f8f1ffff0d00000000000132...
[  21.247]       <<< RX chan1 80B: 8000004c830d0000000000013702000066010000f4f1ffff0d00000000000130...
[quic] DATAGRAM 32B: 032600830510bf0f750100000000bf0f75010000000000000000010000000000
[  21.297]       <<< RX chan1 105B: 80000065830d0000000000013802000066010000f0f1ffff0d0000000000012f...
[  21.297]       <<< RX chan1 74B: 80000046830d0000000000013902000066010000ecf1ffff0d0000000000012d...
[  21.297]       <<< RX chan1 112B: 8000006c83238c7359000d0000000000013902000066010000e8f1ffff0d0000...
[  21.347]       <<< RX chan1 74B: 80000046830d0000000000013a02000066010000e4f1ffff0d0000000000012a...
[  21.348]       <<< RX chan1 80B: 8000004c83010155a654000d0000000000013a02000066010000e0f1ffff0d00...
[  21.348]       <<< RX chan1 80B: 8000004c830d0000000000013b02000066010000dcf1ffff0d00000000000126...
[  21.398]       <<< RX chan1 68B: 80000040830d0000000000013c02000066010000d8f1ffff0d00000000000125...
[  21.398]       <<< RX chan1 74B: 80000046830d0000000000013c02000066010000d4f1ffff0d00000000030d00...
[  21.398]       <<< RX chan1 74B: 80000046830d0000000000013d02000066010000d0f1ffff0d00000000000121...
[  21.448]       <<< RX chan1 74B: 80000046830d0000000000013e02000066010000ccf1ffff0d00000000000120...
[  21.448]       <<< RX chan1 105B: 80000065830d0000000000013e02000066010000c8f1ffff0d0000000000011e...
[  21.448]       <<< RX chan1 74B: 80000046830d0000000000013f02000066010000c4f1ffff0d0000000000011c...
[  21.499]       <<< RX chan1 68B: 80000040830d0000000000014002000066010000c0f1ffff0d0000000000011b...
[  21.499]       <<< RX chan1 68B: 80000040830d0000000000014002000066010000bcf1ffff0d00000000000119...
[  21.499]       <<< RX chan1 74B: 80000046830d0000000000014102000066010000b8f1ffff0d00000000000118...
[  21.549]       <<< RX chan1 111B: 8000006b830d0000000000014102000066010000b4f1ffff0d00000000030d00...
[  21.549]       <<< RX chan1 74B: 80000046830d0000000000014202000066010000b0f1ffff0d00000000000114...
[  21.549]       <<< RX chan1 74B: 80000046830d0000000000014302000066010000acf1ffff0d00000000000113...
[  21.600]       <<< RX chan1 86B: 80000052830d0000000000014302000066010000a8f1ffff0d00000000030d00...
[  21.600]       <<< RX chan1 80B: 8000004c830d0000000000014402000066010000a4f1ffff0d0000000000010f...
[  21.600]       <<< RX chan1 105B: 80000065830d0000000000014502000066010000a0f1ffff0d0000000000010e...
[  21.650]       <<< RX chan1 74B: 80000046830d00000000000145020000660100009cf1ffff0d0000000000010c...
[  21.650]       <<< RX chan1 105B: 80000065830d000000000001460200006601000098f1ffff0d0000000000010a...
[  21.650]       <<< RX chan1 173B: 800000a983020489ac6c4f5a01ff0000000040a2dad740051224417474726962...
[  21.701]       <<< RX chan1 99B: 8000005f830d000000000001470200006601000090f1ffff0d00000000000107...
[  21.701]       <<< RX chan1 155B: 80000097830d00000000000148020000660100008cf1ffff0d00000000000105...
[  21.701]       <<< RX chan1 86B: 80000052830d000000000001480200006601000088f1ffff0d00000000030d00...
[  21.751]       <<< RX chan1 68B: 80000040830d000000000001490200006601000084f1ffff0d00000000000102...
[  21.751]       <<< RX chan1 74B: 80000046830d0000000000014a0200006601000080f1ffff0d00000000000100...
[  21.751]       <<< RX chan1 80B: 8000004c830d0000000000014a020000660100007cf1ffff0d00000000030d00...
[  21.802]       <<< RX chan1 80B: 8000004c830d0000000000014b0200006601000078f1ffff0d000000000001fd...
[  21.802]       <<< RX chan1 68B: 80000040830d0000000000014c0200006601000074f1ffff0d000000000001fc...
[  21.802]       <<< RX chan1 68B: 80000040830d0000000000014c0200006601000070f1ffff0d000000000001fa...
[quic] DATAGRAM 32B: 032700830510c311750100000000c31175010000000000000000010000000000
[  21.852]       <<< RX chan1 113B: 8000006d830701b28254005b14000701b28254005614010d0000000000014d02...
[  21.852]       <<< RX chan1 98B: 8000005e830701b28254005b14000701b28254005614010d0000000000014d02...
[  21.852]       <<< RX chan1 74B: 80000046830d0000000000014e0200006601000064f1ffff0d000000000001f5...
[  21.903]       <<< RX chan1 74B: 80000046830d0000000000014f0200006601000060f1ffff0d000000000001f3...
[  21.903]       <<< RX chan1 68B: 80000040830d000000000001500200006601000058f1ffff0d000000000001f0...
[  21.903]       <<< RX chan1 11B: 8000000783232074590000
[  21.953]       <<< RX chan1 99B: 8000005f830d000000000001510200006601000054f1ffff0d000000000001ee...
[  21.953]       <<< RX chan1 105B: 80000065830d000000000001510200006601000050f1ffff0d000000000001ed...
[  21.953]       <<< RX chan1 68B: 80000040830d00000000000152020000660100004cf1ffff0d000000000001eb...
[  22.003]       <<< RX chan1 74B: 80000046830d000000000001530200006601000048f1ffff0d000000000001e9...
[  22.003]       <<< RX chan1 68B: 80000040830d000000000001530200006601000044f1ffff0d000000000001e8...
[  22.003]       <<< RX chan1 98B: 8000005e830701b28254005b14000701b28254005614010d0000000000015402...
[  22.054]       <<< RX chan1 172B: 800000a8830701b28254005b14000701b28254005614010701b28254005a1400...
[  22.054]       <<< RX chan1 104B: 80000064830701b28254005a14000000000000000000000000000000000d0000...
[  22.054]       <<< RX chan1 80B: 8000004c830d000000000001560200006501000034f1ffff0d00000000010d00...
[  22.104]   DUMMY -> send ping 77B
[  22.104]   DUMMY -> send sync 24B
[  22.104]       <<< RX chan1 105B: 80000065830d000000000001560200006501000030f1ffff0d00000000030d00...
[  22.104]       <<< RX chan1 376B: 80000174830701b18254005a14000000000000000000000000000000000204b1...
[  22.104]       <<< RX chan1 856B: 8000035483020188ab54005b01000169d25300ff050763726561746f72ff0113...
[  22.155]       <<< RX chan1 86B: 80000052830d000000000001580200006501000024f1ffff0d00000000010d00...
[  22.155]       <<< RX chan1 98B: 8000005e830701b28254005b14000701b28254005614010d0000000000015902...
[  22.155]       <<< RX chan1 80B: 8000004c830d0000000000015a020000650100001cf1ffff0d000000000001d7...
[  22.205]       <<< RX chan1 105B: 80000065830d0000000000015a0200006501000018f1ffff0d000000000001d6...
[  22.205]       <<< RX chan1 74B: 80000046830d0000000000015b0200006501000014f1ffff0d000000000001d4...
[  22.205]       <<< RX chan1 110B: 8000006a830701b28254005a14000000000000000000000000000000000d0000...
[  22.228]   DUMMY <<< RX app=6 chan=1 81B: 8000004d0858fbbded5ddc184000000001505050505050505050505050505050...
[  22.228]       <<< RX chan1 104B: 80000064830701b28254005a14000000000000000000000000000000000d0000...
[  22.228]       <<< RX chan1 129B: 8000007d830701b18254005b14000701b18254005614010701c50b5400190100...
[  22.243]       <<< RX chan1 136B: 80000084830d0000000000015d0200006501000004f1ffff0d00000000030d00...
[  22.294]       <<< RX chan1 105B: 80000065830d0000000000015e0200006501000000f1ffff0d000000000001cc...
[  22.294]       <<< RX chan1 167B: 800000a38307011aa954001901000000000000000000002007011aa954001901...
[  22.294]       <<< RX chan1 79B: 8000004b83237c7459000d0000000000015f02000065010000f8f0ffff0d0000...
[quic] DATAGRAM 32B: 032800830510b813750100000000b81375010000000000000000010000000000
[  22.344]       <<< RX chan1 125B: 80000079830701b28254005a14000000000000000000000000000000000d0000...
[  22.344]       <<< RX chan1 74B: 80000046830d0000000000016102000065010000f0f0ffff0d000000000001c5...
[  22.344]       <<< RX chan1 68B: 80000040830d0000000000016102000065010000ecf0ffff0d000000000001c4...
[  22.395]       <<< RX chan1 74B: 80000046830d0000000000016202000065010000e8f0ffff0d000000000001c2...
[  22.395]       <<< RX chan1 86B: 80000052830d0000000000016202000065010000e4f0ffff0d00000000030d00...
[  22.395]       <<< RX chan1 92B: 80000058830701b18254005b14000701b18254005614010d0000000000016302...
[  22.445]       <<< RX chan1 130B: 8000007e830d0000000000016402000065010000dcf0ffff0d000000000001bd...
[  22.445]       <<< RX chan1 825B: 80000335830701b18254005b14000701b18254005614010d000000000000ff01...
[  22.445]       <<< RX chan1 200B: 800000c4830101c6ab54000201c8ab54004f010901e90c54000a012e0d5400ff...
[  22.496]       <<< RX chan1 206B: 800000ca830101c8ab54000201caab54004f010901e90c54000a012e0d5400ff...
[  22.496]       <<< RX chan1 206B: 800000ca830101caab54000201ccab54004f010901e90c54000a012e0d5400ff...
[  22.496]       <<< RX chan1 218B: 800000d6830101ccab54000201ceab54004f010901e90c54000a012e0d5400ff...
[  22.546]       <<< RX chan1 212B: 800000d0830101ceab54000201d0ab54004f010901e90c54000a012e0d5400ff...
[  22.546]       <<< RX chan1 206B: 800000ca830101d0ab54000201d2ab54004f010901e90c54000a012e0d5400ff...
[  22.546]       <<< RX chan1 206B: 800000ca830101d2ab54000201d4ab54004f010901e90c54000a012e0d5400ff...
[  22.597]       <<< RX chan1 212B: 800000d0830101d4ab54000201d6ab54004f010901e90c54000a012e0d5400ff...
[  22.597]       <<< RX chan1 212B: 800000d0830101d6ab54000201d8ab54004f010901e90c54000a012e0d5400ff...
[  22.597]       <<< RX chan1 206B: 800000ca830101d8ab54000201daab54004f010901e90c54000a012e0d5400ff...
[  22.647]       <<< RX chan1 206B: 800000ca830101daab54000201dcab54004f010901e90c54000a012e0d5400ff...
[  22.647]       <<< RX chan1 200B: 800000c4830101dcab54000201deab54004f010901e90c54000a012e0d5400ff...
[  22.647]       <<< RX chan1 206B: 800000ca830101deab54000201e0ab54004f010901e90c54000a012e0d5400ff...
[  22.698]       <<< RX chan1 242B: 800000ee830701b18254005a14000000000000000000000000000000000101e0...
[  22.698]       <<< RX chan1 305B: 8000012d830204da78ff47e201ff01012072627861737365743a2f2f736f756e...
[  22.698]       <<< RX chan1 206B: 800000ca830101ebab54000201edab54004f010901e90c54000a012e0d5400ff...
[  22.748]       <<< RX chan1 212B: 800000d0830101edab54000201efab54004f010901e90c54000a012e0d5400ff...
[  22.748]       <<< RX chan1 218B: 800000d6830101efab54000201f1ab54004f010901e90c54000a012e0d5400ff...
[  22.748]       <<< RX chan1 318B: 8000013a830101f1ab54000201f3ab54004f010901e90c54000a012e0d5400ff...
[  22.799]       <<< RX chan1 258B: 800000fe830101f3ab54000201f5ab54004f010901e90c54000a012e0d5400ff...
[  22.799]       <<< RX chan1 233B: 800000e5830101f5ab54000201f7ab54004f010901e90c54000a012e0d5400ff...
[  22.799]       <<< RX chan1 252B: 800000f8830101f7ab54000201faab54004f010901e90c54000a012e0d5400ff...
[quic] DATAGRAM 32B: 032900830510ac15750100000000ac1575010000000000000000010000000000
[  22.849]       <<< RX chan1 254B: 800000fa830101faab54000201fcab54004f010901e90c54000a012e0d5400ff...
[  22.849]       <<< RX chan1 233B: 800000e5830101fcab54000201feab54004f010901e90c54000a012e0d5400ff...
[  22.849]       <<< RX chan1 221B: 800000d9830101feab5400020100ac54004f010901e90c54000a012e0d5400ff...
[  22.900]       <<< RX chan1 196B: 800000c083010100ac5400020102ac54004f010901e90c54000a012e0d5400ff...
[  22.900]       <<< RX chan1 539B: 8000021783010102ac5400020104ac54004f010901e90c54000a012e0d5400ff...
[  22.900]       <<< RX chan1 202B: 800000c683010104ac5400020107ac54004f010901e90c54000a012e0d5400ff...
[  22.950]       <<< RX chan1 208B: 800000cc83010107ac5400020109ac54004f010901e90c54000a012e0d5400ff...
[  22.950]       <<< RX chan1 227B: 800000df83010109ac540002010bac54004f010901e90c54000a012e0d5400ff...
[  22.950]       <<< RX chan1 227B: 800000df8301010bac540002010dac54004f010901e90c54000a012e0d5400ff...
[  23.001]       <<< RX chan1 196B: 800000c08301010dac5400020111ac54004f010901e90c54000a012e0d5400ff...
[  23.001]       <<< RX chan1 221B: 800000d983010111ac5400020113ac54004f010901e90c54000a012e0d5400ff...
[  23.001]       <<< RX chan1 541B: 8000021983010113ac5400020115ac54004f010901e90c54000a012e0d5400ff...
[  23.051]       <<< RX chan1 196B: 800000c083010115ac5400020117ac54004f010901e90c54000a012e0d5400ff...
[  23.051]       <<< RX chan1 196B: 800000c083010117ac5400020119ac54004f010901e90c54000a012e0d5400ff...
[  23.051]       <<< RX chan1 221B: 800000d983010119ac540002011bac54004f010901e90c54000a012e0d5400ff...
[  23.101]       <<< RX chan1 277B: 800001118301011bac540002011dac54004f010901e90c54000a012e0d5400ff...
[  23.102]       <<< RX chan1 208B: 800000cc8301011dac540002011fac54004f010901e90c54000a012e0d5400ff...
[  23.102]       <<< RX chan1 11B: 8000000783234075590000
[  23.152]   DUMMY -> send ping 77B
[  23.152]       <<< RX chan1 367B: 8000016b8301011fac54001b010000000188ab54001b010000000189ab54001b...
[  23.152]       <<< RX chan1 202B: 800000c683010121ac5400020124ac54004f010901e90c54000a012e0d5400ff...
[  23.152]       <<< RX chan1 196B: 800000c083010124ac5400020126ac54004f010901e90c54000a012e0d5400ff...
[  23.202]       <<< RX chan1 233B: 800000e583010126ac5400020128ac54004f010901e90c54000a012e0d5400ff...
[  23.203]       <<< RX chan1 555B: 8000022783010128ac540002012aac54004f010901e90c54000a012e0d5400ff...
[  23.203]       <<< RX chan1 190B: 800000ba8301012aac540002012cac54004f010901e90c54000a012e0d5400ff...
[  23.253]       <<< RX chan1 200B: 800000c48301012cac5400020136ac54004f010901e90c54000a012e0d5400ff...
[  23.253]       <<< RX chan1 196B: 800000c083010136ac5400020139ac54004f010901e90c54000a012e0d5400ff...
[  23.253]       <<< RX chan1 208B: 800000cc83010139ac540002013bac54004f010901e90c54000a012e0d5400ff...
[  23.274]   DUMMY <<< RX app=6 chan=1 81B: 8000004d0858fbbded5ddc184000000001505050505050505050505050505050...
[  23.274]       <<< RX chan1 202B: 800000c68301013bac540002013fac54004f010901e90c54000a012e0d5400ff...
[  23.289]       <<< RX chan1 227B: 800000df8301013fac5400020141ac54004f010901e90c54000a012e0d5400ff...
[quic] DATAGRAM 32B: 032a00830510b117750100000000b11775010000000000000000010000000000
[  23.340]       <<< RX chan1 201B: 800000c583236c755900010141ac5400020143ac54004f010901e90c54000a01...
[  23.340]       <<< RX chan1 196B: 800000c083010143ac5400020145ac54004f010901e90c54000a012e0d5400ff...
[  23.340]       <<< RX chan1 248B: 800000f483010145ac5400020147ac54004f010901e90c54000a012e0d5400ff...
[  23.390]       <<< RX chan1 225B: 800000dd83010147ac54001b020000000153ab54000154ab54000301e57e5400...
[  23.390]       <<< RX chan1 226B: 800000de830701b28254005b14000701b28254005614010701b28254005b1400...
[  23.390]       <<< RX chan1 190B: 800000ba8301014bac540002014eac54004f010901e90c54000a012e0d5400ff...
[  23.440]       <<< RX chan1 196B: 800000c08301014eac5400020151ac54004f010901e90c54000a012e0d5400ff...
[  23.440]       <<< RX chan1 227B: 800000df83010151ac5400020154ac54004f010901e90c54000a012e0d5400ff...
[  23.440]       <<< RX chan1 202B: 800000c683010154ac5400020157ac54004f010901e90c54000a012e0d5400ff...
[  23.490]       <<< RX chan1 196B: 800000c083010157ac540002015aac54004f010901e90c54000a012e0d5400ff...
[  23.490]       <<< RX chan1 237B: 800000e98301015aac540002015dac54004f010901e90c54000a012e0d5400ff...
[  23.490]       <<< RX chan1 196B: 800000c08301015dac5400020160ac54004f010901e90c54000a012e0d5400ff...
[  23.541]       <<< RX chan1 241B: 800000ed83010160ac5400020163ac54004f010901e90c54000a012e0d5400ff...
[  23.541]       <<< RX chan1 248B: 800000f4830701b28254005b14000701b28254005614010701b28254005b1400...
[  23.541]       <<< RX chan1 231B: 800000e383010166ac5400020169ac54004f010901e90c54000a012e0d5400ff...
[  23.591]       <<< RX chan1 255B: 800000fb830701b28254005a1400000000000000000000000000000000010169...
[  23.591]       <<< RX chan1 255B: 800000fb830701b28254005a140000000000000000000000000000000001016e...
[  23.591]       <<< RX chan1 237B: 800000e983010171ac5400020174ac54004f010901e90c54000a012e0d5400ff...
[  23.642]       <<< RX chan1 216B: 800000d4831b0100000004da78ff47010174ac5400020177ac54004f010901e9...
[  23.642]       <<< RX chan1 256B: 800000fc831b04000000047472e178044856b33104a0584772042c0434250101...
[  23.642]       <<< RX chan1 206B: 800000ca8301017aac540002017dac54004f010901e90c54000a012e0d5400ff...
[  23.642]       <<< RX chan1 249B: 800000f5830701b28254005b14000701b282540056140101017dac5400020180...
[  23.692]       <<< RX chan1 212B: 800000d083010180ac5400020183ac54004f010901e90c54000a012e0d5400ff...
[  23.692]       <<< RX chan1 222B: 800000da83010183ac5400020186ac54004f010901e90c54000a012e0d5400ff...
[  23.692]       <<< RX chan1 206B: 800000ca83010186ac5400020189ac54004f010901e90c54000a012e0d5400ff...
[  23.743]       <<< RX chan1 200B: 800000c483010189ac540002018cac54004f010901e90c54000a012e0d5400ff...
[  23.743]       <<< RX chan1 255B: 800000fb830701b28254005a14000000000000000000000000000000001b0400...
[  23.743]       <<< RX chan1 284B: 800001188301018fac5400020193ac54004f010901e90c54000a012e0d5400ff...
[  23.793]       <<< RX chan1 218B: 800000d683010193ac5400020196ac54004f010901e90c54000a012e0d5400ff...
[  23.793]       <<< RX chan1 206B: 800000ca83010196ac5400020199ac54004f010901e90c54000a012e0d5400ff...
[  23.793]       <<< RX chan1 212B: 800000d083010199ac540002019cac54004f010901e90c54000a012e0d5400ff...
[quic] DATAGRAM 32B: 032b00830510b519750100000000b51975010000000000000000010000000000
[  23.843]       <<< RX chan1 200B: 800000c48301019cac54000201a0ac54004f010901e90c54000a012e0d5400ff...
[  23.843]       <<< RX chan1 212B: 800000d0830101a0ac54000201a3ac54004f010901e90c54000a012e0d5400ff...
[  23.843]       <<< RX chan1 257B: 800000fd830701b18254005a14000000000000000000000000000000000101a3...
[  23.894]       <<< RX chan1 210B: 800000ce830101a6ac54000201a9ac54004f010901e90c54000a012e0d5400ff...
[  23.894]       <<< RX chan1 206B: 800000ca830101a9ac54000201acac54004f010901e90c54000a012e0d5400ff...
[  23.894]       <<< RX chan1 237B: 800000e9830101acac54000201afac54004f010901e90c54000a012e0d5400ff...
[  23.944]       <<< RX chan1 293B: 80000121830101afac54000201b2ac54004f010901e90c54000a012e0d5400ff...
[  23.944]       <<< RX chan1 243B: 800000ef830101b2ac54000201b5ac54004f010901e90c54000a012e0d5400ff...
[  23.944]       <<< RX chan1 200B: 800000c4830101b5ac54000201b8ac54004f010901e90c54000a012e0d5400ff...
[  23.995]       <<< RX chan1 597B: 80000251830701b28254005a14000000000000000000000000000000000701b2...
[  23.995]       <<< RX chan1 218B: 800000d6830101bbac54000201beac54004f010901e90c54000a012e0d5400ff...
[  23.995]       <<< RX chan1 212B: 800000d0830101beac54000201c1ac54004f010901e90c54000a012e0d5400ff...
[  24.045]       <<< RX chan1 200B: 800000c4830101c1ac54000201c4ac54004f010901e90c54000a012e0d5400ff...
[  24.045]       <<< RX chan1 237B: 800000e9830101c4ac54000201c7ac54004f010901e90c54000a012e0d5400ff...
[  24.045]       <<< RX chan1 222B: 800000da830101c7ac54000201cbac54004f010901e90c54000a012e0d5400ff...
[  24.096]       <<< RX chan1 212B: 800000d0830101cbac54000201ceac54004f010901e90c54000a012e0d5400ff...
[  24.096]       <<< RX chan1 212B: 800000d0830101ceac54000201d1ac54004f010901e90c54000a012e0d5400ff...
[  24.096]       <<< RX chan1 231B: 800000e3830101d1ac54000201d4ac54004f010901e90c54000a012e0d5400ff...
[  24.146]   DUMMY -> send ping 77B
[  24.146]       <<< RX chan1 224B: 800000dc830701b28254005a14000000000000000000000000000000000101d4...
[  24.146]       <<< RX chan1 206B: 800000ca830101d7ac54000201daac54004f010901e90c54000a012e0d5400ff...
[  24.146]       <<< RX chan1 222B: 800000da830101daac54000201deac54004f010901e90c54000a012e0d5400ff...
[  24.197]       <<< RX chan1 237B: 800000e9830101deac54000201e1ac54004f010901e90c54000a012e0d5400ff...
[  24.197]       <<< RX chan1 206B: 800000ca830101e1ac54000201e4ac54004f010901e90c54000a012e0d5400ff...
[  24.197]       <<< RX chan1 222B: 800000da830101e4ac54000201e7ac54004f010901e90c54000a012e0d5400ff...
[  24.247]       <<< RX chan1 253B: 800000f9830101e7ac54001b06000000045ff20a2b04c8b59f4604e3b2485204...
[  24.247]       <<< RX chan1 218B: 800000d6830101eaac54000201eeac54004f010901e90c54000a012e0d5400ff...
[  24.247]       <<< RX chan1 218B: 800000d6830101eeac54000201f1ac54004f010901e90c54000a012e0d5400ff...
[  24.269]   DUMMY <<< RX app=6 chan=1 81B: 8000004d0858fbbded5ddc184000000001505050505050505050505050505050...
[  24.269]       <<< RX chan1 237B: 800000e9830101f1ac54000201f4ac54004f010901e90c54000a012e0d5400ff...
[  24.284]       <<< RX chan1 453B: 800001c1830101f4ac54001b0200000001e9a5540001eaa554000301ae825400...
[  24.334]       <<< RX chan1 235B: 800000e783235c7659000701769454005b14000701769454005614010101fdac...
[  24.335]       <<< RX chan1 268B: 8000010883010100ad5400020103ad54004f010901e90c54000a012e0d5400ff...
[  24.335]       <<< RX chan1 246B: 800000f2830701b28254005a1400000000000000000000000000000000010103...
[quic] DATAGRAM 32B: 032c00830510b91b750100000000b91b75010000000000000000010000000000
[  24.385]       <<< RX chan1 222B: 800000da83010106ad5400020109ad54004f010901e90c54000a012e0d5400ff...
[  24.385]       <<< RX chan1 245B: 800000f1830701769454005b1400070176945400561401010109ad540002010c...
[  24.385]       <<< RX chan1 206B: 800000ca8301010cad540002010fad54004f010901e90c54000a012e0d5400ff...
[  24.435]       <<< RX chan1 242B: 800000ee830701b28254005a140000000000000000000000000000000001010f...
[  24.435]       <<< RX chan1 212B: 800000d083010112ad5400020115ad54004f010901e90c54000a012e0d5400ff...
[  24.435]       <<< RX chan1 222B: 800000da83010115ad5400020118ad54004f010901e90c54000a012e0d5400ff...
[  24.486]       <<< RX chan1 224B: 800000dc830701769454005b1400070176945400561401010118ad540002011b...
[  24.486]       <<< RX chan1 212B: 800000d08301011bad540002011ead54004f010901e90c54000a012e0d5400ff...
[  24.486]       <<< RX chan1 273B: 8000010d831b0100000004bafa2d3701011ead5400020121ad54004f010901e9...
[  24.536]       <<< RX chan1 206B: 800000ca83010121ad5400020124ad54004f010901e90c54000a012e0d5400ff...
[  24.536]       <<< RX chan1 340B: 80000150831b1b00000004e758b317045edc101e0434ac6b02042b6bd1760106...
[  24.536]       <<< RX chan1 212B: 800000d083010127ad540002012bad54004f010901e90c54000a012e0d5400ff...
[  24.587]       <<< RX chan1 53B: 80000031830701769454005a1400000000000000000000000000000000070176...
[  24.587]       <<< RX chan1 236B: 800000e8830701769454005a140000000000000000000000000000000001012b...
[  24.587]       <<< RX chan1 212B: 800000d08301012ead5400020131ad54004f010901e90c54000a012e0d5400ff...
[  24.637]       <<< RX chan1 242B: 800000ee8307049983ce365b140007049983ce36561401010131ad5400010110...
[  24.637]       <<< RX chan1 206B: 800000ca83010139ad540002013cad54004f010901e90c54000a012e0d5400ff...
[  24.637]       <<< RX chan1 248B: 800000f4830701769454005b14000701769454005614010701769454005a1400...
[  24.688]       <<< RX chan1 267B: 80000107830701769454005a140000000000000000000000000000000001013f...
[  24.688]       <<< RX chan1 212B: 800000d083010142ad5400020145ad54004f010901e90c54000a012e0d5400ff...
[  24.688]       <<< RX chan1 336B: 8000014c830204f42ab50de201ff01012072627861737365743a2f2f736f756e...
[  24.738]       <<< RX chan1 200B: 800000c48301014fad5400020152ad54004f010901e90c54000a012e0d5400ff...
[  24.738]       <<< RX chan1 212B: 800000d083010152ad5400020157ad54004f010901e90c54000a012e0d5400ff...
[  24.738]       <<< RX chan1 243B: 800000ef83010157ad540002015aad54004f010901e90c54000a012e0d5400ff...
[  24.788]       <<< RX chan1 212B: 800000d08301015aad540002015dad54004f010901e90c54000a012e0d5400ff...
[  24.788]       <<< RX chan1 237B: 800000e98301015dad5400020160ad54004f010901e90c54000a012e0d5400ff...
[  24.789]       <<< RX chan1 254B: 800000fa830701769454005a1400000000000000000000000000000000070176...
[  24.839]       <<< RX chan1 200B: 800000c483010163ad5400020167ad54004f010901e90c54000a012e0d5400ff...
[  24.839]       <<< RX chan1 206B: 800000ca83010167ad540002016aad54004f010901e90c54000a012e0d5400ff...
[  24.839]       <<< RX chan1 206B: 800000ca8301016aad540002016dad54004f010901e90c54000a012e0d5400ff...
[quic] DATAGRAM 32B: 032d00830510ae1d750100000000ae1d75010000000000000000010000000000
[  24.889]       <<< RX chan1 271B: 8000010b8301016dad54000104b5b76922010184ab5400020170ad54004f0109...
[  24.889]       <<< RX chan1 239B: 800000eb83010170ad5400020173ad54004f010901e90c54000a012e0d5400ff...
[  24.889]       <<< RX chan1 206B: 800000ca83010173ad5400020176ad54004f010901e90c54000a012e0d5400ff...
[  24.939]       <<< RX chan1 297B: 80000125830701769454005a14000000000000000000000000000000000701b2...
[  24.939]       <<< RX chan1 218B: 800000d683010179ad540002017cad54004f010901e90c54000a012e0d5400ff...
[  24.939]       <<< RX chan1 224B: 800000dc8301017cad540002017fad54004f010901e90c54000a012e0d5400ff...
[  24.990]       <<< RX chan1 243B: 800000ef8301017fad5400020182ad54004f010901e90c54000a012e0d5400ff...
[  24.990]       <<< RX chan1 218B: 800000d683010182ad5400020185ad54004f010901e90c54000a012e0d5400ff...
[  24.990]       <<< RX chan1 234B: 800000e683010185ad5400020188ad54004f010901e90c54000a012e0d5400ff...
[  25.040]       <<< RX chan1 218B: 800000d683010188ad540002018bad54004f010901e90c54000a012e0d5400ff...
[  25.040]       <<< RX chan1 265B: 800001058301018bad540002018ead54004f010901e90c54000a012e0d5400ff...
[  25.040]       <<< RX chan1 243B: 800000ef8301018ead5400020191ad54004f010901e90c54000a012e0d5400ff...
[  25.090]       <<< RX chan1 268B: 8000010883010191ad5400020194ad54004f010901e90c54000a012e0d5400ff...
[  25.090]       <<< RX chan1 274B: 8000010e83010194ad5400020197ad54004f010901e90c54000a012e0d5400ff...
[  25.090]       <<< RX chan1 243B: 800000ef83010197ad540002019aad54004f010901e90c54000a012e0d5400ff...
[  25.141]   DUMMY -> send ping 77B
[  25.141]       <<< RX chan1 218B: 800000d68301019aad540002019dad54004f010901e90c54000a012e0d5400ff...
[  25.141]       <<< RX chan1 212B: 800000d08301019dad54000201a0ad54004f010901e90c54000a012e0d5400ff...
[  25.141]       <<< RX chan1 212B: 800000d0830101a0ad54000201a3ad54004f010901e90c54000a012e0d5400ff...
[  25.191]       <<< RX chan1 268B: 80000108830101a3ad54000201a6ad54004f010901e90c54000a012e0d5400ff...
[  25.191]       <<< RX chan1 212B: 800000d0830101a6ad54000201a9ad54004f010901e90c54000a012e0d5400ff...
[  25.191]       <<< RX chan1 234B: 800000e6830101a9ad54000201acad54004f010901e90c54000a012e0d5400ff...
[  25.242]       <<< RX chan1 218B: 800000d6830101acad54000201afad54004f010901e90c54000a012e0d5400ff...
[  25.242]       <<< RX chan1 237B: 800000e9830101afad54000201b2ad54004f010901e90c54000a012e0d5400ff...
[  25.242]       <<< RX chan1 265B: 80000105830101b2ad54000201b5ad54004f010901e90c54000a012e0d5400ff...
[  25.242]       <<< RX chan1 249B: 800000f5830101b5ad54000201b8ad54004f010901e90c54000a012e0d5400ff...
[  25.265]   DUMMY <<< RX app=6 chan=1 81B: 8000004d0858fbbded5ddc184000000001505050505050505050505050505050...
[  25.265]       <<< RX chan1 243B: 800000ef830101b8ad54000201c2ad54004f010901e90c54000a012e0d5400ff...
[  25.280]       <<< RX chan1 212B: 800000d0830101c2ad54000201c5ad54004f010901e90c54000a012e0d5400ff...
[  25.331]       <<< RX chan1 223B: 800000db83234c7759000101c5ad54000201c8ad54004f010901e90c54000a01...
[  25.331]       <<< RX chan1 218B: 800000d6830101c8ad54000201cdad54004f010901e90c54000a012e0d5400ff...
[  25.331]       <<< RX chan1 222B: 800000da830101cdad54000201d0ad54004f010901e90c54000a012e0d5400ff...
[quic] DATAGRAM 32B: 032e00830510b21f750100000000b21f75010000000000000000010000000000
[  25.381]       <<< RX chan1 212B: 800000d0830101d0ad54000201d3ad54004f010901e90c54000a012e0d5400ff...
[  25.381]       <<< RX chan1 236B: 800000e8830701b28254005a14000000000000000000000000000000000101d3...
[  25.381]       <<< RX chan1 239B: 800000eb830101d6ad54000201d9ad54004f010901e90c54000a012e0d5400ff...
[  25.432]       <<< RX chan1 249B: 800000f5830101d9ad54000201dcad54004f010901e90c54000a012e0d5400ff...
[  25.432]       <<< RX chan1 224B: 800000dc830101dcad54000201dfad54004f010901e90c54000a012e0d5400ff...
[  25.432]       <<< RX chan1 237B: 800000e9830101dfad54000201e3ad54004f010901e90c54000a012e0d5400ff...
[  25.482]       <<< RX chan1 212B: 800000d0830101e3ad54000201e6ad54004f010901e90c54000a012e0d5400ff...
[  25.482]       <<< RX chan1 212B: 800000d0830101e6ad54000201e9ad54004f010901e90c54000a012e0d5400ff...
[  25.482]       <<< RX chan1 234B: 800000e6830101e9ad54000201ecad54004f010901e90c54000a012e0d5400ff...
[  25.532]       <<< RX chan1 236B: 800000e8830701769454005a14000000000000000000000000000000000101ec...
[  25.532]       <<< RX chan1 206B: 800000ca830101efad54000201f2ad54004f010901e90c54000a012e0d5400ff...
[  25.532]       <<< RX chan1 228B: 800000e0830101f2ad54000201f5ad54004f010901e90c54000a012e0d5400ff...
[  25.583]       <<< RX chan1 212B: 800000d0830101f5ad54000201f8ad54004f010901e90c54000a012e0d5400ff...
[  25.583]       <<< RX chan1 562B: 8000022e830701769454005a14000000000000000000000000000000000204b3...
[  25.583]       <<< RX chan1 292B: 80000120830701769454005a1400000000000000000000000000000000010101...
[  25.633]       <<< RX chan1 102B: 80000062831b0100000004f42ab50d010104ae540001012e0d54000101e90c54...
[  25.633]       <<< RX chan1 74B: 80000046830d000000000001de0200004d010000daedffff0d00000000000181...
[  25.633]       <<< RX chan1 74B: 80000046830d000000000001de0200004d010000d6edffff0d00000000030d00...
[  25.684]       <<< RX chan1 104B: 80000064830701769454005a14000000000000000000000000000000000d0000...
[  25.684]       <<< RX chan1 104B: 80000064830701769454005a14000000000000000000000000000000000d0000...
[  25.684]       <<< RX chan1 68B: 80000040830d000000000001e00200004c010000caedffff0d0000000000017b...
[  25.734]       <<< RX chan1 92B: 80000058830701759454005b14000701759454005614010d000000000001e102...
[  25.734]       <<< RX chan1 80B: 8000004c830d000000000001e10200004c010000c2edffff0d00000000030d00...
[  25.734]       <<< RX chan1 110B: 8000006a830701769454005a14000000000000000000000000000000000d0000...
[  25.784]       <<< RX chan1 123B: 80000077830701769454005b14000701769454005614010d000000000001e302...
[  25.784]       <<< RX chan1 329B: 80000145830301ea7e5400a1270101dc7d5400020114ae54002902ffff01eb7e...
[  25.784]       <<< RX chan1 99B: 8000005f830d000000000001e40200004b010000b2edffff0d00000000000171...
[  25.835]       <<< RX chan1 74B: 80000046830d000000000001e50200004b010000aeedffff0d0000000000016f...
[  25.835]       <<< RX chan1 446B: 800001ba830d000000000001e50200004a010000aaedffff0d00000000030d00...
[  25.835]       <<< RX chan1 68B: 80000040830d000000000001e60200004a010000a6edffff0d0000000000016c...
[  25.885]       <<< RX chan1 86B: 80000052830701759454005b14000701759454005614010d000000000001e702...
[  25.885]       <<< RX chan1 98B: 8000005e830701759454005b14000701759454005614010d000000000001e702...
[  25.885]       <<< RX chan1 68B: 80000040830d000000000001e80200004a0100009aedffff0d00000000000167...
[quic] DATAGRAM 32B: 032f00830510b621750100000000b62175010000000000000000010000000000
[  25.936]       <<< RX chan1 138B: 80000086830d000000000001e80200004901000096edffff0d00000000030d00...
[  25.936]       <<< RX chan1 74B: 80000046830d000000000001e90200004901000092edffff0d00000000000164...
[  25.936]       <<< RX chan1 68B: 80000040830d000000000001ea020000490100008eedffff0d00000000000162...
[  25.986]       <<< RX chan1 80B: 8000004c830d000000000001ea020000490100008aedffff0d00000000030d00...
[  25.986]       <<< RX chan1 327B: 80000143831b0200000001fbac540001fcac54000301a3825400a12700019b82...
[  25.986]       <<< RX chan1 80B: 8000004c830d000000000001ec0200004801000082edffff0d0000000000015d...
[  26.037]       <<< RX chan1 74B: 80000046830d000000000001ec020000480100007eedffff0d0000000000015b...
[  26.037]       <<< RX chan1 68B: 80000040830d000000000001ed020000480100007aedffff0d0000000000015a...
[  26.037]       <<< RX chan1 74B: 80000046830d000000000001ee0200004801000076edffff0d00000000000158...
[  26.087]       <<< RX chan1 74B: 80000046830d000000000001ee0200004701000072edffff0d00000000000156...
[  26.087]       <<< RX chan1 80B: 8000004c830d000000000001ef020000470100006eedffff0d00000000000155...
[  26.087]       <<< RX chan1 105B: 80000065830d000000000001ef020000470100006aedffff0d00000000030d00...
[  26.137]   DUMMY -> send ping 77B
[  26.138]       <<< RX chan1 99B: 8000005f830d000000000001f00200004701000066edffff0d00000000000151...
[  26.138]       <<< RX chan1 80B: 8000004c830d000000000001f10200004601000062edffff0d00000000010d00...
[  26.138]       <<< RX chan1 105B: 80000065830d000000000001f1020000460100005eedffff0d00000000030d00...
[  26.188]       <<< RX chan1 74B: 80000046830d000000000001f2020000460100005aedffff0d0000000000014d...
[  26.188]       <<< RX chan1 74B: 80000046830d000000000001f30200004601000056edffff0d0000000000014b...
[  26.188]       <<< RX chan1 129B: 8000007d830701759454005a14000000000000000000000000000000000d0000...
[  26.238]       <<< RX chan1 74B: 80000046830d000000000001f4020000450100004eedffff0d00000000000148...
[  26.238]       <<< RX chan1 90B: 80000056830d000000000001f5020000450100004aedffff0d00000000000146...
[  26.238]       <<< RX chan1 115B: 8000006f830d000000000001f50200004501000046edffff0d00000000000144...
[  26.261]   DUMMY <<< RX app=6 chan=1 81B: 8000004d0858fbbded5ddc184000000001505050505050505050505050505050...
[  26.261]       <<< RX chan1 80B: 8000004c830d000000000001f60200004401000042edffff0d00000000010d00...
[  26.261]       <<< RX chan1 115B: 8000006f831b06000000044e9dbe530469bd397704e6b02825048b40ba790499...
[  26.276]       <<< RX chan1 74B: 80000046830d000000000001f7020000440100003aedffff0d0000000000013f...
[  26.326]       <<< RX chan1 79B: 8000004b83233c7859000d000000000001f80200004401000036edffff0d0000...
[  26.326]       <<< RX chan1 74B: 80000046830d000000000001f80200004401000032edffff0d00000000030d00...
[  26.326]       <<< RX chan1 105B: 80000065830d000000000001f9020000430100002eedffff0d0000000000013a...
[  26.377]       <<< RX chan1 74B: 80000046830d000000000001fa020000430100002aedffff0d00000000000139...
[  26.377]       <<< RX chan1 68B: 80000040830d000000000001fa0200004301000026edffff0d00000000000137...
[  26.377]       <<< RX chan1 74B: 80000046830d000000000001fb0200004301000022edffff0d00000000000136...
[quic] DATAGRAM 32B: 033000830510bb23750100000000bb2375010000000000000000010000000000
[  26.427]       <<< RX chan1 80B: 8000004c830d000000000001fc020000420100001eedffff0d00000000010d00...
[  26.427]       <<< RX chan1 107B: 80000067830d000000000001fc020000420100001aedffff0d00000000000132...
[  26.427]       <<< RX chan1 68B: 80000040830d000000000001fd0200004201000016edffff0d00000000000131...
[  26.477]       <<< RX chan1 74B: 80000046830d000000000001fd0200004201000012edffff0d00000000030d00...
[  26.477]       <<< RX chan1 86B: 80000052830d000000000001fe020000410100000eedffff0d00000000010d00...
[  26.477]       <<< RX chan1 80B: 8000004c830d000000000001ff020000410100000aedffff0d0000000000012c...
[  26.528]       <<< RX chan1 80B: 8000004c830d000000000001ff0200004101000006edffff0d00000000030d00...
[  26.528]       <<< RX chan1 80B: 8000004c830d000000000001000300004101000002edffff0d00000000000128...
[  26.528]       <<< RX chan1 80B: 8000004c830d0000000000010103000040010000feecffff0d00000000010d00...
[  26.578]       <<< RX chan1 149B: 80000091830d0000000000010103000040010000faecffff0d00000000000125...
[  26.578]       <<< RX chan1 105B: 80000065830d0000000000010203000040010000f6ecffff0d00000000000123...
[  26.578]       <<< RX chan1 74B: 80000046830d0000000000010303000040010000f2ecffff0d00000000000122...
[  26.628]       <<< RX chan1 80B: 8000004c830d000000000001030300003f010000eeecffff0d00000000010d00...
[  26.629]       <<< RX chan1 105B: 80000065830d000000000001040300003f010000eaecffff0d0000000000011e...
[  26.629]       <<< RX chan1 80B: 8000004c830d000000000001040300003f010000e6ecffff0d00000000030d00...
[  26.679]       <<< RX chan1 68B: 80000040830d000000000001050300003f010000e2ecffff0d0000000000011b...
[  26.680]       <<< RX chan1 68B: 80000040830d000000000001060300003e010000deecffff0d0000000000011a...
[  26.680]       <<< RX chan1 74B: 80000046830d000000000001060300003e010000daecffff0d00000000030d00...
[  26.730]       <<< RX chan1 68B: 80000040830d000000000001070300003e010000d6ecffff0d00000000000116...
[  26.730]       <<< RX chan1 80B: 8000004c830d000000000001080300003d010000d2ecffff0d00000000010d00...
[  26.730]       <<< RX chan1 74B: 80000046830d000000000001080300003d010000ceecffff0d00000000000113...
[  26.781]       <<< RX chan1 149B: 80000091830d000000000001090300003d010000caecffff0d00000000000111...
[  26.781]       <<< RX chan1 92B: 8000005883070422c6694f5b1400070422c6694f5614010d0000000000010a03...
[  26.781]       <<< RX chan1 74B: 80000046830d0000000000010a0300003c010000c2ecffff0d00000000010d00...
[  26.831]       <<< RX chan1 80B: 8000004c830d0000000000010b0300003c010000beecffff0d0000000000010c...
[  26.831]       <<< RX chan1 74B: 80000046830d0000000000010b0300003c010000baecffff0d00000000030d00...
[  26.831]       <<< RX chan1 68B: 80000040830d0000000000010c0300003c010000b6ecffff0d00000000000109...
[  26.881]       <<< RX chan1 80B: 8000004c830d0000000000010d0300003b010000b2ecffff0d00000000010d00...
[  26.881]       <<< RX chan1 74B: 80000046830d0000000000010d0300003b010000aeecffff0d00000000030d00...
[  26.881]       <<< RX chan1 99B: 8000005f830d0000000000010e0300003b010000aaecffff0d00000000000104...
[quic] DATAGRAM 32B: 033100830510af25750100000000af2575010000000000000000010000000000
[  26.932]       <<< RX chan1 80B: 8000004c830d0000000000010f0300003b010000a6ecffff0d00000000000103...
[  26.932]       <<< RX chan1 132B: 80000080830d0000000000010f0300003a010000a2ecffff0d00000000000101...
[  26.932]       <<< RX chan1 80B: 8000004c830d000000000001100300003a0100009eecffff0d000000000001ff...
[  26.982]       <<< RX chan1 86B: 80000052830701769454005b14000701769454005614010d0000000000011103...
[  26.982]       <<< RX chan1 80B: 8000004c830d000000000001110300003901000096ecffff0d00000000010d00...
[  26.982]       <<< RX chan1 68B: 80000040830d000000000001120300003901000092ecffff0d000000000001fa...
[  27.033]       <<< RX chan1 74B: 80000046830d00000000000112030000390100008eecffff0d00000000030d00...
[  27.033]       <<< RX chan1 80B: 8000004c830d000000000001130300003901000089ecffff0d00000000020d00...
[  27.033]       <<< RX chan1 105B: 80000065830d000000000001140300003801000085ecffff0d00000000010d00...
[  27.083]       <<< RX chan1 105B: 80000065830d000000000001140300003801000081ecffff0d00000000030d00...
[  27.083]       <<< RX chan1 80B: 8000004c830d00000000000115030000380100007decffff0d00000000020d00...
[  27.083]       <<< RX chan1 260B: 8000010083020495383c1fe201ff01012072627861737365743a2f2f736f756e...
[  27.134]   DUMMY -> send ping 77B
[  27.134]   DUMMY -> send sync 24B
[  27.134]       <<< RX chan1 80B: 8000004c830d000000000001160300003701000075ecffff0d00000000020d00...
[  27.134]       <<< RX chan1 1154B: 80000550830101230b54001b2000000001250d540001260d540001270d540001...
[  27.134]       <<< RX chan1 210B: 54002502ff06012172627861737365743a2f2f54657874757265732f53757065...
[  27.134]       <<< RX chan1 1154B: 8000054883020184b054002502ff020000000000000000000000000306011c72...
[  27.134]       <<< RX chan1 202B: 74657874757265732f53776f7264546578747572652e706e67ff018bb0540002...
[  27.134]       <<< RX chan1 944B: 8000052483020157b05400d101ff000129687474703a2f2f7777772e726f626c...
[  27.134]       <<< RX chan1 376B: 010d1152756e416e696d6174652e536572766572ff01d8ae54000201daae5400...
[  27.134]       <<< RX chan1 770B: 8000051383020108af5400f701ff050564616e63650906ff01d8ae54000201e0...
[  27.134]       <<< RX chan1 533B: 005a01ff00000000000000244005f8ff01e7ae54000201e8ae54001100ff0001...
[  27.134]       <<< RX chan1 1154B: 8000052f830201eeae54001100ff000129687474703a2f2f7777772e726f626c...
[  27.134]       <<< RX chan1 177B: 64b054000000ff000201000000000000803e0000803e020208070850616c2048...
[  27.134]       <<< RX chan1 453B: 800001c1830201f6b054005a01ff00000000000011d740051f24417474726962...
[  27.134]       <<< RX chan1 105B: 80000065830d00000000000117faffff4f010000ddfaffff0d00000000010d00...
[  27.185]       <<< RX chan1 11B: 8000000783230c79590000
[  27.185]       <<< RX chan1 84B: 80000050830d000000000001190300003601000065ecffff0d00000000020d00...
[  27.185]       <<< RX chan1 99B: 8000005f830d000000000001190300003601000061ecffff0d00000000030d00...
[  27.235]       <<< RX chan1 74B: 80000046830d0000000000011a030000360100005decffff0d00000000020d00...
[  27.235]       <<< RX chan1 80B: 8000004c830d0000000000011b0300003501000059ecffff0d00000000020d00...
[  27.235]       <<< RX chan1 105B: 80000065830d0000000000011b0300003501000055ecffff0d00000000030d00...
[  27.258]   DUMMY <<< RX app=6 chan=1 81B: 8000004d0858fbbded5ddc184000000001505050505050505050505050505050...
[  27.258]       <<< RX chan1 86B: 80000052830d0000000000011c0300003501000051ecffff0d00000000020d00...
[  27.258]       <<< RX chan1 136B: 80000084830d0000000000011d030000340100004decffff0d00000000010d00...
[  27.275]       <<< RX chan1 86B: 80000052830d0000000000011d0300003401000049ecffff0d00000000020d00...
[  27.325]       <<< RX chan1 116B: 8000007083232c7959000d0000000000011e0300003401000045ecffff0d0000...
[  27.325]       <<< RX chan1 111B: 8000006b830d0000000000011e0300003401000041ecffff0d00000000030d00...
[  27.325]       <<< RX chan1 80B: 8000004c830d0000000000011f030000330100003decffff0d00000000020d00...
[  27.376]       <<< RX chan1 131B: 8000007f83070119af540019010000000000000000000020070119af54001901...
[  27.376]       <<< RX chan1 105B: 80000065830d000000000001200300003301000035ecffff0d00000000030d00...
[  27.376]       <<< RX chan1 105B: 80000065830d000000000001210300003201000031ecffff0d00000000010d00...
[quic] DATAGRAM 32B: 033200830510b427750100000000b42775010000000000000000010000000000
[  27.426]       <<< RX chan1 80B: 8000004c830d00000000000122030000320100002decffff0d00000000020d00...
[  27.426]       <<< RX chan1 80B: 8000004c830d000000000001220300003201000029ecffff0d00000000020d00...
[  27.426]       <<< RX chan1 126B: 8000007a830d000000000001230300003101000025ecffff0d00000000010d00...
[  27.477]       <<< RX chan1 92B: 800000588307042baaad4d5b140007042baaad4d5614010d0000000000012403...
[  27.477]       <<< RX chan1 74B: 80000046830d00000000000124030000310100001decffff0d000000000001cb...
[  27.477]       <<< RX chan1 68B: 80000040830d000000000001250300003101000019ecffff0d000000000001c9...
[  27.527]       <<< RX chan1 80B: 8000004c830d000000000001250300003001000015ecffff0d00000000030d00...
[  27.527]       <<< RX chan1 74B: 80000046830d000000000001260300003001000011ecffff0d000000000001c6...
[  27.527]       <<< RX chan1 74B: 80000046830d00000000000127030000300100000decffff0d000000000001c4...
[  27.577]       <<< RX chan1 111B: 8000006b830d000000000001270300002f01000009ecffff0d00000000030d00...
[  27.578]       <<< RX chan1 80B: 8000004c830d000000000001280300002f01000005ecffff0d000000000001c1...
[  27.578]       <<< RX chan1 74B: 80000046830d000000000001290300002f01000001ecffff0d000000000001bf...
[  27.628]       <<< RX chan1 80B: 8000004c830d000000000001290300002e010000fdebffff0d00000000010d00...
[  27.628]       <<< RX chan1 68B: 80000040830d0000000000012a0300002e010000f9ebffff0d000000000001bc...
[  27.628]       <<< RX chan1 96B: 8000005c831b010000000422c6694f0d0000000000012b0300002d010000f1eb...
[  27.678]       <<< RX chan1 11B: 8000000783238479590000
[  27.678]       <<< RX chan1 74B: 80000046830d0000000000012c0300002d010000edebffff0d000000000001b7...
[  27.678]       <<< RX chan1 105B: 80000065830d0000000000012c0300002d010000e9ebffff0d00000000030d00...
[  27.729]       <<< RX chan1 68B: 80000040830d0000000000012d0300002d010000e5ebffff0d000000000001b4...
[  27.729]       <<< RX chan1 74B: 80000046830d0000000000012e0300002c010000e1ebffff0d000000000001b2...
[  27.729]       <<< RX chan1 86B: 80000052830d0000000000012e0300002c010000ddebffff0d00000000030d00...
[  27.779]       <<< RX chan1 99B: 8000005f830d0000000000012f0300002c010000d9ebffff0d000000000001af...
[  27.779]       <<< RX chan1 80B: 8000004c830d000000000001300300002b010000d5ebffff0d00000000010d00...
[  27.779]       <<< RX chan1 99B: 8000005f830d000000000001300300002b010000d1ebffff0d000000000001ab...
[  27.829]       <<< RX chan1 98B: 8000005e830704466069255b14000704466069255614010d0000000000013103...
[  27.829]       <<< RX chan1 74B: 80000046830d000000000001320300002a010000c9ebffff0d00000000010d00...
[  27.829]       <<< RX chan1 74B: 80000046830d000000000001320300002a010000c5ebffff0d000000000001a6...
[  27.880]       <<< RX chan1 74B: 80000046830d000000000001330300002a010000c1ebffff0d000000000001a5...
[  27.880]       <<< RX chan1 99B: 8000005f830d0000000000013303000029010000bdebffff0d00000000030d00...
[  27.880]       <<< RX chan1 80B: 8000004c830d0000000000013403000029010000b9ebffff0d000000000001a1...
[quic] DATAGRAM 32B: 033300830510aa29750100000000aa2975010000000000000000010000000000
[  27.930]       <<< RX chan1 80B: 8000004c830d0000000000013503000029010000b5ebffff0d000000000001a0...
[  27.930]       <<< RX chan1 105B: 80000065830d0000000000013503000028010000b1ebffff0d00000000030d00...
[  27.930]       <<< RX chan1 101B: 80000061830d0000000000013603000028010000adebffff0d0000000000019c...
[  27.980]       <<< RX chan1 99B: 8000005f831b040000000441b9a01f04091b702104fb2b9d2a04685a75600d00...
[  27.980]       <<< RX chan1 80B: 8000004c830d0000000000013703000027010000a5ebffff0d00000000010d00...
[  27.980]       <<< RX chan1 68B: 80000040830d0000000000013803000027010000a1ebffff0d00000000000198...
[  28.030]       <<< RX chan1 94B: 8000005a831b0100000004043ad74f1b010000000495383c1f0d000000000001...
[  28.030]       <<< RX chan1 80B: 8000004c830d000000000001390300002601000099ebffff0d00000000010d00...
[  28.030]       <<< RX chan1 74B: 80000046830d0000000000013a0300002601000095ebffff0d00000000000193...
[  28.081]       <<< RX chan1 115B: 8000006f831b010000000110b154000d0000000000013a0300002601000091eb...
[  28.081]       <<< RX chan1 136B: 80000084830d0000000000013b030000250100008debffff0d00000000010d00...
[  28.081]       <<< RX chan1 103B: 80000063831b020000000116ae54000117ae54000301ea7e5400a1270101dd7e...
[  28.131]   DUMMY -> send ping 77B
[  28.131]       <<< RX chan1 80B: 8000004c830d0000000000013c0300002501000085ebffff0d00000000030d00...
[  28.131]       <<< RX chan1 136B: 80000084830d0000000000013d0300002401000081ebffff0d00000000010d00...
[  28.131]       <<< RX chan1 74B: 80000046830d0000000000013e030000240100007debffff0d00000000000189...
[  28.182]       <<< RX chan1 92B: 80000058830704d7f108355b14000704d7f108355614010d0000000000013e03...
[  28.182]       <<< RX chan1 111B: 8000006b830d0000000000013f0300002301000075ebffff0d00000000010d00...
[  28.182]       <<< RX chan1 68B: 80000040830d000000000001400300002301000071ebffff0d00000000000184...
[  28.232]       <<< RX chan1 74B: 80000046830d00000000000140030000230100006debffff0d00000000000182...
[  28.232]       <<< RX chan1 80B: 8000004c830d000000000001410300002201000069ebffff0d00000000010d00...
[  28.232]       <<< RX chan1 80B: 8000004c830d000000000001410300002201000065ebffff0d00000000030d00...
[  28.252]   DUMMY <<< RX app=6 chan=1 81B: 8000004d0858fbbded5ddc184000000001505050505050505050505050505050...
[  28.252]       <<< RX chan1 74B: 80000046830d000000000001420300002201000061ebffff0d0000000000017d...
[  28.268]       <<< RX chan1 80B: 8000004c830d00000000000143030000210100005debffff0d00000000010d00...
[  28.318]       <<< RX chan1 80B: 8000004c830d000000000001430300002101000059ebffff0d00000000030d00...
[  28.318]       <<< RX chan1 73B: 8000004583231c7a59000d000000000001440300002101000055ebffff0d0000...
[  28.318]       <<< RX chan1 115B: 8000006f831b01000000042baaad4d1b040000000409da6e34042e9fd22a0427...
[  28.369]       <<< RX chan1 68B: 80000040830d00000000000145030000200100004debffff0d00000000000175...
[  28.369]       <<< RX chan1 74B: 80000046830d000000000001460300002001000049ebffff0d00000000000173...
[  28.369]       <<< RX chan1 105B: 80000065830d000000000001460300001f01000045ebffff0d00000000030d00...
[  28.419]       <<< RX chan1 74B: 80000046830d000000000001470300001f01000041ebffff0d00000000000170...
[  28.419]       <<< RX chan1 105B: 80000065830d000000000001480300001f0100003debffff0d0000000000016e...
[  28.419]       <<< RX chan1 121B: 80000075831b010000000123b154000d000000000001480300001e01000039eb...
[quic] DATAGRAM 32B: 033400830510ac2b750100000000ac2b75010000000000000000010000000000
[  28.470]       <<< RX chan1 74B: 80000046830d000000000001490300001e01000035ebffff0d0000000000016b...
[  28.470]       <<< RX chan1 107B: 80000067830d0000000000014a0300001e01000031ebffff0d00000000000169...
[  28.470]       <<< RX chan1 99B: 8000005f830d0000000000014a0300001d0100002debffff0d00000000030d00...
[  28.520]       <<< RX chan1 86B: 800000528307047641eb225b140007047641eb225614010d0000000000014b03...
[  28.520]       <<< RX chan1 68B: 80000040830d0000000000014c0300001d01000025ebffff0d00000000000165...
[  28.520]       <<< RX chan1 68B: 80000040830d0000000000014c0300001c01000021ebffff0d00000000000163...
[  28.570]       <<< RX chan1 99B: 8000005f831b04000000048482fb750489bd931e040c36c271042df3c9130d00...
[  28.570]       <<< RX chan1 74B: 80000046830d0000000000014d0300001c01000019ebffff0d00000000030d00...
[  28.570]       <<< RX chan1 80B: 8000004c830d0000000000014e0300001b01000015ebffff0d0000000000015e...
[  28.621]       <<< RX chan1 99B: 8000005f830d0000000000014f0300001b01000011ebffff0d0000000000015c...
[  28.621]       <<< RX chan1 99B: 8000005f830d0000000000014f0300001a0100000debffff0d00000000030d00...
[  28.621]       <<< RX chan1 99B: 8000005f830d000000000001500300001a01000009ebffff0d00000000000159...
[  28.671]       <<< RX chan1 74B: 80000046830d000000000001510300001a01000005ebffff0d00000000000157...
[  28.671]       <<< RX chan1 99B: 8000005f830d000000000001510300001901000001ebffff0d00000000030d00...
[  28.671]       <<< RX chan1 391B: 80000183831b0100000004466069250d00000000000001fe010d000000000001...
[  28.721]       <<< RX chan1 74B: 80000046830d0000000000015303000019010000f9eaffff0d00000000000152...
[  28.722]       <<< RX chan1 80B: 8000004c830d0000000000015303000018010000f5eaffff0d00000000010d00...
[  28.722]       <<< RX chan1 74B: 80000046830d0000000000015403000018010000f1eaffff0d0000000000014f...
[  28.772]       <<< RX chan1 80B: 8000004c830d0000000000015403000018010000edeaffff0d00000000030d00...
[  28.772]       <<< RX chan1 90B: 80000056831b010000000140b154000d0000000000015503000017010000e9ea...
[  28.772]       <<< RX chan1 99B: 8000005f830d0000000000015603000017010000e5eaffff0d0000000000014a...
[  28.822]       <<< RX chan1 130B: 8000007e830d0000000000015603000016010000e1eaffff0d00000000030d00...
[  28.822]       <<< RX chan1 109B: 80000069831b060000000426cd283d047e3c472a040eb26a1104cbb016690452...
[  28.822]       <<< RX chan1 321B: 8000013d831b02000000011dae5400011eae540003019c825400a12701019b82...
[  28.873]       <<< RX chan1 74B: 80000046830d0000000000015803000015010000d5eaffff0d00000000010d00...
[  28.873]       <<< RX chan1 68B: 80000040830d0000000000015903000015010000d1eaffff0d00000000000142...
[  28.873]       <<< RX chan1 80B: 8000004c830d0000000000015a03000015010000cdeaffff0d00000000000140...
[  28.923]       <<< RX chan1 68B: 80000040830d0000000000015a03000014010000c9eaffff0d0000000000013f...
[  28.923]       <<< RX chan1 74B: 80000046830d0000000000015b03000014010000c5eaffff0d0000000000013d...
[  28.923]       <<< RX chan1 105B: 80000065830d0000000000015b03000014010000c1eaffff0d00000000030d00...
[quic] DATAGRAM 32B: 033500830510b02d750100000000b02d75010000000000000000010000000000
[  28.974]       <<< RX chan1 68B: 80000040830d0000000000015c03000013010000bdeaffff0d0000000000013a...
[  28.974]       <<< RX chan1 124B: 80000078831b0400000004545ebd5e04e1113243041f85f419043e0fac410d00...
[  28.974]       <<< RX chan1 132B: 80000080830d0000000000015d03000012010000b5eaffff0d00000000030d00...
[  29.024]       <<< RX chan1 86B: 80000052830704ea7587595b14000704ea7587595614010d0000000000015e03...
[  29.024]       <<< RX chan1 74B: 80000046830d0000000000015f03000012010000adeaffff0d00000000000133...
[  29.024]       <<< RX chan1 78B: 8000004a831b0100000004d7f108350d0000000000015f03000011010000a9ea...
[  29.074]       <<< RX chan1 74B: 80000046830d0000000000016003000011010000a5eaffff0d00000000000130...
[  29.074]       <<< RX chan1 84B: 80000050831b01000000015cb154000d0000000000016103000010010000a1ea...
[  29.074]       <<< RX chan1 74B: 80000046830d00000000000161030000100100009deaffff0d0000000000012d...
[  29.074]       <<< RX chan1 74B: 80000046830d000000000001620300001001000099eaffff0d0000000000012b...
[  29.125]   DUMMY -> send ping 77B
[  29.125]       <<< RX chan1 105B: 80000065830d000000000001620300000f01000095eaffff0d00000000030d00...
[  29.125]       <<< RX chan1 1154B: 800016228303017fb05400a127010177ae5400020180b154002902ffff0180b0...
[  29.125]       <<< RX chan1 1154B: 09621e543534f4ec001f477107865bb5c0e550315d3d7b6f14df67e30ef1530e...
[  29.125]       <<< RX chan1 1154B: 0b81fde32dcc00c3d77ce4e079d10f3d58629270b1350a38d3061bd27074888a...
[  29.125]       <<< RX chan1 1154B: 5a4d092d41e312333b46a6265e80b7b495fc5b8cb1bfcb35b0751b28405a8817...
[  29.125]       <<< RX chan1 1054B: c65650a1cc5ce0d507df66f1ba3f53c325f7ec4ab8c4ce9f3a36fd6751c3f020...
[  29.125]       <<< RX chan1 11B: 800000078323e47a590000
[  29.125]       <<< RX chan1 197B: 800000c1830204be508d205002ff000000c07f0000803f000000000518244174...
[  29.176]       <<< RX chan1 111B: 8000006b830d000000000001640300000e01000088eaffff0d00000000030d00...
[  29.176]       <<< RX chan1 80B: 8000004c830d000000000001650300000e01000084eaffff0d00000000020d00...
[  29.226]       <<< RX chan1 396B: 80000188830204882fa0442b00ff0080451d4300052542001bb1c2020615526f...
[  29.226]       <<< RX chan1 111B: 8000006b831b0400000004802ae65704e789ba7c0475a8b333048fe660250d00...
[  29.226]       <<< RX chan1 74B: 80000046830d000000000001670300000d01000078eaffff0d00000000020d00...
[  29.226]       <<< RX chan1 80B: 8000004c830d000000000001680300000c01000074eaffff0d00000000020d00...
[  29.249]   DUMMY <<< RX app=6 chan=1 81B: 8000004d0858fbbded5ddc184000000001505050505050505050505050505050...
[  29.249]       <<< RX chan1 80B: 8000004c830d000000000001680300000c01000070eaffff0d00000000020d00...
[  29.265]       <<< RX chan1 105B: 80000065830d000000000001690300000b0100006ceaffff0d00000000010d00...
[  29.315]       <<< RX chan1 105B: 80000065830d000000000001690300000b01000068eaffff0d00000000030d00...
[  29.315]       <<< RX chan1 79B: 8000004b83230c7b59000d0000000000016a0300000b01000064eaffff0d0000...
[  29.315]       <<< RX chan1 90B: 80000056831b010000000178b154000d0000000000016b0300000a01000060ea...
[  29.365]       <<< RX chan1 99B: 8000005f830d0000000000016b0300000a0100005ceaffff0d00000000030d00...
[  29.366]       <<< RX chan1 109B: 80000069831b01000000047641eb220d0000000000016c0300000901000058ea...
[  29.366]       <<< RX chan1 80B: 8000004c830d0000000000016d0300000901000054eaffff0d00000000020d00...
[  29.416]       <<< RX chan1 80B: 8000004c830d0000000000016d0300000901000050eaffff0d00000000020d00...
[  29.416]       <<< RX chan1 111B: 8000006b830d0000000000016e030000080100004ceaffff0d00000000010d00...
[  29.416]       <<< RX chan1 80B: 8000004c830d0000000000016f0300000801000048eaffff0d00000000020d00...
[  29.466]       <<< RX chan1 80B: 8000004c830d0000000000016f0300000801000044eaffff0d00000000020d00...
[  29.466]       <<< RX chan1 80B: 8000004c830d000000000001700300000701000040eaffff0d00000000020d00...
[  29.466]       <<< RX chan1 99B: 8000005f830d00000000000170030000070100003ceaffff0d00000000030d00...
[quic] DATAGRAM 32B: 033600830510b52f750100000000b62f75010000000000000000010000000000
[  29.517]       <<< RX chan1 138B: 80000086830d000000000001710300000601000038eaffff0d00000000010d00...
[  29.517]       <<< RX chan1 80B: 8000004c830d000000000001720300000601000034eaffff0d00000000020d00...
[  29.517]       <<< RX chan1 155B: 80000097830d000000000001720300000501000030eaffff0d00000000030d00...
[  29.567]       <<< RX chan1 155B: 80000097830d00000000000173030000050100002ceaffff0d00000000020d00...
[  29.567]       <<< RX chan1 80B: 8000004c830d000000000001740300000501000028eaffff0d00000000020d00...
[  29.567]       <<< RX chan1 220B: 800000d8831b010000000198b154000204b4beec76e201ff0101207262786173...
[  29.618]       <<< RX chan1 99B: 8000005f830d000000000001750300000401000020eaffff0d000000000001fa...
[  29.618]       <<< RX chan1 80B: 8000004c830d00000000000176030000030100001ceaffff0d00000000010d00...
[  29.618]       <<< RX chan1 130B: 8000007e830d000000000001760300000301000018eaffff0d000000000001f6...
[  29.668]       <<< RX chan1 74B: 80000046830d000000000001770300000301000014eaffff0d000000000001f5...
[  29.668]       <<< RX chan1 80B: 8000004c830d000000000001770300000201000010eaffff0d00000000030d00...
[  29.668]       <<< RX chan1 74B: 80000046830d00000000000178030000020100000ceaffff0d000000000001f1...
[  29.719]       <<< RX chan1 369B: 8000016d8302047d80ad56de00ff032f0200000005000000436f6c6f720e1200...
[  29.719]       <<< RX chan1 105B: 80000065830d000000000001790300000101000004eaffff0d00000000030d00...
[  29.719]       <<< RX chan1 74B: 80000046830d0000000000017a0300000101000000eaffff0d000000000001ec...
[  29.769]       <<< RX chan1 74B: 80000046830d0000000000017b03000000010000fce9ffff0d000000000001eb...
[  29.769]       <<< RX chan1 74B: 80000046830d0000000000017b03000000010000f8e9ffff0d000000000001e9...
[  29.769]       <<< RX chan1 80B: 8000004c830d0000000000017c030000ff000000f4e9ffff0d00000000010d00...
[  29.820]       <<< RX chan1 115B: 8000006f831b0100000001a6b154000d0000000000017c030000ff000000f0e9...
[  29.820]       <<< RX chan1 74B: 80000046830d0000000000017d030000fe000000ece9ffff0d00000000010d00...
[  29.820]       <<< RX chan1 68B: 80000040830d0000000000017e030000fe000000e8e9ffff0d000000000001e3...
[  29.870]       <<< RX chan1 74B: 80000046830d0000000000017e030000fe000000e4e9ffff0d00000000030d00...
[  29.870]       <<< RX chan1 68B: 80000040830d0000000000017f030000fd000000e0e9ffff0d000000000001df...
[  29.870]       <<< RX chan1 99B: 8000005f830d00000000000180030000fd000000dce9ffff0d000000000001de...
[  29.920]       <<< RX chan1 105B: 80000065830d00000000000180030000fc000000d8e9ffff0d00000000030d00...
[  29.920]       <<< RX chan1 105B: 80000065830d00000000000181030000fc000000d4e9ffff0d000000000001da...
[  29.920]       <<< RX chan1 80B: 8000004c830d00000000000182030000fc000000d0e9ffff0d000000000001d9...
[  29.971]       <<< RX chan1 74B: 80000046830d00000000000182030000fb000000cce9ffff0d000000000001d7...
[  29.971]       <<< RX chan1 105B: 80000065830d00000000000183030000fb000000c8e9ffff0d000000000001d5...
[  29.971]       <<< RX chan1 80B: 8000004c830d00000000000183030000fa000000c4e9ffff0d00000000030d00...
[quic] DATAGRAM 32B: 033700830510aa31750100000000aa3175010000000000000000010000000000
[  30.021]       <<< RX chan1 117B: 80000071831b0100000001c0b154000d00000000000184030000fa000000c0e9...
[  30.021]       <<< RX chan1 80B: 8000004c830d00000000000185030000f9000000bce9ffff0d00000000010d00...
[  30.021]       <<< RX chan1 74B: 80000046830d00000000000185030000f9000000b8e9ffff0d00000000030d00...
[  30.072]       <<< RX chan1 99B: 8000005f831b04000000048013b0440425ce863a0459aaca4a04c9ba7e760d00...
[  30.072]       <<< RX chan1 68B: 80000040830d00000000000187030000f8000000b0e9ffff0d000000000001cc...
[  30.072]       <<< RX chan1 80B: 8000004c830d00000000000187030000f8000000ace9ffff0d000000000001ca...
[  30.122]   DUMMY -> send ping 77B
[  30.122]       <<< RX chan1 74B: 80000046830d00000000000188030000f7000000a8e9ffff0d000000000001c8...
[  30.122]       <<< RX chan1 74B: 80000046830d00000000000189030000f7000000a4e9ffff0d000000000001c7...
[  30.122]       <<< RX chan1 80B: 8000004c830d00000000000189030000f6000000a0e9ffff0d00000000010d00...
[  30.173]       <<< RX chan1 68B: 80000040830d0000000000018a030000f60000009ce9ffff0d000000000001c3...
[  30.173]       <<< RX chan1 99B: 8000005f830d0000000000018a030000f500000098e9ffff0d00000000030d00...
[  30.173]       <<< RX chan1 78B: 8000004a831b0100000001d4b154000d0000000000018b030000f500000094e9...
[  30.223]       <<< RX chan1 105B: 80000065830d0000000000018c030000f500000090e9ffff0d000000000001be...
[  30.223]       <<< RX chan1 74B: 80000046830d0000000000018c030000f40000008ce9ffff0d00000000030d00...
[  30.223]       <<< RX chan1 74B: 80000046830d0000000000018d030000f400000088e9ffff0d000000000001bb...
[  30.244]   DUMMY <<< RX app=6 chan=1 81B: 8000004d0858fbbded5ddc184000000001505050505050505050505050505050...
[  30.244]       <<< RX chan1 149B: 80000091830d0000000000018e030000f300000084e9ffff0d000000000001b9...
[  30.244]       <<< RX chan1 446B: 800001ba830d0000000000018e030000f300000080e9ffff0d000000000001b8...
[  30.260]       <<< RX chan1 155B: 80000097830d0000000000018f030000f20000007ce9ffff0d00000000010d00...
[  30.310]       <<< RX chan1 80B: 8000004c830d00000000000190030000f200000078e9ffff0d000000000001b4...
[  30.310]       <<< RX chan1 104B: 800000648323fc7b59000d00000000000190030000f200000074e9ffff0d0000...
[  30.310]       <<< RX chan1 74B: 80000046830d00000000000191030000f100000070e9ffff0d000000000001b1...
[  30.360]       <<< RX chan1 84B: 80000050831b0100000001e9b154000d00000000000191030000f10000006ce9...
[  30.361]       <<< RX chan1 74B: 80000046830d00000000000192030000f000000068e9ffff0d000000000001ae...
[  30.361]       <<< RX chan1 68B: 80000040830d00000000000193030000f000000064e9ffff0d000000000001ac...
[  30.411]       <<< RX chan1 80B: 8000004c830d00000000000193030000ef00000060e9ffff0d00000000030d00...
[  30.411]       <<< RX chan1 74B: 80000046830d00000000000194030000ef0000005ce9ffff0d000000000001a9...
[  30.411]       <<< RX chan1 136B: 80000084831b04000000047def2a37049e8e2033041889030704a22f4d680d00...
[  30.461]       <<< RX chan1 80B: 8000004c830d00000000000195030000ee00000054e9ffff0d000000000001a6...
[  30.461]       <<< RX chan1 80B: 8000004c830d00000000000196030000ed00000050e9ffff0d00000000010d00...
[  30.461]       <<< RX chan1 99B: 8000005f830d00000000000197030000ed0000004ce9ffff0d000000000001a2...
[quic] DATAGRAM 32B: 033800830510ae33750100000000ae3375010000000000000000010000000000
[  30.512]       <<< RX chan1 88B: 80000054831b0100000001f7b154001b0100000004b4beec760d000000000001...
[  30.512]       <<< RX chan1 95B: 8000005b830d00000000000198030000ec00000044e9ffff0d0000000000019f...
[  30.512]       <<< RX chan1 86B: 80000052830d00000000000198030000ec00000040e9ffff0d00000000030d00...
[  30.563]       <<< RX chan1 84B: 80000050830d00000000000199030000eb0000003ce9ffff0d0000000000019c...
[  30.563]       <<< RX chan1 138B: 800000868302011bb25400cb00ff0000247449010000404104c0d05ec20030e6...
[  30.563]       <<< RX chan1 356B: 800001608301017b7854000301597854005d1501010101777854000101747854...
[  30.613]       <<< RX chan1 84B: 80000050830d0000000000019b030000ea00000030e9ffff0d00000000000197...
[  30.613]       <<< RX chan1 106B: 80000066830d0000000000019c030000e90000002ce9ffff0d00000000010d00...
[  30.613]       <<< RX chan1 126B: 8000007a831b010000000109b254000d0000000000019c030000e900000028e9...
[  30.664]       <<< RX chan1 106B: 80000066830d0000000000019d030000e800000024e9ffff0d00000000010d00...
[  30.664]       <<< RX chan1 106B: 80000066830d0000000000019e030000e800000020e9ffff0d00000000000190...
[  30.664]       <<< RX chan1 106B: 80000066830d0000000000019e030000e80000001ce9ffff0d0000000000018f...
[  30.714]       <<< RX chan1 175B: 800000ab830d0000000000019f030000e700000018e9ffff0d0000000000018d...
[  30.714]       <<< RX chan1 106B: 80000066830d0000000000019f030000e700000014e9ffff0d00000000030d00...
[  30.714]       <<< RX chan1 94B: 8000005a830d000000000001a0030000e600000010e9ffff0d0000000000018a...
[  30.764]       <<< RX chan1 110B: 8000006a831b010000000111b254000d000000000001a1030000e60000000ce9...
[  30.764]       <<< RX chan1 169B: 800000a5830d000000000001a1030000e500000008e9ffff0d00000000030d00...
[  30.764]       <<< RX chan1 114B: 8000006e830d000000000000fd00fb0d000000000001a2030000e500000004e9...
[  30.814]       <<< RX chan1 152B: 80000094831b01000000049983ce360d00000000000002fcfe0d000000000001...
[  30.815]       <<< RX chan1 106B: 80000066830d000000000001a3030000e4000000fce8ffff0d00000000000181...
[  30.815]       <<< RX chan1 112B: 8000006c830d000000000001a4030000e3000000f8e8ffff0d00000000010d00...
[  30.865]       <<< RX chan1 96B: 8000005c830d000000000001a5030000e3000000f4e8ffff0d0000000000017e...
[  30.865]       <<< RX chan1 116B: 80000070831b010000000119b254000d000000000001a5030000e2000000f0e8...
[  30.865]       <<< RX chan1 120B: 80000074830d000000000000fd00fa0d000000000001a6030000e2000000ece8...
[  30.915]       <<< RX chan1 145B: 8000008d830d000000000000fc00fa0d000000000001a6030000e1000000e8e8...
[  30.915]       <<< RX chan1 128B: 8000007c830d000000000001a7030000e1000000e4e8ffff0d00000000000178...
[  30.915]       <<< RX chan1 100B: 80000060830d000000000001a8030000e0000000e0e8ffff0d00000000010d00...
[  30.965]       <<< RX chan1 112B: 8000006c830d000000000001a8030000e0000000dce8ffff0d00000000030d00...
[  30.965]       <<< RX chan1 126B: 8000007a830d000000000000fc00f90d00000000010d000000000001a9030000...
[  30.965]       <<< RX chan1 126B: 8000007a830d000000000001aa030000df000000d4e8ffff0d00000000000171...
[quic] DATAGRAM 32B: 033900830510a235750100000000a23575010000000000000000010000000000
[  31.016]       <<< RX chan1 135B: 80000083830d000000000001aa030000df000000d0e8ffff0d0000000000016f...
[  31.016]       <<< RX chan1 133B: 80000081830d000000000001ab030000de000000cce8ffff0d0000000000016e...
[  31.016]       <<< RX chan1 141B: 80000089830d000000000001ac030000de000000c8e8ffff0d0000000000016c...
[  31.066]       <<< RX chan1 110B: 8000006a830d000000000000fb01f90d000000000001ac030000dd000000c4e8...
[  31.066]       <<< RX chan1 141B: 80000089830d000000000000fb01f80d000000000001ad030000dd000000c0e8...
[  31.066]       <<< RX chan1 128B: 8000007c830d000000000001ad030000dc000000bce8ffff0d00000000030d00...
[  31.117]   DUMMY -> send ping 77B
[  31.117]       <<< RX chan1 141B: 80000089830d000000000001ae030000dc000000b8e8ffff0d00000000000165...
[  31.117]       <<< RX chan1 100B: 80000060830d000000000001af030000db000000b4e8ffff0d00000000000164...
[  31.117]       <<< RX chan1 100B: 80000060830d000000000001af030000db000000b0e8ffff0d00000000030d00...
[  31.168]       <<< RX chan1 130B: 8000007e830d000000000000fb01f70d000000000001b0030000da000000ace8...
[  31.168]       <<< RX chan1 94B: 8000005a830d000000000001b1030000da000000a8e8ffff0d0000000000015f...
[  31.168]       <<< RX chan1 112B: 8000006c830701769454005b14000701769454005614010d000000000001b103...
[  31.218]       <<< RX chan1 448B: 800001bc830d000000000001b2030000d9000000a0e8ffff0d0000000000015c...
[  31.218]       <<< RX chan1 110B: 8000006a830d000000000000fa01f70d000000000001b2030000d80000009ce8...
[  31.218]       <<< RX chan1 94B: 8000005a830d000000000001b3030000d800000098e8ffff0d00000000000158...
[  31.241]   DUMMY <<< RX app=6 chan=1 81B: 8000004d0858fbbded5ddc184000000001505050505050505050505050505050...
[  31.241]       <<< RX chan1 128B: 8000007c830701769454005b14000701769454005614010d000000000000fa01...
[  31.241]       <<< RX chan1 153B: 80000095830701769454005b14000701769454005614011b0600000004e97f2b...
[  31.258]       <<< RX chan1 147B: 8000008f830d000000000001b5030000d60000008ce8ffff0d00000000000153...
[  31.309]       <<< RX chan1 112B: 8000006c830d000000000001b6030000d600000087e8ffff0d00000000020d00...
[  31.309]       <<< RX chan1 172B: 800000a88323ec7c59000d000000000001b6030000d500000083e8ffff0d0000...
[  31.309]       <<< RX chan1 138B: 80000086830d000000000000fa01f50d000000000001b7030000d50000007fe8...
[  31.359]       <<< RX chan1 119B: 80000073830d000000000001b8030000d40000007be8ffff0d00000000010d00...
[  31.359]       <<< RX chan1 116B: 80000070830d000000000000f901f50d000000000001b8030000d400000077e8...
[  31.359]       <<< RX chan1 125B: 80000079830d000000000001b9030000d300000073e8ffff0d00000000010d00...
[  31.410]       <<< RX chan1 197B: 800000c1830701769454005b14000701769454005614010d0000000000000001...
[  31.410]       <<< RX chan1 146B: 8000008e830d000000000001ba030000d20000006be8ffff0d00000000010d00...
[  31.410]       <<< RX chan1 159B: 8000009b830701769454005b14000701769454005614010d000000000000f901...
[  31.460]       <<< RX chan1 212B: 800000d0830d000000000001bb030000d100000063e8ffff0d00000000030d00...
[  31.460]       <<< RX chan1 104B: 80000064830d000000000001bc030000d10000005fe8ffff0d00000000020d00...
[  31.460]       <<< RX chan1 146B: 8000008e830701769454005b14000701769454005614010d000000000001bd03...
[quic] DATAGRAM 32B: 033a00830510a737750100000000a73775010000000000000000010000000000
[  31.510]       <<< RX chan1 90B: 80000056830d000000000001bd030000d000000057e8ffff0d00000000020d00...
[  31.510]       <<< RX chan1 144B: 8000008c830d000000000000f801f30d00000000020d000000000001be030000...
[  31.510]       <<< RX chan1 151B: 80000093830701769454005a14000000000000000000000000000000000d0000...
[  31.561]       <<< RX chan1 142B: 8000008a830701769454005a14000000000000000000000000000000000d0000...
[  31.561]       <<< RX chan1 112B: 8000006c830d000000000001c0030000ce00000047e8ffff0d00000000020d00...
[  31.561]       <<< RX chan1 185B: 800000b5830701769454005a1400000000000000000000000000000000070176...
[  31.611]       <<< RX chan1 138B: 80000086830d000000000001c1030000cd0000003fe8ffff0d00000000020d00...
[  31.611]       <<< RX chan1 157B: 80000099830d000000000000f801f20d000000000001c2030000cc0000003be8...
[  31.611]       <<< RX chan1 119B: 80000073830d000000000001c2030000cc00000037e8ffff0d00000000030d00...
[  31.662]       <<< RX chan1 106B: 80000066830d000000000001c3030000cb00000033e8ffff0d00000000020d00...
[  31.662]       <<< RX chan1 126B: 8000007a830d000000000000f701f20d0000000000000102fd0d000000000001...
[  31.662]       <<< RX chan1 194B: 800000be8302049afb56175a01ff000000004023ddd740051224417474726962...
[  31.712]       <<< RX chan1 110B: 8000006a830d000000000000f701f10d000000000001c5030000ca00000027e8...
[  31.713]       <<< RX chan1 112B: 8000006c830d000000000001c6030000c900000023e8ffff0d00000000020d00...
[  31.713]       <<< RX chan1 104B: 80000064830d000000000001c6030000c90000001fe8ffff0d00000000000127...
[  31.763]       <<< RX chan1 135B: 80000083830d0000000000000202fd0d000000000001c7030000c80000001be8...
[  31.763]       <<< RX chan1 136B: 80000084830701769454005a14000000000000000000000000000000000d0000...
[  31.763]       <<< RX chan1 215B: 800000d3830701769454005a14000000000000000000000000000000000d0000...
[  31.813]       <<< RX chan1 146B: 8000008e830701769454005a14000000000000000000000000000000000d0000...
[  31.814]       <<< RX chan1 180B: 800000b0830701769454005a14000000000000000000000000000000000d0000...
[  31.814]       <<< RX chan1 129B: 8000007d830d000000000000f600f00d0000000000000202fc0d000000000001...
[  31.864]       <<< RX chan1 137B: 80000085830d000000000001cb030000c500000003e8ffff0d0000000000011b...
[  31.864]       <<< RX chan1 127B: 8000007b830d000000000001cb030000c4000000ffe7ffff0d00000000010d00...
[  31.864]       <<< RX chan1 147B: 8000008f830701769454005a1400000000000000000000000000000000070176...
[  31.914]       <<< RX chan1 125B: 80000079830d000000000000f600ef0d000000000001cd030000c3000000f7e7...
[  31.914]       <<< RX chan1 121B: 80000075830d000000000001cd030000c3000000f3e7ffff0d00000000000115...
[  31.914]       <<< RX chan1 109B: 80000069830d000000000001ce030000c2000000efe7ffff0d00000000010d00...
[  31.964]       <<< RX chan1 156B: 80000098830d0000000000000302fc0d000000000001ce030000c2000000ebe7...
[  31.964]       <<< RX chan1 115B: 8000006f830104e0020b07010192b154000d000000000001cf030000c1000000...
[  31.964]       <<< RX chan1 129B: 8000007d830d000000000000f500ee0d000000000001d0030000c1000000e3e7...
[quic] DATAGRAM 32B: 033b008305109c397501000000009c3975010000000000000000010000000000
[  32.015]       <<< RX chan1 131B: 8000007f830d000000000001d0030000c0000000dfe7ffff0d00000000030d00...
[  32.015]       <<< RX chan1 107B: 80000067830d0000000000000303fc0d000000000001d1030000c0000000dbe7...
[  32.015]       <<< RX chan1 174B: 800000aa830d000000000001d2030000bf000000d7e7ffff0d00000000000109...
[  32.065]       <<< RX chan1 143B: 8000008b830701769454005a14000000000000000000000000000000000d0000...
[  32.065]       <<< RX chan1 103B: 80000063830d000000000001d3030000be000000cfe7ffff0d00000000000106...
[  32.065]       <<< RX chan1 144B: 8000008c830d000000000000f500ed0d000000000001d4030000be000000cbe7...
[  32.115]   DUMMY -> send ping 77B
[  32.116]   DUMMY -> send sync 24B
[  32.116]       <<< RX chan1 134B: 80000082830d000000000001d4030000bd000000c7e7ffff0d00000000000103...
[  32.116]       <<< RX chan1 140B: 80000088830d000000000001d5030000bd000000c3e7ffff0d00000000000101...
[  32.116]       <<< RX chan1 170B: 800000a6830701769454005a14000000000000000000000000000000001b0200...
[  32.166]       <<< RX chan1 119B: 80000073830d0000000000000403fc0d000000000001d6030000bb000000bbe7...
[  32.166]       <<< RX chan1 119B: 80000073830d000000000000f400ec0d000000000001d7030000bb000000b7e7...
[  32.166]       <<< RX chan1 165B: 800000a1830d000000000001d7030000ba000000b3e7ffff0d00000000030d00...
[  32.216]       <<< RX chan1 115B: 8000006f830d000000000001d8030000ba000000afe7ffff0d000000000001f9...
[  32.216]       <<< RX chan1 109B: 80000069830d000000000001d9030000b9000000abe7ffff0d000000000001f7...
[  32.216]       <<< RX chan1 119B: 80000073830d000000000001d9030000b9000000a7e7ffff0d000000000001f6...
[  32.238]   DUMMY <<< RX app=6 chan=1 81B: 8000004d0858fbbded5ddc184000000001505050505050505050505050505050...
[  32.238]       <<< RX chan1 183B: 800000b3830d000000000001da030000b8000000a3e7ffff0d000000000001f4...
[  32.254]       <<< RX chan1 165B: 800000a1830d000000000000f400eb0d000000000001db030000b80000009fe7...
[  32.304]       <<< RX chan1 139B: 80000087830d000000000000f300eb0d000000000001db030000b70000009be7...
[  32.304]       <<< RX chan1 135B: 80000083830d000000000000f3ffeb0d000000000001dc030000b700000097e7...
[  32.304]       <<< RX chan1 151B: 800000938323dc7d59000d000000000001dc030000b600000093e7ffff0d0000...
[  32.355]       <<< RX chan1 119B: 80000073830d0000000000000503fc0d000000000001dd030000b50000008fe7...
[  32.355]       <<< RX chan1 125B: 80000079830d000000000000f3ffea0d000000000001de030000b50000008be7...
[  32.355]       <<< RX chan1 140B: 80000088830d000000000001de030000b400000087e7ffff0d00000000030d00...
[  32.405]       <<< RX chan1 103B: 80000063830d000000000001df030000b400000083e7ffff0d000000000001e7...
[  32.405]       <<< RX chan1 134B: 80000082830d000000000001e0030000b30000007fe7ffff0d000000000001e5...
[  32.405]       <<< RX chan1 109B: 80000069830d000000000001e0030000b30000007be7ffff0d000000000001e4...
[  32.456]       <<< RX chan1 220B: 800000d8830204c9a5b80ce201ff01012072627861737365743a2f2f736f756e...
[  32.456]       <<< RX chan1 127B: 8000007b830d000000000000f2ffe90d000000000001e2030000b200000073e7...
[  32.456]       <<< RX chan1 119B: 80000073830d000000000001e2030000b10000006fe7ffff0d000000000001df...
[  32.506]       <<< RX chan1 121B: 80000075830d000000000001e3030000b00000006be7ffff0d00000000010d00...
[  32.506]       <<< RX chan1 103B: 80000063830d000000000001e3030000b000000067e7ffff0d00000000030d00...
[  32.506]       <<< RX chan1 271B: 8000010b830d000000000001e4030000af00000063e7ffff0d00000000010d00...
[quic] DATAGRAM 32B: 033c00830510a03b750100000000a03b75010000000000000000010000000000
[  32.556]       <<< RX chan1 145B: 8000008d830d000000000000f2ffe80d0000000000000603fc0d000000000001...
[  32.556]       <<< RX chan1 167B: 800000a3830d000000000001e5030000ae0000005be7ffff0d00000000030d00...
[  32.556]       <<< RX chan1 140B: 80000088830d000000000001e6030000ae00000057e7ffff0d000000000001d5...
[  32.607]       <<< RX chan1 134B: 80000082830d000000000001e7030000ad00000053e7ffff0d000000000001d3...
[  32.607]       <<< RX chan1 150B: 80000092830d000000000000f1ffe80d000000000001e7030000ad0000004fe7...
[  32.607]       <<< RX chan1 188B: 800000b8830701769454005a14000000000000000000000000000000000d0000...
[  32.657]       <<< RX chan1 156B: 80000098830d000000000000f1fee70d000000000001e8030000ab00000047e7...
[  32.657]       <<< RX chan1 93B: 80000059830d000000000001e9030000ab00000043e7ffff0d000000000001cc...
[  32.657]       <<< RX chan1 125B: 80000079830d000000000001ea030000aa0000003fe7ffff0d00000000010d00...
[  32.707]       <<< RX chan1 109B: 80000069830d000000000001ea030000aa0000003be7ffff0d00000000030d00...
[  32.707]       <<< RX chan1 123B: 80000077831b0100000001bfb154000d000000000001eb030000a900000037e7...
[  32.707]       <<< RX chan1 123B: 80000077830d000000000000f1fee60d000000000001ec030000a900000033e7...
[  32.707]       <<< RX chan1 119B: 80000073830d0000000000000703fb0d000000000001ec030000a80000002fe7...
[  32.758]       <<< RX chan1 166B: 800000a2830d000000000000f0fee60d000000000001ed030000a70000002be7...
[  32.758]       <<< RX chan1 125B: 80000079830d000000000001ee030000a700000027e7ffff0d000000000001c1...
[  32.808]       <<< RX chan1 121B: 80000075830d000000000001ee030000a600000023e7ffff0d00000000010d00...
[  32.808]       <<< RX chan1 97B: 8000005d830d000000000001ef030000a60000001fe7ffff0d000000000001be...
[  32.808]       <<< RX chan1 139B: 80000087830d000000000000f0fee50d000000000001ef030000a50000001be7...
[  32.808]       <<< RX chan1 159B: 8000009b830d000000000001f0030000a500000017e7ffff0d000000000001ba...
[  32.858]       <<< RX chan1 170B: 800000a6830d000000000000f0fde50d000000000001f1030000a400000013e7...
[  32.859]       <<< RX chan1 170B: 800000a6830d000000000001f1030000a30000000fe7ffff0d00000000030d00...
[  32.859]       <<< RX chan1 109B: 80000069830d000000000001f2030000a30000000be7ffff0d000000000001b5...
[  32.909]       <<< RX chan1 147B: 8000008f830d000000000000effde50d000000000001f3030000a200000007e7...
[  32.909]       <<< RX chan1 150B: 80000092830d000000000000effde40d000000000001f3030000a200000003e7...
[  32.909]       <<< RX chan1 169B: 800000a5830d0000000000000803fb0d000000000001f4030000a1000000ffe6...
[  32.959]       <<< RX chan1 172B: 800000a8830201d4b254006900ff00000000008096184b000000000200000000...
[  32.959]       <<< RX chan1 103B: 80000063830d000000000001f5030000a0000000f7e6ffff0d000000000001ad...
[  32.959]       <<< RX chan1 109B: 80000069830d000000000001f60300009f000000f3e6ffff0d00000000010d00...
[  33.009]       <<< RX chan1 131B: 8000007f830d000000000000effde30d000000000001f60300009f000000efe6...
[  33.009]       <<< RX chan1 103B: 80000063830d000000000001f70300009e000000ebe6ffff0d000000000001a8...
[  33.009]       <<< RX chan1 128B: 8000007c830d000000000001f80300009e000000e7e6ffff0d000000000001a7...
[quic] DATAGRAM 32B: 033d00830510a43d750100000000a43d75010000000000000000010000000000
[  33.060]       <<< RX chan1 125B: 80000079830d000000000000eefde30d000000000001f80300009d000000e3e6...
[  33.060]       <<< RX chan1 223B: 800000db830d000000000000eefce30d000000000001f90300009d000000dfe6...
[  33.060]       <<< RX chan1 119B: 80000073830d000000000001fa0300009c000000dbe6ffff0d000000000001a2...
[  33.110]   DUMMY -> send ping 77B
[  33.110]       <<< RX chan1 131B: 8000007f830d000000000000eefce20d000000000001fa0300009b000000d7e6...
[  33.110]       <<< RX chan1 125B: 80000079830d000000000001fb0300009b000000d3e6ffff0d0000000000019e...
[  33.111]       <<< RX chan1 132B: 80000080830d0000000000000903fb0d000000000001fc0300009a000000cfe6...
[  33.161]       <<< RX chan1 165B: 800000a1830d000000000001fc0300009a000000cbe6ffff0d0000000000019b...
[  33.161]       <<< RX chan1 134B: 80000082830d000000000001fd03000099000000c7e6ffff0d00000000000199...
[  33.161]       <<< RX chan1 163B: 8000009f830d000000000000eefce10d000000000001fd03000098000000c3e6...
[  33.211]       <<< RX chan1 170B: 800000a6831b0100000001d4b254000d000000000000fd01fe0d00000000030d...
[  33.211]       <<< RX chan1 103B: 80000063830d000000000000edfce10d000000000001ff03000097000000bbe6...
[  33.211]       <<< RX chan1 178B: 800000ae830701769454005a1400000000000000000000000000000000070176...
[  33.230]   DUMMY <<< RX app=6 chan=1 81B: 8000004d0858fbbded5ddc184000000001505050505050505050505050505050...
[  33.231]       <<< RX chan1 146B: 8000008e830701769454005a14000000000000000000000000000000000d0000...
[  33.246]       <<< RX chan1 165B: 800000a1830d0000000000010104000095000000afe6ffff0d00000000010d00...
[  33.296]       <<< RX chan1 184B: 800000b4830701769454005a14000000000000000000000000000000000d0000...
[  33.296]       <<< RX chan1 115B: 8000006f830d0000000000010204000094000000a7e6ffff0d0000000000018c...
[  33.296]       <<< RX chan1 189B: 800000b98323cc7e59000d0000000000000a03fb0d0000000000010304000094...
[  33.347]       <<< RX chan1 128B: 8000007c830d00000000000103040000930000009fe6ffff0d00000000000189...
[  33.347]       <<< RX chan1 165B: 800000a1831b0100000004c9a5b80c0d00000000000104040000920000009be6...
[  33.347]       <<< RX chan1 140B: 80000088830d000000000000ecfbdf0d00000000020d00000000000104040000...
[  33.397]       <<< RX chan1 122B: 80000076830d000000000001050400009100000093e6ffff0d00000000000184...
[  33.397]       <<< RX chan1 112B: 8000006c830d00000000000106040000910000008fe6ffff0d00000000000182...
[  33.397]       <<< RX chan1 144B: 8000008c830d000000000000ecfadf0d0000000000000a03fa0d000000000001...
[  33.448]       <<< RX chan1 221B: 800000d9830d000000000001070400008f00000086e6ffff0d00000000010d00...
[  33.448]       <<< RX chan1 212B: 800000d0830701769454005a14000000000000000000000000000000001b0600...
[  33.448]       <<< RX chan1 122B: 80000076830d000000000000ecfade0d000000000001080400008e0000007ee6...
[  33.498]       <<< RX chan1 138B: 80000086830d000000000001090400008e0000007ae6ffff0d00000000020d00...
[  33.498]       <<< RX chan1 124B: 800000788301011bb254000d0000000000010a0400008d00000076e6ffff0d00...
[  33.498]       <<< RX chan1 222B: 800000da830d000000000000ebfade0d0000000000000a02fa0d00000000030d...
[  33.549]       <<< RX chan1 142B: 8000008a830701769454005a14000000000000000000000000000000000d0000...
[  33.549]       <<< RX chan1 159B: 8000009b830d000000000000ebfadd0d0000000000010b0400008b0000006ae6...
[  33.549]       <<< RX chan1 112B: 8000006c830d0000000000010c0400008b00000066e6ffff0d00000000020d00...
[quic] DATAGRAM 32B: 033e00830510a93f750100000000aa3f75010000000000000000010000000000
[  33.599]       <<< RX chan1 316B: 80000138830701769454005a1400000000000000000000000000000000070176...
[  33.599]       <<< RX chan1 240B: 800000ec830d0000000000010d040000890000005ee6ffff0d00000000030d00...
[  33.599]       <<< RX chan1 128B: 8000007c830d0000000000010e040000890000005ae6ffff0d00000000020d00...
[  33.649]       <<< RX chan1 159B: 8000009b830d0000000000010f0400008800000056e6ffff0d00000000020d00...
[  33.649]       <<< RX chan1 150B: 80000092830d000000000000ebf9dc0d0000000000010f0400008800000052e6...
[  33.649]       <<< RX chan1 146B: 8000008e830d000000000000eaf9dc0d00000000000110040000870000004ee6...
[  33.700]       <<< RX chan1 190B: 800000ba830d00000000000111040000860000004ae6ffff0d00000000020d00...
[  33.700]       <<< RX chan1 159B: 8000009b830d000000000001110400008600000046e6ffff0d00000000020d00...
[  33.700]       <<< RX chan1 138B: 80000086830d000000000000eaf8dc0d0000000000000c02fa0d000000000001...
[  33.750]       <<< RX chan1 213B: 800000d1830d000000000000eaf8db0d00000000000112040000840000003ee6...
[  33.750]       <<< RX chan1 134B: 80000082830d00000000000113040000840000003ae6ffff0d00000000020d00...
[  33.750]       <<< RX chan1 1154B: 800018f6831b0200000001c89b540001c99b540003011f695400a12701010f69...
[  33.751]       <<< RX chan1 1154B: 4ac700c4c9d59649c99b38ba058b6bc00f255654757efbff51bedc5151beb461...
[  33.751]       <<< RX chan1 1154B: ff97519bc90425291a92f70e1e65815eb861fc4c53597cf65f889c0f5e57eae2...
[  33.751]       <<< RX chan1 1154B: 6cff4c5be9fb671a2fafafae49a477e739eb55509dd0cf55bf187750c882572e...
[  33.751]       <<< RX chan1 1154B: f0f3093f973013ea8497cc24b4098330f70ee823dab772d684b4b70c93abad02...
[  33.751]       <<< RX chan1 624B: 5341dad9d36c22c30c6a5d28d870a4e8dbedc869eaa72d42a319082b7a9b8116...
[  33.751]       <<< RX chan1 11B: 8000000783233c7f590000
[  33.801]       <<< RX chan1 118B: 80000072830d000000000001140400008300000032e6ffff0d00000000030d00...
[  33.801]       <<< RX chan1 148B: 80000090830701769454005a14000000000000000000000000000000000d0000...
[  33.801]       <<< RX chan1 159B: 8000009b830d00000000000116040000810000002ae6ffff0d00000000010d00...
[  33.851]       <<< RX chan1 148B: 80000090830701769454005a14000000000000000000000000000000000101ed...
[  33.851]       <<< RX chan1 202B: 800000c6830101167954000d000000000001170400008000000022e6ffff0d00...
[  33.851]       <<< RX chan1 159B: 8000009b830d0000000000000c01fa0d000000000001170400007f0000001ee6...
[  33.902]       <<< RX chan1 106B: 80000066830d000000000001180400007f0000001ae6ffff0d00000000000153...
[  33.902]       <<< RX chan1 134B: 80000082830d000000000001190400007e00000016e6ffff0d00000000000151...
[  33.902]       <<< RX chan1 203B: 800000c7830d0000000000000d01fa0d000000000001190400007e00000012e6...
[  33.952]       <<< RX chan1 155B: 80000097830d0000000000011a0400007d0000000ee6ffff0d0000000000014e...
[  33.952]       <<< RX chan1 144B: 8000008c830d0000000000011b0400007c0000000ae6ffff0d0000000000014c...
[  33.952]       <<< RX chan1 118B: 80000072830d0000000000011b0400007c00000006e6ffff0d00000000030d00...
[  34.002]       <<< RX chan1 140B: 80000088830d0000000000011c0400007b00000002e6ffff0d00000000000149...
[  34.002]       <<< RX chan1 142B: 8000008a830701769454005a14000000000000000000000000000000000d0000...
[  34.003]       <<< RX chan1 198B: 800000c2830701769454005a14000000000000000000000000000000000d0000...
[  34.053]       <<< RX chan1 136B: 80000084830701769454005a14000000000000000000000000000000000d0000...
[  34.053]       <<< RX chan1 179B: 800000af830701769454005a14000000000000000000000000000000000d0000...
[  34.053]       <<< RX chan1 168B: 800000a4830d0000000000011f04000078000000eee5ffff0d00000000000141...
[  34.103]   DUMMY -> send ping 77B
[quic] DATAGRAM 32B: 033f00830510ad41750100000000ad4175010000000000000000010000000000
[  34.104]       <<< RX chan1 124B: 80000078830d0000000000012004000077000000eae5ffff0d0000000000013f...
[  34.104]       <<< RX chan1 186B: 800000b6830d0000000000012004000077000000e6e5ffff0d00000000030d00...
[  34.104]       <<< RX chan1 150B: 80000092830d0000000000000e01fa0d0000000000012104000076000000e2e5...
[  34.154]       <<< RX chan1 150B: 80000092830d0000000000000e00fa0d0000000000012204000075000000dee5...
[  34.154]       <<< RX chan1 130B: 8000007e830d0000000000012204000075000000dae5ffff0d00000000030d00...
[  34.154]       <<< RX chan1 93B: 80000059830d0000000000012304000074000000d6e5ffff0d00000000000137...
[  34.205]       <<< RX chan1 112B: 8000006c830d0000000000012404000073000000d2e5ffff0d00000000010d00...
[  34.205]       <<< RX chan1 124B: 80000078830d0000000000012404000073000000cee5ffff0d00000000000133...
[  34.205]       <<< RX chan1 146B: 8000008e830701769454005a14000000000000000000000000000000000101e2...
[  34.225]   DUMMY <<< RX app=6 chan=1 81B: 8000004d0858fbbded5ddc184000000001505050505050505050505050505050...
[  34.225]       <<< RX chan1 218B: 800000d6830d0000000000012504000071000000c6e5ffff0d00000000030d00...
[  34.225]       <<< RX chan1 256B: 800000fc83020409d981145a01ff0000000080c7ddd740051324417474726962...
[  34.242]       <<< RX chan1 118B: 80000072830d0000000000012704000070000000bee5ffff0d0000000000012d...
[  34.292]       <<< RX chan1 142B: 8000008a830701769454005a14000000000000000000000000000000000d0000...
[  34.292]       <<< RX chan1 146B: 8000008e830701769454005a14000000000000000000000000000000000d0000...
[  34.292]       <<< RX chan1 135B: 800000838323bc7f59000701769454005a140000000000000000000000000000...
[  34.342]       <<< RX chan1 173B: 800000a9830701769454005a14000000000000000000000000000000000d0000...
[  34.342]       <<< RX chan1 147B: 8000008f830d0000000000000ffff90d0000000000012a0400006d000000aae5...
[  34.342]       <<< RX chan1 112B: 8000006c830d0000000000012b0400006c000000a6e5ffff0d00000000000123...
[  34.393]       <<< RX chan1 149B: 80000091830d0000000000012b0400006c000000a2e5ffff0d00000000000121...
[  34.393]       <<< RX chan1 112B: 8000006c830d0000000000012c0400006b0000009ee5ffff0d00000000000120...
[  34.393]       <<< RX chan1 199B: 800000c3830d0000000000012c0400006a0000009ae5ffff0d00000000030d00...
[  34.443]       <<< RX chan1 143B: 8000008b830d0000000000012d0400006a00000096e5ffff0d0000000000011c...
[  34.443]       <<< RX chan1 112B: 8000006c830d0000000000012e0400006900000092e5ffff0d0000000000011b...
[  34.443]       <<< RX chan1 174B: 800000aa830d0000000000012e040000680000008ee5ffff0d00000000030d00...
[  34.494]       <<< RX chan1 124B: 80000078830d0000000000012f040000680000008ae5ffff0d00000000000117...
[  34.494]       <<< RX chan1 128B: 8000007c830d00000000000010fff90d000000000001300400006700000086e5...
[  34.494]       <<< RX chan1 148B: 80000090830701769454005a14000000000000000000000000000000000d0000...
[  34.544]       <<< RX chan1 112B: 8000006c830d00000000000131040000660000007ee5ffff0d00000000000113...
[  34.544]       <<< RX chan1 165B: 800000a1830701769454005b14000701769454005614010d00000000000010fe...
[  34.544]       <<< RX chan1 365B: 80000169831b020000000127a654000128a65400030172945400a12701015f94...
[quic] DATAGRAM 33B: 03404000830510b243750100000000b24375010000000000000000010000000000
[  34.595]       <<< RX chan1 130B: 8000007e830d000000000001330400006400000072e5ffff0d0000000000010e...
[  34.595]       <<< RX chan1 130B: 8000007e830d00000000000133040000630000006ee5ffff0d00000000030d00...
[  34.595]       <<< RX chan1 201B: 800000c5830d00000000000134040000620000006ae5ffff0d00000000010d00...
[  34.645]       <<< RX chan1 93B: 80000059830d000000000001350400006200000066e5ffff0d00000000000109...
[  34.645]       <<< RX chan1 124B: 80000078830d000000000001350400006100000062e5ffff0d00000000030d00...
[  34.645]       <<< RX chan1 180B: 800000b0830d00000000000136040000600000005ee5ffff0d00000000010d00...
[  34.696]       <<< RX chan1 106B: 80000066830d00000000000137040000600000005ae5ffff0d00000000000104...
[  34.696]       <<< RX chan1 122B: 80000076830d00000000000011fef90d000000000001370400005f00000056e5...
[  34.696]       <<< RX chan1 134B: 80000082830d00000000000011fdf90d000000000001380400005e00000052e5...
[  34.746]       <<< RX chan1 106B: 80000066830d000000000001390400005e0000004ee5ffff0d000000000001ff...
[  34.746]       <<< RX chan1 124B: 80000078830d000000000001390400005d0000004ae5ffff0d000000000001fd...
[  34.746]       <<< RX chan1 171B: 800000a7830d0000000000013a0400005c00000046e5ffff0d00000000010d00...
[  34.796]       <<< RX chan1 124B: 80000078830d0000000000013a0400005c00000042e5ffff0d00000000030d00...
[  34.796]       <<< RX chan1 118B: 80000072830d0000000000013b0400005b0000003ee5ffff0d000000000001f8...
[  34.796]       <<< RX chan1 155B: 80000097830d0000000000013c0400005a0000003ae5ffff0d00000000010d00...
[  34.847]       <<< RX chan1 143B: 8000008b830d0000000000013c0400005a00000036e5ffff0d00000000030d00...
[  34.847]       <<< RX chan1 118B: 80000072830d0000000000013d0400005900000032e5ffff0d000000000001f3...
[  34.847]       <<< RX chan1 149B: 80000091830d0000000000013e040000580000002ee5ffff0d00000000010d00...
[  34.897]       <<< RX chan1 128B: 8000007c830d00000000000011fcf90d0000000000013e040000580000002ae5...
[  34.897]       <<< RX chan1 134B: 80000082830d00000000000012fcf90d0000000000013f0400005700000026e5...
[  34.897]       <<< RX chan1 118B: 80000072830d000000000001400400005600000022e5ffff0d000000000001ed...
[  34.947]       <<< RX chan1 112B: 8000006c830d00000000000140040000560000001ee5ffff0d000000000001eb...
[  34.948]       <<< RX chan1 112B: 8000006c830d00000000000141040000550000001ae5ffff0d000000000001e9...
[  34.948]       <<< RX chan1 122B: 80000076831b010000000164b354000d000000000001410400005400000016e5...
[  34.998]       <<< RX chan1 112B: 8000006c830d000000000001420400005400000012e5ffff0d000000000001e6...
[  34.998]       <<< RX chan1 140B: 80000088830d00000000000012fcf80d00000000000143040000530000000ee5...
[  34.998]       <<< RX chan1 93B: 80000059830d00000000000143040000520000000ae5ffff0d00000000030d00...
[  35.048]       <<< RX chan1 153B: 80000095830d00000000000012fbf80d000000000001440400005200000006e5...
[  35.049]       <<< RX chan1 112B: 8000006c830d000000000001450400005100000002e5ffff0d000000000001e0...
[  35.049]       <<< RX chan1 143B: 8000008b830d0000000000014504000050000000fee4ffff0d000000000001de...
[quic] DATAGRAM 33B: 03404100830510a645750100000000a64575010000000000000000010000000000
[  35.099]       <<< RX chan1 155B: 80000097830d000000000001460400004f000000fae4ffff0d00000000010d00...
[  35.099]       <<< RX chan1 159B: 8000009b830d00000000000013fbf80d000000000001470400004f000000f6e4...
[  35.099]       <<< RX chan1 133B: 80000081830d000000000001470400004e000000f2e4ffff0d000000000001d9...
[  35.149]   DUMMY -> send ping 77B
[  35.150]       <<< RX chan1 149B: 80000091830d000000000001480400004d000000eee4ffff0d00000000010d00...
[  35.150]       <<< RX chan1 124B: 80000078830d000000000001480400004d000000eae4ffff0d00000000030d00...
[  35.150]       <<< RX chan1 147B: 8000008f830d00000000000013faf80d000000000001490400004c000000e6e4...
[  35.200]       <<< RX chan1 165B: 800000a1831b0100000004ea7587590d0000000000014a0400004b000000e2e4...
[  35.200]       <<< RX chan1 99B: 8000005f830d0000000000014a0400004b000000dee4ffff0d00000000030d00...
[  35.200]       <<< RX chan1 106B: 80000066830d0000000000014b0400004a000000dae4ffff0d000000000001cf...
[  35.250]       <<< RX chan1 118B: 80000072830d0000000000014c04000049000000d6e4ffff0d000000000001cd...
[  35.250]       <<< RX chan1 124B: 80000078830d0000000000014c04000049000000d2e4ffff0d000000000001cc...
[  35.250]       <<< RX chan1 124B: 80000078830d0000000000014d04000048000000cee4ffff0d000000000001ca...
[  35.272]   DUMMY <<< RX app=6 chan=1 81B: 8000004d0858fbbded5ddc184000000001505050505050505050505050505050...
[  35.272]       <<< RX chan1 128B: 8000007c830d00000000000014faf80d0000000000014d04000047000000cae4...
[  35.323]       <<< RX chan1 153B: 80000095830d00000000000014f9f80d0000000000014e04000046000000c6e4...
[  35.323]       <<< RX chan1 117B: 800000718323ac8059000d0000000000014f04000046000000c2e4ffff0d0000...
[  35.323]       <<< RX chan1 128B: 8000007c831b01000000017cb354000d0000000000014f04000045000000bee4...
[  35.373]       <<< RX chan1 118B: 80000072830d0000000000015004000044000000bae4ffff0d00000000010d00...
[  35.373]       <<< RX chan1 112B: 8000006c830d0000000000015104000044000000b6e4ffff0d000000000001c0...
[  35.373]       <<< RX chan1 99B: 8000005f830d0000000000015104000043000000b2e4ffff0d00000000030d00...
[  35.424]       <<< RX chan1 112B: 8000006c830d0000000000015204000042000000aee4ffff0d000000000001bd...
[  35.424]       <<< RX chan1 205B: 800000c9830d0000000000015304000041000000aae4ffff0d00000000010d00...
[  35.424]       <<< RX chan1 128B: 8000007c830d00000000000014f8f80d0000000000015304000041000000a6e4...
[  35.474]       <<< RX chan1 118B: 80000072830d0000000000015404000040000000a2e4ffff0d000000000001b8...
[  35.474]       <<< RX chan1 266B: 800001068302019db354006900ff00000000008096184b000000000200000000...
[  35.474]       <<< RX chan1 122B: 80000076830d00000000000015f8f80d000000000001550400003f0000009ae4...
[  35.525]       <<< RX chan1 118B: 80000072830d000000000001560400003e00000096e4ffff0d000000000001b3...
[  35.525]       <<< RX chan1 155B: 80000097830d000000000001560400003d00000092e4ffff0d00000000030d00...
[  35.525]       <<< RX chan1 149B: 800000918301012f7954000d000000000001570400003d0000008ee4ffff0d00...
[  35.525]       <<< RX chan1 118B: 80000072830d000000000001580400003c0000008ae4ffff0d000000000001ae...
[  35.575]       <<< RX chan1 130B: 8000007e830d000000000001580400003b00000085e4ffff0d00000000020d00...
[  35.575]       <<< RX chan1 236B: 800000e8830d000000000001590400003a00000081e4ffff0d00000000010d00...
[  35.576]       <<< RX chan1 118B: 80000072830d0000000000015a0400003a0000007de4ffff0d00000000020d00...
[quic] DATAGRAM 33B: 03404200830510ab47750100000000ab4775010000000000000000010000000000
[  35.626]       <<< RX chan1 143B: 8000008b830d0000000000015a0400003900000079e4ffff0d00000000020d00...
[  35.626]       <<< RX chan1 151B: 80000093830d0000000000015b0400003800000075e4ffff0d00000000020d00...
[  35.626]       <<< RX chan1 174B: 800000aa830d0000000000015b0400003800000071e4ffff0d00000000030d00...
[  35.676]       <<< RX chan1 140B: 80000088831b010000000196b354000d0000000000015c040000370000006de4...
[  35.676]       <<< RX chan1 124B: 80000078830d0000000000015d0400003600000069e4ffff0d00000000020d00...
[  35.676]       <<< RX chan1 205B: 800000c9830d0000000000015d0400003500000065e4ffff0d00000000030d00...
[  35.727]       <<< RX chan1 148B: 80000090831b01000000019db354001b01000000019eb354001b01000000019f...
[  35.727]       <<< RX chan1 134B: 80000082830d0000000000015f040000340000005de4ffff0d00000000020d00...
[  35.727]       <<< RX chan1 186B: 800000b6830d0000000000015f0400003300000059e4ffff0d00000000020d00...
[  35.777]       <<< RX chan1 143B: 8000008b830d000000000001600400003200000055e4ffff0d00000000010d00...
[  35.777]       <<< RX chan1 199B: 800000c3830d000000000001610400003200000051e4ffff0d00000000020d00...
[  35.777]       <<< RX chan1 124B: 80000078830d00000000000161040000310000004de4ffff0d00000000020d00...
[  35.828]       <<< RX chan1 174B: 800000aa830d000000000001620400003000000049e4ffff0d00000000010d00...
[  35.828]       <<< RX chan1 149B: 80000091830d000000000001620400003000000045e4ffff0d00000000030d00...
[  35.828]       <<< RX chan1 118B: 80000072830d000000000001630400002f00000041e4ffff0d00000000020d00...
[  35.878]       <<< RX chan1 118B: 80000072830d000000000001640400002e0000003de4ffff0d00000000020d00...
[  35.878]       <<< RX chan1 193B: 800000bd830d000000000001640400002d00000039e4ffff0d00000000030d00...
[  35.878]       <<< RX chan1 180B: 800000b0831b040000000104b154000105b154000106b15400011ab254000d00...
[  35.928]       <<< RX chan1 155B: 80000097830d000000000001660400002c00000031e4ffff0d00000000020d00...
[  35.928]       <<< RX chan1 155B: 80000097830d000000000001660400002b0000002de4ffff0d00000000020d00...
[  35.928]       <<< RX chan1 174B: 800000aa830d000000000001670400002a00000029e4ffff0d00000000010d00...
[  35.978]       <<< RX chan1 109B: 80000069831b0100000001afb354000d000000000001680400002a00000025e4...
[  35.979]       <<< RX chan1 149B: 80000091830d000000000001680400002900000021e4ffff0d00000000020d00...
[  35.979]       <<< RX chan1 106B: 80000066830d00000000000169040000280000001de4ffff0d00000000000182...
[  36.029]       <<< RX chan1 124B: 80000078830d000000000001690400002800000019e4ffff0d00000000030d00...
[  36.029]       <<< RX chan1 124B: 80000078830d0000000000016a0400002700000015e4ffff0d0000000000017e...
[  36.029]       <<< RX chan1 118B: 80000072830d0000000000016b0400002600000011e4ffff0d0000000000017d...
[  36.079]       <<< RX chan1 143B: 8000008b830d0000000000016b040000250000000de4ffff0d00000000030d00...
[  36.080]       <<< RX chan1 137B: 80000085830d0000000000016c0400002500000009e4ffff0d00000000000179...
[  36.080]       <<< RX chan1 149B: 80000091830d0000000000016d0400002400000005e4ffff0d00000000000178...
[  36.130]   DUMMY -> send ping 77B
[quic] DATAGRAM 33B: 03404300830510af49750100000000af4975010000000000000000010000000000
[  36.130]       <<< RX chan1 106B: 80000066830d0000000000016d0400002300000001e4ffff0d00000000000176...
[  36.130]       <<< RX chan1 140B: 80000088830d0000000000016e04000022000000fde3ffff0d00000000010d00...
[  36.130]       <<< RX chan1 132B: 80000080830d0000000000016f04000022000000f9e3ffff0d00000000000173...
[  36.181]       <<< RX chan1 118B: 80000072830d0000000000016f04000021000000f5e3ffff0d00000000000171...
[  36.181]       <<< RX chan1 112B: 8000006c830d0000000000017004000020000000f1e3ffff0d00000000000170...
[  36.181]       <<< RX chan1 143B: 8000008b830d000000000001700400001f000000ede3ffff0d00000000030d00...
[  36.231]       <<< RX chan1 118B: 80000072830d000000000001710400001f000000e9e3ffff0d0000000000016c...
[  36.231]       <<< RX chan1 153B: 80000095831b0100000001c3b354000d000000000001720400001e000000e5e3...
[  36.231]       <<< RX chan1 124B: 80000078830d000000000001720400001d000000e1e3ffff0d00000000030d00...
[  36.257]   DUMMY <<< RX app=6 chan=1 81B: 8000004d0858fbbded5ddc184000000001505050505050505050505050505050...
[  36.257]       <<< RX chan1 155B: 80000097830d000000000001730400001c000000dde3ffff0d00000000010d00...
[  36.272]       <<< RX chan1 149B: 80000091830d000000000001740400001c000000d9e3ffff0d00000000000166...
[  36.322]       <<< RX chan1 149B: 80000091830d000000000001740400001b000000d5e3ffff0d00000000000164...
[  36.322]       <<< RX chan1 160B: 8000009c83239c8159000d000000000001750400001a000000d1e3ffff0d0000...
[  36.322]       <<< RX chan1 180B: 800000b0830d0000000000017604000019000000cde3ffff0d00000000010d00...
[  36.372]       <<< RX chan1 93B: 80000059830d0000000000017604000019000000c9e3ffff0d0000000000015f...
[  36.373]       <<< RX chan1 112B: 8000006c830d0000000000017704000018000000c5e3ffff0d0000000000015e...
[  36.373]       <<< RX chan1 112B: 8000006c830d0000000000017704000017000000c1e3ffff0d00000000030d00...
[  36.423]       <<< RX chan1 118B: 80000072830d0000000000017804000016000000bde3ffff0d00000000010d00...
[  36.423]       <<< RX chan1 224B: 800000dc830d0000000000017904000016000000b9e3ffff0d00000000000159...
[  36.423]       <<< RX chan1 118B: 80000072830d0000000000017904000015000000b5e3ffff0d00000000030d00...
[  36.473]       <<< RX chan1 118B: 80000072830d0000000000017a04000014000000b1e3ffff0d00000000000155...
[  36.473]       <<< RX chan1 112B: 8000006c830d0000000000017b04000013000000ade3ffff0d00000000010d00...
[  36.473]       <<< RX chan1 147B: 8000008f831b0100000001d3b354000d0000000000017b04000013000000a9e3...
[  36.524]       <<< RX chan1 143B: 8000008b830d0000000000017c04000012000000a5e3ffff0d00000000000150...
[  36.524]       <<< RX chan1 112B: 8000006c830d0000000000017d04000011000000a1e3ffff0d0000000000014f...
[  36.524]       <<< RX chan1 124B: 80000078830d0000000000017d040000100000009de3ffff0d00000000010d00...
[  36.574]       <<< RX chan1 118B: 80000072830d0000000000017e0400001000000099e3ffff0d0000000000014b...
[  36.574]       <<< RX chan1 124B: 80000078830d0000000000017e0400000f00000095e3ffff0d00000000030d00...
[  36.574]       <<< RX chan1 143B: 8000008b830d0000000000017f0400000e00000091e3ffff0d00000000000148...
[quic] DATAGRAM 33B: 03404400830510a44b750100000000a44b75010000000000000000010000000000
[  36.625]       <<< RX chan1 155B: 80000097830d000000000001800400000d0000008de3ffff0d00000000000146...
[  36.625]       <<< RX chan1 149B: 80000091830d000000000001800400000c00000089e3ffff0d00000000030d00...
[  36.625]       <<< RX chan1 137B: 80000085830d000000000001810400000c00000085e3ffff0d00000000000143...
[  36.625]       <<< RX chan1 164B: 800000a0830d000000000001820400000b00000081e3ffff0d00000000000142...
[  36.675]       <<< RX chan1 1154B: 80004f28830301a3aa5400a127010178a854000201fbb354002902ffff01a4aa...
[  36.675]       <<< RX chan1 1154B: c0a31b29821bcc95a6b30c2d2d6b95843703215bf2a6a287c36758330b6aa62e...
[  36.675]       <<< RX chan1 1154B: 26864b9382f075996ba6dfe0ccdf66d198aca2952c77afcb5c16315e97bb686e...
[  36.676]       <<< RX chan1 1154B: 0438b3c3772e736f54822181140b365148f2bacccd72e75e971bd5decb48267c...
[  36.676]       <<< RX chan1 1154B: 9c54d58d6c449ecb0544bba9428f3643a5e0db6835dad1c5260d45c7df7ed210...
[  36.676]       <<< RX chan1 1154B: ea4acaaaaa5a4585a2925255757945b7081088469daa514dd4262794732a8d32...
[  36.676]       <<< RX chan1 1154B: 93848d0e4a39aceb9e396955d2f58a65c2424e5deed27092a93275995be97dba...
[  36.676]       <<< RX chan1 1154B: 5281f447547760570baf33e2e29236b1e0d9d981eb810357af2eae2db02c312d...
[  36.676]       <<< RX chan1 1154B: a2eae21aa0c5b5b525a5656515958555a5aa465541797981811120309d42a7a6...
[  36.676]       <<< RX chan1 1154B: 2a60851b16022186ce582dd640c12b4a24144367ac9e71077eca6b36aeca18d4...
[  36.676]       <<< RX chan1 1154B: d084093a882436bd6007e12ffa13d3783444e8c33795df8709ab3f6000a1c7f4...
[  36.676]       <<< RX chan1 1154B: 83860e182e70e07041835c41c3050901d845d8b021c2dd5d03060b3260c0a0e0...
[  36.676]       <<< RX chan1 1154B: ca8ac0742a2a40eac96a7d529ba64d4d5026a6ea55175581024b4e4e4d4bb0d4...
[  36.676]       <<< RX chan1 1154B: a8fb9ac872baee19a0f584eb2964c3c3dd2986ccd0b31d523ec1227ed72364a1...
[  36.676]       <<< RX chan1 1154B: 999de05ea3d08fe62fd1eb4b38df319383ff4577e47e106bd1ed2e0d86ebef56...
[  36.676]       <<< RX chan1 1154B: b7f884925879b3c0ad3ddc1233319c3ae0e7eee5bcd1d0167d7c11d6300c1f86...
[  36.676]       <<< RX chan1 1154B: 5f1e47c467d248b6de11f0da3436a49531b93c17b77cdcc886d609c0a53ff9c6...
[  36.676]       <<< RX chan1 650B: fc69cadda26d8cf009e65bfb4be31aa6ef5064899fea086231f898b634c6dbd4...
[  36.676]       <<< RX chan1 11B: 800000078323f481590000
[  36.676]       <<< RX chan1 241B: 800000ed83020447b17f575002ff000000c07f0000803f000000000518244174...
[  36.676]       <<< RX chan1 134B: 80000082831b0100000001e2b354000d000000000001830400000900000075e3...
[  36.726]       <<< RX chan1 106B: 80000066830d000000000001840400000800000071e3ffff0d0000000000013b...
[  36.726]       <<< RX chan1 124B: 80000078830d00000000000185040000070000006de3ffff0d00000000000139...
[  36.726]       <<< RX chan1 180B: 800000b0830d000000000001850400000600000069e3ffff0d00000000030d00...
[  36.777]       <<< RX chan1 112B: 8000006c830d000000000001860400000600000065e3ffff0d00000000000136...
[  36.777]       <<< RX chan1 118B: 80000072830d000000000001870400000500000061e3ffff0d00000000000134...
[  36.777]       <<< RX chan1 118B: 80000072830d00000000000187040000040000005de3ffff0d00000000030d00...
[  36.827]       <<< RX chan1 143B: 8000008b830d000000000001880400000300000059e3ffff0d00000000000131...
[  36.827]       <<< RX chan1 149B: 80000091830d000000000001890400000200000055e3ffff0d00000000010d00...
[  36.827]       <<< RX chan1 112B: 8000006c830d000000000001890400000200000051e3ffff0d0000000000012e...
[  36.877]       <<< RX chan1 112B: 8000006c830d0000000000018a040000010000004de3ffff0d0000000000012c...
[  36.877]       <<< RX chan1 118B: 80000072830d0000000000018a0400000000000049e3ffff0d00000000030d00...
[  36.877]       <<< RX chan1 165B: 800000a1831b0100000001f5b354000d0000000000018b040000ffffffff45e3...
[  36.928]       <<< RX chan1 118B: 80000072830d0000000000018c040000ffffffff41e3ffff0d00000000000127...
[  36.928]       <<< RX chan1 149B: 80000091830d0000000000018c040000feffffff3de3ffff0d00000000030d00...
[  36.928]       <<< RX chan1 112B: 8000006c830d0000000000018d040000fdffffff39e3ffff0d00000000000124...
[  36.978]       <<< RX chan1 112B: 8000006c830d0000000000018e040000fcffffff35e3ffff0d00000000000122...
[  36.978]       <<< RX chan1 377B: 80000175831b020000000165b154000166b154000301a3825400a12701019b82...
[  36.978]       <<< RX chan1 93B: 80000059830d0000000000018f040000fbffffff2de3ffff0d0000000000011f...
[  37.028]       <<< RX chan1 149B: 80000091830d00000000000190040000faffffff29e3ffff0d0000000000011d...
[  37.028]       <<< RX chan1 137B: 80000085830d00000000000190040000f9ffffff25e3ffff0d0000000000011c...
[  37.028]       <<< RX chan1 143B: 8000008b830d00000000000191040000f8ffffff21e3ffff0d0000000000011a...
[  37.079]       <<< RX chan1 136B: 80000084830101567954000d00000000000118f4ffffad0200000af8ffff0d00...
[  37.079]       <<< RX chan1 115B: 8000006f831b010000000109b454000d00000000000117f4ffffac02000008f8...
[  37.079]       <<< RX chan1 99B: 8000005f830d00000000000115f4ffffac02000007f8ffff0d00000000020d00...
[  37.129]   DUMMY -> send ping 77B
[  37.129]   DUMMY -> send sync 24B
[quic] DATAGRAM 33B: 03404500830510984d750100000000984d75010000000000000000010000000000
[  37.129]       <<< RX chan1 124B: 80000078830d00000000000113f4ffffab02000006f8ffff0d00000000030d00...
[  37.129]       <<< RX chan1 118B: 80000072830d00000000000112f4ffffab02000005f8ffff0d00000000000149...
[  37.129]       <<< RX chan1 230B: 800000e2831b0100000001c4b054001b1300000001c5b0540001c6b0540001c7...
[  37.180]       <<< RX chan1 118B: 80000072830d0000000000010ff4ffffaa02000003f8ffff0d00000000000146...
[  37.180]       <<< RX chan1 84B: 80000050831b010000000113b454000d0000000000010df4ffffaa02000002f8...
[  37.180]       <<< RX chan1 93B: 80000059830d0000000000010bf4ffffa902000001f8ffff0d00000000010d00...
[  37.230]       <<< RX chan1 99B: 8000005f830d0000000000010af4ffffa902000000f8ffff0d00000000000143...
[  37.230]       <<< RX chan1 99B: 8000005f830d00000000000108f4ffffa8020000fff7ffff0d00000000010d00...
[  37.230]       <<< RX chan1 171B: 800000a7831b010000000118b454000d00000000000106f4ffffa8020000fdf7...
[  37.253]   DUMMY <<< RX app=6 chan=1 81B: 8000004d0858fbbded5ddc184000000001505050505050505050505050505050...
[  37.253]       <<< RX chan1 93B: 80000059830d00000000000105f4ffffa8020000fcf7ffff0d00000000020d00...
[  37.269]       <<< RX chan1 103B: 80000063830d00000000000103f4ffffa7020000fbf7ffff0d000000000000fd...
[  37.319]       <<< RX chan1 93B: 80000059830d00000000000101f4ffffa7020000faf7ffff0d00000000030d00...
[  37.319]       <<< RX chan1 104B: 8000006483238c8259000d00000000000100f4ffffa6020000f9f7ffff0d0000...
[  37.319]       <<< RX chan1 174B: 800000aa830d000000000001fef3ffffa6020000f8f7ffff0d0000000000013a...
[  37.370]       <<< RX chan1 118B: 80000072830d000000000001fcf3ffffa5020000f7f7ffff0d00000000030d00...
[  37.370]       <<< RX chan1 105B: 80000065830d000000000001fbf3ffffa5020000f6f7ffff0d00000000000138...
[  37.370]       <<< RX chan1 80B: 8000004c830d000000000001f9f3ffffa5020000f5f7ffff0d00000000000136...
[  37.420]       <<< RX chan1 109B: 80000069831b010000000127b454000d000000000001f7f3ffffa4020000f4f7...
[  37.420]       <<< RX chan1 124B: 80000078830d000000000001f6f3ffffa4020000f2f7ffff0d00000000020d00...
[  37.420]       <<< RX chan1 124B: 80000078830d000000000001f4f3ffffa3020000f1f7ffff0d00000000010d00...
[  37.470]       <<< RX chan1 124B: 80000078830d000000000001f3f3ffffa3020000f0f7ffff0d00000000000132...
[  37.471]       <<< RX chan1 175B: 800000ab83020147b45400cb00ff00002474490100004041048016e1c200cd8a...
[  37.471]       <<< RX chan1 1154B: 80000526830101576954000301f46854007d1301010101556954000301f96854...
[  37.471]       <<< RX chan1 168B: 540001cf68540001f168540001ef68540001dd68540001db6854000168675400...
[  37.471]       <<< RX chan1 203B: 800000c78302015fb454004f010901086854000a011d695400ff063a27aabd99...
[  37.521]       <<< RX chan1 385B: 8000017d830301d26754007d1301010301d16754007d13010103019e6754007d...
[  37.521]       <<< RX chan1 225B: 800000dd83010162b45400020165b454004f010901086854000a011d695400ff...
[  37.521]       <<< RX chan1 266B: 80000106831b010000000130b45400010165b45400020168b454004f01090108...
[  37.571]       <<< RX chan1 237B: 800000e9831b010000000132b45400010168b4540002016bb454004f01090108...
[  37.571]       <<< RX chan1 466B: 800001ce8302049adc43112b00ff0040ace7420028504000587241020615526f...
[  37.571]       <<< RX chan1 306B: 8000012e83010174b45400020178b454004f010901086854000a011d695400ff...
[  37.622]       <<< RX chan1 221B: 800000d983010178b4540002017bb454004f010901086854000a011d695400ff...
[  37.622]       <<< RX chan1 231B: 800000e38301017bb4540002017eb454004f010901086854000a011d695400ff...
[  37.622]       <<< RX chan1 257B: 800000fd8301017eb45400020181b454004f010901086854000a011d695400ff...
[quic] DATAGRAM 33B: 034046008305109c4f7501000000009c4f75010000000000000000010000000000
[  37.672]       <<< RX chan1 260B: 80000100831b010000000139b45400010181b45400020184b454004f01090108...
[  37.672]       <<< RX chan1 258B: 800000fe83010184b45400020187b454004f010901086854000a011d695400ff...
[  37.672]       <<< RX chan1 215B: 800000d383010187b4540002018ab454004f010901086854000a011d695400ff...
[  37.723]       <<< RX chan1 241B: 800000ed8301018ab4540002018db454004f010901086854000a011d695400ff...
[  37.723]       <<< RX chan1 231B: 800000e38301018db45400020190b454004f010901086854000a011d695400ff...
[  37.723]       <<< RX chan1 227B: 800000df83010190b45400020193b454004f010901086854000a011d695400ff...
[  37.773]       <<< RX chan1 202B: 800000c683010193b45400020196b454004f010901086854000a011d695400ff...
[  37.773]       <<< RX chan1 282B: 80000116831b010000000145b45400010196b45400020199b454004f01090108...
[  37.773]       <<< RX chan1 227B: 800000df83010199b4540002019cb454004f010901086854000a011d695400ff...
[  37.824]       <<< RX chan1 232B: 800000e48301019cb4540001013279540002019fb454004f010901086854000a...
[  37.824]       <<< RX chan1 220B: 800000d8830704e8f046025b14000704e8f0460256140101019fb454000201a6...
[  37.824]       <<< RX chan1 200B: 800000c4830101a6b454000201aab454004f010901086854000a011d695400ff...
[  37.874]       <<< RX chan1 222B: 800000da830101aab454000201adb454004f010901086854000a011d695400ff...
[  37.874]       <<< RX chan1 193B: 800000bd831b01000000043270c5200101adb454000201b2b454004f01090108...
[  37.874]       <<< RX chan1 230B: 800000e2831b010000000177b454000101b2b454000201b7b454004f01090108...
[  37.874]       <<< RX chan1 226B: 800000de830101b7b454000201bab454004f010901086854000a011d695400ff...
[  37.925]       <<< RX chan1 262B: 80000102830101bab454000201bdb454004f010901086854000a011d695400ff...
[  37.925]       <<< RX chan1 208B: 800000cc830101bdb454000201c1b454004f010901086854000a011d695400ff...
[  37.975]       <<< RX chan1 207B: 800000cb830101c1b454000201c4b454004f010901086854000a011d695400ff...
[  37.975]       <<< RX chan1 216B: 800000d4830101c4b454000201c7b454004f010901086854000a011d695400ff...
[  37.975]       <<< RX chan1 196B: 800000c0830101c7b454000201cab454004f010901086854000a011d695400ff...
[  37.975]       <<< RX chan1 236B: 800000e8830101cab454000201cdb454004f010901086854000a011d695400ff...
[  38.025]       <<< RX chan1 196B: 800000c0830101cdb454000201d0b454004f010901086854000a011d695400ff...
[  38.025]       <<< RX chan1 212B: 800000d0830101d0b454000201d3b454004f010901086854000a011d695400ff...
[  38.076]       <<< RX chan1 239B: 800000eb830101d3b454000201d6b454004f010901086854000a011d695400ff...
[  38.076]       <<< RX chan1 196B: 800000c0830101d6b454000201d9b454004f010901086854000a011d695400ff...
[  38.076]       <<< RX chan1 218B: 800000d6830101d9b454000201dcb454004f010901086854000a011d695400ff...
[  38.076]       <<< RX chan1 289B: 8000011d830101dcb454000201dfb454004f010901086854000a011d695400ff...
[  38.126]   DUMMY -> send ping 77B
[  38.126]       <<< RX chan1 196B: 800000c0830101dfb454000201e2b454004f010901086854000a011d695400ff...
[  38.126]       <<< RX chan1 243B: 800000ef830101e2b454000201e5b454004f010901086854000a011d695400ff...
[  38.126]       <<< RX chan1 177B: 800000ad830101e5b454000201e9b454004f010901086854000a011d695400ff...
[quic] DATAGRAM 33B: 034047008305109051750100000000905175010000000000000000010000000000
[  38.177]       <<< RX chan1 239B: 800000eb830101e9b454000201ecb454004f010901086854000a011d695400ff...
[  38.177]       <<< RX chan1 234B: 800000e6831b0100000001b6b454000704167783695b14000704167783695614...
[  38.177]       <<< RX chan1 216B: 800000d4830101f3b454000201f6b454004f010901086854000a011d695400ff...
[  38.227]       <<< RX chan1 210B: 800000ce830101f6b454000201fbb454004f010901086854000a011d695400ff...
[  38.227]       <<< RX chan1 216B: 800000d4830101fbb454000201feb454004f010901086854000a011d695400ff...
[  38.227]       <<< RX chan1 222B: 800000da830101feb45400020101b554004f010901086854000a011d695400ff...
[  38.251]   DUMMY <<< RX app=6 chan=1 81B: 8000004d0858fbbded5ddc184000000001505050505050505050505050505050...
[  38.251]       <<< RX chan1 522B: 8000020683010101b55400020104b554004f010901086854000a011d695400ff...
[  38.267]       <<< RX chan1 206B: 800000ca83010104b55400020107b554004f010901086854000a011d695400ff...
[  38.318]       <<< RX chan1 212B: 800000d083010107b5540002010ab554004f010901086854000a011d695400ff...
[  38.318]       <<< RX chan1 253B: 800000f983237c83590001010ab5540002010db554004f010901086854000a01...
[  38.318]       <<< RX chan1 221B: 800000d98301010db55400020111b554004f010901086854000a011d695400ff...
[  38.368]       <<< RX chan1 202B: 800000c683010111b55400020114b554004f010901086854000a011d695400ff...
[  38.368]       <<< RX chan1 243B: 800000ef83010114b55400020117b554004f010901086854000a011d695400ff...
[  38.368]       <<< RX chan1 206B: 800000ca83010117b5540002011ab554004f010901086854000a011d695400ff...
[  38.418]       <<< RX chan1 298B: 8000012683020436ebb3395a01ff0000000020d1ded740051224417474726962...
[  38.418]       <<< RX chan1 236B: 800000e883010124b55400020127b554004f010901086854000a011d695400ff...
[  38.418]       <<< RX chan1 241B: 800000ed83010127b5540002012ab554004f010901086854000a011d695400ff...
[  38.469]       <<< RX chan1 226B: 800000de831b0100000001e8b4540001012ab5540002012db554004f01090108...
[  38.469]       <<< RX chan1 210B: 800000ce8301012db55400020130b554004f010901086854000a011d695400ff...
[  38.469]       <<< RX chan1 226B: 800000de83010130b554001b01000000015db45400020133b554004f01090108...
[  38.519]       <<< RX chan1 222B: 800000da83010133b55400020136b554004f010901086854000a011d695400ff...
[  38.519]       <<< RX chan1 201B: 800000c583010136b55400020139b554004f010901086854000a011d695400ff...
[  38.519]       <<< RX chan1 218B: 800000d683070481a3a42e5b1400070481a3a42e561401010139b55400020141...
[  38.570]       <<< RX chan1 257B: 800000fd83010141b55400020144b554004f010901086854000a011d695400ff...
[  38.570]       <<< RX chan1 243B: 800000ef83010144b55400020148b554004f010901086854000a011d695400ff...
[  38.570]       <<< RX chan1 212B: 800000d083010148b5540002014bb554004f010901086854000a011d695400ff...
[  38.620]       <<< RX chan1 238B: 800000ea8301014bb55400020150b554004f010901086854000a011d695400ff...
[  38.620]       <<< RX chan1 232B: 800000e483010150b55400020154b554004f010901086854000a011d695400ff...
[  38.620]       <<< RX chan1 200B: 800000c483010154b55400020158b554004f010901086854000a011d695400ff...
[quic] DATAGRAM 33B: 034048008305109553750100000000955375010000000000000000010000000000
[  38.670]       <<< RX chan1 241B: 800000ed83010158b5540002015bb554004f010901086854000a011d695400ff...
[  38.670]       <<< RX chan1 248B: 800000f48301015bb5540002015eb554004f010901086854000a011d695400ff...
[  38.671]       <<< RX chan1 249B: 800000f5831b0100000004e8f0460201015eb55400020161b554004f01090108...
[  38.721]       <<< RX chan1 248B: 800000f4831b010000000123b55400010161b55400020164b554004f01090108...
[  38.721]       <<< RX chan1 203B: 800000c783010164b55400020167b554004f010901086854000a011d695400ff...
[  38.721]       <<< RX chan1 226B: 800000de83010167b5540002016ab554004f010901086854000a011d695400ff...
[  38.771]       <<< RX chan1 222B: 800000da8301016ab5540002016db554004f010901086854000a011d695400ff...
[  38.771]       <<< RX chan1 218B: 800000d68301016db55400020170b554004f010901086854000a011d695400ff...
[  38.771]       <<< RX chan1 216B: 800000d483010170b55400020173b554004f010901086854000a011d695400ff...
[  38.822]       <<< RX chan1 200B: 800000c483010173b55400020176b554004f010901086854000a011d695400ff...
[  38.822]       <<< RX chan1 226B: 800000de83010176b5540002017ab554004f010901086854000a011d695400ff...
[  38.822]       <<< RX chan1 251B: 800000f7831b04000000044ab4975404cddcff1d0445ffa412048d95d96b0101...
[  38.872]       <<< RX chan1 226B: 800000de8301017db55400020180b554004f010901086854000a011d695400ff...
[  38.872]       <<< RX chan1 200B: 800000c483010180b55400020183b554004f010901086854000a011d695400ff...
[  38.872]       <<< RX chan1 247B: 800000f383010183b55400020186b554004f010901086854000a011d695400ff...
[  38.923]       <<< RX chan1 207B: 800000cb83010186b55400020189b554004f010901086854000a011d695400ff...
[  38.923]       <<< RX chan1 226B: 800000de831b010000000153b55400010189b5540002018fb554004f01090108...
[  38.923]       <<< RX chan1 253B: 800000f98301018fb55400020192b554004f010901086854000a011d695400ff...
[  38.973]       <<< RX chan1 232B: 800000e483010192b55400020195b554004f010901086854000a011d695400ff...
[  38.973]       <<< RX chan1 222B: 800000da83010195b55400020198b554004f010901086854000a011d695400ff...
[  38.973]       <<< RX chan1 210B: 800000ce83010198b5540002019bb554004f010901086854000a011d695400ff...
[  39.023]       <<< RX chan1 200B: 800000c48301019bb5540002019fb554004f010901086854000a011d695400ff...
[  39.024]       <<< RX chan1 210B: 800000ce8301019fb554000201a2b554004f010901086854000a011d695400ff...
[  39.024]       <<< RX chan1 251B: 800000f7831b04000000040bca2462044effcd0f044d1b6d54048f129e520101...
[  39.074]       <<< RX chan1 216B: 800000d4831b0100000004167783690101a5b554000201a8b554004f01090108...
[  39.074]       <<< RX chan1 222B: 800000da830101a8b554000201abb554004f010901086854000a011d695400ff...
[  39.074]       <<< RX chan1 249B: 800000f5830101abb554000201aeb554004f010901086854000a011d695400ff...
[  39.124]   DUMMY -> send ping 77B
[  39.124]       <<< RX chan1 263B: 80000103830101aeb554000201b1b554004f010901086854000a011d695400ff...
[  39.124]       <<< RX chan1 220B: 800000d8831b010000000179b554000101b1b554000201b5b554004f01090108...
[  39.124]       <<< RX chan1 251B: 800000f7830101b5b554000201b8b554004f010901086854000a011d695400ff...
[quic] DATAGRAM 33B: 0340490083051099557501000000009a5575010000000000000000010000000000
[  39.175]       <<< RX chan1 241B: 800000ed830101b8b554000201bcb554004f010901086854000a011d695400ff...
[  39.175]       <<< RX chan1 216B: 800000d4830101bcb554000201c0b554004f010901086854000a011d695400ff...
[  39.175]       <<< RX chan1 212B: 800000d0830101c0b554000201c5b554004f010901086854000a011d695400ff...
[  39.175]       <<< RX chan1 274B: 8000010e830101c5b554000201c8b554004f010901086854000a011d695400ff...
[  39.225]       <<< RX chan1 210B: 800000ce830101c8b554000201cbb554004f010901086854000a011d695400ff...
[  39.225]       <<< RX chan1 257B: 800000fd831b0200000004882fa044043e1fd6320101cbb554000201ceb55400...
[  39.225]       <<< RX chan1 228B: 800000e0830101ceb554000201d1b554004f010901086854000a011d695400ff...
[  39.247]   DUMMY <<< RX app=6 chan=1 81B: 8000004d0858fbbded5ddc184000000001505050505050505050505050505050...
[  39.247]       <<< RX chan1 262B: 80000102831b050000000409604461042a2ce4520401e2c01b0481a3a42e04be...
[  39.263]       <<< RX chan1 187B: 800000b7830101d4b554000201d7b554004f010901086854000a011d695400ff...
[  39.314]       <<< RX chan1 226B: 800000de831b01000000019eb554000101d7b554000201dab554004f01090108...
[  39.314]       <<< RX chan1 217B: 800000d583236c8459000101dab554000201deb554004f010901086854000a01...
[  39.314]       <<< RX chan1 265B: 80000105831b0400000004f05c9f6504a73f6468049ed98d5d04c8a0f7300101...
[  39.364]       <<< RX chan1 238B: 800000ea830101e1b554000201e5b554004f010901086854000a011d695400ff...
[  39.365]       <<< RX chan1 228B: 800000e0830101e5b554000201e8b554004f010901086854000a011d695400ff...
[  39.365]       <<< RX chan1 212B: 800000d0830101e8b554000201edb554004f010901086854000a011d695400ff...
[  39.415]       <<< RX chan1 222B: 800000da830101edb554000201f0b554004f010901086854000a011d695400ff...
[  39.415]       <<< RX chan1 297B: 80000125830101f0b554000201f3b554004f010901086854000a011d695400ff...
[  39.415]       <<< RX chan1 226B: 800000de830101f3b554000201f6b554004f010901086854000a011d695400ff...
[  39.465]       <<< RX chan1 206B: 800000ca830101f6b554000201fab554004f010901086854000a011d695400ff...
[  39.466]       <<< RX chan1 232B: 800000e4831b0100000001bfb554000101fab554000201fdb554004f01090108...
[  39.466]       <<< RX chan1 226B: 800000de830101fdb55400020100b654004f010901086854000a011d695400ff...
[  39.516]       <<< RX chan1 206B: 800000ca83010100b65400020103b654004f010901086854000a011d695400ff...
[  39.516]       <<< RX chan1 232B: 800000e483010103b65400020106b654004f010901086854000a011d695400ff...
[  39.516]       <<< RX chan1 242B: 800000ee83010106b65400020109b654004f010901086854000a011d695400ff...
[  39.566]       <<< RX chan1 210B: 800000ce83010109b6540002010cb654004f010901086854000a011d695400ff...
[  39.566]       <<< RX chan1 206B: 800000ca8301010cb65400020110b654004f010901086854000a011d695400ff...
[  39.566]       <<< RX chan1 238B: 800000ea83010110b65400020113b654004f010901086854000a011d695400ff...
[  39.617]       <<< RX chan1 237B: 800000e983010113b65400020116b654004f010901086854000a011d695400ff...
[  39.617]       <<< RX chan1 236B: 800000e8831b0100000001ddb55400010116b65400020119b654004f01090108...
[  39.617]       <<< RX chan1 251B: 800000f783010119b6540002011cb654004f010901086854000a011d695400ff...
[  39.667]       <<< RX chan1 237B: 800000e98301011cb6540002011fb654004f010901086854000a011d695400ff...
[  39.667]       <<< RX chan1 201B: 800000c58301011fb65400020122b654004f010901086854000a011d695400ff...
[  39.667]       <<< RX chan1 351B: 8000015b83010122b65400020127b65400cb00ff000024744901000040410400...
[quic] DATAGRAM 33B: 03404a008305108e577501000000008e5775010000000000000000010000000000
[  39.718]       <<< RX chan1 259B: 800000ff83010129b6540002012cb654004f010901086854000a011d695400ff...
[  39.718]       <<< RX chan1 232B: 800000e48301012cb6540002012fb654004f010901086854000a011d695400ff...
[  39.718]       <<< RX chan1 228B: 800000e08301012fb65400020132b654004f010901086854000a011d695400ff...
[  39.768]       <<< RX chan1 294B: 80000122831b0100000001f9b55400010132b65400020135b654004f01090108...
[  39.768]       <<< RX chan1 228B: 800000e083010135b65400020138b654004f010901086854000a011d695400ff...
[  39.768]       <<< RX chan1 206B: 800000ca83010138b6540002013bb654004f010901086854000a011d695400ff...
[  39.819]       <<< RX chan1 297B: 800001258301013bb6540002013eb654004f010901086854000a011d695400ff...
[  39.819]       <<< RX chan1 157B: 800000998301013eb6540001011d69540001010868540001011c6954001b0200...
[  39.819]       <<< RX chan1 84B: 80000050830d00000000000107f3ffff5c02000053f7ffff0d00000000000138...
[  39.869]       <<< RX chan1 84B: 80000050830d00000000000106f3ffff5b02000052f7ffff0d000000000000e6...
[  39.869]       <<< RX chan1 100B: 80000060831b01000000010fb654000d00000000000104f3ffff5a02000051f7...
[  39.869]       <<< RX chan1 121B: 80000075830d00000000000102f3ffff5a02000050f7ffff0d00000000030d00...
[  39.919]       <<< RX chan1 100B: 80000060830d00000000000101f3ffff590200004ff7ffff0d00000000010d00...
[  39.920]       <<< RX chan1 115B: 8000006f830d000000000001fff2ffff590200004df7ffff0d00000000020d00...
[  39.920]       <<< RX chan1 109B: 80000069830d000000000001fdf2ffff580200004cf7ffff0d00000000030d00...
[  39.970]       <<< RX chan1 88B: 80000054830d000000000001fcf2ffff580200004bf7ffff0d000000000000c8...
[  39.970]       <<< RX chan1 68B: 80000040830d000000000001faf2ffff570200004af7ffff0d0000000000013c...
[  39.970]       <<< RX chan1 96B: 8000005c831b010000000125b654000d000000000001f8f2ffff5702000049f7...
[  40.020]       <<< RX chan1 125B: 80000079830d000000000001f7f2ffff5602000048f7ffff0d000000000000c7...
[  40.020]       <<< RX chan1 84B: 80000050830d000000000001f5f2ffff5502000047f7ffff0d00000000010d00...
[  40.020]       <<< RX chan1 94B: 8000005a830d000000000001f4f2ffff5502000046f7ffff0d000000000000c7...
[  40.071]       <<< RX chan1 98B: 8000005e830d000000000001f2f2ffff5402000045f7ffff0d000000000000c6...
[  40.071]       <<< RX chan1 100B: 80000060830d000000000001f0f2ffff5402000044f7ffff0d00000000000140...
[  40.071]       <<< RX chan1 74B: 80000046830d000000000001eff2ffff5302000042f7ffff0d00000000020d00...
[  40.121]   DUMMY -> send ping 77B
[  40.122]       <<< RX chan1 116B: 80000070830d000000000001edf2ffff5302000041f7ffff0d00000000020d00...
[  40.122]       <<< RX chan1 111B: 8000006b830d000000000001ebf2ffff5202000040f7ffff0d00000000000141...
[  40.122]       <<< RX chan1 87B: 80000053830d000000000001eaf2ffff510200003ff7ffff0d00000000010d00...
[  40.172]       <<< RX chan1 94B: 8000005a830d000000000001e8f2ffff510200003ef7ffff0d000000000000e3...
[  40.172]       <<< RX chan1 111B: 8000006b830101066854000d000000000001e6f2ffff500200003df7ffff0d00...
[  40.172]       <<< RX chan1 88B: 80000054830d000000000001e5f2ffff500200003cf7ffff0d000000000000f4...
[quic] DATAGRAM 33B: 03404b008305108359750100000000835975010000000000000000010000000000
[  40.222]       <<< RX chan1 125B: 800000798307041353696f5b140007041353696f5614010d000000000001e3f2...
[  40.222]       <<< RX chan1 80B: 8000004c830d000000000001e1f2ffff4f0200003af7ffff0d00000000030d00...
[  40.222]       <<< RX chan1 69B: 80000041830d000000000001e0f2ffff4e02000039f7ffff0d000000000000c2...
[  40.243]   DUMMY <<< RX app=6 chan=1 81B: 8000004d0858fbbded5ddc184000000001505050505050505050505050505050...
[  40.243]       <<< RX chan1 119B: 80000073830d000000000001def2ffff4d02000037f7ffff0d00000000010d00...
[  40.243]       <<< RX chan1 117B: 80000071830101bb6854000101b86854000d000000000001dcf2ffff4d020000...
[  40.259]       <<< RX chan1 322B: 8000013e830301e27e5400a1270101dc7d5400020189b654002902ffff01e37e...
[  40.310]       <<< RX chan1 99B: 8000005f830d000000000001d9f2ffff4c02000034f7ffff0d00000000000148...
[  40.310]       <<< RX chan1 79B: 8000004b83235c8559000d000000000001d8f2ffff4b02000033f7ffff0d0000...
[  40.310]       <<< RX chan1 102B: 80000062830104d30aab0f010173b454000d000000000001d6f2ffff4a020000...
[  40.360]       <<< RX chan1 94B: 8000005a830d000000000001d4f2ffff4a02000031f7ffff0d000000000000f4...
[  40.360]       <<< RX chan1 78B: 8000004a830d000000000001d3f2ffff4902000030f7ffff0d000000000000e1...
[  40.360]       <<< RX chan1 110B: 8000006a830d000000000001d1f2ffff490200002ff7ffff0d000000000000f3...
[  40.411]       <<< RX chan1 141B: 80000089831b0500000004eab0af1704191b8620049b633039041353696f04b8...
[  40.411]       <<< RX chan1 90B: 80000056830d000000000001cef2ffff480200002cf7ffff0d00000000020d00...
[  40.411]       <<< RX chan1 105B: 80000065830d000000000001ccf2ffff470200002bf7ffff0d00000000020d00...
[  40.461]       <<< RX chan1 159B: 8000009b830d000000000001caf2ffff460200002af7ffff0d00000000030d00...
[  40.461]       <<< RX chan1 78B: 8000004a830d000000000001c9f2ffff4602000029f7ffff0d000000000000bd...
[  40.461]       <<< RX chan1 84B: 80000050830d000000000001c7f2ffff4502000028f7ffff0d000000000000f3...
[  40.511]       <<< RX chan1 152B: 80000094830101406854000d000000000001c5f2ffff4502000027f7ffff0d00...
[  40.511]       <<< RX chan1 65B: 8000003d830d000000000001c4f2ffff4402000026f7ffff0d000000000000bc...
[  40.511]       <<< RX chan1 80B: 8000004c830d000000000001c2f2ffff4302000025f7ffff0d00000000010d00...
[  40.562]       <<< RX chan1 105B: 80000065830d000000000001c0f2ffff4302000024f7ffff0d00000000030d00...
[  40.562]       <<< RX chan1 88B: 80000054830d000000000001bff2ffff4202000023f7ffff0d000000000000bb...
[  40.562]       <<< RX chan1 103B: 80000063830d000000000001bdf2ffff4202000022f7ffff0d000000000000df...
[  40.612]       <<< RX chan1 117B: 80000071830101cc6854000d000000000001bcf2ffff4102000020f7ffff0d00...
[  40.612]       <<< RX chan1 96B: 8000005c830d000000000001baf2ffff400200001ff7ffff0d00000000010d00...
[  40.612]       <<< RX chan1 74B: 80000046830d000000000001b8f2ffff400200001ef7ffff0d00000000000153...
[  40.662]       <<< RX chan1 96B: 8000005c830d000000000001b7f2ffff3f0200001df7ffff0d000000000000b9...
[  40.662]       <<< RX chan1 78B: 8000004a830d000000000001b5f2ffff3f0200001cf7ffff0d000000000000de...
[  40.662]       <<< RX chan1 142B: 8000008a830d000000000001b3f2ffff3e0200001bf7ffff0d00000000030d00...
[quic] DATAGRAM 33B: 03404c00830510875b750100000000875b75010000000000000000010000000000
[  40.713]       <<< RX chan1 65B: 8000003d830d000000000001b2f2ffff3d0200001af7ffff0d00000000010d00...
[  40.713]       <<< RX chan1 101B: 80000061830d000000000001b0f2ffff3d02000019f7ffff0d00000000000156...
[  40.713]       <<< RX chan1 74B: 80000046830d000000000001aef2ffff3c02000018f7ffff0d00000000030d00...
[  40.763]       <<< RX chan1 84B: 80000050830d000000000001adf2ffff3c02000017f7ffff0d000000000000b7...
[  40.763]       <<< RX chan1 115B: 8000006f830d000000000001abf2ffff3b02000015f7ffff0d00000000020d00...
[  40.763]       <<< RX chan1 169B: 800000a5830d000000000001a9f2ffff3a02000014f7ffff0d00000000030d00...
[  40.814]       <<< RX chan1 78B: 8000004a830d000000000001a8f2ffff3a02000013f7ffff0d000000000000b6...
[  40.814]       <<< RX chan1 99B: 8000005f830d000000000001a6f2ffff3902000012f7ffff0d00000000000159...
[  40.814]       <<< RX chan1 74B: 80000046830d000000000001a5f2ffff3902000011f7ffff0d0000000000015a...
[  40.864]       <<< RX chan1 84B: 80000050830d000000000001a3f2ffff3802000010f7ffff0d000000000000b5...
[  40.864]       <<< RX chan1 90B: 80000056830d000000000001a1f2ffff370200000ff7ffff0d000000000000dc...
[  40.864]       <<< RX chan1 59B: 80000037830d000000000001a0f2ffff370200000ef7ffff0d000000000000b4...
[  40.914]       <<< RX chan1 74B: 80000046830d0000000000019ef2ffff360200000df7ffff0d0000000000015c...
[  40.914]       <<< RX chan1 111B: 8000006b830d0000000000019cf2ffff350200000cf7ffff0d00000000010d00...
[  40.914]       <<< RX chan1 356B: 800001608302042012be352b00ff00a0924343005de34180c86542020615526f...
[  40.965]       <<< RX chan1 94B: 8000005a830d00000000000199f2ffff3402000009f7ffff0d00000000020d00...
[  40.965]       <<< RX chan1 90B: 80000056830d00000000000197f2ffff3402000008f7ffff0d00000000030d00...
[  40.965]       <<< RX chan1 78B: 8000004a830d00000000000196f2ffff3302000007f7ffff0d000000000000b2...
[  41.015]       <<< RX chan1 74B: 80000046830d00000000000194f2ffff3202000006f7ffff0d00000000010d00...
[  41.015]       <<< RX chan1 80B: 8000004c830d00000000000192f2ffff3202000005f7ffff0d00000000030d00...
[  41.015]       <<< RX chan1 115B: 8000006f830d00000000000191f2ffff3102000004f7ffff0d000000000000b1...
[  41.065]       <<< RX chan1 68B: 80000040830d0000000000018ff2ffff3102000003f7ffff0d00000000000161...
[  41.065]       <<< RX chan1 96B: 8000005c830d0000000000018df2ffff3002000002f7ffff0d00000000030d00...
[  41.065]       <<< RX chan1 65B: 8000003d830d0000000000018cf2ffff2f02000001f7ffff0d000000000000b0...
[  41.115]   DUMMY -> send ping 77B
[  41.116]       <<< RX chan1 80B: 8000004c830d0000000000018af2ffff2f020000fff6ffff0d00000000020d00...
[  41.116]       <<< RX chan1 100B: 80000060830d00000000000187f2ffff2d020000fdf6ffff0d00000000010d00...
[  41.166]       <<< RX chan1 1154B: 80000514830201e3b754007701ff00a01702000b4868747470733a2f2f617069...
[  41.166]       <<< RX chan1 150B: 74696f6e310b08ff01ebb75400020101b854001501ff06201a0f4b6579626f61...
[  41.166]       <<< RX chan1 1154B: 8000051b83020105b854001301ff070e4162696c697479416374696f6e320b06...
[  41.167]       <<< RX chan1 157B: 54001501ff1a0c546f75636842696e64696e67ff0125b85400020129b8540013...
[  41.167]       <<< RX chan1 989B: 800005138302012db854001301ff070f4f766572666c6f77416374696f6e310b...
[  41.167]       <<< RX chan1 314B: 5400020147b854001301ff010007154d6f7573654c6f636b5377697463684163...
[  41.167]       <<< RX chan1 832B: 800005158302014fb854001501ff10011a1743616d6572615363726970746162...
[  41.167]       <<< RX chan1 473B: 67ff0165b85400020168b854001301ff070a4571756970536c6f74350b04ff01...
[  41.167]       <<< RX chan1 907B: 8000038783020177b854001301ff070b4571756970536c6f7431300b04ff015b...
[  41.167]       <<< RX chan1 11B: 8000000783232886590000
[  41.167]       <<< RX chan1 119B: 80000073830d00000000000184f2ffff2c020000fbf6ffff0d000000000000ae...
[  41.167]       <<< RX chan1 268B: 80000108830701902300002f09ecd3a6f91cf2dbb3c855010701902300002f09...
[quic] DATAGRAM 33B: 03404d008305108a5d7501000000008a5d75010000000000000000010000000000
[  41.217]       <<< RX chan1 125B: 80000079830701a9650000641102020a333838353239303734321f0119697349...
[  41.217]       <<< RX chan1 78B: 8000004a830d0000000000017ff2ffff2a020000f8f6ffff0d000000000000ad...
[  41.217]       <<< RX chan1 101B: 80000061830d0000000000017df2ffff2a020000f7f6ffff0d00000000000167...
[  41.242]   DUMMY <<< RX app=6 chan=1 81B: 8000004d0858fbbded5ddc184000000001505050505050505050505050505050...
[  41.242]       <<< RX chan1 105B: 80000065830d0000000000017bf2ffff29020000f6f6ffff0d00000000030d00...
[  41.242]       <<< RX chan1 112B: 8000006c830d0000000000017af2ffff28020000f4f6ffff0d00000000010d00...
[  41.257]       <<< RX chan1 74B: 80000046830d00000000000178f2ffff28020000f3f6ffff0d00000000020d00...
[  41.308]       <<< RX chan1 96B: 8000005c830d00000000000176f2ffff27020000f2f6ffff0d00000000030d00...
[  41.308]       <<< RX chan1 95B: 8000005b83234c8659000d00000000000175f2ffff26020000f1f6ffff0d0000...
[  41.308]       <<< RX chan1 99B: 8000005f830d00000000000173f2ffff26020000f0f6ffff0d0000000000016a...
[  41.358]       <<< RX chan1 149B: 80000091830d00000000000172f2ffff25020000eff6ffff0d0000000000016b...
[  41.358]       <<< RX chan1 78B: 8000004a830d00000000000170f2ffff25020000eef6ffff0d000000000000aa...
[  41.358]       <<< RX chan1 78B: 8000004a830d0000000000016ef2ffff24020000edf6ffff0d000000000000d7...
[  41.409]       <<< RX chan1 100B: 80000060830d0000000000016df2ffff23020000ecf6ffff0d000000000000a9...
[  41.409]       <<< RX chan1 68B: 80000040830d0000000000016bf2ffff23020000ebf6ffff0d0000000000016d...
[  41.459]       <<< RX chan1 105B: 80000065830d00000000000169f2ffff22020000e9f6ffff0d00000000020d00...
[  41.459]       <<< RX chan1 281B: 80000115830701a56500006411011f010a333838353239303734321f07045374...
[  41.459]       <<< RX chan1 49B: 8000002d830d00000000000166f2ffff21020000e7f6ffff0d000000000001f4...
[  41.459]       <<< RX chan1 84B: 80000050830d00000000000164f2ffff20020000e6f6ffff0d00000000030d00...
[  41.509]       <<< RX chan1 90B: 80000056830d00000000000163f2ffff1f020000e5f6ffff0d00000000010d00...
[  41.509]       <<< RX chan1 74B: 80000046830d00000000000161f2ffff1f020000e4f6ffff0d00000000000171...
[  41.509]       <<< RX chan1 84B: 80000050830d0000000000015ff2ffff1e020000e3f6ffff0d00000000030d00...
[  41.560]       <<< RX chan1 96B: 8000005c830d0000000000015ef2ffff1d020000e2f6ffff0d00000000010d00...
[  41.560]       <<< RX chan1 80B: 8000004c830d0000000000015cf2ffff1d020000e1f6ffff0d00000000000172...
[  41.560]       <<< RX chan1 84B: 80000050830d0000000000015af2ffff1c020000e0f6ffff0d00000000030d00...
[  41.610]       <<< RX chan1 96B: 8000005c830d00000000000159f2ffff1c020000def6ffff0d00000000020d00...
[  41.610]       <<< RX chan1 86B: 80000052830d00000000000157f2ffff1b020000ddf6ffff0d00000000020d00...
[  41.610]       <<< RX chan1 90B: 80000056830d00000000000156f2ffff1a020000dcf6ffff0d000000000000a4...
[  41.660]       <<< RX chan1 306B: 8000012e831b02000000011eb45400011fb4540003019c825400a12701019b82...
[  41.660]       <<< RX chan1 74B: 80000046830d00000000000152f2ffff19020000daf6ffff0d00000000000176...
[  41.660]       <<< RX chan1 100B: 80000060830d00000000000151f2ffff18020000d9f6ffff0d000000000000a3...
[  41.711]       <<< RX chan1 68B: 80000040830d0000000000014ff2ffff18020000d8f6ffff0d00000000000177...
[  41.711]       <<< RX chan1 80B: 8000004c830d0000000000014df2ffff17020000d7f6ffff0d00000000030d00...
[  41.711]       <<< RX chan1 109B: 80000069831b04000000049a605103049c4d690804c1937d1204bad209290d00...
[quic] DATAGRAM 33B: 03404e008305108f5f7501000000008f5f75010000000000000000010000000000
[  41.761]       <<< RX chan1 129B: 8000007d830101d76854000101d56854000d0000000000014af2ffff16020000...
[  41.761]       <<< RX chan1 105B: 80000065830d00000000000148f2ffff15020000d3f6ffff0d00000000030d00...
[  41.761]       <<< RX chan1 109B: 80000069830d00000000000147f2ffff14020000d2f6ffff0d00000000010d00...
[  41.811]       <<< RX chan1 68B: 80000040830d00000000000145f2ffff14020000d1f6ffff0d0000000000017a...
[  41.811]       <<< RX chan1 80B: 8000004c830d00000000000143f2ffff13020000d0f6ffff0d00000000030d00...
[  41.811]       <<< RX chan1 146B: 8000008e830d00000000000142f2ffff12020000cff6ffff0d00000000010d00...
[  41.862]       <<< RX chan1 49B: 8000002d830d00000000000140f2ffff12020000cef6ffff0d000000000001d0...
[  41.862]       <<< RX chan1 121B: 80000075830d0000000000013ef2ffff11020000cdf6ffff0d00000000030d00...
[  41.862]       <<< RX chan1 80B: 8000004c830d0000000000013df2ffff10020000ccf6ffff0d00000000010d00...
[  41.912]       <<< RX chan1 68B: 80000040830d0000000000013bf2ffff10020000cbf6ffff0d0000000000017e...
[  41.912]       <<< RX chan1 78B: 8000004a830d0000000000013af2ffff0f020000caf6ffff0d0000000000009e...
[  41.912]       <<< RX chan1 105B: 80000065830d00000000000138f2ffff0e020000c8f6ffff0d00000000010d00...
[  41.962]       <<< RX chan1 111B: 8000006b830d00000000000136f2ffff0e020000c7f6ffff0d00000000020d00...
[  41.962]       <<< RX chan1 78B: 8000004a830d00000000000135f2ffff0d020000c6f6ffff0d0000000000009d...
[  41.962]       <<< RX chan1 80B: 8000004c830d00000000000133f2ffff0c020000c5f6ffff0d00000000010d00...
[  42.013]       <<< RX chan1 74B: 80000046830d00000000000131f2ffff0c020000c4f6ffff0d00000000030d00...
[  42.013]       <<< RX chan1 109B: 80000069830d00000000000130f2ffff0b020000c3f6ffff0d0000000000009c...
[  42.013]       <<< RX chan1 61B: 80000039830d0000000000012ef2ffff0a020000c2f6ffff0d00000000010d00...
[  42.063]       <<< RX chan1 115B: 8000006f830d0000000000012cf2ffff0a020000c1f6ffff0d00000000030d00...
[  42.063]       <<< RX chan1 84B: 80000050830d0000000000012bf2ffff09020000c0f6ffff0d0000000000009b...
[  42.063]       <<< RX chan1 80B: 8000004c830d00000000000129f2ffff08020000bff6ffff0d00000000010d00...
[  42.114]   DUMMY -> send ping 77B
[  42.114]   DUMMY -> send sync 24B
[  42.114]       <<< RX chan1 117B: 80000071830d00000000000127f2ffff08020000bdf6ffff0d00000000030d00...
[  42.114]       <<< RX chan1 1154B: 8000055b831b0100000001e5b75400020168bb54005700ff080eff01e3b75400...
[  42.114]       <<< RX chan1 221B: 00803f0000803f28cdcc4c3e32003526b651230a784a3bb016ac233600000040...
[  42.114]       <<< RX chan1 1154B: 8000052883020176bb54006301ff000001000a000c806be1c1aa00c7404df65f...
[  42.114]       <<< RX chan1 170B: 0019430b000f0844726978313232341336ff010e00000002018bba5400d101ff...
[  42.114]       <<< RX chan1 976B: 80000514830201c7b954001c00ff0001e80310010000803f00000000c2615641...
[  42.114]       <<< RX chan1 328B: 01ff00314d6f6f6473206172652063757272656e746c792064697361626c6564...
[  42.114]       <<< RX chan1 818B: 80000526830201ebba54001100ff00012b687474703a2f2f7777772e726f626c...
[  42.114]       <<< RX chan1 504B: 05840902ff01b8b954000201b0b954005a01ff00000000000000244005f8ff01...
[  42.114]       <<< RX chan1 1154B: 80000532830201f7ba5400f701ff05fd0902ff0186b954000201f5ba54001100...
[  42.114]       <<< RX chan1 180B: a33d00000000000040020807204163636573736f7279202844796c616e277320...
[  42.114]       <<< RX chan1 966B: 80000534830201acbb5400df00ff0000ff0125b954000701e3b75400ba0f1112...
[  42.114]       <<< RX chan1 370B: 2cf802126c6f616443686172616374657253746172740218323032362d31302d...
[  42.114]       <<< RX chan1 554B: 80000226830201adbb5400de00ff0616436c6173736963466f7263654669656c...
[  42.114]       <<< RX chan1 21B: 80000011831b0100000001deb85400231487590000
[  42.165]       <<< RX chan1 165B: 800000a1830d00000000000123f2ffff06020000baf6ffff0d00000000000099...
[  42.165]       <<< RX chan1 153B: 800000958303015ebb5400d40e014b48656c6c6f5e333537363638363434365e...
[  42.165]       <<< RX chan1 68B: 80000040830d0000000000011ff2ffff04020000b8f6ffff0d00000000000187...
[  42.215]       <<< RX chan1 90B: 80000056830d0000000000011ef2ffff04020000b7f6ffff0d00000000000098...
[  42.215]       <<< RX chan1 80B: 8000004c830d0000000000011cf2ffff03020000b6f6ffff0d00000000000188...
[  42.215]       <<< RX chan1 74B: 80000046830d0000000000011af2ffff02020000b5f6ffff0d00000000030d00...
[  42.238]   DUMMY <<< RX app=6 chan=1 81B: 8000004d0858fbbded5ddc184000000001505050505050505050505050505050...
[quic] DATAGRAM 33B: 03404f008305108361750100000000836175010000000000000000010000000000
[  42.238]       <<< RX chan1 117B: 80000071830d00000000000119f2ffff02020000b4f6ffff0d00000000000097...
[  42.254]       <<< RX chan1 327B: 80000143831b02000000015cb35400015db3540003016c945400a12701015f94...
[  42.304]       <<< RX chan1 99B: 8000005f830d00000000000115f2ffff00020000b1f6ffff0d00000000030d00...
[  42.304]       <<< RX chan1 96B: 8000005c830704ee6e75125b14000704ee6e75125614010d00000000000114f2...
[  42.304]       <<< RX chan1 79B: 8000004b83233c8759000d00000000000112f2ffffff010000aff6ffff0d0000...
[  42.355]       <<< RX chan1 80B: 8000004c830d00000000000110f2fffffe010000aef6ffff0d00000000030d00...
[  42.355]       <<< RX chan1 115B: 8000006f830d0000000000010ff2fffffd010000adf6ffff0d00000000010d00...
[  42.355]       <<< RX chan1 80B: 8000004c830d0000000000010df2fffffd010000acf6ffff0d0000000000018d...
[  42.405]       <<< RX chan1 1154B: 80001489831b1a040000017d315400017e315400017f315400013f3554000180...
[  42.405]       <<< RX chan1 1154B: 00015d3254000144355400015e325400015f3254000160325400016132540001...
[  42.405]       <<< RX chan1 1154B: 5400013033540001313354000132335400013333540001343354000135335400...
[  42.405]       <<< RX chan1 1154B: 33540001f533540001f633540001f7335400017935540001f833540001f93354...
[  42.405]       <<< RX chan1 645B: c834540001c934540001ca34540001cb34540001cc34540001cd34540001ce34...
[  42.405]       <<< RX chan1 209B: 800000cd83020117bc5400de00ff06074d65737361676509ea30fef5179fa367...
[  42.405]       <<< RX chan1 105B: 80000065830d0000000000010af2fffffb010000aaf6ffff0d00000000010d00...
[  42.405]       <<< RX chan1 55B: 80000033830d00000000000108f2fffffb010000a9f6ffff0d0000000000019a...
[  42.456]       <<< RX chan1 84B: 80000050830d00000000000107f2fffffa010000a7f6ffff0d00000000020d00...
[  42.456]       <<< RX chan1 105B: 80000065830d00000000000105f2fffff9010000a6f6ffff0d00000000010d00...
[  42.456]       <<< RX chan1 99B: 8000005f830d00000000000103f2fffff9010000a5f6ffff0d00000000000191...
[  42.506]       <<< RX chan1 90B: 80000056830d00000000000102f2fffff8010000a4f6ffff0d00000000000092...
[  42.506]       <<< RX chan1 59B: 80000037831b0100000001ffbb54000d00000000000100f2fffff7010000a3f6...
[  42.506]       <<< RX chan1 105B: 80000065830d000000000001fef1fffff7010000a2f6ffff0d00000000030d00...
[  42.557]       <<< RX chan1 84B: 80000050830d000000000001fdf1fffff6010000a1f6ffff0d00000000000091...
[  42.557]       <<< RX chan1 74B: 80000046830d000000000001fbf1fffff5010000a0f6ffff0d00000000000194...
[  42.557]       <<< RX chan1 105B: 80000065830d000000000001f9f1fffff40100009ff6ffff0d00000000030d00...
[  42.607]       <<< RX chan1 115B: 8000006f830d000000000001f8f1fffff40100009ef6ffff0d00000000000090...
[  42.607]       <<< RX chan1 55B: 80000033830d000000000001f6f1fffff30100009cf6ffff0d00000000020d00...
[  42.607]       <<< RX chan1 165B: 800000a183010127b654000d000000000001f4f1fffff20100009bf6ffff0d00...
[  42.658]       <<< RX chan1 105B: 80000065830d000000000001f3f1fffff20100009af6ffff0d00000000000196...
[  42.658]       <<< RX chan1 68B: 80000040830d000000000001f1f1fffff101000099f6ffff0d00000000000197...
[  42.658]       <<< RX chan1 1154B: 8000055f830101d16654001b23000000010f6954000110695400011169540001...
[  42.658]       <<< RX chan1 225B: 3f0000403fff01b3be54000201b5be54002502ff06012172627861737365743a...
[  42.658]       <<< RX chan1 1154B: 80000547830201b7be54002502ff020000000000000000000000000306011c72...
[  42.658]       <<< RX chan1 201B: 74657874757265732f53776f7264546578747572652e706e67ff01bebe540002...
[  42.658]       <<< RX chan1 945B: 8000052083020151be5400d101ff000129687474703a2f2f7777772e726f626c...
[  42.658]       <<< RX chan1 371B: 01a9be54000100ff000101dca8a9bbc498390402ff019ebe54000201e8be5400...
[  42.658]       <<< RX chan1 775B: 800005228302016bbe5400f701ff0504706f73650902ff01c2bc5400020165be...
[  42.658]       <<< RX chan1 543B: e9bc54005a01ff00000000000000244005f8ff01cebc54000201cfbc54001100...
[  42.658]       <<< RX chan1 1154B: 8000051883020171be5400f701ff050466616c6c0902ff01c2bc540002016fbe...
[  42.658]       <<< RX chan1 154B: 1100ff00011c726278617373657469643a2f2f31313433303232313938373634...
[  42.658]       <<< RX chan1 940B: 800003a883020152be54006101ff000129687474703a2f2f7777772e726f626c...
[  42.708]       <<< RX chan1 74B: 80000046830d000000000001990100000d000000a6fdffff0d0000000000017f...
[  42.708]       <<< RX chan1 11B: 8000000783239c87590000
[  42.708]       <<< RX chan1 68B: 80000040830d000000000001ebf1ffffee01000095f6ffff0d00000000000199...
[  42.708]       <<< RX chan1 74B: 80000046830d000000000001e9f1ffffed01000094f6ffff0d00000000010d00...
[quic] DATAGRAM 33B: 034050008305107763750100000000776375010000000000000000010000000000
[  42.759]       <<< RX chan1 132B: 80000080830d000000000001e7f1ffffed01000093f6ffff0d0000000000019a...
[  42.759]       <<< RX chan1 74B: 80000046830d000000000001e6f1ffffec01000091f6ffff0d00000000020d00...
[  42.759]       <<< RX chan1 80B: 8000004c830d000000000001e4f1ffffeb01000090f6ffff0d00000000020d00...
[  42.809]       <<< RX chan1 111B: 8000006b831b040000000140b354000141b354000142b354000146b454000d00...
[  42.809]       <<< RX chan1 74B: 80000046830d000000000001e1f1ffffea0100008ef6ffff0d0000000000019d...
[  42.809]       <<< RX chan1 78B: 8000004a831b010000000185be54000d000000000001dff1ffffe90100008df6...
[  42.860]       <<< RX chan1 105B: 80000065830d000000000001ddf1ffffe80100008cf6ffff0d00000000030d00...
[  42.860]       <<< RX chan1 80B: 8000004c830d000000000001dcf1ffffe80100008bf6ffff0d0000000000019e...
[  42.910]       <<< RX chan1 86B: 80000052830d000000000001d8f1ffffe601000089f6ffff0d00000000030d00...
[  42.910]       <<< RX chan1 11B: 800000078323cc87590000
[  42.910]       <<< RX chan1 74B: 80000046830d000000000001d7f1ffffe601000088f6ffff0d000000000001a0...
[  42.910]       <<< RX chan1 80B: 8000004c830d000000000001d5f1ffffe501000086f6ffff0d00000000020d00...
[  42.960]       <<< RX chan1 105B: 80000065830d000000000001d4f1ffffe401000085f6ffff0d00000000020d00...
[  42.960]       <<< RX chan1 105B: 80000065830d000000000001d2f1ffffe301000084f6ffff0d00000000010d00...
[  42.960]       <<< RX chan1 321B: 8000013d8302045d0130482b00ff00c061e54200d0e63f004cdcc1020615526f...
[  43.011]       <<< RX chan1 68B: 80000040830d000000000001cff1ffffe201000082f6ffff0d000000000001a3...
[  43.011]       <<< RX chan1 74B: 80000046830d000000000001cdf1ffffe101000081f6ffff0d000000000001a3...
[  43.011]       <<< RX chan1 74B: 80000046830d000000000001cbf1ffffe101000080f6ffff0d00000000030d00...
[  43.061]       <<< RX chan1 149B: 80000091830d000000000001c8f1ffffdf0100007ef6ffff0d000000000001a5...
[  43.061]       <<< RX chan1 11B: 800000078323f487590000
[  43.061]       <<< RX chan1 105B: 80000065830d000000000001c6f1ffffde0100007df6ffff0d00000000030d00...
[  43.111]   DUMMY -> send ping 77B
[  43.111]       <<< RX chan1 74B: 80000046830d000000000001c5f1ffffde0100007bf6ffff0d00000000020d00...
[  43.111]       <<< RX chan1 80B: 8000004c830d000000000001c3f1ffffdd0100007af6ffff0d00000000020d00...
[  43.111]       <<< RX chan1 115B: 8000006f831b01000000013dbf54000d000000000001c1f1ffffdc01000079f6...
[  43.161]       <<< RX chan1 74B: 80000046830d000000000001c0f1ffffdb01000078f6ffff0d00000000010d00...
[  43.161]       <<< RX chan1 74B: 80000046830d000000000001bef1ffffdb01000077f6ffff0d000000000001a9...
[  43.161]       <<< RX chan1 80B: 8000004c830d000000000001bdf1ffffda01000076f6ffff0d000000000001a9...
[  43.211]       <<< RX chan1 68B: 80000040830d000000000001bbf1ffffd901000075f6ffff0d000000000001aa...
[  43.211]       <<< RX chan1 74B: 80000046830d000000000001b9f1ffffd901000074f6ffff0d000000000001aa...
[  43.211]       <<< RX chan1 74B: 80000046830d000000000001b8f1ffffd801000073f6ffff0d000000000001ab...
[  43.234]   DUMMY <<< RX app=6 chan=1 81B: 8000004d0858fbbded5ddc184000000001505050505050505050505050505050...
[quic] DATAGRAM 33B: 034051008305106d657501000000006d6575010000000000000000010000000000
[  43.234]       <<< RX chan1 379B: 800001778302048b57e93f2b00ff0000aa43c28077bc41e079e742020615526f...
[  43.250]       <<< RX chan1 918B: 80000392830101b3b054000101b2b054000101b5b054000101b6b054000101b4...
[  43.300]       <<< RX chan1 377B: 8000017583030167b054007d1301010301fcaf54007d1301010301fbaf54007d...
[  43.300]       <<< RX chan1 190B: 800000ba83010192bf5400020196bf54004f01090132b054000a0180b05400ff...
[  43.300]       <<< RX chan1 201B: 800000c583232c885900010196bf540002019abf54004f01090132b054000a01...
[  43.351]       <<< RX chan1 202B: 800000c68301019abf540002019ebf54004f01090132b054000a0180b05400ff...
[  43.351]       <<< RX chan1 196B: 800000c08301019ebf54000201a3bf54004f01090132b054000a0180b05400ff...
[  43.351]       <<< RX chan1 183B: 800000b3830101a3bf54000201a7bf54004f01090132b054000a0180b05400ff...
[  43.401]       <<< RX chan1 271B: 8000010b830101a7bf54000201abbf54004f01090132b054000a0180b05400ff...
[  43.401]       <<< RX chan1 212B: 800000d0831b010000000165bf54000101abbf54000201afbf54004f01090132...
[  43.401]       <<< RX chan1 196B: 800000c0830101afbf54000201b3bf54004f01090132b054000a0180b05400ff...
[  43.451]       <<< RX chan1 524B: 80000208830101b3bf54000201b7bf54004f01090132b054000a0180b05400ff...
[  43.451]       <<< RX chan1 196B: 800000c0830101b7bf54000201bbbf54004f01090132b054000a0180b05400ff...
[  43.451]       <<< RX chan1 202B: 800000c6830101bbbf54000201bfbf54004f01090132b054000a0180b05400ff...
[  43.502]       <<< RX chan1 200B: 800000c4830101bfbf54000201c3bf54004f01090132b054000a0180b05400ff...
[  43.502]       <<< RX chan1 196B: 800000c0830101c3bf54000201c7bf54004f01090132b054000a0180b05400ff...
[  43.502]       <<< RX chan1 206B: 800000ca830101c7bf54000201cbbf54004f01090132b054000a0180b05400ff...
[  43.552]       <<< RX chan1 208B: 800000cc830101cbbf54000201cfbf54004f01090132b054000a0180b05400ff...
[  43.552]       <<< RX chan1 208B: 800000cc830101cfbf54000201d3bf54004f01090132b054000a0180b05400ff...
[  43.552]       <<< RX chan1 190B: 800000ba830101d3bf54000201d8bf54004f01090132b054000a0180b05400ff...
[  43.603]       <<< RX chan1 196B: 800000c0830101d8bf54000201dcbf54004f01090132b054000a0180b05400ff...
[  43.603]       <<< RX chan1 277B: 80000111830101dcbf54000201e0bf54004f01090132b054000a0180b05400ff...
[  43.603]       <<< RX chan1 202B: 800000c6830101e0bf54000201e4bf54004f01090132b054000a0180b05400ff...
[  43.653]       <<< RX chan1 216B: 800000d4831b0200000004d469525604ccfb8d511b02000000049b2470420449...
[  43.653]       <<< RX chan1 212B: 800000d0831b0100000001a2bf54000101e8bf54000201ecbf54004f01090132...
[  43.653]       <<< RX chan1 208B: 800000cc830101ecbf54000201f0bf54004f01090132b054000a0180b05400ff...
[  43.704]       <<< RX chan1 196B: 800000c0830101f0bf54000201f4bf54004f01090132b054000a0180b05400ff...
[  43.704]       <<< RX chan1 305B: 8000012d830101f4bf5400010421b49a170101bfb654000201f8bf54004f0109...
[  43.704]       <<< RX chan1 196B: 800000c0830101f8bf54000201fcbf54004f01090132b054000a0180b05400ff...
[quic] DATAGRAM 33B: 034052008305107167750100000000716775010000000000000000010000000000
[  43.754]       <<< RX chan1 208B: 800000cc830101fcbf5400020100c054004f01090132b054000a0180b05400ff...
[  43.754]       <<< RX chan1 542B: 8000021a83010100c05400020104c054004f01090132b054000a0180b05400ff...
[  43.754]       <<< RX chan1 223B: 800000db83010104c0540002010ac054004f01090132b054000a0180b05400ff...
[  43.805]       <<< RX chan1 218B: 800000d68301010ac0540002010ec054004f01090132b054000a0180b05400ff...
[  43.805]       <<< RX chan1 196B: 800000c08301010ec05400020112c054004f01090132b054000a0180b05400ff...
[  43.805]       <<< RX chan1 208B: 800000cc83010112c05400020116c054004f01090132b054000a0180b05400ff...
[  43.855]       <<< RX chan1 183B: 800000b383010116c0540001015079540002011ac054004f01090132b054000a...
[  43.855]       <<< RX chan1 171B: 800000a78301011ac0540002011ec054004f01090132b054000a0180b05400ff...
[  43.855]       <<< RX chan1 193B: 800000bd831b0100000001d7bf540001011ec05400020122c054004f01090132...
[  43.906]       <<< RX chan1 177B: 800000ad83010122c05400020126c054004f01090132b054000a0180b05400ff...
[  43.906]       <<< RX chan1 202B: 800000c683010126c0540002012ac054004f01090132b054000a0180b05400ff...
[  43.906]       <<< RX chan1 202B: 800000c68301012ac0540002012ec054004f01090132b054000a0180b05400ff...
[  43.956]       <<< RX chan1 208B: 800000cc8301012ec05400020132c054004f01090132b054000a0180b05400ff...
[  43.956]       <<< RX chan1 202B: 800000c683010132c05400020137c054004f01090132b054000a0180b05400ff...
[  43.956]       <<< RX chan1 171B: 800000a783010137c0540002013bc054004f01090132b054000a0180b05400ff...
[  44.006]       <<< RX chan1 177B: 800000ad8301013bc0540002013fc054004f01090132b054000a0180b05400ff...
[  44.006]       <<< RX chan1 171B: 800000a78301013fc05400020143c054004f01090132b054000a0180b05400ff...
[  44.006]       <<< RX chan1 434B: 800001ae83010143c054001b0200000001ceb8540001cfb854000301a3825400...
[  44.057]       <<< RX chan1 171B: 800000a78301014cc05400020150c054004f01090132b054000a0180b05400ff...
[  44.057]       <<< RX chan1 171B: 800000a783010150c05400020154c054004f01090132b054000a0180b05400ff...
[  44.057]       <<< RX chan1 181B: 800000b1831b010000000109c05400010154c05400020158c054004f01090132...
[  44.107]   DUMMY -> send ping 77B
[  44.107]       <<< RX chan1 203B: 800000c783010158c0540002015cc054004f01090132b054000a0180b05400ff...
[  44.107]       <<< RX chan1 183B: 800000b38301015cc05400020160c054004f01090132b054000a0180b05400ff...
[  44.107]       <<< RX chan1 202B: 800000c683010160c05400020165c054004f01090132b054000a0180b05400ff...
[  44.158]       <<< RX chan1 202B: 800000c683010165c05400020169c054004f01090132b054000a0180b05400ff...
[  44.158]       <<< RX chan1 516B: 8000020083010169c0540002016dc054004f01090132b054000a0180b05400ff...
[  44.158]       <<< RX chan1 208B: 800000cc8301016dc05400020171c054004f01090132b054000a0180b05400ff...
[  44.208]       <<< RX chan1 212B: 800000d083010171c05400020175c054004f01090132b054000a0180b05400ff...
[  44.208]       <<< RX chan1 181B: 800000b183010175c05400020179c054004f01090132b054000a0180b05400ff...
[  44.208]       <<< RX chan1 183B: 800000b383010179c0540002017dc054004f01090132b054000a0180b05400ff...
[  44.233]   DUMMY <<< RX app=6 chan=1 81B: 8000004d0858fbbded5ddc184000000001505050505050505050505050505050...
[  44.233]       <<< RX chan1 171B: 800000a78301017dc05400020181c054004f01090132b054000a0180b05400ff...
[  44.233]       <<< RX chan1 201B: 800000c5831b010000000136c05400010181c05400020185c054004f01090132...
[  44.249]       <<< RX chan1 267B: 8000010783010185c054001b010000000183bf54001b010000000184bf54001b...
[quic] DATAGRAM 33B: 034053008305107569750100000000766975010000000000000000010000000000
[  44.299]       <<< RX chan1 214B: 800000d28301018ac0540002018ec054004f01090132b054000a0180b05400ff...
[  44.299]       <<< RX chan1 177B: 800000ad8301018ec05400020192c054004f01090132b054000a0180b05400ff...
[  44.299]       <<< RX chan1 182B: 800000b283231c895900010192c05400020196c054004f01090132b054000a01...
[  44.350]       <<< RX chan1 181B: 800000b183010196c0540002019ac054004f01090132b054000a0180b05400ff...
[  44.350]       <<< RX chan1 183B: 800000b38301019ac054000201a0c054004f01090132b054000a0180b05400ff...
[  44.350]       <<< RX chan1 181B: 800000b1830101a0c054000201a4c054004f01090132b054000a0180b05400ff...
[  44.400]       <<< RX chan1 177B: 800000ad830101a4c054000201a8c054004f01090132b054000a0180b05400ff...
[  44.400]       <<< RX chan1 974B: 800003ca830101a8c054000201acc054004a01060103c25400ff0a94ffffe642...
[  44.451]       <<< RX chan1 203B: 800000c7831b010000000164c054000101c0c454000201c7c454004f01090132...
[  44.451]       <<< RX chan1 243B: 800000ef830101c7c454000201cbc454004f01090132b054000a0180b05400ff...
[  44.451]       <<< RX chan1 11B: 8000000783234089590000
[  44.451]       <<< RX chan1 177B: 800000ad830101cbc454000201d7c454004f01090132b054000a0180b05400ff...
[  44.501]       <<< RX chan1 177B: 800000ad830101d7c454000201dbc454004f01090132b054000a0180b05400ff...
[  44.501]       <<< RX chan1 177B: 800000ad830101dbc454000201dfc454004f01090132b054000a0180b05400ff...
[  44.501]       <<< RX chan1 189B: 800000b98307046d4226705b140007046d4226705614010101dfc454000201e7...
[  44.551]       <<< RX chan1 171B: 800000a7830101e7c454000201edc454004f01090132b054000a0180b05400ff...
[  44.552]       <<< RX chan1 447B: 800001bb830204f47ae77b2b00ff00a00128430020ed3f00ff9041020615526f...
[  44.552]       <<< RX chan1 203B: 800000c7831b010000000189c054000101f8c454000201fcc454004f01090132...
[  44.602]       <<< RX chan1 191B: 800000bb831b0100000004481482460101fcc45400020102c554004f01090132...
[  44.602]       <<< RX chan1 177B: 800000ad83010102c55400020106c554004f01090132b054000a0180b05400ff...
[  44.602]       <<< RX chan1 208B: 800000cc83010106c5540002010ac554004f01090132b054000a0180b05400ff...
[  44.652]       <<< RX chan1 212B: 800000d08301010ac5540002010ec554004f01090132b054000a0180b05400ff...
[  44.652]       <<< RX chan1 247B: 800000f38301010ec55400020114c55400cb00ff0000247449010000404104e0...
[  44.652]       <<< RX chan1 177B: 800000ad83010116c5540002011ac554004f01090132b054000a0180b05400ff...
[  44.703]       <<< RX chan1 187B: 800000b78301011ac5540002011ec554004f01090132b054000a0180b05400ff...
[  44.703]       <<< RX chan1 197B: 800000c1831b0100000001bec4540001011ec55400020122c554004f01090132...
[  44.703]       <<< RX chan1 181B: 800000b183010122c55400020126c554004f01090132b054000a0180b05400ff...
[  44.753]       <<< RX chan1 202B: 800000c683010126c5540002012ac554004f01090132b054000a0180b05400ff...
[  44.753]       <<< RX chan1 191B: 800000bb8301012ac5540002012fc554004f01090132b054000a0180b05400ff...
[  44.753]       <<< RX chan1 171B: 800000a78301012fc55400020133c554004f01090132b054000a0180b05400ff...
[quic] DATAGRAM 33B: 034054008305106b6b7501000000006c6b75010000000000000000010000000000
[  44.803]       <<< RX chan1 204B: 800000c883010133c55400020137c554004f01090132b054000a0180b05400ff...
[  44.803]       <<< RX chan1 177B: 800000ad83010137c5540002013bc554004f01090132b054000a0180b05400ff...
[  44.803]       <<< RX chan1 208B: 800000cc8301013bc5540002013fc554004f01090132b054000a0180b05400ff...
[  44.854]       <<< RX chan1 230B: 800000e2831b0100000001ecc45400070431809f585b1400070431809f585614...
[  44.854]       <<< RX chan1 177B: 800000ad83010147c5540002014dc554004f01090132b054000a0180b05400ff...
[  44.854]       <<< RX chan1 183B: 800000b38301014dc55400020152c554004f01090132b054000a0180b05400ff...
[  44.904]       <<< RX chan1 202B: 800000c683010152c55400020156c554004f01090132b054000a0180b05400ff...
[  44.904]       <<< RX chan1 212B: 800000d083010156c5540002015cc554004f01090132b054000a0180b05400ff...
[  44.904]       <<< RX chan1 228B: 800000e08301015cc55400020160c554004f01090132b054000a0180b05400ff...
[  44.954]       <<< RX chan1 231B: 800000e383010160c55400070119af5400190100000000000000000000040201...
[  44.954]       <<< RX chan1 187B: 800000b7831b010000000112c55400010164c55400020168c554004f01090132...
[  44.954]       <<< RX chan1 212B: 800000d083010168c5540002016cc554004f01090132b054000a0180b05400ff...
[  45.004]       <<< RX chan1 171B: 800000a78301016cc55400020170c554004f01090132b054000a0180b05400ff...
[  45.005]       <<< RX chan1 177B: 800000ad83010170c55400020174c554004f01090132b054000a0180b05400ff...
[  45.005]       <<< RX chan1 218B: 800000d6831b0400000001ebb3540001ecb3540001edb354000126b654000101...
[  45.055]       <<< RX chan1 171B: 800000a783010178c5540002017dc554004f01090132b054000a0180b05400ff...
[  45.055]       <<< RX chan1 181B: 800000b18301017dc55400020181c554004f01090132b054000a0180b05400ff...
[  45.055]       <<< RX chan1 191B: 800000bb83010181c55400020185c554004f01090132b054000a0180b05400ff...
[  45.105]   DUMMY -> send ping 77B
[  45.105]       <<< RX chan1 221B: 800000d983010185c55400020189c554004f01090132b054000a0180b05400ff...
[  45.106]       <<< RX chan1 208B: 800000cc83010189c5540002018dc554004f01090132b054000a0180b05400ff...
[  45.106]       <<< RX chan1 177B: 800000ad8301018dc55400020191c554004f01090132b054000a0180b05400ff...
[  45.156]       <<< RX chan1 183B: 800000b383010191c55400020195c554004f01090132b054000a0180b05400ff...
[  45.156]       <<< RX chan1 193B: 800000bd83010195c55400020199c554004f01090132b054000a0180b05400ff...
[  45.156]       <<< RX chan1 171B: 800000a783010199c5540002019dc554004f01090132b054000a0180b05400ff...
[  45.206]       <<< RX chan1 171B: 800000a78301019dc554000201a1c554004f01090132b054000a0180b05400ff...
[  45.206]       <<< RX chan1 242B: 800000ee830704724b1c545b14000704724b1c545614010101a1c554000104ae...
[  45.206]       <<< RX chan1 177B: 800000ad830101a9c554000201adc554004f01090132b054000a0180b05400ff...
[  45.226]   DUMMY <<< RX app=6 chan=1 81B: 8000004d0858fbbded5ddc184000000001505050505050505050505050505050...
[  45.226]       <<< RX chan1 181B: 800000b1830101adc554000201b1c554004f01090132b054000a0180b05400ff...
[  45.243]       <<< RX chan1 187B: 800000b7830101b1c554000201b5c554004f01090132b054000a0180b05400ff...
[quic] DATAGRAM 33B: 034055008305106f6d750100000000706d75010000000000000000010000000000
[  45.293]       <<< RX chan1 181B: 800000b1830101b5c554000201bbc554004f01090132b054000a0180b05400ff...
[  45.293]       <<< RX chan1 177B: 800000ad830101bbc554000201bfc554004f01090132b054000a0180b05400ff...
[  45.293]       <<< RX chan1 259B: 800000ff831b05000000040695ba1604d53a8d17045025ba2a046d422670045b...
[  45.343]       <<< RX chan1 532B: 8000021083230c8a59000101c3c554000201c7c554004f01090132b054000a01...
[  45.343]       <<< RX chan1 187B: 800000b7830101c7c554000201cbc554004f01090132b054000a0180b05400ff...
[  45.343]       <<< RX chan1 181B: 800000b1830101cbc554000201cfc554004f01090132b054000a0180b05400ff...
[  45.394]       <<< RX chan1 177B: 800000ad830101cfc554000201d3c554004f01090132b054000a0180b05400ff...
[  45.394]       <<< RX chan1 191B: 800000bb830101d3c554000201d7c554004f01090132b054000a0180b05400ff...
[  45.394]       <<< RX chan1 177B: 800000ad830101d7c554000201dbc554004f01090132b054000a0180b05400ff...
[  45.394]       <<< RX chan1 234B: 800000e6830101dbc554000201dfc554004f01090132b054000a0180b05400ff...
[  45.444]       <<< RX chan1 177B: 800000ad830101dfc554000201e3c554004f01090132b054000a0180b05400ff...
[  45.444]       <<< RX chan1 177B: 800000ad830101e3c554000201e7c554004f01090132b054000a0180b05400ff...
[  45.444]       <<< RX chan1 203B: 800000c7830101e7c554000201ebc554004f01090132b054000a0180b05400ff...
[  45.495]       <<< RX chan1 177B: 800000ad830101ebc554000201efc554004f01090132b054000a0180b05400ff...
[  45.495]       <<< RX chan1 181B: 800000b1830101efc554000201f3c554004f01090132b054000a0180b05400ff...
[  45.495]       <<< RX chan1 187B: 800000b7830101f3c554000201f7c554004f01090132b054000a0180b05400ff...
[  45.545]       <<< RX chan1 189B: 800000b9830101f7c554000104646b6e6c0201fbc554004f01090132b054000a...
[  45.545]       <<< RX chan1 199B: 800000c383070464cf8d615b1400070464cf8d615614010101fbc55400020103...
[  45.545]       <<< RX chan1 191B: 800000bb83010103c65400020107c654004f01090132b054000a0180b05400ff...
[  45.596]       <<< RX chan1 101B: 8000006183010107c65400010167b05400010180b05400010132b05400010164...
[  45.596]       <<< RX chan1 49B: 8000002d830d000000000001cef0ffff67010000d7f5ffff0d0000000000016c...
[  45.596]       <<< RX chan1 61B: 80000039830d000000000001ccf0ffff66010000d5f5ffff0d00000000020d00...
[  45.646]       <<< RX chan1 86B: 80000052830d000000000001cbf0ffff65010000d4f5ffff0d00000000010d00...
[  45.646]       <<< RX chan1 59B: 80000037830d000000000001c9f0ffff65010000d3f5ffff0d00000000000003...
[  45.646]       <<< RX chan1 65B: 8000003d830d000000000000fffe030d000000000001c7f0ffff64010000d2f5...
[  45.697]       <<< RX chan1 65B: 8000003d830d000000000000f9fc040d000000000001c6f0ffff63010000d1f5...
[  45.697]       <<< RX chan1 1154B: 80001803831b010000000431809f5803017bbb5400a127010125b9540002011b...
[  45.697]       <<< RX chan1 1154B: 9c59a9655530ead7954a46e625254545c6e37add01d59a63ff7f5fbfc70de8ee...
[  45.697]       <<< RX chan1 1154B: 66231f1cc98b11589b9233074fc5b0b1e9d69893ab361c00ba147ecfd621410d...
[  45.697]       <<< RX chan1 1154B: 9fbde45e3ae331c32d7b44fb65a0cc08c640c9146c870031c5a7530e32f85a4d...
[  45.697]       <<< RX chan1 1154B: c8d1583126f8521aad8d7b4f5435dc02c5b4177c64a59ed0dcdb001559cf6004...
[  45.697]       <<< RX chan1 381B: 0d56603a9e95c8dc221065f7322344a8b52c58b1357bd7f7384db2cbbb1ffd27...
[  45.697]       <<< RX chan1 11B: 8000000783236c8a590000
[  45.697]       <<< RX chan1 163B: 8000009f8302041c04db455002ff000000c07f0000803f000000000518244174...
[  45.748]       <<< RX chan1 65B: 8000003d830d000000000000f8fb030d000000000001c1f0ffff60010000cef5...
[  45.748]       <<< RX chan1 77B: 80000049830104ba823519010155bf54000d000000000000fafc040d00000000...
[  45.748]       <<< RX chan1 75B: 80000047830d000000000000f7fb030d000000000001bdf0ffff5f010000ccf5...
[quic] DATAGRAM 33B: 03405600830510726f750100000000726f75010000000000000000010000000000
[  45.798]       <<< RX chan1 83B: 8000004f8307017dbb54005b140007017dbb54005614010d000000000000fbfc...
[  45.798]       <<< RX chan1 65B: 8000003d830d000000000000f8fc040d000000000001baf0ffff5d010000c9f5...
[  45.798]       <<< RX chan1 82B: 8000004e830d000000000001b9f0ffff5c010000c8f5ffff0d00000000000157...
[  45.849]       <<< RX chan1 49B: 8000002d830d000000000001b7f0ffff5b010000c7f5ffff0d00000000000156...
[  45.849]       <<< RX chan1 116B: 800000708307017dbb54005b140007017dbb540056140107017dbb54005b1400...
[  45.849]       <<< RX chan1 83B: 8000004f8307017dbb54005b140007017dbb54005614010d000000000000f8fb...
[  45.899]       <<< RX chan1 77B: 8000004983070423cd8e0b5b1400070423cd8e0b5614010d000000000000fffd...
[  45.900]       <<< RX chan1 75B: 80000047830d000000000000fafb040d000000000001b0f0ffff58010000c3f5...
[  45.900]       <<< RX chan1 200B: 800000c4830d000000000000f8fb050d000000000000f7fa030d000000000001...
[  45.950]       <<< RX chan1 55B: 80000033830d000000000001adf0ffff56010000c1f5ffff0d0000000000014c...
[  45.950]       <<< RX chan1 131B: 8000007f830d000000000001abf0ffff55010000bff5ffff0d00000000030d00...
[  45.950]       <<< RX chan1 71B: 80000043830d000000000000fbfb040d000000000001aaf0ffff54010000bef5...
[  46.000]       <<< RX chan1 186B: 800000b6830d000000000001a8f0ffff53010000bdf5ffff0d0000000000000d...
[  46.000]       <<< RX chan1 86B: 80000052830d000000000001a6f0ffff52010000bcf5ffff0d00000000030d00...
[  46.000]       <<< RX chan1 92B: 80000058830104c0a70d63010182bf54000d000000000001a5f0ffff52010000...
[  46.050]       <<< RX chan1 65B: 8000003d830d000000000000f8fa050d000000000001a3f0ffff51010000baf5...
[  46.050]       <<< RX chan1 112B: 8000006c830d000000000001a1f0ffff50010000b9f5ffff0d00000000030d00...
[  46.050]       <<< RX chan1 79B: 8000004b831b0100000004724b1c540d000000000000f7f9030d000000000000...
[  46.101]       <<< RX chan1 59B: 80000037830d000000000000fffc030d0000000000019ef0ffff4e010000b7f5...
[  46.101]       <<< RX chan1 87B: 800000538307017dbb54005b140007017dbb54005614010d000000000000f6f9...
[  46.101]       <<< RX chan1 91B: 80000057830d000000000000fffc040d0000000000019bf0ffff4c010000b4f5...
[  46.151]   DUMMY -> send ping 77B
[  46.151]       <<< RX chan1 106B: 80000066830d000000000000fbfa040d00000000000199f0ffff4b010000b3f5...
[  46.151]       <<< RX chan1 69B: 80000041830d00000000000198f0ffff4b010000b2f5ffff0d0000000000000f...
[  46.151]       <<< RX chan1 55B: 80000033830d00000000000196f0ffff4a010000b1f5ffff0d00000000000136...
[  46.202]       <<< RX chan1 65B: 8000003d830d000000000000f8f9050d00000000000194f0ffff49010000b0f5...
[  46.202]       <<< RX chan1 49B: 8000002d830d00000000000193f0ffff48010000aff5ffff0d00000000000133...
[  46.202]       <<< RX chan1 85B: 80000051830d000000000000f7f9050d000000000000f6f8030d000000000001...
[  46.252]       <<< RX chan1 83B: 8000004f830704f70b4f255b14000704f70b4f255614010d000000000000faf9...
[  46.252]       <<< RX chan1 81B: 8000004d830d000000000000fffb030d00000000020d0000000000018ef0ffff...
[  46.252]       <<< RX chan1 65B: 8000003d830d0000000000018cf0ffff44010000abf5ffff0d00000000010d00...
[  46.272]   DUMMY <<< RX app=6 chan=1 81B: 8000004d0858fbbded5ddc184000000001505050505050505050505050505050...
[  46.272]       <<< RX chan1 162B: 8000009e830d000000000000fbf9040d00000000020d0000000000018af0ffff...
[  46.287]       <<< RX chan1 65B: 8000003d830d00000000000189f0ffff43010000a8f5ffff0d00000000020d00...
[quic] DATAGRAM 33B: 034057008305106771750100000000677175010000000000000000010000000000
[  46.338]       <<< RX chan1 101B: 800000618323fc8a59000d00000000000187f0ffff42010000a7f5ffff0d0000...
[  46.338]       <<< RX chan1 96B: 8000005c830101fcaf54000d000000000000f7f8050d00000000000186f0ffff...
[  46.338]       <<< RX chan1 79B: 8000004b830d000000000000f9f9050d00000000000184f0ffff40010000a5f5...
[  46.388]       <<< RX chan1 125B: 80000079831b0400000004b104064b0409d83d1d045555e56804a81dc3190d00...
[  46.388]       <<< RX chan1 11B: 800000078323108b590000
[  46.388]       <<< RX chan1 71B: 80000043830d0000000000017ff0ffff3d010000a2f5ffff0d00000000000012...
[  46.439]       <<< RX chan1 85B: 80000051831b010000000464cf8d610d0000000000017df0ffff3c010000a1f5...
[  46.439]       <<< RX chan1 120B: 800000748307017dbb54005a14000000000000000000000000000000000d0000...
[  46.439]       <<< RX chan1 102B: 80000062830101fbaf54000d0000000000017af0ffff3a0100009ef5ffff0d00...
[  46.489]       <<< RX chan1 98B: 8000005e8307017fbb54005b140007017fbb54005614010d00000000000178f0...
[  46.489]       <<< RX chan1 202B: 800000c68307017fbb54005a1400000000000000000000000000000000020437...
[  46.489]       <<< RX chan1 49B: 8000002d830d00000000000175f0ffff380100009bf5ffff0d00000000000117...
[  46.540]       <<< RX chan1 79B: 8000004b8307017fbb54005a14000000000000000000000000000000000d0000...
[  46.540]       <<< RX chan1 61B: 8000003983010170af54000d00000000000172f0ffff3601000099f5ffff0d00...
[  46.540]       <<< RX chan1 89B: 800000558307017fbb54005a14000000000000000000000000000000000101fa...
[  46.590]       <<< RX chan1 111B: 8000006b8307017fbb54005a140000000000000000000000000000000001013b...
[  46.590]       <<< RX chan1 49B: 8000002d830d0000000000016df0ffff3301000096f5ffff0d0000000000010f...
[  46.590]       <<< RX chan1 79B: 8000004b830704c2b9f9155b14000704c2b9f9155614010d0000000000016bf0...
[  46.641]       <<< RX chan1 80B: 8000004c830d0000000000016af0ffff3101000093f5ffff0d00000000010d00...
[  46.641]       <<< RX chan1 55B: 80000033830d00000000000168f0ffff3101000092f5ffff0d00000000020d00...
[  46.641]       <<< RX chan1 100B: 80000060830d00000000000166f0ffff3001000091f5ffff0d00000000000003...
[  46.691]       <<< RX chan1 71B: 80000043830d00000000000165f0ffff2f01000090f5ffff0d00000000000014...
[  46.691]       <<< RX chan1 55B: 80000033830d00000000000163f0ffff2e0100008ff5ffff0d00000000000105...
[  46.691]       <<< RX chan1 379B: 80000177831b020000000108bc54000109bc5400030160945400a12701015f94...
[  46.742]       <<< RX chan1 55B: 80000033830d00000000000160f0ffff2c0100008df5ffff0d00000000000102...
[  46.742]       <<< RX chan1 55B: 80000033830d0000000000015ef0ffff2b0100008cf5ffff0d00000000000100...
[  46.742]       <<< RX chan1 91B: 80000057831b010000000423cd8e0b0d0000000000015cf0ffff2a0100008bf5...
[  46.792]       <<< RX chan1 61B: 800000398301040a637a620d0000000000015bf0ffff290100008af5ffff0d00...
[  46.792]       <<< RX chan1 80B: 8000004c830d00000000000159f0ffff2801000088f5ffff0d00000000010d00...
[  46.792]       <<< RX chan1 130B: 8000007e830d00000000000157f0ffff2701000087f5ffff0d00000000030d00...
[quic] DATAGRAM 33B: 034058008305106b737501000000006b7375010000000000000000010000000000
[  46.842]       <<< RX chan1 91B: 800000578307017fbb54005a1400000000000000000000000000000000010115...
[  46.842]       <<< RX chan1 102B: 80000062830d00000000000154f0ffff2601000085f5ffff0d00000000000017...
[  46.842]       <<< RX chan1 61B: 80000039830d00000000000152f0ffff2501000084f5ffff0d00000000030d00...
[  46.842]       <<< RX chan1 55B: 80000033830d00000000000151f0ffff2401000083f5ffff0d000000000001f4...
[  46.893]       <<< RX chan1 73B: 800000458307017fbb54005a14000000000000000000000000000000000d0000...
[  46.893]       <<< RX chan1 59B: 80000037830d0000000000014ef0ffff2201000081f5ffff0d00000000000017...
[  46.893]       <<< RX chan1 80B: 8000004c830d0000000000014cf0ffff2101000080f5ffff0d000000000001ef...
[  46.943]       <<< RX chan1 103B: 80000063830d0000000000014af0ffff200100007ff5ffff0d00000000000018...
[  46.943]       <<< RX chan1 61B: 80000039830d00000000000149f0ffff1f0100007df5ffff0d00000000020d00...
[  46.943]       <<< RX chan1 104B: 80000064830704b95e001b5b14000704b95e001b5614010d00000000000147f0...
[  46.993]       <<< RX chan1 80B: 8000004c830d00000000000145f0ffff1d0100007bf5ffff0d00000000030d00...
[  46.993]       <<< RX chan1 55B: 80000033830d00000000000144f0ffff1c0100007af5ffff0d00000000010d00...
[  46.993]       <<< RX chan1 65B: 8000003d830d00000000000142f0ffff1b01000079f5ffff0d00000000010d00...
[  47.044]       <<< RX chan1 75B: 80000047830d00000000000140f0ffff1b01000078f5ffff0d00000000030d00...
[  47.044]       <<< RX chan1 55B: 80000033830d0000000000013ff0ffff1a01000077f5ffff0d000000000001e2...
[  47.044]       <<< RX chan1 49B: 8000002d830d0000000000013df0ffff1901000076f5ffff0d000000000001e1...
[  47.094]       <<< RX chan1 77B: 80000049830d0000000000013bf0ffff1801000075f5ffff0d00000000030d00...
[  47.094]       <<< RX chan1 81B: 8000004d831b0100000004f70b4f250d0000000000013af0ffff1701000074f5...
[  47.094]       <<< RX chan1 55B: 80000033830d00000000000138f0ffff1601000072f5ffff0d00000000020d00...
[  47.145]   DUMMY -> send ping 77B
[  47.145]   DUMMY -> send sync 24B
[  47.145] == summary == challenge=yes answered=yes peer=yes resets=0 chan1_rx=1129327 dummy_rx=3685
[  47.145] == solved=yes answer=0xe54f2259 solve_ms=2 tx=973 rx=3425 dropped=0 err=
[  47.145]   stream 0: rx=0 fin=0 reset=0 code=0
[  47.145]   stream 3: rx=69 fin=0 reset=0 code=0
[  47.145]   stream 4: rx=0 fin=0 reset=0 code=0
[  47.145]   stream 7: rx=13 fin=0 reset=0 code=0
[  47.145]   stream 8: rx=0 fin=0 reset=0 code=0
[  47.145]   stream 11: rx=7 fin=0 reset=0 code=0
[  47.145]   stream 15: rx=1129334 fin=0 reset=0 code=0
[  47.145]   stream 19: rx=7 fin=0 reset=0 code=0
[  47.145]   stream 23: rx=7 fin=0 reset=0 code=0
[  47.145]   stream 27: rx=7 fin=0 reset=0 code=0
[  47.145]   stream 31: rx=7 fin=0 reset=0 code=0
[  47.145]   stream 35: rx=7 fin=0 reset=0 code=0
[  47.145]   stream 39: rx=7 fin=0 reset=0 code=0
[  47.145]   stream 43: rx=7 fin=0 reset=0 code=0
[  47.145]   stream 47: rx=7 fin=0 reset=0 code=0
